ISO-10303-21;
HEADER;
/* Generated by software containing ST-Developer
 * from STEP Tools, Inc. (www.steptools.com) 
 */

FILE_DESCRIPTION(
/* description */ ('STEP AP214'),
/* implementation_level */ '2;1');

FILE_NAME(
/* name */ '41.stp',
/* time_stamp */ '2026-08-06T10:59:18-04:00',
/* author */ ('jwheatley'),
/* organization */ (''),
/* preprocessor_version */ 'ST-DEVELOPER v20.1',
/* originating_system */ 'Autodesk Inventor 2026',
/* authorisation */ '');

FILE_SCHEMA (('AUTOMOTIVE_DESIGN { 1 0 10303 214 3 1 1 }'));
ENDSEC;

DATA;
#10=MECHANICAL_DESIGN_GEOMETRIC_PRESENTATION_REPRESENTATION('',(#38,#39,
#40),#6179);
#11=SHAPE_REPRESENTATION_RELATIONSHIP('SRR','None',#6190,#12);
#12=ADVANCED_BREP_SHAPE_REPRESENTATION('',(#41,#42,#43),#6178);
#13=TOROIDAL_SURFACE('',#1784,0.0920959179422035,0.019999999999996);
#14=CYLINDRICAL_SURFACE('',#1764,0.124999999999939);
#15=CYLINDRICAL_SURFACE('',#1768,0.219000000000055);
#16=CYLINDRICAL_SURFACE('',#1776,0.14050000000001);
#17=CYLINDRICAL_SURFACE('',#1779,0.0325000000001432);
#18=CYLINDRICAL_SURFACE('',#1789,0.032499999999957);
#19=CYLINDRICAL_SURFACE('',#1792,0.0724999999999996);
#20=CYLINDRICAL_SURFACE('',#1803,0.0225999999999522);
#21=CYLINDRICAL_SURFACE('',#1809,0.14050000000001);
#22=CYLINDRICAL_SURFACE('',#1814,0.0219999999998888);
#23=CYLINDRICAL_SURFACE('',#1820,0.0220000000000625);
#24=CYLINDRICAL_SURFACE('',#1830,0.062499999999991);
#25=CYLINDRICAL_SURFACE('',#1833,0.0225999999999249);
#26=CYLINDRICAL_SURFACE('',#1835,0.0100000000000046);
#27=CYLINDRICAL_SURFACE('',#1836,0.0624999999999771);
#28=CYLINDRICAL_SURFACE('',#1842,0.010000000000088);
#29=CYLINDRICAL_SURFACE('',#1843,0.0100000000000214);
#30=CYLINDRICAL_SURFACE('',#1845,0.022600000000067);
#31=CYLINDRICAL_SURFACE('',#1849,0.0100000000000926);
#32=CYLINDRICAL_SURFACE('',#1851,0.00299999999982015);
#33=CYLINDRICAL_SURFACE('',#1854,0.075000000000037);
#34=CYLINDRICAL_SURFACE('',#1855,0.0156000000001363);
#35=CYLINDRICAL_SURFACE('',#1857,0.0624000000000606);
#36=CYLINDRICAL_SURFACE('',#1858,0.130999999999992);
#37=CYLINDRICAL_SURFACE('',#1861,0.21899999999999);
#38=STYLED_ITEM('',(#6199),#41);
#39=STYLED_ITEM('',(#6199),#42);
#40=STYLED_ITEM('',(#6199),#43);
#41=MANIFOLD_SOLID_BREP('Solid1',#1706);
#42=MANIFOLD_SOLID_BREP('Solid2',#1707);
#43=MANIFOLD_SOLID_BREP('Solid3',#1708);
#44=B_SPLINE_SURFACE_WITH_KNOTS('',3,3,((#2409,#2410,#2411,#2412,#2413,
#2414,#2415,#2416,#2417,#2418,#2419,#2420,#2421,#2422,#2423,#2424,#2425,
#2426,#2427),(#2428,#2429,#2430,#2431,#2432,#2433,#2434,#2435,#2436,#2437,
#2438,#2439,#2440,#2441,#2442,#2443,#2444,#2445,#2446),(#2447,#2448,#2449,
#2450,#2451,#2452,#2453,#2454,#2455,#2456,#2457,#2458,#2459,#2460,#2461,
#2462,#2463,#2464,#2465),(#2466,#2467,#2468,#2469,#2470,#2471,#2472,#2473,
#2474,#2475,#2476,#2477,#2478,#2479,#2480,#2481,#2482,#2483,#2484)),
 .UNSPECIFIED.,.F.,.F.,.F.,(4,4),(4,1,1,1,1,1,1,1,1,1,1,1,1,1,1,1,4),(-0.02001818977794,
1.04998872598551),(0.,0.3916082509162,0.7832165018325,1.174824752749,1.566433003665,
1.958041254581,2.349649505497,2.741257756414,3.13286600733,3.524474258246,
3.916082509162,4.307690760079,4.699299010995,5.090907261911,5.482515512827,
5.874123763743,6.26573201466),.UNSPECIFIED.);
#45=B_SPLINE_SURFACE_WITH_KNOTS('',3,3,((#2589,#2590,#2591,#2592,#2593,
#2594,#2595,#2596,#2597,#2598,#2599,#2600,#2601,#2602,#2603,#2604,#2605,
#2606,#2607,#2608,#2609,#2610,#2611,#2612,#2613,#2614,#2615,#2616,#2617,
#2618,#2619,#2620,#2621,#2622,#2623),(#2624,#2625,#2626,#2627,#2628,#2629,
#2630,#2631,#2632,#2633,#2634,#2635,#2636,#2637,#2638,#2639,#2640,#2641,
#2642,#2643,#2644,#2645,#2646,#2647,#2648,#2649,#2650,#2651,#2652,#2653,
#2654,#2655,#2656,#2657,#2658),(#2659,#2660,#2661,#2662,#2663,#2664,#2665,
#2666,#2667,#2668,#2669,#2670,#2671,#2672,#2673,#2674,#2675,#2676,#2677,
#2678,#2679,#2680,#2681,#2682,#2683,#2684,#2685,#2686,#2687,#2688,#2689,
#2690,#2691,#2692,#2693),(#2694,#2695,#2696,#2697,#2698,#2699,#2700,#2701,
#2702,#2703,#2704,#2705,#2706,#2707,#2708,#2709,#2710,#2711,#2712,#2713,
#2714,#2715,#2716,#2717,#2718,#2719,#2720,#2721,#2722,#2723,#2724,#2725,
#2726,#2727,#2728)),.UNSPECIFIED.,.F.,.F.,.F.,(4,4),(4,1,1,1,1,1,1,1,1,
1,1,1,1,1,1,1,1,1,1,1,1,1,1,1,1,1,1,1,1,1,1,1,4),(-0.02001385276831,1.020706491184),
(-0.02000000002244,0.01250000001401,0.04500000005046,0.0775000000869,0.1100000001234,
0.1425000001598,0.1750000001962,0.2075000002327,0.2400000002691,0.2725000003056,
0.305000000342,0.3375000003785,0.3700000004149,0.4025000004514,0.4350000004878,
0.4675000005243,0.5000000005607,0.5325000005972,0.5650000006336,0.59750000067,
0.6300000007065,0.6625000007429,0.6950000007794,0.7275000008158,0.7600000008523,
0.7925000008887,0.8250000009252,0.8575000009616,0.8900000009981,0.9225000010345,
0.955000001071,0.9875000011074,1.020000001144),.UNSPECIFIED.);
#46=B_SPLINE_SURFACE_WITH_KNOTS('',3,3,((#2922,#2923,#2924,#2925,#2926,
#2927,#2928,#2929,#2930,#2931,#2932,#2933,#2934,#2935,#2936,#2937,#2938,
#2939,#2940,#2941,#2942,#2943,#2944,#2945,#2946,#2947,#2948,#2949,#2950,
#2951,#2952,#2953,#2954,#2955,#2956),(#2957,#2958,#2959,#2960,#2961,#2962,
#2963,#2964,#2965,#2966,#2967,#2968,#2969,#2970,#2971,#2972,#2973,#2974,
#2975,#2976,#2977,#2978,#2979,#2980,#2981,#2982,#2983,#2984,#2985,#2986,
#2987,#2988,#2989,#2990,#2991),(#2992,#2993,#2994,#2995,#2996,#2997,#2998,
#2999,#3000,#3001,#3002,#3003,#3004,#3005,#3006,#3007,#3008,#3009,#3010,
#3011,#3012,#3013,#3014,#3015,#3016,#3017,#3018,#3019,#3020,#3021,#3022,
#3023,#3024,#3025,#3026),(#3027,#3028,#3029,#3030,#3031,#3032,#3033,#3034,
#3035,#3036,#3037,#3038,#3039,#3040,#3041,#3042,#3043,#3044,#3045,#3046,
#3047,#3048,#3049,#3050,#3051,#3052,#3053,#3054,#3055,#3056,#3057,#3058,
#3059,#3060,#3061)),.UNSPECIFIED.,.F.,.F.,.F.,(4,4),(4,1,1,1,1,1,1,1,1,
1,1,1,1,1,1,1,1,1,1,1,1,1,1,1,1,1,1,1,1,1,1,1,4),(-0.02000019890656,1.0200000039),
(-0.0149596774194,0.009349798387054,0.03365927419351,0.05796874999996,0.08227822580641,
0.1065877016129,0.1308971774193,0.1552066532258,0.1795161290322,0.2038256048387,
0.2281350806451,0.2524445564516,0.276754032258,0.3010635080645,0.3253729838709,
0.3496824596774,0.3739919354838,0.3983014112903,0.4226108870968,0.4469203629032,
0.4712298387097,0.4955393145161,0.5198487903226,0.544158266129,0.5684677419355,
0.5927772177419,0.6170866935484,0.6413961693548,0.6657056451613,0.6900151209677,
0.7143245967742,0.7386340725806,0.7629435483871),.UNSPECIFIED.);
#47=B_SPLINE_SURFACE_WITH_KNOTS('',3,3,((#3374,#3375,#3376,#3377,#3378,
#3379,#3380,#3381,#3382,#3383,#3384,#3385,#3386,#3387,#3388,#3389,#3390,
#3391,#3392,#3393,#3394,#3395,#3396,#3397,#3398,#3399,#3400,#3401,#3402,
#3403,#3404,#3405,#3406,#3407,#3408,#3409,#3410),(#3411,#3412,#3413,#3414,
#3415,#3416,#3417,#3418,#3419,#3420,#3421,#3422,#3423,#3424,#3425,#3426,
#3427,#3428,#3429,#3430,#3431,#3432,#3433,#3434,#3435,#3436,#3437,#3438,
#3439,#3440,#3441,#3442,#3443,#3444,#3445,#3446,#3447),(#3448,#3449,#3450,
#3451,#3452,#3453,#3454,#3455,#3456,#3457,#3458,#3459,#3460,#3461,#3462,
#3463,#3464,#3465,#3466,#3467,#3468,#3469,#3470,#3471,#3472,#3473,#3474,
#3475,#3476,#3477,#3478,#3479,#3480,#3481,#3482,#3483,#3484),(#3485,#3486,
#3487,#3488,#3489,#3490,#3491,#3492,#3493,#3494,#3495,#3496,#3497,#3498,
#3499,#3500,#3501,#3502,#3503,#3504,#3505,#3506,#3507,#3508,#3509,#3510,
#3511,#3512,#3513,#3514,#3515,#3516,#3517,#3518,#3519,#3520,#3521)),
 .UNSPECIFIED.,.F.,.F.,.F.,(4,4),(4,3,1,1,1,1,1,1,1,1,1,1,1,1,1,1,1,1,1,
1,1,1,1,1,1,1,1,1,1,1,1,1,4),(-2.69053517144791,1.071629651829),(-0.0627394137615924,
-6.17948749906E-14,0.1960606680047,0.3921213360095,0.5881820040142,0.784242672019,
0.9803033400238,1.176364008029,1.372424676033,1.568485344038,1.764546012043,
1.960606680048,2.156667348052,2.352728016057,2.548788684062,2.744849352067,
2.940910020071,3.136970688076,3.333031356081,3.529092024086,3.725152692091,
3.921213360095,4.1172740281,4.313334696105,4.50939536411,4.705456032114,
4.901516700119,5.097577368124,5.293638036129,5.489698704133,5.685759372138,
5.881820040143,6.273941376153),.UNSPECIFIED.);
#48=B_SPLINE_SURFACE_WITH_KNOTS('',3,3,((#3612,#3613,#3614,#3615),(#3616,
#3617,#3618,#3619),(#3620,#3621,#3622,#3623),(#3624,#3625,#3626,#3627),
(#3628,#3629,#3630,#3631),(#3632,#3633,#3634,#3635),(#3636,#3637,#3638,
#3639),(#3640,#3641,#3642,#3643),(#3644,#3645,#3646,#3647),(#3648,#3649,
#3650,#3651),(#3652,#3653,#3654,#3655),(#3656,#3657,#3658,#3659),(#3660,
#3661,#3662,#3663)),.UNSPECIFIED.,.F.,.F.,.F.,(4,1,1,1,1,1,1,1,1,1,4),(4,
4),(-0.01999927548649,0.,0.125,0.25,0.375,0.5,0.625,0.75,0.875,1.,1.019999275486),
(-0.02000017919195,1.02000913879),.UNSPECIFIED.);
#49=B_SPLINE_SURFACE_WITH_KNOTS('',3,3,((#3685,#3686,#3687,#3688),(#3689,
#3690,#3691,#3692),(#3693,#3694,#3695,#3696),(#3697,#3698,#3699,#3700),
(#3701,#3702,#3703,#3704),(#3705,#3706,#3707,#3708),(#3709,#3710,#3711,
#3712),(#3713,#3714,#3715,#3716),(#3717,#3718,#3719,#3720),(#3721,#3722,
#3723,#3724),(#3725,#3726,#3727,#3728),(#3729,#3730,#3731,#3732),(#3733,
#3734,#3735,#3736)),.UNSPECIFIED.,.F.,.F.,.F.,(4,1,1,1,1,1,1,1,1,1,4),(4,
4),(-0.01999927627798,0.,0.125,0.25,0.375,0.5,0.625,0.75,0.875,1.,1.019999276278),
(-0.02000017919195,1.02000913879),.UNSPECIFIED.);
#50=B_SPLINE_SURFACE_WITH_KNOTS('',3,3,((#3752,#3753,#3754,#3755,#3756,
#3757,#3758,#3759,#3760,#3761,#3762,#3763,#3764,#3765,#3766,#3767,#3768,
#3769,#3770,#3771,#3772,#3773,#3774,#3775,#3776,#3777,#3778,#3779,#3780,
#3781,#3782,#3783,#3784,#3785,#3786,#3787,#3788,#3789,#3790,#3791,#3792,
#3793,#3794,#3795,#3796,#3797,#3798,#3799,#3800,#3801,#3802,#3803,#3804,
#3805,#3806,#3807,#3808,#3809,#3810,#3811,#3812,#3813,#3814,#3815,#3816,
#3817,#3818,#3819,#3820,#3821,#3822,#3823,#3824,#3825,#3826,#3827,#3828,
#3829,#3830,#3831,#3832,#3833,#3834,#3835,#3836,#3837,#3838,#3839,#3840,
#3841,#3842,#3843,#3844,#3845,#3846,#3847,#3848,#3849,#3850,#3851,#3852,
#3853,#3854,#3855,#3856,#3857,#3858,#3859,#3860,#3861,#3862,#3863,#3864,
#3865,#3866,#3867,#3868,#3869,#3870,#3871,#3872,#3873,#3874,#3875,#3876,
#3877,#3878,#3879,#3880,#3881,#3882),(#3883,#3884,#3885,#3886,#3887,#3888,
#3889,#3890,#3891,#3892,#3893,#3894,#3895,#3896,#3897,#3898,#3899,#3900,
#3901,#3902,#3903,#3904,#3905,#3906,#3907,#3908,#3909,#3910,#3911,#3912,
#3913,#3914,#3915,#3916,#3917,#3918,#3919,#3920,#3921,#3922,#3923,#3924,
#3925,#3926,#3927,#3928,#3929,#3930,#3931,#3932,#3933,#3934,#3935,#3936,
#3937,#3938,#3939,#3940,#3941,#3942,#3943,#3944,#3945,#3946,#3947,#3948,
#3949,#3950,#3951,#3952,#3953,#3954,#3955,#3956,#3957,#3958,#3959,#3960,
#3961,#3962,#3963,#3964,#3965,#3966,#3967,#3968,#3969,#3970,#3971,#3972,
#3973,#3974,#3975,#3976,#3977,#3978,#3979,#3980,#3981,#3982,#3983,#3984,
#3985,#3986,#3987,#3988,#3989,#3990,#3991,#3992,#3993,#3994,#3995,#3996,
#3997,#3998,#3999,#4000,#4001,#4002,#4003,#4004,#4005,#4006,#4007,#4008,
#4009,#4010,#4011,#4012,#4013),(#4014,#4015,#4016,#4017,#4018,#4019,#4020,
#4021,#4022,#4023,#4024,#4025,#4026,#4027,#4028,#4029,#4030,#4031,#4032,
#4033,#4034,#4035,#4036,#4037,#4038,#4039,#4040,#4041,#4042,#4043,#4044,
#4045,#4046,#4047,#4048,#4049,#4050,#4051,#4052,#4053,#4054,#4055,#4056,
#4057,#4058,#4059,#4060,#4061,#4062,#4063,#4064,#4065,#4066,#4067,#4068,
#4069,#4070,#4071,#4072,#4073,#4074,#4075,#4076,#4077,#4078,#4079,#4080,
#4081,#4082,#4083,#4084,#4085,#4086,#4087,#4088,#4089,#4090,#4091,#4092,
#4093,#4094,#4095,#4096,#4097,#4098,#4099,#4100,#4101,#4102,#4103,#4104,
#4105,#4106,#4107,#4108,#4109,#4110,#4111,#4112,#4113,#4114,#4115,#4116,
#4117,#4118,#4119,#4120,#4121,#4122,#4123,#4124,#4125,#4126,#4127,#4128,
#4129,#4130,#4131,#4132,#4133,#4134,#4135,#4136,#4137,#4138,#4139,#4140,
#4141,#4142,#4143,#4144),(#4145,#4146,#4147,#4148,#4149,#4150,#4151,#4152,
#4153,#4154,#4155,#4156,#4157,#4158,#4159,#4160,#4161,#4162,#4163,#4164,
#4165,#4166,#4167,#4168,#4169,#4170,#4171,#4172,#4173,#4174,#4175,#4176,
#4177,#4178,#4179,#4180,#4181,#4182,#4183,#4184,#4185,#4186,#4187,#4188,
#4189,#4190,#4191,#4192,#4193,#4194,#4195,#4196,#4197,#4198,#4199,#4200,
#4201,#4202,#4203,#4204,#4205,#4206,#4207,#4208,#4209,#4210,#4211,#4212,
#4213,#4214,#4215,#4216,#4217,#4218,#4219,#4220,#4221,#4222,#4223,#4224,
#4225,#4226,#4227,#4228,#4229,#4230,#4231,#4232,#4233,#4234,#4235,#4236,
#4237,#4238,#4239,#4240,#4241,#4242,#4243,#4244,#4245,#4246,#4247,#4248,
#4249,#4250,#4251,#4252,#4253,#4254,#4255,#4256,#4257,#4258,#4259,#4260,
#4261,#4262,#4263,#4264,#4265,#4266,#4267,#4268,#4269,#4270,#4271,#4272,
#4273,#4274,#4275)),.UNSPECIFIED.,.F.,.F.,.F.,(4,4),(4,1,1,1,1,1,1,1,1,
1,1,1,1,1,1,1,1,1,1,1,1,1,1,1,1,1,1,1,1,1,1,1,1,1,1,1,1,1,1,1,1,1,1,1,1,
1,1,1,1,1,1,1,1,1,1,1,1,1,1,1,1,1,1,1,1,1,1,1,1,1,1,1,1,1,1,1,1,1,1,1,1,
1,1,1,1,1,1,1,1,1,1,1,1,1,1,1,1,1,1,1,1,1,1,1,1,1,1,1,1,1,1,1,1,1,1,1,1,
1,1,1,1,1,1,1,1,1,1,1,4),(-0.02157167714883,1.020030817199),(-0.01790983650623,
-0.01063396542557,-0.003358094344919,0.003917776735738,0.01119364781639,
0.01846951889705,0.02574538997771,0.03302126105836,0.04029713213902,0.04757300321967,
0.05484887430033,0.06212474538099,0.06940061646164,0.0766764875423,0.08395235862296,
0.09122822970361,0.09850410078427,0.1057799718649,0.1130558429456,0.1203317140262,
0.1276075851069,0.1348834561875,0.1421593272682,0.1494351983489,0.1567110694295,
0.1639869405102,0.1712628115908,0.1785386826715,0.1858145537521,0.1930904248328,
0.2003662959135,0.2076421669941,0.2149180380748,0.2221939091554,0.2294697802361,
0.2367456513167,0.2440215223974,0.251297393478,0.2585732645587,0.2658491356394,
0.27312500672,0.2804008778007,0.2876767488813,0.294952619962,0.3022284910426,
0.3095043621233,0.316780233204,0.3240561042846,0.3313319753653,0.3386078464459,
0.3458837175266,0.3531595886072,0.3604354596879,0.3677113307685,0.3749872018492,
0.3822630729299,0.3895389440105,0.3968148150912,0.4040906861718,0.4113665572525,
0.4186424283331,0.4259182994138,0.4331941704945,0.4404700415751,0.4477459126558,
0.4550217837364,0.4622976548171,0.4695735258977,0.4768493969784,0.484125268059,
0.4914011391397,0.4986770102204,0.505952881301,0.5132287523817,0.5205046234623,
0.527780494543,0.5350563656236,0.5423322367043,0.5496081077849,0.5568839788656,
0.5641598499463,0.5714357210269,0.5787115921076,0.5859874631882,0.5932633342689,
0.6005392053495,0.6078150764302,0.6150909475109,0.6223668185915,0.6296426896722,
0.6369185607528,0.6441944318335,0.6514703029141,0.6587461739948,0.6660220450754,
0.6732979161561,0.6805737872368,0.6878496583174,0.6951255293981,0.7024014004787,
0.7096772715594,0.71695314264,0.7242290137207,0.7315048848014,0.738780755882,
0.7460566269627,0.7533324980433,0.760608369124,0.7678842402046,0.7751601112853,
0.7824359823659,0.7897118534466,0.7969877245273,0.8042635956079,0.8115394666886,
0.8188153377692,0.8260912088499,0.8333670799305,0.8406429510112,0.8479188220919,
0.8551946931725,0.8624705642532,0.8697464353338,0.8770223064145,0.8842981774951,
0.8915740485758,0.8988499196564,0.9061257907371,0.9134016618178),
 .UNSPECIFIED.);
#51=B_SPLINE_SURFACE_WITH_KNOTS('',3,3,((#4805,#4806,#4807,#4808,#4809,
#4810,#4811,#4812,#4813,#4814,#4815,#4816,#4817,#4818,#4819,#4820,#4821,
#4822,#4823,#4824,#4825,#4826,#4827,#4828,#4829,#4830,#4831,#4832,#4833,
#4834,#4835,#4836,#4837,#4838,#4839,#4840,#4841,#4842,#4843,#4844,#4845,
#4846,#4847,#4848,#4849,#4850,#4851,#4852,#4853,#4854,#4855,#4856,#4857,
#4858,#4859,#4860,#4861,#4862,#4863,#4864,#4865,#4866,#4867,#4868,#4869,
#4870,#4871,#4872,#4873,#4874,#4875,#4876,#4877,#4878,#4879,#4880,#4881,
#4882,#4883,#4884,#4885,#4886,#4887,#4888,#4889,#4890,#4891,#4892,#4893,
#4894,#4895,#4896,#4897,#4898,#4899,#4900,#4901,#4902,#4903,#4904,#4905,
#4906,#4907,#4908,#4909,#4910,#4911,#4912,#4913,#4914,#4915,#4916,#4917,
#4918,#4919,#4920,#4921,#4922,#4923,#4924,#4925,#4926,#4927,#4928,#4929,
#4930,#4931,#4932,#4933,#4934,#4935),(#4936,#4937,#4938,#4939,#4940,#4941,
#4942,#4943,#4944,#4945,#4946,#4947,#4948,#4949,#4950,#4951,#4952,#4953,
#4954,#4955,#4956,#4957,#4958,#4959,#4960,#4961,#4962,#4963,#4964,#4965,
#4966,#4967,#4968,#4969,#4970,#4971,#4972,#4973,#4974,#4975,#4976,#4977,
#4978,#4979,#4980,#4981,#4982,#4983,#4984,#4985,#4986,#4987,#4988,#4989,
#4990,#4991,#4992,#4993,#4994,#4995,#4996,#4997,#4998,#4999,#5000,#5001,
#5002,#5003,#5004,#5005,#5006,#5007,#5008,#5009,#5010,#5011,#5012,#5013,
#5014,#5015,#5016,#5017,#5018,#5019,#5020,#5021,#5022,#5023,#5024,#5025,
#5026,#5027,#5028,#5029,#5030,#5031,#5032,#5033,#5034,#5035,#5036,#5037,
#5038,#5039,#5040,#5041,#5042,#5043,#5044,#5045,#5046,#5047,#5048,#5049,
#5050,#5051,#5052,#5053,#5054,#5055,#5056,#5057,#5058,#5059,#5060,#5061,
#5062,#5063,#5064,#5065,#5066),(#5067,#5068,#5069,#5070,#5071,#5072,#5073,
#5074,#5075,#5076,#5077,#5078,#5079,#5080,#5081,#5082,#5083,#5084,#5085,
#5086,#5087,#5088,#5089,#5090,#5091,#5092,#5093,#5094,#5095,#5096,#5097,
#5098,#5099,#5100,#5101,#5102,#5103,#5104,#5105,#5106,#5107,#5108,#5109,
#5110,#5111,#5112,#5113,#5114,#5115,#5116,#5117,#5118,#5119,#5120,#5121,
#5122,#5123,#5124,#5125,#5126,#5127,#5128,#5129,#5130,#5131,#5132,#5133,
#5134,#5135,#5136,#5137,#5138,#5139,#5140,#5141,#5142,#5143,#5144,#5145,
#5146,#5147,#5148,#5149,#5150,#5151,#5152,#5153,#5154,#5155,#5156,#5157,
#5158,#5159,#5160,#5161,#5162,#5163,#5164,#5165,#5166,#5167,#5168,#5169,
#5170,#5171,#5172,#5173,#5174,#5175,#5176,#5177,#5178,#5179,#5180,#5181,
#5182,#5183,#5184,#5185,#5186,#5187,#5188,#5189,#5190,#5191,#5192,#5193,
#5194,#5195,#5196,#5197),(#5198,#5199,#5200,#5201,#5202,#5203,#5204,#5205,
#5206,#5207,#5208,#5209,#5210,#5211,#5212,#5213,#5214,#5215,#5216,#5217,
#5218,#5219,#5220,#5221,#5222,#5223,#5224,#5225,#5226,#5227,#5228,#5229,
#5230,#5231,#5232,#5233,#5234,#5235,#5236,#5237,#5238,#5239,#5240,#5241,
#5242,#5243,#5244,#5245,#5246,#5247,#5248,#5249,#5250,#5251,#5252,#5253,
#5254,#5255,#5256,#5257,#5258,#5259,#5260,#5261,#5262,#5263,#5264,#5265,
#5266,#5267,#5268,#5269,#5270,#5271,#5272,#5273,#5274,#5275,#5276,#5277,
#5278,#5279,#5280,#5281,#5282,#5283,#5284,#5285,#5286,#5287,#5288,#5289,
#5290,#5291,#5292,#5293,#5294,#5295,#5296,#5297,#5298,#5299,#5300,#5301,
#5302,#5303,#5304,#5305,#5306,#5307,#5308,#5309,#5310,#5311,#5312,#5313,
#5314,#5315,#5316,#5317,#5318,#5319,#5320,#5321,#5322,#5323,#5324,#5325,
#5326,#5327,#5328)),.UNSPECIFIED.,.F.,.F.,.F.,(4,4),(4,1,1,1,1,1,1,1,1,
1,1,1,1,1,1,1,1,1,1,1,1,1,1,1,1,1,1,1,1,1,1,1,1,1,1,1,1,1,1,1,1,1,1,1,1,
1,1,1,1,1,1,1,1,1,1,1,1,1,1,1,1,1,1,1,1,1,1,1,1,1,1,1,1,1,1,1,1,1,1,1,1,
1,1,1,1,1,1,1,1,1,1,1,1,1,1,1,1,1,1,1,1,1,1,1,1,1,1,1,1,1,1,1,1,1,1,1,1,
1,1,1,1,1,1,1,1,1,1,1,4),(-0.02000004263576,1.020002174424),(-0.01790983650625,
-0.01063396542559,-0.003358094344933,0.003917776735723,0.01119364781638,
0.01846951889704,0.02574538997769,0.03302126105835,0.040297132139,0.04757300321966,
0.05484887430032,0.06212474538097,0.06940061646163,0.07667648754229,0.08395235862294,
0.0912282297036,0.09850410078426,0.1057799718649,0.1130558429456,0.1203317140262,
0.1276075851069,0.1348834561875,0.1421593272682,0.1494351983488,0.1567110694295,
0.1639869405102,0.1712628115908,0.1785386826715,0.1858145537521,0.1930904248328,
0.2003662959134,0.2076421669941,0.2149180380748,0.2221939091554,0.2294697802361,
0.2367456513167,0.2440215223974,0.251297393478,0.2585732645587,0.2658491356393,
0.27312500672,0.2804008778007,0.2876767488813,0.294952619962,0.3022284910426,
0.3095043621233,0.3167802332039,0.3240561042846,0.3313319753653,0.3386078464459,
0.3458837175266,0.3531595886072,0.3604354596879,0.3677113307685,0.3749872018492,
0.3822630729298,0.3895389440105,0.3968148150912,0.4040906861718,0.4113665572525,
0.4186424283331,0.4259182994138,0.4331941704944,0.4404700415751,0.4477459126558,
0.4550217837364,0.4622976548171,0.4695735258977,0.4768493969784,0.484125268059,
0.4914011391397,0.4986770102204,0.505952881301,0.5132287523817,0.5205046234623,
0.527780494543,0.5350563656236,0.5423322367043,0.5496081077849,0.5568839788656,
0.5641598499463,0.5714357210269,0.5787115921076,0.5859874631882,0.5932633342689,
0.6005392053495,0.6078150764302,0.6150909475109,0.6223668185915,0.6296426896722,
0.6369185607528,0.6441944318335,0.6514703029141,0.6587461739948,0.6660220450754,
0.6732979161561,0.6805737872368,0.6878496583174,0.6951255293981,0.7024014004787,
0.7096772715594,0.71695314264,0.7242290137207,0.7315048848014,0.738780755882,
0.7460566269627,0.7533324980433,0.760608369124,0.7678842402046,0.7751601112853,
0.7824359823659,0.7897118534466,0.7969877245273,0.8042635956079,0.8115394666886,
0.8188153377692,0.8260912088499,0.8333670799305,0.8406429510112,0.8479188220919,
0.8551946931725,0.8624705642532,0.8697464353338,0.8770223064145,0.8842981774951,
0.8915740485758,0.8988499196564,0.9061257907371,0.9134016618178),
 .UNSPECIFIED.);
#52=B_SPLINE_SURFACE_WITH_KNOTS('',3,3,((#5333,#5334,#5335,#5336),(#5337,
#5338,#5339,#5340),(#5341,#5342,#5343,#5344),(#5345,#5346,#5347,#5348),
(#5349,#5350,#5351,#5352),(#5353,#5354,#5355,#5356),(#5357,#5358,#5359,
#5360),(#5361,#5362,#5363,#5364),(#5365,#5366,#5367,#5368),(#5369,#5370,
#5371,#5372),(#5373,#5374,#5375,#5376),(#5377,#5378,#5379,#5380),(#5381,
#5382,#5383,#5384)),.UNSPECIFIED.,.F.,.F.,.F.,(4,1,1,1,1,1,1,1,1,1,4),(4,
4),(-0.01999933793383,0.,0.125,0.25,0.375,0.5,0.625,0.75,0.875,1.,1.019999337934),
(-0.02000017006494,1.020008673312),.UNSPECIFIED.);
#53=B_SPLINE_SURFACE_WITH_KNOTS('',3,3,((#5409,#5410,#5411,#5412),(#5413,
#5414,#5415,#5416),(#5417,#5418,#5419,#5420),(#5421,#5422,#5423,#5424),
(#5425,#5426,#5427,#5428),(#5429,#5430,#5431,#5432),(#5433,#5434,#5435,
#5436),(#5437,#5438,#5439,#5440),(#5441,#5442,#5443,#5444),(#5445,#5446,
#5447,#5448),(#5449,#5450,#5451,#5452),(#5453,#5454,#5455,#5456),(#5457,
#5458,#5459,#5460)),.UNSPECIFIED.,.F.,.F.,.F.,(4,1,1,1,1,1,1,1,1,1,4),(4,
4),(-0.01999933865709,0.,0.125,0.25,0.375,0.5,0.625,0.75,0.875,1.,1.019999338657),
(-0.02000017006494,1.020008673312),.UNSPECIFIED.);
#54=B_SPLINE_SURFACE_WITH_KNOTS('',3,3,((#5527,#5528,#5529,#5530),(#5531,
#5532,#5533,#5534),(#5535,#5536,#5537,#5538),(#5539,#5540,#5541,#5542),
(#5543,#5544,#5545,#5546),(#5547,#5548,#5549,#5550),(#5551,#5552,#5553,
#5554),(#5555,#5556,#5557,#5558),(#5559,#5560,#5561,#5562),(#5563,#5564,
#5565,#5566),(#5567,#5568,#5569,#5570),(#5571,#5572,#5573,#5574),(#5575,
#5576,#5577,#5578)),.UNSPECIFIED.,.F.,.F.,.F.,(4,1,1,1,1,1,1,1,1,1,4),(4,
4),(-0.01999930724488,0.,0.125,0.25,0.375,0.5,0.625,0.75,0.875,1.,1.019999307245),
(-0.02000017785182,1.020009070443),.UNSPECIFIED.);
#55=B_SPLINE_SURFACE_WITH_KNOTS('',3,3,((#5600,#5601,#5602,#5603),(#5604,
#5605,#5606,#5607),(#5608,#5609,#5610,#5611),(#5612,#5613,#5614,#5615),
(#5616,#5617,#5618,#5619),(#5620,#5621,#5622,#5623),(#5624,#5625,#5626,
#5627),(#5628,#5629,#5630,#5631),(#5632,#5633,#5634,#5635),(#5636,#5637,
#5638,#5639),(#5640,#5641,#5642,#5643),(#5644,#5645,#5646,#5647),(#5648,
#5649,#5650,#5651)),.UNSPECIFIED.,.F.,.F.,.F.,(4,1,1,1,1,1,1,1,1,1,4),(4,
4),(-0.01999930800167,0.,0.125,0.25,0.375,0.5,0.625,0.75,0.875,1.,1.019999308002),
(-0.02000017785182,1.020009070443),.UNSPECIFIED.);
#56=B_SPLINE_SURFACE_WITH_KNOTS('',3,3,((#5697,#5698,#5699,#5700),(#5701,
#5702,#5703,#5704),(#5705,#5706,#5707,#5708),(#5709,#5710,#5711,#5712),
(#5713,#5714,#5715,#5716),(#5717,#5718,#5719,#5720),(#5721,#5722,#5723,
#5724)),.UNSPECIFIED.,.F.,.F.,.F.,(4,1,1,1,4),(4,4),(-0.06000859792817,
0.,0.5,1.,1.060008597928),(-0.02006057118735,1.02000118767),
 .UNSPECIFIED.);
#57=B_SPLINE_SURFACE_WITH_KNOTS('',3,3,((#5734,#5735,#5736,#5737),(#5738,
#5739,#5740,#5741),(#5742,#5743,#5744,#5745),(#5746,#5747,#5748,#5749),
(#5750,#5751,#5752,#5753),(#5754,#5755,#5756,#5757),(#5758,#5759,#5760,
#5761)),.UNSPECIFIED.,.F.,.F.,.F.,(4,1,1,1,4),(4,4),(-0.05991762647988,
0.,0.5,1.,1.05991762648),(-0.02006057118736,1.02000118767),
 .UNSPECIFIED.);
#58=B_SPLINE_SURFACE_WITH_KNOTS('',3,3,((#5849,#5850,#5851,#5852),(#5853,
#5854,#5855,#5856),(#5857,#5858,#5859,#5860),(#5861,#5862,#5863,#5864),
(#5865,#5866,#5867,#5868),(#5869,#5870,#5871,#5872),(#5873,#5874,#5875,
#5876),(#5877,#5878,#5879,#5880),(#5881,#5882,#5883,#5884),(#5885,#5886,
#5887,#5888),(#5889,#5890,#5891,#5892),(#5893,#5894,#5895,#5896),(#5897,
#5898,#5899,#5900)),.UNSPECIFIED.,.F.,.F.,.F.,(4,1,1,1,1,1,1,1,1,1,4),(4,
4),(-0.01999976572173,0.,0.125,0.25,0.375,0.5,0.625,0.75,0.875,1.,1.019999765722),
(-0.02000082930577,1.020042294594),.UNSPECIFIED.);
#59=B_SPLINE_SURFACE_WITH_KNOTS('',3,3,((#5925,#5926,#5927,#5928),(#5929,
#5930,#5931,#5932),(#5933,#5934,#5935,#5936),(#5937,#5938,#5939,#5940),
(#5941,#5942,#5943,#5944),(#5945,#5946,#5947,#5948),(#5949,#5950,#5951,
#5952),(#5953,#5954,#5955,#5956),(#5957,#5958,#5959,#5960),(#5961,#5962,
#5963,#5964),(#5965,#5966,#5967,#5968),(#5969,#5970,#5971,#5972),(#5973,
#5974,#5975,#5976)),.UNSPECIFIED.,.F.,.F.,.F.,(4,1,1,1,1,1,1,1,1,1,4),(4,
4),(-0.01940764063987,0.,0.125,0.25,0.375,0.5,0.625,0.75,0.875,1.,1.009430069467),
(-0.02001062833313,1.020016984911),.UNSPECIFIED.);
#60=B_SPLINE_SURFACE_WITH_KNOTS('',3,3,((#6008,#6009,#6010,#6011),(#6012,
#6013,#6014,#6015),(#6016,#6017,#6018,#6019),(#6020,#6021,#6022,#6023),
(#6024,#6025,#6026,#6027),(#6028,#6029,#6030,#6031),(#6032,#6033,#6034,
#6035),(#6036,#6037,#6038,#6039),(#6040,#6041,#6042,#6043),(#6044,#6045,
#6046,#6047),(#6048,#6049,#6050,#6051),(#6052,#6053,#6054,#6055),(#6056,
#6057,#6058,#6059)),.UNSPECIFIED.,.F.,.F.,.F.,(4,1,1,1,1,1,1,1,1,1,4),(4,
4),(-0.009425556248829,0.,0.125,0.25,0.375,0.5,0.625,0.75,0.875,1.,1.019412306792),
(-0.02001030546754,1.020016438609),.UNSPECIFIED.);
#61=B_SPLINE_SURFACE_WITH_KNOTS('',3,3,((#6087,#6088,#6089,#6090),(#6091,
#6092,#6093,#6094),(#6095,#6096,#6097,#6098),(#6099,#6100,#6101,#6102),
(#6103,#6104,#6105,#6106),(#6107,#6108,#6109,#6110),(#6111,#6112,#6113,
#6114),(#6115,#6116,#6117,#6118),(#6119,#6120,#6121,#6122),(#6123,#6124,
#6125,#6126),(#6127,#6128,#6129,#6130),(#6131,#6132,#6133,#6134),(#6135,
#6136,#6137,#6138)),.UNSPECIFIED.,.F.,.F.,.F.,(4,1,1,1,1,1,1,1,1,1,4),(4,
4),(-0.01999976352824,0.,0.125,0.25,0.375,0.5,0.625,0.75,0.875,1.,1.019999763528),
(-0.02000083746093,1.020042710506),.UNSPECIFIED.);
#62=FACE_BOUND('',#494,.T.);
#63=FACE_BOUND('',#516,.T.);
#64=FACE_BOUND('',#519,.T.);
#65=FACE_BOUND('',#529,.T.);
#66=FACE_BOUND('',#531,.T.);
#67=FACE_BOUND('',#532,.T.);
#68=FACE_BOUND('',#549,.T.);
#69=FACE_BOUND('',#551,.T.);
#70=FACE_BOUND('',#557,.T.);
#71=FACE_BOUND('',#559,.T.);
#72=FACE_BOUND('',#574,.T.);
#73=FACE_BOUND('',#576,.T.);
#74=FACE_BOUND('',#604,.T.);
#75=FACE_BOUND('',#606,.T.);
#76=LINE('',#2333,#199);
#77=LINE('',#2337,#200);
#78=LINE('',#2341,#201);
#79=LINE('',#2345,#202);
#80=LINE('',#2349,#203);
#81=LINE('',#2353,#204);
#82=LINE('',#2525,#205);
#83=LINE('',#2528,#206);
#84=LINE('',#2534,#207);
#85=LINE('',#2539,#208);
#86=LINE('',#2542,#209);
#87=LINE('',#2548,#210);
#88=LINE('',#2554,#211);
#89=LINE('',#2560,#212);
#90=LINE('',#2565,#213);
#91=LINE('',#2567,#214);
#92=LINE('',#2573,#215);
#93=LINE('',#2578,#216);
#94=LINE('',#2585,#217);
#95=LINE('',#3095,#218);
#96=LINE('',#3109,#219);
#97=LINE('',#3122,#220);
#98=LINE('',#3139,#221);
#99=LINE('',#3191,#222);
#100=LINE('',#3197,#223);
#101=LINE('',#3200,#224);
#102=LINE('',#3205,#225);
#103=LINE('',#3219,#226);
#104=LINE('',#3283,#227);
#105=LINE('',#3289,#228);
#106=LINE('',#3293,#229);
#107=LINE('',#3301,#230);
#108=LINE('',#3303,#231);
#109=LINE('',#3304,#232);
#110=LINE('',#3306,#233);
#111=LINE('',#3308,#234);
#112=LINE('',#3309,#235);
#113=LINE('',#3312,#236);
#114=LINE('',#3314,#237);
#115=LINE('',#3316,#238);
#116=LINE('',#3317,#239);
#117=LINE('',#3320,#240);
#118=LINE('',#3321,#241);
#119=LINE('',#3324,#242);
#120=LINE('',#3325,#243);
#121=LINE('',#3327,#244);
#122=LINE('',#3330,#245);
#123=LINE('',#3349,#246);
#124=LINE('',#3367,#247);
#125=LINE('',#3370,#248);
#126=LINE('',#3371,#249);
#127=LINE('',#3373,#250);
#128=LINE('',#3523,#251);
#129=LINE('',#3561,#252);
#130=LINE('',#3563,#253);
#131=LINE('',#3566,#254);
#132=LINE('',#3572,#255);
#133=LINE('',#3574,#256);
#134=LINE('',#3576,#257);
#135=LINE('',#3579,#258);
#136=LINE('',#3583,#259);
#137=LINE('',#3586,#260);
#138=LINE('',#3590,#261);
#139=LINE('',#3592,#262);
#140=LINE('',#3593,#263);
#141=LINE('',#3597,#264);
#142=LINE('',#3599,#265);
#143=LINE('',#3602,#266);
#144=LINE('',#3604,#267);
#145=LINE('',#3610,#268);
#146=LINE('',#3611,#269);
#147=LINE('',#3678,#270);
#148=LINE('',#3682,#271);
#149=LINE('',#3683,#272);
#150=LINE('',#3684,#273);
#151=LINE('',#3738,#274);
#152=LINE('',#4753,#275);
#153=LINE('',#4757,#276);
#154=LINE('',#4759,#277);
#155=LINE('',#4763,#278);
#156=LINE('',#4764,#279);
#157=LINE('',#4768,#280);
#158=LINE('',#4803,#281);
#159=LINE('',#4804,#282);
#160=LINE('',#5330,#283);
#161=LINE('',#5399,#284);
#162=LINE('',#5401,#285);
#163=LINE('',#5402,#286);
#164=LINE('',#5406,#287);
#165=LINE('',#5407,#288);
#166=LINE('',#5408,#289);
#167=LINE('',#5462,#290);
#168=LINE('',#5479,#291);
#169=LINE('',#5483,#292);
#170=LINE('',#5484,#293);
#171=LINE('',#5488,#294);
#172=LINE('',#5523,#295);
#173=LINE('',#5524,#296);
#174=LINE('',#5526,#297);
#175=LINE('',#5593,#298);
#176=LINE('',#5597,#299);
#177=LINE('',#5598,#300);
#178=LINE('',#5599,#301);
#179=LINE('',#5653,#302);
#180=LINE('',#5668,#303);
#181=LINE('',#5671,#304);
#182=LINE('',#5672,#305);
#183=LINE('',#5683,#306);
#184=LINE('',#5693,#307);
#185=LINE('',#5694,#308);
#186=LINE('',#5696,#309);
#187=LINE('',#5733,#310);
#188=LINE('',#5763,#311);
#189=LINE('',#5772,#312);
#190=LINE('',#5846,#313);
#191=LINE('',#5848,#314);
#192=LINE('',#5924,#315);
#193=LINE('',#5978,#316);
#194=LINE('',#6006,#317);
#195=LINE('',#6007,#318);
#196=LINE('',#6061,#319);
#197=LINE('',#6166,#320);
#198=LINE('',#6172,#321);
#199=VECTOR('',#1878,39.3700787401575);
#200=VECTOR('',#1881,39.3700787401575);
#201=VECTOR('',#1884,39.3700787401575);
#202=VECTOR('',#1887,39.3700787401575);
#203=VECTOR('',#1890,39.3700787401575);
#204=VECTOR('',#1893,39.3700787401575);
#205=VECTOR('',#1908,0.393700787401575);
#206=VECTOR('',#1911,39.3700787401575);
#207=VECTOR('',#1912,0.393700787401575);
#208=VECTOR('',#1913,39.3700787401575);
#209=VECTOR('',#1916,39.3700787401575);
#210=VECTOR('',#1917,0.393700787401575);
#211=VECTOR('',#1920,39.3700787401575);
#212=VECTOR('',#1921,39.3700787401575);
#213=VECTOR('',#1924,39.3700787401575);
#214=VECTOR('',#1925,0.393700787401575);
#215=VECTOR('',#1928,39.3700787401575);
#216=VECTOR('',#1929,0.393700787401575);
#217=VECTOR('',#1932,39.3700787401575);
#218=VECTOR('',#1959,0.124999999999939);
#219=VECTOR('',#1968,0.219000000000055);
#220=VECTOR('',#1973,39.3700787401575);
#221=VECTOR('',#1978,39.3700787401575);
#222=VECTOR('',#1983,0.393700787401575);
#223=VECTOR('',#1988,39.3700787401575);
#224=VECTOR('',#1991,39.3700787401575);
#225=VECTOR('',#1996,0.0325000000001433);
#226=VECTOR('',#2001,0.125469992301119);
#227=VECTOR('',#2018,0.032499999999957);
#228=VECTOR('',#2025,0.0724999999999996);
#229=VECTOR('',#2030,0.0723500000000042);
#230=VECTOR('',#2039,39.3700787401575);
#231=VECTOR('',#2040,39.3700787401575);
#232=VECTOR('',#2041,39.3700787401575);
#233=VECTOR('',#2042,39.3700787401575);
#234=VECTOR('',#2043,39.3700787401575);
#235=VECTOR('',#2044,39.3700787401575);
#236=VECTOR('',#2045,39.3700787401575);
#237=VECTOR('',#2046,39.3700787401575);
#238=VECTOR('',#2047,39.3700787401575);
#239=VECTOR('',#2048,39.3700787401575);
#240=VECTOR('',#2051,39.3700787401575);
#241=VECTOR('',#2052,39.3700787401575);
#242=VECTOR('',#2055,39.3700787401575);
#243=VECTOR('',#2056,39.3700787401575);
#244=VECTOR('',#2059,39.3700787401575);
#245=VECTOR('',#2062,39.3700787401575);
#246=VECTOR('',#2063,39.3700787401575);
#247=VECTOR('',#2066,39.3700787401575);
#248=VECTOR('',#2069,39.3700787401575);
#249=VECTOR('',#2070,39.3700787401575);
#250=VECTOR('',#2073,39.3700787401575);
#251=VECTOR('',#2074,0.393700787401575);
#252=VECTOR('',#2077,39.3700787401575);
#253=VECTOR('',#2080,39.3700787401575);
#254=VECTOR('',#2083,39.3700787401575);
#255=VECTOR('',#2090,39.3700787401575);
#256=VECTOR('',#2091,39.3700787401575);
#257=VECTOR('',#2092,39.3700787401575);
#258=VECTOR('',#2095,39.3700787401575);
#259=VECTOR('',#2100,39.3700787401575);
#260=VECTOR('',#2103,39.3700787401575);
#261=VECTOR('',#2106,39.3700787401575);
#262=VECTOR('',#2107,39.3700787401575);
#263=VECTOR('',#2108,39.3700787401575);
#264=VECTOR('',#2113,39.3700787401575);
#265=VECTOR('',#2116,39.3700787401575);
#266=VECTOR('',#2119,39.3700787401575);
#267=VECTOR('',#2120,39.3700787401575);
#268=VECTOR('',#2127,39.3700787401575);
#269=VECTOR('',#2128,39.3700787401575);
#270=VECTOR('',#2129,39.3700787401575);
#271=VECTOR('',#2132,39.3700787401575);
#272=VECTOR('',#2133,39.3700787401575);
#273=VECTOR('',#2134,39.3700787401575);
#274=VECTOR('',#2135,39.3700787401575);
#275=VECTOR('',#2138,39.3700787401575);
#276=VECTOR('',#2145,39.3700787401575);
#277=VECTOR('',#2148,39.3700787401575);
#278=VECTOR('',#2153,39.3700787401575);
#279=VECTOR('',#2154,39.3700787401575);
#280=VECTOR('',#2157,39.3700787401575);
#281=VECTOR('',#2160,39.3700787401575);
#282=VECTOR('',#2161,39.3700787401575);
#283=VECTOR('',#2164,39.3700787401575);
#284=VECTOR('',#2169,39.3700787401575);
#285=VECTOR('',#2172,39.3700787401575);
#286=VECTOR('',#2173,39.3700787401575);
#287=VECTOR('',#2176,39.3700787401575);
#288=VECTOR('',#2177,39.3700787401575);
#289=VECTOR('',#2178,39.3700787401575);
#290=VECTOR('',#2179,39.3700787401575);
#291=VECTOR('',#2186,39.3700787401575);
#292=VECTOR('',#2191,39.3700787401575);
#293=VECTOR('',#2192,39.3700787401575);
#294=VECTOR('',#2195,39.3700787401575);
#295=VECTOR('',#2198,39.3700787401575);
#296=VECTOR('',#2199,39.3700787401575);
#297=VECTOR('',#2202,39.3700787401575);
#298=VECTOR('',#2203,39.3700787401575);
#299=VECTOR('',#2206,39.3700787401575);
#300=VECTOR('',#2207,39.3700787401575);
#301=VECTOR('',#2208,39.3700787401575);
#302=VECTOR('',#2209,39.3700787401575);
#303=VECTOR('',#2212,39.3700787401575);
#304=VECTOR('',#2215,39.3700787401575);
#305=VECTOR('',#2216,39.3700787401575);
#306=VECTOR('',#2219,39.3700787401575);
#307=VECTOR('',#2222,39.3700787401575);
#308=VECTOR('',#2223,39.3700787401575);
#309=VECTOR('',#2226,39.3700787401575);
#310=VECTOR('',#2227,39.3700787401575);
#311=VECTOR('',#2228,39.3700787401575);
#312=VECTOR('',#2229,39.3700787401575);
#313=VECTOR('',#2232,39.3700787401575);
#314=VECTOR('',#2235,39.3700787401575);
#315=VECTOR('',#2236,39.3700787401575);
#316=VECTOR('',#2237,39.3700787401575);
#317=VECTOR('',#2240,39.3700787401575);
#318=VECTOR('',#2241,39.3700787401575);
#319=VECTOR('',#2242,39.3700787401575);
#320=VECTOR('',#2249,0.130999999999992);
#321=VECTOR('',#2256,0.21899999999999);
#322=PLANE('',#1734);
#323=PLANE('',#1747);
#324=PLANE('',#1748);
#325=PLANE('',#1749);
#326=PLANE('',#1750);
#327=PLANE('',#1751);
#328=PLANE('',#1752);
#329=PLANE('',#1763);
#330=PLANE('',#1797);
#331=PLANE('',#1798);
#332=PLANE('',#1800);
#333=PLANE('',#1801);
#334=PLANE('',#1802);
#335=PLANE('',#1804);
#336=PLANE('',#1805);
#337=PLANE('',#1806);
#338=PLANE('',#1807);
#339=PLANE('',#1811);
#340=PLANE('',#1816);
#341=PLANE('',#1818);
#342=PLANE('',#1821);
#343=PLANE('',#1823);
#344=PLANE('',#1825);
#345=PLANE('',#1826);
#346=PLANE('',#1827);
#347=PLANE('',#1829);
#348=PLANE('',#1831);
#349=PLANE('',#1832);
#350=PLANE('',#1834);
#351=PLANE('',#1838);
#352=PLANE('',#1839);
#353=PLANE('',#1840);
#354=PLANE('',#1841);
#355=PLANE('',#1844);
#356=PLANE('',#1846);
#357=PLANE('',#1847);
#358=PLANE('',#1848);
#359=PLANE('',#1850);
#360=PLANE('',#1852);
#361=PLANE('',#1853);
#362=PLANE('',#1856);
#363=PLANE('',#1864);
#364=PLANE('',#1865);
#365=(
BOUNDED_CURVE()
B_SPLINE_CURVE(2,(#2324,#2325,#2326),.UNSPECIFIED.,.F.,.F.)
B_SPLINE_CURVE_WITH_KNOTS((3,3),(0.530839100955843,0.864850134674664),
 .UNSPECIFIED.)
CURVE()
GEOMETRIC_REPRESENTATION_ITEM()
RATIONAL_B_SPLINE_CURVE((1.46907739192881,1.55948917661468,1.57796540947957))
REPRESENTATION_ITEM('')
);
#366=(
BOUNDED_CURVE()
B_SPLINE_CURVE(2,(#2327,#2328,#2329),.UNSPECIFIED.,.F.,.F.)
B_SPLINE_CURVE_WITH_KNOTS((3,3),(-0.864850134674736,-0.530839100955883),
 .UNSPECIFIED.)
CURVE()
GEOMETRIC_REPRESENTATION_ITEM()
RATIONAL_B_SPLINE_CURVE((1.57796540947964,1.55948917661475,1.46907739192886))
REPRESENTATION_ITEM('')
);
#367=(
BOUNDED_CURVE()
B_SPLINE_CURVE(2,(#2363,#2364,#2365),.UNSPECIFIED.,.F.,.F.)
B_SPLINE_CURVE_WITH_KNOTS((3,3),(1.0364277616527,1.37043879537214),
 .UNSPECIFIED.)
CURVE()
GEOMETRIC_REPRESENTATION_ITEM()
RATIONAL_B_SPLINE_CURVE((1.57796540947992,1.55948917661513,1.46907739192903))
REPRESENTATION_ITEM('')
);
#368=(
BOUNDED_CURVE()
B_SPLINE_CURVE(2,(#2366,#2367,#2368),.UNSPECIFIED.,.F.,.F.)
B_SPLINE_CURVE_WITH_KNOTS((3,3),(0.530839100955829,0.864850134675198),
 .UNSPECIFIED.)
CURVE()
GEOMETRIC_REPRESENTATION_ITEM()
RATIONAL_B_SPLINE_CURVE((1.46907739192907,1.55948917661514,1.57796540947992))
REPRESENTATION_ITEM('')
);
#369=(
BOUNDED_CURVE()
B_SPLINE_CURVE(2,(#2371,#2372,#2373),.UNSPECIFIED.,.F.,.F.)
B_SPLINE_CURVE_WITH_KNOTS((3,3),(0.530839100954078,0.864850134671307),
 .UNSPECIFIED.)
CURVE()
GEOMETRIC_REPRESENTATION_ITEM()
RATIONAL_B_SPLINE_CURVE((1.46907739192671,1.55948917661212,1.57796540947715))
REPRESENTATION_ITEM('')
);
#370=(
BOUNDED_CURVE()
B_SPLINE_CURVE(2,(#2374,#2375,#2376),.UNSPECIFIED.,.F.,.F.)
B_SPLINE_CURVE_WITH_KNOTS((3,3),(1.03642776165176,1.37043879536938),
 .UNSPECIFIED.)
CURVE()
GEOMETRIC_REPRESENTATION_ITEM()
RATIONAL_B_SPLINE_CURVE((1.57796540947712,1.55948917661215,1.46907739192665))
REPRESENTATION_ITEM('')
);
#371=(
BOUNDED_CURVE()
B_SPLINE_CURVE(2,(#2379,#2380,#2381),.UNSPECIFIED.,.F.,.F.)
B_SPLINE_CURVE_WITH_KNOTS((3,3),(0.530839100955499,0.864850134674652),
 .UNSPECIFIED.)
CURVE()
GEOMETRIC_REPRESENTATION_ITEM()
RATIONAL_B_SPLINE_CURVE((1.46907739192836,1.55948917661431,1.57796540947913))
REPRESENTATION_ITEM('')
);
#372=(
BOUNDED_CURVE()
B_SPLINE_CURVE(2,(#2382,#2383,#2384),.UNSPECIFIED.,.F.,.F.)
B_SPLINE_CURVE_WITH_KNOTS((3,3),(1.03642776165334,1.3704387953718),
 .UNSPECIFIED.)
CURVE()
GEOMETRIC_REPRESENTATION_ITEM()
RATIONAL_B_SPLINE_CURVE((1.57796540947915,1.55948917661423,1.46907739192847))
REPRESENTATION_ITEM('')
);
#373=(
BOUNDED_CURVE()
B_SPLINE_CURVE(2,(#2387,#2388,#2389),.UNSPECIFIED.,.F.,.F.)
B_SPLINE_CURVE_WITH_KNOTS((3,3),(0.530839100955842,0.864850134675214),
 .UNSPECIFIED.)
CURVE()
GEOMETRIC_REPRESENTATION_ITEM()
RATIONAL_B_SPLINE_CURVE((1.46907739192908,1.55948917661515,1.57796540947994))
REPRESENTATION_ITEM('')
);
#374=(
BOUNDED_CURVE()
B_SPLINE_CURVE(2,(#2390,#2391,#2392),.UNSPECIFIED.,.F.,.F.)
B_SPLINE_CURVE_WITH_KNOTS((3,3),(1.03642776165272,1.37043879537216),
 .UNSPECIFIED.)
CURVE()
GEOMETRIC_REPRESENTATION_ITEM()
RATIONAL_B_SPLINE_CURVE((1.57796540947994,1.55948917661515,1.46907739192904))
REPRESENTATION_ITEM('')
);
#375=(
BOUNDED_CURVE()
B_SPLINE_CURVE(2,(#2395,#2396,#2397),.UNSPECIFIED.,.F.,.F.)
B_SPLINE_CURVE_WITH_KNOTS((3,3),(0.53083910095409,0.864850134671323),
 .UNSPECIFIED.)
CURVE()
GEOMETRIC_REPRESENTATION_ITEM()
RATIONAL_B_SPLINE_CURVE((1.46907739192672,1.55948917661213,1.57796540947716))
REPRESENTATION_ITEM('')
);
#376=(
BOUNDED_CURVE()
B_SPLINE_CURVE(2,(#2398,#2399,#2400),.UNSPECIFIED.,.F.,.F.)
B_SPLINE_CURVE_WITH_KNOTS((3,3),(1.03642776165176,1.37043879536938),
 .UNSPECIFIED.)
CURVE()
GEOMETRIC_REPRESENTATION_ITEM()
RATIONAL_B_SPLINE_CURVE((1.57796540947712,1.55948917661215,1.46907739192665))
REPRESENTATION_ITEM('')
);
#377=(
BOUNDED_CURVE()
B_SPLINE_CURVE(2,(#2403,#2404,#2405),.UNSPECIFIED.,.F.,.F.)
B_SPLINE_CURVE_WITH_KNOTS((3,3),(0.530839100955559,0.864850134674652),
 .UNSPECIFIED.)
CURVE()
GEOMETRIC_REPRESENTATION_ITEM()
RATIONAL_B_SPLINE_CURVE((1.46907739192839,1.55948917661432,1.57796540947913))
REPRESENTATION_ITEM('')
);
#378=(
BOUNDED_CURVE()
B_SPLINE_CURVE(2,(#2406,#2407,#2408),.UNSPECIFIED.,.F.,.F.)
B_SPLINE_CURVE_WITH_KNOTS((3,3),(1.03642776165332,1.37043879537178),
 .UNSPECIFIED.)
CURVE()
GEOMETRIC_REPRESENTATION_ITEM()
RATIONAL_B_SPLINE_CURVE((1.57796540947913,1.55948917661422,1.46907739192846))
REPRESENTATION_ITEM('')
);
#379=(
BOUNDED_CURVE()
B_SPLINE_CURVE(2,(#2530,#2531,#2532),.UNSPECIFIED.,.F.,.F.)
B_SPLINE_CURVE_WITH_KNOTS((3,3),(0.530839100955888,0.86485013467472),
 .UNSPECIFIED.)
CURVE()
GEOMETRIC_REPRESENTATION_ITEM()
RATIONAL_B_SPLINE_CURVE((1.46907739192885,1.55948917661473,1.57796540947962))
REPRESENTATION_ITEM('')
);
#380=(
BOUNDED_CURVE()
B_SPLINE_CURVE(2,(#2536,#2537,#2538),.UNSPECIFIED.,.F.,.F.)
B_SPLINE_CURVE_WITH_KNOTS((3,3),(1.03642776165322,1.37043879537179),
 .UNSPECIFIED.)
CURVE()
GEOMETRIC_REPRESENTATION_ITEM()
RATIONAL_B_SPLINE_CURVE((1.5779654094788,1.55948917661398,1.46907739192834))
REPRESENTATION_ITEM('')
);
#381=(
BOUNDED_CURVE()
B_SPLINE_CURVE(2,(#2544,#2545,#2546),.UNSPECIFIED.,.F.,.F.)
B_SPLINE_CURVE_WITH_KNOTS((3,3),(0.530839100954438,0.864850134672592),
 .UNSPECIFIED.)
CURVE()
GEOMETRIC_REPRESENTATION_ITEM()
RATIONAL_B_SPLINE_CURVE((1.46907739192644,1.55948917661194,1.57796540947674))
REPRESENTATION_ITEM('')
);
#382=(
BOUNDED_CURVE()
B_SPLINE_CURVE(2,(#2549,#2550,#2551),.UNSPECIFIED.,.F.,.F.)
B_SPLINE_CURVE_WITH_KNOTS((3,3),(1.0364277616537,1.37043879537256),
 .UNSPECIFIED.)
CURVE()
GEOMETRIC_REPRESENTATION_ITEM()
RATIONAL_B_SPLINE_CURVE((1.57796540947971,1.55948917661482,1.46907739192892))
REPRESENTATION_ITEM('')
);
#383=(
BOUNDED_CURVE()
B_SPLINE_CURVE(2,(#2556,#2557,#2558),.UNSPECIFIED.,.F.,.F.)
B_SPLINE_CURVE_WITH_KNOTS((3,3),(0.530839100955413,0.864850134674232),
 .UNSPECIFIED.)
CURVE()
GEOMETRIC_REPRESENTATION_ITEM()
RATIONAL_B_SPLINE_CURVE((1.46907739192842,1.55948917661436,1.57796540947934))
REPRESENTATION_ITEM('')
);
#384=(
BOUNDED_CURVE()
B_SPLINE_CURVE(2,(#2561,#2562,#2563),.UNSPECIFIED.,.F.,.F.)
B_SPLINE_CURVE_WITH_KNOTS((3,3),(1.03642776165174,1.37043879537011),
 .UNSPECIFIED.)
CURVE()
GEOMETRIC_REPRESENTATION_ITEM()
RATIONAL_B_SPLINE_CURVE((1.57796540947722,1.55948917661226,1.46907739192647))
REPRESENTATION_ITEM('')
);
#385=(
BOUNDED_CURVE()
B_SPLINE_CURVE(2,(#2568,#2569,#2570),.UNSPECIFIED.,.F.,.F.)
B_SPLINE_CURVE_WITH_KNOTS((3,3),(1.03642776165322,1.37043879537179),
 .UNSPECIFIED.)
CURVE()
GEOMETRIC_REPRESENTATION_ITEM()
RATIONAL_B_SPLINE_CURVE((1.5779654094788,1.55948917661398,1.46907739192834))
REPRESENTATION_ITEM('')
);
#386=(
BOUNDED_CURVE()
B_SPLINE_CURVE(2,(#2575,#2576,#2577),.UNSPECIFIED.,.F.,.F.)
B_SPLINE_CURVE_WITH_KNOTS((3,3),(0.530839100954437,0.864850134672592),
 .UNSPECIFIED.)
CURVE()
GEOMETRIC_REPRESENTATION_ITEM()
RATIONAL_B_SPLINE_CURVE((1.46907739192645,1.55948917661194,1.57796540947674))
REPRESENTATION_ITEM('')
);
#387=(
BOUNDED_CURVE()
B_SPLINE_CURVE(2,(#2581,#2582,#2583),.UNSPECIFIED.,.F.,.F.)
B_SPLINE_CURVE_WITH_KNOTS((3,3),(0.530839100955431,0.864850134674232),
 .UNSPECIFIED.)
CURVE()
GEOMETRIC_REPRESENTATION_ITEM()
RATIONAL_B_SPLINE_CURVE((1.46907739192843,1.55948917661436,1.57796540947935))
REPRESENTATION_ITEM('')
);
#388=(
BOUNDED_CURVE()
B_SPLINE_CURVE(2,(#2586,#2587,#2588),.UNSPECIFIED.,.F.,.F.)
B_SPLINE_CURVE_WITH_KNOTS((3,3),(1.03642776165174,1.37043879537011),
 .UNSPECIFIED.)
CURVE()
GEOMETRIC_REPRESENTATION_ITEM()
RATIONAL_B_SPLINE_CURVE((1.57796540947721,1.55948917661226,1.46907739192647))
REPRESENTATION_ITEM('')
);
#389=FACE_OUTER_BOUND('',#491,.T.);
#390=FACE_OUTER_BOUND('',#492,.T.);
#391=FACE_OUTER_BOUND('',#493,.T.);
#392=FACE_OUTER_BOUND('',#495,.T.);
#393=FACE_OUTER_BOUND('',#496,.T.);
#394=FACE_OUTER_BOUND('',#497,.T.);
#395=FACE_OUTER_BOUND('',#498,.T.);
#396=FACE_OUTER_BOUND('',#499,.T.);
#397=FACE_OUTER_BOUND('',#500,.T.);
#398=FACE_OUTER_BOUND('',#501,.T.);
#399=FACE_OUTER_BOUND('',#502,.T.);
#400=FACE_OUTER_BOUND('',#503,.T.);
#401=FACE_OUTER_BOUND('',#504,.T.);
#402=FACE_OUTER_BOUND('',#505,.T.);
#403=FACE_OUTER_BOUND('',#506,.T.);
#404=FACE_OUTER_BOUND('',#507,.T.);
#405=FACE_OUTER_BOUND('',#508,.T.);
#406=FACE_OUTER_BOUND('',#509,.T.);
#407=FACE_OUTER_BOUND('',#510,.T.);
#408=FACE_OUTER_BOUND('',#511,.T.);
#409=FACE_OUTER_BOUND('',#512,.T.);
#410=FACE_OUTER_BOUND('',#513,.T.);
#411=FACE_OUTER_BOUND('',#514,.T.);
#412=FACE_OUTER_BOUND('',#515,.T.);
#413=FACE_OUTER_BOUND('',#517,.T.);
#414=FACE_OUTER_BOUND('',#518,.T.);
#415=FACE_OUTER_BOUND('',#520,.T.);
#416=FACE_OUTER_BOUND('',#521,.T.);
#417=FACE_OUTER_BOUND('',#522,.T.);
#418=FACE_OUTER_BOUND('',#523,.T.);
#419=FACE_OUTER_BOUND('',#524,.T.);
#420=FACE_OUTER_BOUND('',#525,.T.);
#421=FACE_OUTER_BOUND('',#526,.T.);
#422=FACE_OUTER_BOUND('',#527,.T.);
#423=FACE_OUTER_BOUND('',#528,.T.);
#424=FACE_OUTER_BOUND('',#530,.T.);
#425=FACE_OUTER_BOUND('',#533,.T.);
#426=FACE_OUTER_BOUND('',#534,.T.);
#427=FACE_OUTER_BOUND('',#535,.T.);
#428=FACE_OUTER_BOUND('',#536,.T.);
#429=FACE_OUTER_BOUND('',#537,.T.);
#430=FACE_OUTER_BOUND('',#538,.T.);
#431=FACE_OUTER_BOUND('',#539,.T.);
#432=FACE_OUTER_BOUND('',#540,.T.);
#433=FACE_OUTER_BOUND('',#541,.T.);
#434=FACE_OUTER_BOUND('',#542,.T.);
#435=FACE_OUTER_BOUND('',#543,.T.);
#436=FACE_OUTER_BOUND('',#544,.T.);
#437=FACE_OUTER_BOUND('',#545,.T.);
#438=FACE_OUTER_BOUND('',#546,.T.);
#439=FACE_OUTER_BOUND('',#547,.T.);
#440=FACE_OUTER_BOUND('',#548,.T.);
#441=FACE_OUTER_BOUND('',#550,.T.);
#442=FACE_OUTER_BOUND('',#552,.T.);
#443=FACE_OUTER_BOUND('',#553,.T.);
#444=FACE_OUTER_BOUND('',#554,.T.);
#445=FACE_OUTER_BOUND('',#555,.T.);
#446=FACE_OUTER_BOUND('',#556,.T.);
#447=FACE_OUTER_BOUND('',#558,.T.);
#448=FACE_OUTER_BOUND('',#560,.T.);
#449=FACE_OUTER_BOUND('',#561,.T.);
#450=FACE_OUTER_BOUND('',#562,.T.);
#451=FACE_OUTER_BOUND('',#563,.T.);
#452=FACE_OUTER_BOUND('',#564,.T.);
#453=FACE_OUTER_BOUND('',#565,.T.);
#454=FACE_OUTER_BOUND('',#566,.T.);
#455=FACE_OUTER_BOUND('',#567,.T.);
#456=FACE_OUTER_BOUND('',#568,.T.);
#457=FACE_OUTER_BOUND('',#569,.T.);
#458=FACE_OUTER_BOUND('',#570,.T.);
#459=FACE_OUTER_BOUND('',#571,.T.);
#460=FACE_OUTER_BOUND('',#572,.T.);
#461=FACE_OUTER_BOUND('',#573,.T.);
#462=FACE_OUTER_BOUND('',#575,.T.);
#463=FACE_OUTER_BOUND('',#577,.T.);
#464=FACE_OUTER_BOUND('',#578,.T.);
#465=FACE_OUTER_BOUND('',#579,.T.);
#466=FACE_OUTER_BOUND('',#580,.T.);
#467=FACE_OUTER_BOUND('',#581,.T.);
#468=FACE_OUTER_BOUND('',#582,.T.);
#469=FACE_OUTER_BOUND('',#583,.T.);
#470=FACE_OUTER_BOUND('',#584,.T.);
#471=FACE_OUTER_BOUND('',#585,.T.);
#472=FACE_OUTER_BOUND('',#586,.T.);
#473=FACE_OUTER_BOUND('',#587,.T.);
#474=FACE_OUTER_BOUND('',#588,.T.);
#475=FACE_OUTER_BOUND('',#589,.T.);
#476=FACE_OUTER_BOUND('',#590,.T.);
#477=FACE_OUTER_BOUND('',#591,.T.);
#478=FACE_OUTER_BOUND('',#592,.T.);
#479=FACE_OUTER_BOUND('',#593,.T.);
#480=FACE_OUTER_BOUND('',#594,.T.);
#481=FACE_OUTER_BOUND('',#595,.T.);
#482=FACE_OUTER_BOUND('',#596,.T.);
#483=FACE_OUTER_BOUND('',#597,.T.);
#484=FACE_OUTER_BOUND('',#598,.T.);
#485=FACE_OUTER_BOUND('',#599,.T.);
#486=FACE_OUTER_BOUND('',#600,.T.);
#487=FACE_OUTER_BOUND('',#601,.T.);
#488=FACE_OUTER_BOUND('',#602,.T.);
#489=FACE_OUTER_BOUND('',#603,.T.);
#490=FACE_OUTER_BOUND('',#605,.T.);
#491=EDGE_LOOP('',(#1100,#1101,#1102));
#492=EDGE_LOOP('',(#1103,#1104,#1105));
#493=EDGE_LOOP('',(#1106,#1107,#1108,#1109,#1110,#1111,#1112,#1113,#1114,
#1115,#1116,#1117));
#494=EDGE_LOOP('',(#1118,#1119));
#495=EDGE_LOOP('',(#1120,#1121,#1122));
#496=EDGE_LOOP('',(#1123,#1124,#1125));
#497=EDGE_LOOP('',(#1126,#1127,#1128));
#498=EDGE_LOOP('',(#1129,#1130,#1131));
#499=EDGE_LOOP('',(#1132,#1133,#1134));
#500=EDGE_LOOP('',(#1135,#1136,#1137));
#501=EDGE_LOOP('',(#1138,#1139,#1140,#1141));
#502=EDGE_LOOP('',(#1142,#1143,#1144,#1145,#1146,#1147,#1148,#1149));
#503=EDGE_LOOP('',(#1150,#1151,#1152,#1153,#1154,#1155,#1156,#1157));
#504=EDGE_LOOP('',(#1158,#1159,#1160,#1161,#1162,#1163,#1164,#1165));
#505=EDGE_LOOP('',(#1166,#1167,#1168,#1169,#1170,#1171,#1172,#1173));
#506=EDGE_LOOP('',(#1174,#1175,#1176,#1177,#1178,#1179,#1180,#1181));
#507=EDGE_LOOP('',(#1182,#1183,#1184,#1185,#1186,#1187,#1188,#1189));
#508=EDGE_LOOP('',(#1190,#1191,#1192,#1193,#1194,#1195,#1196,#1197));
#509=EDGE_LOOP('',(#1198,#1199,#1200));
#510=EDGE_LOOP('',(#1201,#1202,#1203));
#511=EDGE_LOOP('',(#1204,#1205,#1206));
#512=EDGE_LOOP('',(#1207,#1208,#1209));
#513=EDGE_LOOP('',(#1210,#1211,#1212));
#514=EDGE_LOOP('',(#1213,#1214,#1215,#1216,#1217));
#515=EDGE_LOOP('',(#1218,#1219,#1220,#1221,#1222,#1223,#1224,#1225,#1226,
#1227,#1228,#1229));
#516=EDGE_LOOP('',(#1230,#1231,#1232,#1233));
#517=EDGE_LOOP('',(#1234,#1235,#1236,#1237,#1238,#1239));
#518=EDGE_LOOP('',(#1240,#1241,#1242,#1243));
#519=EDGE_LOOP('',(#1244,#1245,#1246,#1247,#1248,#1249,#1250,#1251));
#520=EDGE_LOOP('',(#1252,#1253,#1254,#1255));
#521=EDGE_LOOP('',(#1256,#1257,#1258,#1259));
#522=EDGE_LOOP('',(#1260,#1261,#1262,#1263));
#523=EDGE_LOOP('',(#1264,#1265,#1266,#1267,#1268,#1269));
#524=EDGE_LOOP('',(#1270,#1271,#1272,#1273,#1274));
#525=EDGE_LOOP('',(#1275,#1276,#1277,#1278));
#526=EDGE_LOOP('',(#1279,#1280,#1281,#1282,#1283,#1284));
#527=EDGE_LOOP('',(#1285,#1286,#1287,#1288,#1289));
#528=EDGE_LOOP('',(#1290));
#529=EDGE_LOOP('',(#1291));
#530=EDGE_LOOP('',(#1292));
#531=EDGE_LOOP('',(#1293,#1294,#1295,#1296,#1297,#1298,#1299,#1300));
#532=EDGE_LOOP('',(#1301,#1302,#1303,#1304));
#533=EDGE_LOOP('',(#1305,#1306,#1307));
#534=EDGE_LOOP('',(#1308,#1309,#1310,#1311));
#535=EDGE_LOOP('',(#1312,#1313,#1314));
#536=EDGE_LOOP('',(#1315,#1316,#1317,#1318,#1319,#1320));
#537=EDGE_LOOP('',(#1321,#1322,#1323));
#538=EDGE_LOOP('',(#1324,#1325,#1326,#1327));
#539=EDGE_LOOP('',(#1328,#1329,#1330));
#540=EDGE_LOOP('',(#1331,#1332,#1333));
#541=EDGE_LOOP('',(#1334,#1335,#1336,#1337));
#542=EDGE_LOOP('',(#1338,#1339,#1340,#1341));
#543=EDGE_LOOP('',(#1342,#1343,#1344,#1345,#1346,#1347,#1348,#1349));
#544=EDGE_LOOP('',(#1350,#1351,#1352,#1353));
#545=EDGE_LOOP('',(#1354,#1355,#1356,#1357,#1358,#1359,#1360,#1361));
#546=EDGE_LOOP('',(#1362,#1363,#1364,#1365));
#547=EDGE_LOOP('',(#1366,#1367,#1368,#1369));
#548=EDGE_LOOP('',(#1370,#1371,#1372,#1373));
#549=EDGE_LOOP('',(#1374));
#550=EDGE_LOOP('',(#1375,#1376,#1377,#1378));
#551=EDGE_LOOP('',(#1379));
#552=EDGE_LOOP('',(#1380,#1381,#1382,#1383));
#553=EDGE_LOOP('',(#1384,#1385,#1386,#1387));
#554=EDGE_LOOP('',(#1388,#1389,#1390,#1391));
#555=EDGE_LOOP('',(#1392,#1393,#1394,#1395,#1396,#1397));
#556=EDGE_LOOP('',(#1398,#1399,#1400,#1401,#1402,#1403,#1404,#1405));
#557=EDGE_LOOP('',(#1406));
#558=EDGE_LOOP('',(#1407,#1408,#1409,#1410));
#559=EDGE_LOOP('',(#1411));
#560=EDGE_LOOP('',(#1412,#1413,#1414,#1415));
#561=EDGE_LOOP('',(#1416,#1417,#1418,#1419));
#562=EDGE_LOOP('',(#1420,#1421,#1422,#1423));
#563=EDGE_LOOP('',(#1424,#1425,#1426,#1427));
#564=EDGE_LOOP('',(#1428,#1429,#1430,#1431));
#565=EDGE_LOOP('',(#1432,#1433,#1434,#1435));
#566=EDGE_LOOP('',(#1436,#1437,#1438,#1439,#1440));
#567=EDGE_LOOP('',(#1441,#1442,#1443,#1444));
#568=EDGE_LOOP('',(#1445,#1446,#1447,#1448));
#569=EDGE_LOOP('',(#1449,#1450,#1451,#1452));
#570=EDGE_LOOP('',(#1453,#1454,#1455,#1456));
#571=EDGE_LOOP('',(#1457,#1458,#1459,#1460));
#572=EDGE_LOOP('',(#1461,#1462,#1463,#1464));
#573=EDGE_LOOP('',(#1465));
#574=EDGE_LOOP('',(#1466));
#575=EDGE_LOOP('',(#1467,#1468,#1469,#1470));
#576=EDGE_LOOP('',(#1471));
#577=EDGE_LOOP('',(#1472,#1473,#1474,#1475));
#578=EDGE_LOOP('',(#1476,#1477,#1478,#1479,#1480,#1481));
#579=EDGE_LOOP('',(#1482,#1483,#1484,#1485));
#580=EDGE_LOOP('',(#1486,#1487,#1488,#1489));
#581=EDGE_LOOP('',(#1490,#1491,#1492,#1493));
#582=EDGE_LOOP('',(#1494,#1495,#1496,#1497));
#583=EDGE_LOOP('',(#1498,#1499,#1500,#1501));
#584=EDGE_LOOP('',(#1502,#1503,#1504,#1505));
#585=EDGE_LOOP('',(#1506,#1507,#1508,#1509));
#586=EDGE_LOOP('',(#1510,#1511,#1512,#1513));
#587=EDGE_LOOP('',(#1514,#1515,#1516,#1517));
#588=EDGE_LOOP('',(#1518,#1519,#1520,#1521));
#589=EDGE_LOOP('',(#1522,#1523,#1524,#1525));
#590=EDGE_LOOP('',(#1526,#1527,#1528,#1529));
#591=EDGE_LOOP('',(#1530,#1531,#1532,#1533));
#592=EDGE_LOOP('',(#1534,#1535,#1536,#1537,#1538));
#593=EDGE_LOOP('',(#1539,#1540,#1541,#1542,#1543,#1544));
#594=EDGE_LOOP('',(#1545,#1546,#1547,#1548));
#595=EDGE_LOOP('',(#1549,#1550,#1551,#1552));
#596=EDGE_LOOP('',(#1553,#1554,#1555,#1556));
#597=EDGE_LOOP('',(#1557,#1558,#1559,#1560));
#598=EDGE_LOOP('',(#1561,#1562,#1563,#1564));
#599=EDGE_LOOP('',(#1565,#1566,#1567,#1568,#1569));
#600=EDGE_LOOP('',(#1570,#1571,#1572,#1573,#1574,#1575));
#601=EDGE_LOOP('',(#1576,#1577,#1578,#1579));
#602=EDGE_LOOP('',(#1580,#1581,#1582,#1583));
#603=EDGE_LOOP('',(#1584));
#604=EDGE_LOOP('',(#1585));
#605=EDGE_LOOP('',(#1586));
#606=EDGE_LOOP('',(#1587));
#607=B_SPLINE_CURVE_WITH_KNOTS('',3,(#2269,#2270,#2271,#2272,#2273,#2274,
#2275,#2276,#2277,#2278,#2279,#2280,#2281,#2282,#2283,#2284,#2285,#2286,
#2287,#2288,#2289,#2290,#2291,#2292,#2293,#2294,#2295,#2296,#2297,#2298,
#2299,#2300,#2301,#2302,#2303,#2304,#2305,#2306,#2307,#2308,#2309,#2310,
#2311,#2312,#2313,#2314),.UNSPECIFIED.,.F.,.F.,(4,2,2,2,2,2,2,2,2,2,2,2,
2,2,2,2,2,2,2,2,2,2,4),(-0.00657987679209671,-7.33908168612518E-10,0.010913676939799,
0.0232260501523278,0.052916465853389,0.091008304805374,0.184434035289784,
0.302345230976962,0.43743986794359,0.592641564524981,0.771056327791845,
0.976137214172209,1.21178592974913,1.48241105535531,1.79293840551785,2.1283621840524,
2.4684961083181,2.81336429837788,2.98701721185645,3.313583492249,3.59103523279136,
3.72987465321491,3.86931172012548),.UNSPECIFIED.);
#608=B_SPLINE_CURVE_WITH_KNOTS('',3,(#2315,#2316,#2317,#2318),
 .UNSPECIFIED.,.F.,.F.,(4,4),(3.05517455903124E-5,1.),.UNSPECIFIED.);
#609=B_SPLINE_CURVE_WITH_KNOTS('',3,(#2355,#2356,#2357,#2358,#2359,#2360),
 .UNSPECIFIED.,.F.,.F.,(4,2,4),(5.9754560142229E-6,0.00240058479235383,
0.00478318503304967),.UNSPECIFIED.);
#610=B_SPLINE_CURVE_WITH_KNOTS('',3,(#2486,#2487,#2488,#2489,#2490,#2491,
#2492,#2493,#2494,#2495,#2496,#2497,#2498,#2499,#2500,#2501,#2502,#2503,
#2504,#2505,#2506,#2507),.UNSPECIFIED.,.F.,.F.,(4,2,2,2,2,2,2,2,2,2,4),
(0.,0.124537694429667,0.186806541644501,0.249075388859334,0.373613083289002,
0.498150777718669,0.622688472148336,0.747226166578003,0.809495013792837,
0.87176386100767,0.996301555437337),.UNSPECIFIED.);
#611=B_SPLINE_CURVE_WITH_KNOTS('',3,(#2509,#2510,#2511,#2512,#2513,#2514,
#2515,#2516,#2517,#2518,#2519,#2520,#2521,#2522,#2523,#2524),
 .UNSPECIFIED.,.F.,.F.,(4,2,2,2,2,2,2,4),(-0.431809504726412,-0.391170364329142,
-0.350530414454899,-0.268895558794531,-0.215625311279856,-0.189025829688834,
-0.094676472379867,-1.51078715856302E-5),.UNSPECIFIED.);
#612=B_SPLINE_CURVE_WITH_KNOTS('',3,(#2731,#2732,#2733,#2734,#2735,#2736,
#2737,#2738,#2739,#2740,#2741,#2742,#2743,#2744,#2745,#2746,#2747,#2748),
 .UNSPECIFIED.,.F.,.F.,(4,2,2,2,2,2,2,2,4),(-1.28580978546477,-1.13889673442524,
-0.977675103840386,-0.812740234664144,-0.644453309440872,-0.473188951642392,
-0.29933400216633,-0.138088823652334,-2.22703533722357E-6),
 .UNSPECIFIED.);
#613=B_SPLINE_CURVE_WITH_KNOTS('',3,(#2749,#2750,#2751,#2752,#2753,#2754,
#2755,#2756,#2757,#2758,#2759,#2760,#2761,#2762,#2763,#2764,#2765,#2766,
#2767,#2768,#2769,#2770,#2771,#2772,#2773,#2774,#2775,#2776,#2777,#2778,
#2779,#2780,#2781,#2782,#2783,#2784,#2785,#2786,#2787,#2788,#2789,#2790,
#2791,#2792,#2793,#2794,#2795,#2796,#2797,#2798,#2799,#2800,#2801,#2802,
#2803,#2804,#2805,#2806,#2807,#2808,#2809,#2810),.UNSPECIFIED.,.F.,.F.,
(4,2,2,2,2,2,2,2,2,2,2,2,2,2,2,2,2,2,2,2,2,2,2,2,2,2,2,2,2,2,4),(-1.66668438426326,
-1.62359683111507,-1.58054230929935,-1.49435441849525,-1.43604280339109,
-1.37861362860001,-1.32062270980624,-1.26309887449872,-1.23406576538973,
-1.11818352582348,-1.01434123652802,-0.967283591502849,-0.920295447709672,
-0.873009863889589,-0.826379300301267,-0.779800108123812,-0.73256929873518,
-0.686071903836286,-0.638966058355811,-0.592255690410849,-0.545241568707869,
-0.445401394707015,-0.391940176334894,-0.364922932527687,-0.311465177507805,
-0.258098583712665,-0.204336362825922,-0.151220487186882,-0.0755042254057665,
-0.0377875540906744,-4.00172598529373E-6),.UNSPECIFIED.);
#614=B_SPLINE_CURVE_WITH_KNOTS('',3,(#2812,#2813,#2814,#2815,#2816,#2817,
#2818,#2819,#2820,#2821,#2822,#2823,#2824,#2825,#2826,#2827,#2828,#2829,
#2830,#2831,#2832,#2833,#2834,#2835,#2836,#2837,#2838,#2839,#2840,#2841,
#2842,#2843,#2844,#2845,#2846,#2847,#2848,#2849,#2850,#2851,#2852,#2853,
#2854,#2855,#2856,#2857,#2858,#2859,#2860,#2861,#2862,#2863,#2864,#2865,
#2866,#2867,#2868,#2869,#2870,#2871,#2872,#2873,#2874,#2875,#2876,#2877,
#2878,#2879,#2880,#2881,#2882,#2883,#2884,#2885,#2886,#2887,#2888,#2889,
#2890,#2891,#2892,#2893,#2894,#2895,#2896,#2897,#2898,#2899,#2900,#2901,
#2902,#2903,#2904,#2905,#2906,#2907),.UNSPECIFIED.,.F.,.F.,(4,2,2,2,2,2,
2,2,2,2,2,2,2,2,2,2,2,2,2,2,2,2,2,2,2,2,2,2,2,2,2,2,2,2,2,2,2,2,2,2,2,2,
2,2,2,2,2,4),(-2.41403120170733,-2.38554380212706,-2.35693001538296,-2.29978221343858,
-2.26166112943464,-2.21043855808904,-2.18473954376166,-2.13423352530448,
-2.08313530777598,-2.03255823996722,-2.00698237132147,-1.95559096618997,
-1.90474421120154,-1.81328655284986,-1.77176617025418,-1.73033048297115,
-1.68863134231812,-1.64748569545065,-1.6058132202714,-1.56483960532939,
-1.52338537045588,-1.48231934592096,-1.44091477626008,-1.39965928722637,
-1.35789083555512,-1.31652631296768,-1.27514010984851,-1.23322070404182,
-1.19144499718462,-1.14962091639048,-1.05642062869977,-1.0303242981333,
-0.978615613199073,-0.926164750403909,-0.87420220887119,-0.821925521150727,
-0.709198886450598,-0.647661079652035,-0.616527910126072,-0.55493689018589,
-0.49351565970276,-0.431597317508823,-0.370391406909211,-0.308250826052654,
-0.247069574047828,-0.1850416327614,-0.0928752413161236,-7.06734221829246E-6),
 .UNSPECIFIED.);
#615=B_SPLINE_CURVE_WITH_KNOTS('',3,(#2908,#2909,#2910,#2911),
 .UNSPECIFIED.,.F.,.F.,(4,4),(-8.11640202777728E-5,0.),.UNSPECIFIED.);
#616=B_SPLINE_CURVE_WITH_KNOTS('',3,(#3063,#3064,#3065,#3066,#3067,#3068,
#3069,#3070,#3071,#3072,#3073,#3074,#3075,#3076,#3077,#3078,#3079,#3080,
#3081,#3082,#3083,#3084),.UNSPECIFIED.,.F.,.F.,(4,2,2,2,2,2,2,2,2,2,4),
(-0.999563176479659,-0.932087379770553,-0.865185377556567,-0.7379360506013,
-0.61288939679216,-0.48259039242351,-0.345304043059978,-0.223398490775352,
-0.112703071381587,-0.05600914977815,0.),.UNSPECIFIED.);
#617=B_SPLINE_CURVE_WITH_KNOTS('',3,(#3085,#3086,#3087,#3088),
 .UNSPECIFIED.,.F.,.F.,(4,4),(-0.000101402685472777,0.),.UNSPECIFIED.);
#618=B_SPLINE_CURVE_WITH_KNOTS('',3,(#3099,#3100,#3101,#3102,#3103,#3104),
 .UNSPECIFIED.,.F.,.F.,(4,2,4),(5.10780585162443E-5,0.00152150110732989,
0.0029957571764964),.UNSPECIFIED.);
#619=B_SPLINE_CURVE_WITH_KNOTS('',3,(#3113,#3114,#3115,#3116,#3117,#3118),
 .UNSPECIFIED.,.F.,.F.,(4,2,4),(-0.785368118318488,-0.65270926843256,-0.520050418547433),
 .UNSPECIFIED.);
#620=B_SPLINE_CURVE_WITH_KNOTS('',3,(#3126,#3127,#3128,#3129,#3130,#3131,
#3132,#3133,#3134,#3135),.UNSPECIFIED.,.F.,.F.,(4,2,2,2,4),(-1.0293453737753,
-0.987652789358645,-0.897216372772644,-0.806779956186643,-0.765087371770037),
 .UNSPECIFIED.);
#621=B_SPLINE_CURVE_WITH_KNOTS('',3,(#3143,#3144,#3145,#3146,#3147,#3148,
#3149,#3150,#3151,#3152,#3153,#3154,#3155,#3156,#3157,#3158,#3159,#3160,
#3161,#3162,#3163,#3164,#3165,#3166,#3167,#3168,#3169,#3170,#3171,#3172,
#3173,#3174,#3175,#3176,#3177,#3178,#3179,#3180,#3181,#3182,#3183,#3184,
#3185,#3186,#3187,#3188,#3189,#3190),.UNSPECIFIED.,.F.,.F.,(4,2,2,2,2,2,
2,2,2,2,2,2,2,2,2,2,2,2,2,2,2,2,2,4),(-1.83116999767048,-1.82673428803204,
-1.82221873863106,-1.81318057631268,-1.79507587611261,-1.75873185765965,
-1.68550096853207,-1.57922112869325,-1.47166357912421,-1.36282831978239,
-1.2527159017372,-1.14132737511777,-1.02866427025547,-0.914728586207155,
-0.799528796464791,-0.683061202359082,-0.565329051446792,-0.446335935859218,
-0.326085678288328,-0.265620450534679,-0.204810509872134,-0.102813374791796,
0.,0.00639105325210127),.UNSPECIFIED.);
#622=B_SPLINE_CURVE_WITH_KNOTS('',3,(#3210,#3211,#3212,#3213,#3214,#3215,
#3216,#3217),.UNSPECIFIED.,.F.,.F.,(4,2,2,4),(4.72922504113919E-6,0.110987529685829,
0.221099007035866,0.289230066082218),.UNSPECIFIED.);
#623=B_SPLINE_CURVE_WITH_KNOTS('',3,(#3222,#3223,#3224,#3225,#3226,#3227,
#3228,#3229,#3230,#3231,#3232,#3233,#3234,#3235,#3236,#3237,#3238,#3239,
#3240,#3241,#3242,#3243,#3244,#3245,#3246,#3247,#3248,#3249,#3250,#3251,
#3252,#3253,#3254,#3255,#3256,#3257),.UNSPECIFIED.,.F.,.F.,(4,2,2,2,2,2,
2,2,2,2,2,2,2,2,2,2,2,4),(0.289230066082218,0.34293567150392,0.463208867828725,
0.583099651448864,0.701106912716394,0.818888679043706,0.934710896218544,
1.05026002311304,1.16469206862214,1.27745796049174,1.38957325736804,1.50060430270061,
1.61043676473486,1.71963527086467,1.82722802031609,1.93439379553683,2.01866501571194,
2.10215639805217),.UNSPECIFIED.);
#624=B_SPLINE_CURVE_WITH_KNOTS('',3,(#3258,#3259,#3260,#3261,#3262,#3263,
#3264,#3265,#3266,#3267,#3268,#3269,#3270),.UNSPECIFIED.,.F.,.F.,(4,3,3,
3,4),(0.,0.25,0.5,0.749999415453571,0.999998830907143),.UNSPECIFIED.);
#625=B_SPLINE_CURVE_WITH_KNOTS('',3,(#3332,#3333,#3334,#3335,#3336,#3337,
#3338,#3339,#3340,#3341,#3342,#3343,#3344,#3345,#3346,#3347),
 .UNSPECIFIED.,.F.,.F.,(4,3,3,3,3,4),(0.,0.216166664784801,0.432644628938105,
0.648872634505762,0.865246923604468,1.),.UNSPECIFIED.);
#626=B_SPLINE_CURVE_WITH_KNOTS('',3,(#3350,#3351,#3352,#3353,#3354,#3355,
#3356,#3357,#3358,#3359,#3360,#3361,#3362,#3363,#3364,#3365),
 .UNSPECIFIED.,.F.,.F.,(4,3,3,3,3,4),(0.,0.216166664784725,0.432644628937954,
0.648872634505536,0.865246923604166,1.),.UNSPECIFIED.);
#627=B_SPLINE_CURVE_WITH_KNOTS('',3,(#3524,#3525,#3526,#3527,#3528,#3529,
#3530,#3531,#3532,#3533,#3534,#3535,#3536,#3537,#3538,#3539,#3540,#3541,
#3542,#3543,#3544,#3545,#3546,#3547,#3548,#3549,#3550,#3551,#3552,#3553,
#3554,#3555,#3556,#3557),.UNSPECIFIED.,.F.,.F.,(4,2,2,2,2,2,2,2,2,2,2,2,
2,2,2,2,4),(0.,0.0625,0.125,0.1875,0.25,0.3125,0.375,0.4375,0.5,0.5625,
0.625,0.6875,0.75,0.8125,0.875,0.9375,0.99999999546285),.UNSPECIFIED.);
#628=B_SPLINE_CURVE_WITH_KNOTS('',3,(#3665,#3666,#3667,#3668,#3669,#3670,
#3671,#3672,#3673,#3674,#3675,#3676,#3677),.UNSPECIFIED.,.F.,.F.,(4,3,3,
3,4),(0.,0.265829565183115,0.531174878649977,0.796877353200864,1.),
 .UNSPECIFIED.);
#629=B_SPLINE_CURVE_WITH_KNOTS('',3,(#3739,#3740,#3741,#3742,#3743,#3744,
#3745,#3746,#3747,#3748,#3749,#3750,#3751),.UNSPECIFIED.,.F.,.F.,(4,3,3,
3,4),(0.,0.265829565182879,0.531174878649504,0.796877353200156,1.),
 .UNSPECIFIED.);
#630=B_SPLINE_CURVE_WITH_KNOTS('',3,(#4276,#4277,#4278,#4279,#4280,#4281,
#4282,#4283,#4284,#4285,#4286,#4287,#4288,#4289,#4290,#4291,#4292,#4293,
#4294,#4295,#4296,#4297,#4298,#4299,#4300,#4301,#4302,#4303,#4304,#4305,
#4306,#4307,#4308,#4309,#4310,#4311,#4312,#4313,#4314,#4315,#4316,#4317,
#4318,#4319,#4320,#4321,#4322,#4323,#4324,#4325,#4326,#4327,#4328,#4329,
#4330,#4331,#4332,#4333,#4334,#4335,#4336,#4337,#4338,#4339,#4340,#4341,
#4342,#4343,#4344,#4345,#4346,#4347,#4348,#4349,#4350,#4351,#4352,#4353,
#4354,#4355,#4356,#4357,#4358,#4359,#4360,#4361,#4362,#4363,#4364,#4365,
#4366,#4367,#4368,#4369,#4370,#4371,#4372,#4373,#4374,#4375,#4376,#4377,
#4378,#4379,#4380,#4381,#4382,#4383,#4384,#4385,#4386,#4387,#4388,#4389,
#4390,#4391,#4392,#4393,#4394,#4395,#4396,#4397,#4398,#4399,#4400,#4401,
#4402,#4403,#4404,#4405,#4406,#4407,#4408,#4409,#4410,#4411,#4412,#4413,
#4414,#4415,#4416,#4417,#4418,#4419,#4420,#4421,#4422,#4423,#4424,#4425,
#4426,#4427,#4428,#4429,#4430,#4431,#4432,#4433,#4434,#4435,#4436,#4437,
#4438,#4439,#4440,#4441,#4442,#4443,#4444,#4445,#4446,#4447,#4448,#4449,
#4450,#4451,#4452,#4453,#4454,#4455,#4456,#4457,#4458,#4459,#4460,#4461,
#4462,#4463,#4464,#4465,#4466,#4467,#4468,#4469,#4470,#4471,#4472,#4473,
#4474,#4475,#4476,#4477,#4478,#4479,#4480,#4481,#4482,#4483,#4484,#4485,
#4486,#4487,#4488,#4489,#4490,#4491,#4492,#4493,#4494,#4495,#4496,#4497,
#4498,#4499,#4500,#4501,#4502,#4503,#4504,#4505,#4506,#4507,#4508,#4509,
#4510,#4511,#4512,#4513,#4514,#4515,#4516,#4517,#4518,#4519,#4520,#4521,
#4522,#4523,#4524,#4525,#4526,#4527,#4528,#4529,#4530,#4531,#4532,#4533,
#4534,#4535,#4536,#4537,#4538,#4539,#4540,#4541,#4542,#4543,#4544,#4545,
#4546,#4547,#4548,#4549,#4550,#4551,#4552,#4553,#4554,#4555,#4556,#4557,
#4558,#4559,#4560,#4561,#4562,#4563,#4564,#4565,#4566,#4567,#4568,#4569,
#4570,#4571,#4572,#4573,#4574,#4575,#4576,#4577),.UNSPECIFIED.,.F.,.F.,
(4,2,2,2,2,2,2,2,2,2,2,2,2,2,2,2,2,2,2,2,2,2,2,2,2,2,2,2,2,2,2,2,2,2,2,
2,2,2,2,2,2,2,2,2,2,2,2,2,2,2,2,2,2,2,2,2,2,2,2,2,2,2,2,2,2,2,2,2,2,2,2,
2,2,2,2,2,2,2,2,2,2,2,2,2,2,2,2,2,2,2,2,2,2,2,2,2,2,2,2,2,2,2,2,2,2,2,2,
2,2,2,2,2,2,2,2,2,2,2,2,2,2,2,2,2,2,2,2,2,2,2,2,2,2,2,2,2,2,2,2,2,2,2,2,
2,2,2,2,2,2,2,4),(0.00024875960556253,0.0665496946676669,0.132211348949582,
0.175816863279699,0.237871380781443,0.298645873566812,0.32956812999025,
0.390757135439255,0.452782029159198,0.51369517086174,0.544583706152263,
0.605887108006703,0.668021803336003,0.728883478627657,0.791104270478972,
0.852338969536304,0.883342747989741,0.94427582478475,1.00666443449645,1.06773451699296,
1.09881935016811,1.16040723641252,1.22275040977171,1.28396371445703,1.31501070286641,
1.37671578112297,1.43916067069756,1.50043786609317,1.56298274960231,1.62450432455576,
1.65566374050327,1.71702031481434,1.77972232420448,1.84106877173307,1.87230889061118,
1.93429637615502,1.99693892649059,2.05843407598285,2.1212692274458,2.18293966099716,
2.21427034637048,2.27596726203915,2.33882529123391,2.40062263891632,2.4319328710234,
2.49372401734053,2.55672673423167,2.61833713133262,2.6497275397673,2.71211301054187,
2.7750400868499,2.83680488078297,2.89995755831707,2.96189008539368,2.99337118416664,
3.05547473234472,3.11863241376902,3.18069672369281,3.21215254487064,3.27436173609515,
3.33765226639475,3.39951857854777,3.43105408894719,3.49382050143779,3.55701885459559,
3.61904442001871,3.68249994535415,3.74468462996049,3.77631007281317,3.83880123538092,
3.90224357153405,3.9645651408632,3.99616053529423,4.05876526609998,4.09025375651317,
4.15366913193086,4.18523218278759,4.24739433639423,4.31076104698662,4.37370698532853,
4.40532558417411,4.46733831755854,4.53079675981473,4.59319272437208,4.62473545994553,
4.68694843712097,4.75027748046306,4.81257638785123,4.84414278999145,4.90623419530377,
4.96956015621048,5.0314666988107,5.09456582912552,5.15713918515495,5.18861482145167,
5.25037665661755,5.31355130929482,5.37553851271256,5.40693773527286,5.46888863519611,
5.53192183403604,5.59382202156381,5.62524008792596,5.68707439470176,5.75008684227993,
5.81172892492603,5.87454710646601,5.93672846880523,5.96805567998898,6.02955884690769,
6.09243638005015,6.15399505674368,6.18524526322082,6.24692526954231,6.30964842324273,
6.37113361404964,6.40239784339446,6.4333534160384,6.4951808779048,6.52626527191253,
6.58752100180772,6.64993730778784,6.71165784141822,6.74278080122046,6.80390150414795,
6.86636836389878,6.92744913441184,6.95849502033531,7.01978496489031,7.08209078342661,
7.14310716901951,7.20532200906292,7.26675152558025,7.2976845647348,7.35865670408152,
7.42076912385531,7.48209319683447,7.51305980274413,7.57390221776948,7.6360513967238,
7.69673438115905,7.72762394967589,7.78862695282181,7.85060572228674,7.91120846684348,
7.97311112921946,8.03413930639572,8.06491342048064,8.12217830790498,8.20990142682929,
8.29758198338606),.UNSPECIFIED.);
#631=B_SPLINE_CURVE_WITH_KNOTS('',3,(#4578,#4579,#4580,#4581,#4582,#4583,
#4584,#4585,#4586,#4587,#4588,#4589,#4590,#4591,#4592,#4593,#4594,#4595,
#4596,#4597,#4598,#4599,#4600,#4601,#4602,#4603,#4604,#4605,#4606,#4607,
#4608,#4609,#4610,#4611,#4612,#4613,#4614,#4615,#4616,#4617,#4618,#4619,
#4620,#4621,#4622,#4623,#4624,#4625,#4626,#4627,#4628,#4629,#4630,#4631,
#4632,#4633,#4634,#4635,#4636,#4637,#4638,#4639,#4640,#4641,#4642,#4643,
#4644,#4645,#4646,#4647,#4648,#4649,#4650,#4651,#4652,#4653,#4654,#4655,
#4656,#4657,#4658,#4659,#4660,#4661,#4662,#4663,#4664,#4665,#4666,#4667,
#4668,#4669,#4670,#4671,#4672,#4673,#4674,#4675,#4676,#4677,#4678,#4679,
#4680,#4681,#4682,#4683,#4684,#4685,#4686,#4687,#4688,#4689,#4690,#4691,
#4692,#4693,#4694,#4695,#4696,#4697,#4698,#4699,#4700,#4701,#4702,#4703,
#4704,#4705,#4706,#4707,#4708,#4709,#4710,#4711,#4712,#4713,#4714,#4715,
#4716,#4717,#4718,#4719,#4720,#4721,#4722,#4723,#4724,#4725,#4726,#4727,
#4728,#4729,#4730,#4731,#4732,#4733,#4734,#4735,#4736,#4737,#4738,#4739,
#4740,#4741,#4742,#4743,#4744,#4745,#4746,#4747,#4748,#4749,#4750,#4751),
 .UNSPECIFIED.,.F.,.F.,(4,2,2,2,2,2,2,2,2,2,2,2,2,2,2,2,2,2,2,2,2,2,2,2,
2,2,2,2,2,2,2,2,2,2,2,2,2,2,2,2,2,2,2,2,2,2,2,2,2,2,2,2,2,2,2,2,2,2,2,2,
2,2,2,2,2,2,2,2,2,2,2,2,2,2,2,2,2,2,2,2,2,2,2,2,2,2,4),(2.4364821396383E-6,
0.0656227132499333,0.131019979468705,0.234950492235203,0.338880199168264,
0.442954825462751,0.546667855928621,0.650829910508473,0.760100904493121,
0.869708495812658,0.97822993235538,1.0944843968276,1.21017377706626,1.32633745995125,
1.44225246551375,1.55824199097709,1.67432231294409,1.79009284244503,1.90628580702586,
2.0217577151408,2.13117935362123,2.24023010908982,2.35759711132438,2.47431536193689,
2.59159774095671,2.70856158724222,2.82569237444603,2.94282797577695,3.05974682073219,
3.17701469684889,3.29364325691066,3.41099048133484,3.53494227474253,3.6606983566093,
3.77869024222397,3.89733570264648,4.01559040204617,4.13410408484314,4.25253703888311,
4.37084658230469,4.4894342598952,4.60746577160332,4.72613736939906,4.85232494492927,
4.9785125168987,5.09718411121431,5.21521561904961,5.3338032932683,5.45211283146062,
5.57054578392668,5.68905945928467,5.80731415900058,5.92595961014727,6.04395149991394,
6.16970736501064,6.2936588575233,6.41100589257027,6.52763423376559,6.64490192474455,
6.76182054996115,6.87895598195257,6.99608654700713,7.11305023285791,7.23033239704184,
7.34705050653267,7.46441728792866,7.57346839176318,7.68289121746483,7.79836482839454,
7.91455962012799,8.03033185803504,8.14641404089359,8.26240527897183,8.37832216065995,
8.4944875917975,8.61017889273063,8.72643511352056,8.83495951785673,8.94457193316997,
9.05384638670059,9.15801018283983,9.26172473732281,9.36580115253617,9.46973243809048,
9.57366476217137,9.63906083411443,9.70467963824212),.UNSPECIFIED.);
#632=B_SPLINE_CURVE_WITH_KNOTS('',3,(#4769,#4770,#4771,#4772,#4773,#4774,
#4775,#4776,#4777,#4778,#4779,#4780,#4781,#4782,#4783,#4784),
 .UNSPECIFIED.,.F.,.F.,(4,3,3,3,3,4),(0.,0.221014864419086,0.442327799250235,
0.663393558002469,0.884578074407033,1.),.UNSPECIFIED.);
#633=B_SPLINE_CURVE_WITH_KNOTS('',3,(#4785,#4786,#4787,#4788,#4789,#4790,
#4791,#4792,#4793,#4794,#4795,#4796,#4797,#4798,#4799,#4800),
 .UNSPECIFIED.,.F.,.F.,(4,3,3,3,3,4),(0.,0.221014864418797,0.442327799249659,
0.663393558001605,0.88457807440588,1.),.UNSPECIFIED.);
#634=B_SPLINE_CURVE_WITH_KNOTS('',3,(#5386,#5387,#5388,#5389,#5390,#5391,
#5392,#5393,#5394,#5395,#5396,#5397,#5398),.UNSPECIFIED.,.F.,.F.,(4,3,3,
3,4),(0.,0.271756487904438,0.543030616242934,0.81461772525586,1.),
 .UNSPECIFIED.);
#635=B_SPLINE_CURVE_WITH_KNOTS('',3,(#5463,#5464,#5465,#5466,#5467,#5468,
#5469,#5470,#5471,#5472,#5473,#5474,#5475),.UNSPECIFIED.,.F.,.F.,(4,3,3,
3,4),(0.,0.271756487904615,0.543030616243287,0.814617725256389,1.),
 .UNSPECIFIED.);
#636=B_SPLINE_CURVE_WITH_KNOTS('',3,(#5489,#5490,#5491,#5492,#5493,#5494,
#5495,#5496,#5497,#5498,#5499,#5500,#5501,#5502,#5503,#5504),
 .UNSPECIFIED.,.F.,.F.,(4,3,3,3,3,4),(0.,0.218563804016517,0.437432287171046,
0.656052188667927,0.874804450125229,1.),.UNSPECIFIED.);
#637=B_SPLINE_CURVE_WITH_KNOTS('',3,(#5505,#5506,#5507,#5508,#5509,#5510,
#5511,#5512,#5513,#5514,#5515,#5516,#5517,#5518,#5519,#5520),
 .UNSPECIFIED.,.F.,.F.,(4,3,3,3,3,4),(0.,0.21856380401638,0.437432287170769,
0.65605218866751,0.874804450124673,1.),.UNSPECIFIED.);
#638=B_SPLINE_CURVE_WITH_KNOTS('',3,(#5580,#5581,#5582,#5583,#5584,#5585,
#5586,#5587,#5588,#5589,#5590,#5591,#5592),.UNSPECIFIED.,.F.,.F.,(4,3,3,
3,4),(0.,0.268759968570084,0.537036623220731,0.805648206664401,1.),
 .UNSPECIFIED.);
#639=B_SPLINE_CURVE_WITH_KNOTS('',3,(#5654,#5655,#5656,#5657,#5658,#5659,
#5660,#5661,#5662,#5663,#5664,#5665,#5666),.UNSPECIFIED.,.F.,.F.,(4,3,3,
3,4),(0.,0.268759968570271,0.537036623221103,0.805648206664958,1.),
 .UNSPECIFIED.);
#640=B_SPLINE_CURVE_WITH_KNOTS('',3,(#5675,#5676,#5677,#5678,#5679,#5680,
#5681),.UNSPECIFIED.,.F.,.F.,(4,3,4),(0.,0.778488843676011,1.),
 .UNSPECIFIED.);
#641=B_SPLINE_CURVE_WITH_KNOTS('',3,(#5684,#5685,#5686,#5687,#5688,#5689,
#5690),.UNSPECIFIED.,.F.,.F.,(4,3,4),(0.,0.778488843689541,1.),
 .UNSPECIFIED.);
#642=B_SPLINE_CURVE_WITH_KNOTS('',3,(#5726,#5727,#5728,#5729,#5730,#5731,
#5732),.UNSPECIFIED.,.F.,.F.,(4,3,4),(5.25246135137193E-12,0.51552716798936,
1.),.UNSPECIFIED.);
#643=B_SPLINE_CURVE_WITH_KNOTS('',3,(#5765,#5766,#5767,#5768,#5769,#5770,
#5771),.UNSPECIFIED.,.F.,.F.,(4,3,4),(5.30923104872779E-12,0.515527167989752,
1.),.UNSPECIFIED.);
#644=B_SPLINE_CURVE_WITH_KNOTS('',3,(#5776,#5777,#5778,#5779,#5780,#5781,
#5782,#5783,#5784,#5785,#5786,#5787),.UNSPECIFIED.,.F.,.F.,(4,2,2,2,2,4),
(-0.10556596121441,-0.0927895839070107,-0.0798945154849081,-0.0546958625411965,
-0.0281180842118228,-1.00000016926838E-6),.UNSPECIFIED.);
#645=B_SPLINE_CURVE_WITH_KNOTS('',3,(#5788,#5789,#5790,#5791,#5792,#5793,
#5794,#5795,#5796,#5797,#5798,#5799,#5800,#5801,#5802,#5803,#5804,#5805,
#5806,#5807,#5808,#5809),.UNSPECIFIED.,.F.,.F.,(4,3,3,3,3,3,3,4),(0.,0.14047530051558,
0.280903520735478,0.421291812630631,0.565968859472973,0.706399737140855,
0.853199868570427,1.),.UNSPECIFIED.);
#646=B_SPLINE_CURVE_WITH_KNOTS('',3,(#5811,#5812,#5813,#5814,#5815,#5816,
#5817,#5818,#5819,#5820,#5821,#5822,#5823,#5824,#5825,#5826,#5827,#5828,
#5829,#5830,#5831,#5832),.UNSPECIFIED.,.F.,.F.,(4,3,3,3,3,3,3,4),(0.,0.140136229464054,
0.280225369168868,0.420274554184906,0.56520591563868,0.705298092867622,
0.852649046433811,1.),.UNSPECIFIED.);
#647=B_SPLINE_CURVE_WITH_KNOTS('',3,(#5834,#5835,#5836,#5837,#5838,#5839,
#5840,#5841,#5842,#5843,#5844,#5845),.UNSPECIFIED.,.F.,.F.,(4,2,2,2,2,4),
(-0.103999219343586,-0.076476526016256,-0.0501208977410551,-0.0251366556805563,
-0.0125111782868724,-1.00000023302294E-6),.UNSPECIFIED.);
#648=B_SPLINE_CURVE_WITH_KNOTS('',3,(#5902,#5903,#5904,#5905,#5906,#5907,
#5908,#5909,#5910,#5911,#5912,#5913,#5914,#5915,#5916,#5917,#5918,#5919,
#5920,#5921,#5922,#5923),.UNSPECIFIED.,.F.,.F.,(4,3,3,3,3,3,3,4),(0.,0.147085255171843,
0.294119079429718,0.441109681536462,0.588242041657296,0.735266569339847,
0.882374735367484,1.),.UNSPECIFIED.);
#649=B_SPLINE_CURVE_WITH_KNOTS('',3,(#5979,#5980,#5981,#5982,#5983,#5984,
#5985,#5986,#5987,#5988,#5989,#5990,#5991,#5992,#5993,#5994,#5995,#5996,
#5997,#5998,#5999,#6000,#6001,#6002,#6003),.UNSPECIFIED.,.F.,.F.,(4,3,3,
3,3,3,3,3,4),(0.,0.125,0.25,0.375,0.5,0.625,0.75,0.875,1.),
 .UNSPECIFIED.);
#650=B_SPLINE_CURVE_WITH_KNOTS('',3,(#6062,#6063,#6064,#6065,#6066,#6067,
#6068,#6069,#6070,#6071,#6072,#6073,#6074,#6075,#6076,#6077,#6078,#6079,
#6080,#6081,#6082,#6083,#6084,#6085,#6086),.UNSPECIFIED.,.F.,.F.,(4,3,3,
3,3,3,3,3,4),(0.,0.125,0.25,0.375,0.5,0.625,0.75,0.875,1.),
 .UNSPECIFIED.);
#651=B_SPLINE_CURVE_WITH_KNOTS('',3,(#6139,#6140,#6141,#6142,#6143,#6144,
#6145,#6146,#6147,#6148,#6149,#6150,#6151,#6152,#6153,#6154,#6155,#6156,
#6157,#6158,#6159,#6160),.UNSPECIFIED.,.F.,.F.,(4,3,3,3,3,3,3,4),(0.,0.14673022939897,
0.293409017071864,0.440044552380809,0.586822904433236,0.733493143748644,
0.880249193548414,1.),.UNSPECIFIED.);
#652=CIRCLE('',#1731,0.10800000000029);
#653=CIRCLE('',#1733,0.188627760979513);
#654=CIRCLE('',#1735,0.188627760979412);
#655=CIRCLE('',#1736,0.188627760979545);
#656=CIRCLE('',#1737,0.188627760979591);
#657=CIRCLE('',#1738,0.188627760979412);
#658=CIRCLE('',#1739,0.188627760979545);
#659=CIRCLE('',#1740,0.188627760979591);
#660=CIRCLE('',#1754,0.18862776097965);
#661=CIRCLE('',#1756,0.188627760979514);
#662=CIRCLE('',#1758,0.188627760979642);
#663=CIRCLE('',#1760,0.188627760979651);
#664=CIRCLE('',#1762,0.188627760979642);
#665=CIRCLE('',#1765,0.124999999999939);
#666=CIRCLE('',#1766,0.124999999999939);
#667=CIRCLE('',#1767,0.124999999999939);
#668=CIRCLE('',#1769,0.219000000000055);
#669=CIRCLE('',#1770,0.219000000000055);
#670=CIRCLE('',#1771,0.219000000000055);
#671=CIRCLE('',#1772,0.219000000000055);
#672=CIRCLE('',#1773,0.219000000000055);
#673=CIRCLE('',#1774,0.219000000000055);
#674=CIRCLE('',#1777,0.14050000000001);
#675=CIRCLE('',#1778,0.14050000000001);
#676=CIRCLE('',#1780,0.0325000000001432);
#677=CIRCLE('',#1781,0.0325000000001432);
#678=CIRCLE('',#1783,0.101499999999986);
#679=CIRCLE('',#1785,0.0724999999999977);
#680=CIRCLE('',#1786,0.019999999999996);
#681=CIRCLE('',#1787,0.11169183588447);
#682=CIRCLE('',#1788,0.0724999999999977);
#683=CIRCLE('',#1790,0.032499999999957);
#684=CIRCLE('',#1791,0.032499999999957);
#685=CIRCLE('',#1793,0.0724999999999995);
#686=CIRCLE('',#1794,0.0724999999999995);
#687=CIRCLE('',#1796,0.0800000000000177);
#688=CIRCLE('',#1799,0.14050000000001);
#689=CIRCLE('',#1808,0.0220000000000625);
#690=CIRCLE('',#1810,0.14050000000001);
#691=CIRCLE('',#1812,0.0219999999998888);
#692=CIRCLE('',#1813,0.0100000000000046);
#693=CIRCLE('',#1815,0.0219999999998888);
#694=CIRCLE('',#1817,0.0100000000000046);
#695=CIRCLE('',#1819,0.0220000000000625);
#696=CIRCLE('',#1822,0.062499999999991);
#697=CIRCLE('',#1824,0.062499999999991);
#698=CIRCLE('',#1828,0.062499999999977);
#699=CIRCLE('',#1837,0.062499999999977);
#700=CIRCLE('',#1859,0.130999999999992);
#701=CIRCLE('',#1860,0.130999999999992);
#702=CIRCLE('',#1862,0.21899999999999);
#703=CIRCLE('',#1863,0.21899999999999);
#704=VERTEX_POINT('',#2265);
#705=VERTEX_POINT('',#2266);
#706=VERTEX_POINT('',#2268);
#707=VERTEX_POINT('',#2320);
#708=VERTEX_POINT('',#2321);
#709=VERTEX_POINT('',#2323);
#710=VERTEX_POINT('',#2331);
#711=VERTEX_POINT('',#2332);
#712=VERTEX_POINT('',#2334);
#713=VERTEX_POINT('',#2336);
#714=VERTEX_POINT('',#2338);
#715=VERTEX_POINT('',#2340);
#716=VERTEX_POINT('',#2342);
#717=VERTEX_POINT('',#2344);
#718=VERTEX_POINT('',#2346);
#719=VERTEX_POINT('',#2348);
#720=VERTEX_POINT('',#2350);
#721=VERTEX_POINT('',#2352);
#722=VERTEX_POINT('',#2362);
#723=VERTEX_POINT('',#2370);
#724=VERTEX_POINT('',#2378);
#725=VERTEX_POINT('',#2386);
#726=VERTEX_POINT('',#2394);
#727=VERTEX_POINT('',#2402);
#728=VERTEX_POINT('',#2485);
#729=VERTEX_POINT('',#2508);
#730=VERTEX_POINT('',#2527);
#731=VERTEX_POINT('',#2529);
#732=VERTEX_POINT('',#2533);
#733=VERTEX_POINT('',#2535);
#734=VERTEX_POINT('',#2541);
#735=VERTEX_POINT('',#2543);
#736=VERTEX_POINT('',#2547);
#737=VERTEX_POINT('',#2553);
#738=VERTEX_POINT('',#2555);
#739=VERTEX_POINT('',#2559);
#740=VERTEX_POINT('',#2566);
#741=VERTEX_POINT('',#2572);
#742=VERTEX_POINT('',#2574);
#743=VERTEX_POINT('',#2580);
#744=VERTEX_POINT('',#2584);
#745=VERTEX_POINT('',#2729);
#746=VERTEX_POINT('',#2730);
#747=VERTEX_POINT('',#2811);
#748=VERTEX_POINT('',#3062);
#749=VERTEX_POINT('',#3091);
#750=VERTEX_POINT('',#3092);
#751=VERTEX_POINT('',#3094);
#752=VERTEX_POINT('',#3097);
#753=VERTEX_POINT('',#3106);
#754=VERTEX_POINT('',#3108);
#755=VERTEX_POINT('',#3111);
#756=VERTEX_POINT('',#3112);
#757=VERTEX_POINT('',#3119);
#758=VERTEX_POINT('',#3121);
#759=VERTEX_POINT('',#3123);
#760=VERTEX_POINT('',#3125);
#761=VERTEX_POINT('',#3136);
#762=VERTEX_POINT('',#3138);
#763=VERTEX_POINT('',#3142);
#764=VERTEX_POINT('',#3193);
#765=VERTEX_POINT('',#3194);
#766=VERTEX_POINT('',#3196);
#767=VERTEX_POINT('',#3198);
#768=VERTEX_POINT('',#3202);
#769=VERTEX_POINT('',#3204);
#770=VERTEX_POINT('',#3208);
#771=VERTEX_POINT('',#3209);
#772=VERTEX_POINT('',#3218);
#773=VERTEX_POINT('',#3221);
#774=VERTEX_POINT('',#3272);
#775=VERTEX_POINT('',#3273);
#776=VERTEX_POINT('',#3275);
#777=VERTEX_POINT('',#3280);
#778=VERTEX_POINT('',#3282);
#779=VERTEX_POINT('',#3286);
#780=VERTEX_POINT('',#3287);
#781=VERTEX_POINT('',#3292);
#782=VERTEX_POINT('',#3297);
#783=VERTEX_POINT('',#3298);
#784=VERTEX_POINT('',#3300);
#785=VERTEX_POINT('',#3302);
#786=VERTEX_POINT('',#3305);
#787=VERTEX_POINT('',#3307);
#788=VERTEX_POINT('',#3310);
#789=VERTEX_POINT('',#3311);
#790=VERTEX_POINT('',#3313);
#791=VERTEX_POINT('',#3315);
#792=VERTEX_POINT('',#3319);
#793=VERTEX_POINT('',#3323);
#794=VERTEX_POINT('',#3329);
#795=VERTEX_POINT('',#3331);
#796=VERTEX_POINT('',#3348);
#797=VERTEX_POINT('',#3369);
#798=VERTEX_POINT('',#3522);
#799=VERTEX_POINT('',#3559);
#800=VERTEX_POINT('',#3560);
#801=VERTEX_POINT('',#3565);
#802=VERTEX_POINT('',#3569);
#803=VERTEX_POINT('',#3571);
#804=VERTEX_POINT('',#3573);
#805=VERTEX_POINT('',#3575);
#806=VERTEX_POINT('',#3577);
#807=VERTEX_POINT('',#3581);
#808=VERTEX_POINT('',#3585);
#809=VERTEX_POINT('',#3587);
#810=VERTEX_POINT('',#3589);
#811=VERTEX_POINT('',#3591);
#812=VERTEX_POINT('',#3595);
#813=VERTEX_POINT('',#3601);
#814=VERTEX_POINT('',#3603);
#815=VERTEX_POINT('',#3607);
#816=VERTEX_POINT('',#3608);
#817=VERTEX_POINT('',#3664);
#818=VERTEX_POINT('',#3680);
#819=VERTEX_POINT('',#3681);
#820=VERTEX_POINT('',#3737);
#821=VERTEX_POINT('',#4762);
#822=VERTEX_POINT('',#4766);
#823=VERTEX_POINT('',#4767);
#824=VERTEX_POINT('',#4802);
#825=VERTEX_POINT('',#5385);
#826=VERTEX_POINT('',#5404);
#827=VERTEX_POINT('',#5405);
#828=VERTEX_POINT('',#5461);
#829=VERTEX_POINT('',#5482);
#830=VERTEX_POINT('',#5486);
#831=VERTEX_POINT('',#5487);
#832=VERTEX_POINT('',#5522);
#833=VERTEX_POINT('',#5579);
#834=VERTEX_POINT('',#5595);
#835=VERTEX_POINT('',#5596);
#836=VERTEX_POINT('',#5652);
#837=VERTEX_POINT('',#5670);
#838=VERTEX_POINT('',#5674);
#839=VERTEX_POINT('',#5682);
#840=VERTEX_POINT('',#5692);
#841=VERTEX_POINT('',#5725);
#842=VERTEX_POINT('',#5762);
#843=VERTEX_POINT('',#5764);
#844=VERTEX_POINT('',#5774);
#845=VERTEX_POINT('',#5775);
#846=VERTEX_POINT('',#5810);
#847=VERTEX_POINT('',#5833);
#848=VERTEX_POINT('',#5901);
#849=VERTEX_POINT('',#5977);
#850=VERTEX_POINT('',#6005);
#851=VERTEX_POINT('',#6060);
#852=VERTEX_POINT('',#6163);
#853=VERTEX_POINT('',#6165);
#854=VERTEX_POINT('',#6169);
#855=VERTEX_POINT('',#6171);
#856=EDGE_CURVE('',#704,#705,#652,.T.);
#857=EDGE_CURVE('',#706,#704,#607,.F.);
#858=EDGE_CURVE('',#706,#705,#608,.T.);
#859=EDGE_CURVE('',#707,#708,#653,.T.);
#860=EDGE_CURVE('',#709,#708,#365,.T.);
#861=EDGE_CURVE('',#707,#709,#366,.T.);
#862=EDGE_CURVE('',#710,#711,#76,.T.);
#863=EDGE_CURVE('',#710,#712,#654,.T.);
#864=EDGE_CURVE('',#713,#712,#77,.T.);
#865=EDGE_CURVE('',#713,#714,#655,.T.);
#866=EDGE_CURVE('',#715,#714,#78,.T.);
#867=EDGE_CURVE('',#715,#716,#656,.T.);
#868=EDGE_CURVE('',#717,#716,#79,.T.);
#869=EDGE_CURVE('',#717,#718,#657,.T.);
#870=EDGE_CURVE('',#719,#718,#80,.T.);
#871=EDGE_CURVE('',#719,#720,#658,.T.);
#872=EDGE_CURVE('',#721,#720,#81,.T.);
#873=EDGE_CURVE('',#721,#711,#659,.T.);
#874=EDGE_CURVE('',#705,#704,#609,.T.);
#875=EDGE_CURVE('',#710,#722,#367,.T.);
#876=EDGE_CURVE('',#722,#712,#368,.T.);
#877=EDGE_CURVE('',#723,#711,#369,.T.);
#878=EDGE_CURVE('',#721,#723,#370,.T.);
#879=EDGE_CURVE('',#724,#720,#371,.T.);
#880=EDGE_CURVE('',#719,#724,#372,.T.);
#881=EDGE_CURVE('',#725,#718,#373,.T.);
#882=EDGE_CURVE('',#717,#725,#374,.T.);
#883=EDGE_CURVE('',#726,#716,#375,.T.);
#884=EDGE_CURVE('',#715,#726,#376,.T.);
#885=EDGE_CURVE('',#727,#714,#377,.T.);
#886=EDGE_CURVE('',#713,#727,#378,.T.);
#887=EDGE_CURVE('',#728,#704,#610,.T.);
#888=EDGE_CURVE('',#729,#728,#611,.T.);
#889=EDGE_CURVE('',#729,#706,#82,.T.);
#890=EDGE_CURVE('',#722,#730,#83,.T.);
#891=EDGE_CURVE('',#730,#731,#379,.T.);
#892=EDGE_CURVE('',#731,#732,#84,.T.);
#893=EDGE_CURVE('',#732,#733,#380,.T.);
#894=EDGE_CURVE('',#733,#727,#85,.T.);
#895=EDGE_CURVE('',#723,#734,#86,.T.);
#896=EDGE_CURVE('',#734,#735,#381,.T.);
#897=EDGE_CURVE('',#735,#736,#87,.T.);
#898=EDGE_CURVE('',#736,#730,#382,.T.);
#899=EDGE_CURVE('',#724,#737,#88,.T.);
#900=EDGE_CURVE('',#737,#738,#383,.T.);
#901=EDGE_CURVE('',#738,#739,#89,.T.);
#902=EDGE_CURVE('',#739,#734,#384,.T.);
#903=EDGE_CURVE('',#725,#709,#90,.T.);
#904=EDGE_CURVE('',#708,#740,#91,.T.);
#905=EDGE_CURVE('',#740,#737,#385,.T.);
#906=EDGE_CURVE('',#726,#741,#92,.T.);
#907=EDGE_CURVE('',#741,#742,#386,.T.);
#908=EDGE_CURVE('',#742,#707,#93,.T.);
#909=EDGE_CURVE('',#733,#743,#387,.T.);
#910=EDGE_CURVE('',#743,#744,#94,.T.);
#911=EDGE_CURVE('',#744,#741,#388,.T.);
#912=EDGE_CURVE('',#745,#746,#612,.T.);
#913=EDGE_CURVE('',#729,#745,#613,.F.);
#914=EDGE_CURVE('',#747,#706,#614,.T.);
#915=EDGE_CURVE('',#746,#747,#615,.T.);
#916=EDGE_CURVE('',#732,#743,#660,.T.);
#917=EDGE_CURVE('',#736,#731,#661,.T.);
#918=EDGE_CURVE('',#739,#735,#662,.T.);
#919=EDGE_CURVE('',#740,#738,#663,.T.);
#920=EDGE_CURVE('',#744,#742,#664,.T.);
#921=EDGE_CURVE('',#747,#748,#616,.T.);
#922=EDGE_CURVE('',#748,#745,#617,.T.);
#923=EDGE_CURVE('',#749,#750,#665,.T.);
#924=EDGE_CURVE('',#750,#751,#95,.T.);
#925=EDGE_CURVE('',#751,#751,#666,.T.);
#926=EDGE_CURVE('',#750,#752,#667,.T.);
#927=EDGE_CURVE('',#752,#749,#618,.T.);
#928=EDGE_CURVE('',#753,#753,#668,.T.);
#929=EDGE_CURVE('',#753,#754,#96,.T.);
#930=EDGE_CURVE('',#754,#754,#669,.T.);
#931=EDGE_CURVE('',#755,#756,#619,.F.);
#932=EDGE_CURVE('',#756,#757,#670,.T.);
#933=EDGE_CURVE('',#757,#758,#97,.T.);
#934=EDGE_CURVE('',#758,#759,#671,.T.);
#935=EDGE_CURVE('',#759,#760,#620,.T.);
#936=EDGE_CURVE('',#760,#761,#672,.T.);
#937=EDGE_CURVE('',#761,#762,#98,.T.);
#938=EDGE_CURVE('',#762,#755,#673,.T.);
#939=EDGE_CURVE('',#763,#752,#621,.T.);
#940=EDGE_CURVE('',#749,#763,#99,.T.);
#941=EDGE_CURVE('',#764,#765,#674,.T.);
#942=EDGE_CURVE('',#766,#765,#100,.T.);
#943=EDGE_CURVE('',#767,#766,#675,.T.);
#944=EDGE_CURVE('',#767,#764,#101,.T.);
#945=EDGE_CURVE('',#768,#768,#676,.T.);
#946=EDGE_CURVE('',#768,#769,#102,.T.);
#947=EDGE_CURVE('',#769,#769,#677,.T.);
#948=EDGE_CURVE('',#770,#771,#622,.T.);
#949=EDGE_CURVE('',#771,#772,#103,.T.);
#950=EDGE_CURVE('',#772,#772,#678,.T.);
#951=EDGE_CURVE('',#771,#773,#623,.T.);
#952=EDGE_CURVE('',#773,#770,#624,.T.);
#953=EDGE_CURVE('',#774,#775,#679,.T.);
#954=EDGE_CURVE('',#775,#776,#680,.T.);
#955=EDGE_CURVE('',#776,#776,#681,.T.);
#956=EDGE_CURVE('',#775,#774,#682,.T.);
#957=EDGE_CURVE('',#777,#777,#683,.T.);
#958=EDGE_CURVE('',#777,#778,#104,.T.);
#959=EDGE_CURVE('',#778,#778,#684,.T.);
#960=EDGE_CURVE('',#779,#780,#685,.T.);
#961=EDGE_CURVE('',#779,#774,#105,.T.);
#962=EDGE_CURVE('',#780,#779,#686,.T.);
#963=EDGE_CURVE('',#780,#781,#106,.T.);
#964=EDGE_CURVE('',#781,#781,#687,.T.);
#965=EDGE_CURVE('',#782,#783,#688,.T.);
#966=EDGE_CURVE('',#783,#784,#107,.T.);
#967=EDGE_CURVE('',#784,#785,#108,.T.);
#968=EDGE_CURVE('',#785,#767,#109,.T.);
#969=EDGE_CURVE('',#766,#786,#110,.T.);
#970=EDGE_CURVE('',#786,#787,#111,.T.);
#971=EDGE_CURVE('',#787,#782,#112,.T.);
#972=EDGE_CURVE('',#788,#789,#113,.T.);
#973=EDGE_CURVE('',#789,#790,#114,.T.);
#974=EDGE_CURVE('',#791,#790,#115,.T.);
#975=EDGE_CURVE('',#791,#788,#116,.T.);
#976=EDGE_CURVE('',#792,#755,#117,.T.);
#977=EDGE_CURVE('',#792,#762,#118,.T.);
#978=EDGE_CURVE('',#761,#793,#119,.T.);
#979=EDGE_CURVE('',#793,#792,#120,.T.);
#980=EDGE_CURVE('',#760,#793,#121,.T.);
#981=EDGE_CURVE('',#759,#794,#122,.T.);
#982=EDGE_CURVE('',#794,#795,#625,.T.);
#983=EDGE_CURVE('',#795,#796,#123,.T.);
#984=EDGE_CURVE('',#796,#793,#626,.T.);
#985=EDGE_CURVE('',#758,#794,#124,.T.);
#986=EDGE_CURVE('',#794,#797,#125,.T.);
#987=EDGE_CURVE('',#797,#757,#126,.T.);
#988=EDGE_CURVE('',#756,#797,#127,.T.);
#989=EDGE_CURVE('',#763,#798,#128,.T.);
#990=EDGE_CURVE('',#752,#798,#627,.T.);
#991=EDGE_CURVE('',#799,#800,#129,.T.);
#992=EDGE_CURVE('',#784,#800,#689,.T.);
#993=EDGE_CURVE('',#783,#799,#130,.T.);
#994=EDGE_CURVE('',#782,#801,#131,.T.);
#995=EDGE_CURVE('',#801,#799,#690,.T.);
#996=EDGE_CURVE('',#787,#802,#691,.T.);
#997=EDGE_CURVE('',#802,#803,#132,.T.);
#998=EDGE_CURVE('',#804,#803,#133,.T.);
#999=EDGE_CURVE('',#804,#805,#134,.T.);
#1000=EDGE_CURVE('',#805,#806,#692,.T.);
#1001=EDGE_CURVE('',#806,#801,#135,.T.);
#1002=EDGE_CURVE('',#786,#807,#693,.T.);
#1003=EDGE_CURVE('',#807,#802,#136,.T.);
#1004=EDGE_CURVE('',#765,#808,#137,.T.);
#1005=EDGE_CURVE('',#808,#809,#694,.T.);
#1006=EDGE_CURVE('',#809,#810,#138,.T.);
#1007=EDGE_CURVE('',#810,#811,#139,.T.);
#1008=EDGE_CURVE('',#807,#811,#140,.T.);
#1009=EDGE_CURVE('',#785,#812,#695,.T.);
#1010=EDGE_CURVE('',#812,#764,#141,.T.);
#1011=EDGE_CURVE('',#800,#812,#142,.T.);
#1012=EDGE_CURVE('',#813,#790,#143,.T.);
#1013=EDGE_CURVE('',#789,#814,#144,.T.);
#1014=EDGE_CURVE('',#814,#813,#696,.T.);
#1015=EDGE_CURVE('',#815,#816,#697,.T.);
#1016=EDGE_CURVE('',#788,#815,#145,.T.);
#1017=EDGE_CURVE('',#816,#791,#146,.T.);
#1018=EDGE_CURVE('',#817,#792,#628,.T.);
#1019=EDGE_CURVE('',#796,#817,#147,.T.);
#1020=EDGE_CURVE('',#818,#819,#148,.T.);
#1021=EDGE_CURVE('',#819,#796,#149,.T.);
#1022=EDGE_CURVE('',#795,#818,#150,.T.);
#1023=EDGE_CURVE('',#820,#795,#151,.T.);
#1024=EDGE_CURVE('',#797,#820,#629,.T.);
#1025=EDGE_CURVE('',#770,#798,#630,.F.);
#1026=EDGE_CURVE('',#763,#773,#631,.T.);
#1027=EDGE_CURVE('',#808,#806,#152,.T.);
#1028=EDGE_CURVE('',#811,#803,#698,.T.);
#1029=EDGE_CURVE('',#813,#816,#153,.T.);
#1030=EDGE_CURVE('',#814,#815,#154,.T.);
#1031=EDGE_CURVE('',#817,#821,#155,.T.);
#1032=EDGE_CURVE('',#821,#819,#156,.T.);
#1033=EDGE_CURVE('',#822,#823,#157,.T.);
#1034=EDGE_CURVE('',#823,#819,#632,.T.);
#1035=EDGE_CURVE('',#818,#822,#633,.T.);
#1036=EDGE_CURVE('',#824,#818,#158,.T.);
#1037=EDGE_CURVE('',#820,#824,#159,.T.);
#1038=EDGE_CURVE('',#809,#805,#160,.T.);
#1039=EDGE_CURVE('',#810,#804,#699,.T.);
#1040=EDGE_CURVE('',#825,#821,#634,.T.);
#1041=EDGE_CURVE('',#823,#825,#161,.T.);
#1042=EDGE_CURVE('',#817,#820,#162,.T.);
#1043=EDGE_CURVE('',#824,#821,#163,.T.);
#1044=EDGE_CURVE('',#826,#827,#164,.T.);
#1045=EDGE_CURVE('',#827,#823,#165,.T.);
#1046=EDGE_CURVE('',#822,#826,#166,.T.);
#1047=EDGE_CURVE('',#828,#822,#167,.T.);
#1048=EDGE_CURVE('',#824,#828,#635,.T.);
#1049=EDGE_CURVE('',#828,#825,#168,.T.);
#1050=EDGE_CURVE('',#825,#829,#169,.T.);
#1051=EDGE_CURVE('',#829,#827,#170,.T.);
#1052=EDGE_CURVE('',#830,#831,#171,.T.);
#1053=EDGE_CURVE('',#831,#827,#636,.T.);
#1054=EDGE_CURVE('',#826,#830,#637,.T.);
#1055=EDGE_CURVE('',#832,#826,#172,.T.);
#1056=EDGE_CURVE('',#828,#832,#173,.T.);
#1057=EDGE_CURVE('',#832,#829,#174,.T.);
#1058=EDGE_CURVE('',#829,#833,#638,.T.);
#1059=EDGE_CURVE('',#833,#831,#175,.T.);
#1060=EDGE_CURVE('',#834,#835,#176,.T.);
#1061=EDGE_CURVE('',#835,#831,#177,.T.);
#1062=EDGE_CURVE('',#830,#834,#178,.T.);
#1063=EDGE_CURVE('',#836,#830,#179,.T.);
#1064=EDGE_CURVE('',#832,#836,#639,.T.);
#1065=EDGE_CURVE('',#836,#833,#180,.T.);
#1066=EDGE_CURVE('',#833,#837,#181,.T.);
#1067=EDGE_CURVE('',#837,#835,#182,.T.);
#1068=EDGE_CURVE('',#838,#834,#640,.T.);
#1069=EDGE_CURVE('',#839,#838,#183,.T.);
#1070=EDGE_CURVE('',#835,#839,#641,.T.);
#1071=EDGE_CURVE('',#840,#834,#184,.T.);
#1072=EDGE_CURVE('',#836,#840,#185,.T.);
#1073=EDGE_CURVE('',#840,#837,#186,.T.);
#1074=EDGE_CURVE('',#837,#841,#642,.T.);
#1075=EDGE_CURVE('',#839,#841,#187,.T.);
#1076=EDGE_CURVE('',#838,#842,#188,.T.);
#1077=EDGE_CURVE('',#840,#843,#643,.T.);
#1078=EDGE_CURVE('',#842,#843,#189,.T.);
#1079=EDGE_CURVE('',#844,#845,#644,.T.);
#1080=EDGE_CURVE('',#845,#839,#645,.T.);
#1081=EDGE_CURVE('',#838,#846,#646,.T.);
#1082=EDGE_CURVE('',#846,#847,#647,.T.);
#1083=EDGE_CURVE('',#847,#844,#190,.T.);
#1084=EDGE_CURVE('',#841,#843,#191,.T.);
#1085=EDGE_CURVE('',#841,#848,#648,.T.);
#1086=EDGE_CURVE('',#848,#845,#192,.T.);
#1087=EDGE_CURVE('',#844,#849,#193,.T.);
#1088=EDGE_CURVE('',#849,#848,#649,.T.);
#1089=EDGE_CURVE('',#850,#847,#194,.T.);
#1090=EDGE_CURVE('',#849,#850,#195,.T.);
#1091=EDGE_CURVE('',#846,#851,#196,.T.);
#1092=EDGE_CURVE('',#851,#850,#650,.T.);
#1093=EDGE_CURVE('',#843,#851,#651,.T.);
#1094=EDGE_CURVE('',#852,#852,#700,.T.);
#1095=EDGE_CURVE('',#852,#853,#197,.T.);
#1096=EDGE_CURVE('',#853,#853,#701,.T.);
#1097=EDGE_CURVE('',#854,#854,#702,.T.);
#1098=EDGE_CURVE('',#854,#855,#198,.T.);
#1099=EDGE_CURVE('',#855,#855,#703,.T.);
#1100=ORIENTED_EDGE('',*,*,#856,.F.);
#1101=ORIENTED_EDGE('',*,*,#857,.F.);
#1102=ORIENTED_EDGE('',*,*,#858,.T.);
#1103=ORIENTED_EDGE('',*,*,#859,.T.);
#1104=ORIENTED_EDGE('',*,*,#860,.F.);
#1105=ORIENTED_EDGE('',*,*,#861,.F.);
#1106=ORIENTED_EDGE('',*,*,#862,.F.);
#1107=ORIENTED_EDGE('',*,*,#863,.T.);
#1108=ORIENTED_EDGE('',*,*,#864,.F.);
#1109=ORIENTED_EDGE('',*,*,#865,.T.);
#1110=ORIENTED_EDGE('',*,*,#866,.F.);
#1111=ORIENTED_EDGE('',*,*,#867,.T.);
#1112=ORIENTED_EDGE('',*,*,#868,.F.);
#1113=ORIENTED_EDGE('',*,*,#869,.T.);
#1114=ORIENTED_EDGE('',*,*,#870,.F.);
#1115=ORIENTED_EDGE('',*,*,#871,.T.);
#1116=ORIENTED_EDGE('',*,*,#872,.F.);
#1117=ORIENTED_EDGE('',*,*,#873,.T.);
#1118=ORIENTED_EDGE('',*,*,#856,.T.);
#1119=ORIENTED_EDGE('',*,*,#874,.T.);
#1120=ORIENTED_EDGE('',*,*,#875,.T.);
#1121=ORIENTED_EDGE('',*,*,#876,.T.);
#1122=ORIENTED_EDGE('',*,*,#863,.F.);
#1123=ORIENTED_EDGE('',*,*,#877,.T.);
#1124=ORIENTED_EDGE('',*,*,#873,.F.);
#1125=ORIENTED_EDGE('',*,*,#878,.T.);
#1126=ORIENTED_EDGE('',*,*,#879,.T.);
#1127=ORIENTED_EDGE('',*,*,#871,.F.);
#1128=ORIENTED_EDGE('',*,*,#880,.T.);
#1129=ORIENTED_EDGE('',*,*,#881,.T.);
#1130=ORIENTED_EDGE('',*,*,#869,.F.);
#1131=ORIENTED_EDGE('',*,*,#882,.T.);
#1132=ORIENTED_EDGE('',*,*,#883,.T.);
#1133=ORIENTED_EDGE('',*,*,#867,.F.);
#1134=ORIENTED_EDGE('',*,*,#884,.T.);
#1135=ORIENTED_EDGE('',*,*,#885,.T.);
#1136=ORIENTED_EDGE('',*,*,#865,.F.);
#1137=ORIENTED_EDGE('',*,*,#886,.T.);
#1138=ORIENTED_EDGE('',*,*,#857,.T.);
#1139=ORIENTED_EDGE('',*,*,#887,.F.);
#1140=ORIENTED_EDGE('',*,*,#888,.F.);
#1141=ORIENTED_EDGE('',*,*,#889,.T.);
#1142=ORIENTED_EDGE('',*,*,#864,.T.);
#1143=ORIENTED_EDGE('',*,*,#876,.F.);
#1144=ORIENTED_EDGE('',*,*,#890,.T.);
#1145=ORIENTED_EDGE('',*,*,#891,.T.);
#1146=ORIENTED_EDGE('',*,*,#892,.T.);
#1147=ORIENTED_EDGE('',*,*,#893,.T.);
#1148=ORIENTED_EDGE('',*,*,#894,.T.);
#1149=ORIENTED_EDGE('',*,*,#886,.F.);
#1150=ORIENTED_EDGE('',*,*,#862,.T.);
#1151=ORIENTED_EDGE('',*,*,#877,.F.);
#1152=ORIENTED_EDGE('',*,*,#895,.T.);
#1153=ORIENTED_EDGE('',*,*,#896,.T.);
#1154=ORIENTED_EDGE('',*,*,#897,.T.);
#1155=ORIENTED_EDGE('',*,*,#898,.T.);
#1156=ORIENTED_EDGE('',*,*,#890,.F.);
#1157=ORIENTED_EDGE('',*,*,#875,.F.);
#1158=ORIENTED_EDGE('',*,*,#872,.T.);
#1159=ORIENTED_EDGE('',*,*,#879,.F.);
#1160=ORIENTED_EDGE('',*,*,#899,.T.);
#1161=ORIENTED_EDGE('',*,*,#900,.T.);
#1162=ORIENTED_EDGE('',*,*,#901,.T.);
#1163=ORIENTED_EDGE('',*,*,#902,.T.);
#1164=ORIENTED_EDGE('',*,*,#895,.F.);
#1165=ORIENTED_EDGE('',*,*,#878,.F.);
#1166=ORIENTED_EDGE('',*,*,#870,.T.);
#1167=ORIENTED_EDGE('',*,*,#881,.F.);
#1168=ORIENTED_EDGE('',*,*,#903,.T.);
#1169=ORIENTED_EDGE('',*,*,#860,.T.);
#1170=ORIENTED_EDGE('',*,*,#904,.T.);
#1171=ORIENTED_EDGE('',*,*,#905,.T.);
#1172=ORIENTED_EDGE('',*,*,#899,.F.);
#1173=ORIENTED_EDGE('',*,*,#880,.F.);
#1174=ORIENTED_EDGE('',*,*,#868,.T.);
#1175=ORIENTED_EDGE('',*,*,#883,.F.);
#1176=ORIENTED_EDGE('',*,*,#906,.T.);
#1177=ORIENTED_EDGE('',*,*,#907,.T.);
#1178=ORIENTED_EDGE('',*,*,#908,.T.);
#1179=ORIENTED_EDGE('',*,*,#861,.T.);
#1180=ORIENTED_EDGE('',*,*,#903,.F.);
#1181=ORIENTED_EDGE('',*,*,#882,.F.);
#1182=ORIENTED_EDGE('',*,*,#866,.T.);
#1183=ORIENTED_EDGE('',*,*,#885,.F.);
#1184=ORIENTED_EDGE('',*,*,#894,.F.);
#1185=ORIENTED_EDGE('',*,*,#909,.T.);
#1186=ORIENTED_EDGE('',*,*,#910,.T.);
#1187=ORIENTED_EDGE('',*,*,#911,.T.);
#1188=ORIENTED_EDGE('',*,*,#906,.F.);
#1189=ORIENTED_EDGE('',*,*,#884,.F.);
#1190=ORIENTED_EDGE('',*,*,#912,.F.);
#1191=ORIENTED_EDGE('',*,*,#913,.F.);
#1192=ORIENTED_EDGE('',*,*,#888,.T.);
#1193=ORIENTED_EDGE('',*,*,#887,.T.);
#1194=ORIENTED_EDGE('',*,*,#874,.F.);
#1195=ORIENTED_EDGE('',*,*,#858,.F.);
#1196=ORIENTED_EDGE('',*,*,#914,.F.);
#1197=ORIENTED_EDGE('',*,*,#915,.F.);
#1198=ORIENTED_EDGE('',*,*,#893,.F.);
#1199=ORIENTED_EDGE('',*,*,#916,.T.);
#1200=ORIENTED_EDGE('',*,*,#909,.F.);
#1201=ORIENTED_EDGE('',*,*,#898,.F.);
#1202=ORIENTED_EDGE('',*,*,#917,.T.);
#1203=ORIENTED_EDGE('',*,*,#891,.F.);
#1204=ORIENTED_EDGE('',*,*,#902,.F.);
#1205=ORIENTED_EDGE('',*,*,#918,.T.);
#1206=ORIENTED_EDGE('',*,*,#896,.F.);
#1207=ORIENTED_EDGE('',*,*,#905,.F.);
#1208=ORIENTED_EDGE('',*,*,#919,.T.);
#1209=ORIENTED_EDGE('',*,*,#900,.F.);
#1210=ORIENTED_EDGE('',*,*,#911,.F.);
#1211=ORIENTED_EDGE('',*,*,#920,.T.);
#1212=ORIENTED_EDGE('',*,*,#907,.F.);
#1213=ORIENTED_EDGE('',*,*,#921,.F.);
#1214=ORIENTED_EDGE('',*,*,#914,.T.);
#1215=ORIENTED_EDGE('',*,*,#889,.F.);
#1216=ORIENTED_EDGE('',*,*,#913,.T.);
#1217=ORIENTED_EDGE('',*,*,#922,.F.);
#1218=ORIENTED_EDGE('',*,*,#918,.F.);
#1219=ORIENTED_EDGE('',*,*,#901,.F.);
#1220=ORIENTED_EDGE('',*,*,#919,.F.);
#1221=ORIENTED_EDGE('',*,*,#904,.F.);
#1222=ORIENTED_EDGE('',*,*,#859,.F.);
#1223=ORIENTED_EDGE('',*,*,#908,.F.);
#1224=ORIENTED_EDGE('',*,*,#920,.F.);
#1225=ORIENTED_EDGE('',*,*,#910,.F.);
#1226=ORIENTED_EDGE('',*,*,#916,.F.);
#1227=ORIENTED_EDGE('',*,*,#892,.F.);
#1228=ORIENTED_EDGE('',*,*,#917,.F.);
#1229=ORIENTED_EDGE('',*,*,#897,.F.);
#1230=ORIENTED_EDGE('',*,*,#921,.T.);
#1231=ORIENTED_EDGE('',*,*,#922,.T.);
#1232=ORIENTED_EDGE('',*,*,#912,.T.);
#1233=ORIENTED_EDGE('',*,*,#915,.T.);
#1234=ORIENTED_EDGE('',*,*,#923,.T.);
#1235=ORIENTED_EDGE('',*,*,#924,.T.);
#1236=ORIENTED_EDGE('',*,*,#925,.F.);
#1237=ORIENTED_EDGE('',*,*,#924,.F.);
#1238=ORIENTED_EDGE('',*,*,#926,.T.);
#1239=ORIENTED_EDGE('',*,*,#927,.T.);
#1240=ORIENTED_EDGE('',*,*,#928,.F.);
#1241=ORIENTED_EDGE('',*,*,#929,.T.);
#1242=ORIENTED_EDGE('',*,*,#930,.T.);
#1243=ORIENTED_EDGE('',*,*,#929,.F.);
#1244=ORIENTED_EDGE('',*,*,#931,.T.);
#1245=ORIENTED_EDGE('',*,*,#932,.T.);
#1246=ORIENTED_EDGE('',*,*,#933,.T.);
#1247=ORIENTED_EDGE('',*,*,#934,.T.);
#1248=ORIENTED_EDGE('',*,*,#935,.T.);
#1249=ORIENTED_EDGE('',*,*,#936,.T.);
#1250=ORIENTED_EDGE('',*,*,#937,.T.);
#1251=ORIENTED_EDGE('',*,*,#938,.T.);
#1252=ORIENTED_EDGE('',*,*,#939,.T.);
#1253=ORIENTED_EDGE('',*,*,#926,.F.);
#1254=ORIENTED_EDGE('',*,*,#923,.F.);
#1255=ORIENTED_EDGE('',*,*,#940,.T.);
#1256=ORIENTED_EDGE('',*,*,#941,.T.);
#1257=ORIENTED_EDGE('',*,*,#942,.F.);
#1258=ORIENTED_EDGE('',*,*,#943,.F.);
#1259=ORIENTED_EDGE('',*,*,#944,.T.);
#1260=ORIENTED_EDGE('',*,*,#945,.F.);
#1261=ORIENTED_EDGE('',*,*,#946,.T.);
#1262=ORIENTED_EDGE('',*,*,#947,.T.);
#1263=ORIENTED_EDGE('',*,*,#946,.F.);
#1264=ORIENTED_EDGE('',*,*,#948,.T.);
#1265=ORIENTED_EDGE('',*,*,#949,.T.);
#1266=ORIENTED_EDGE('',*,*,#950,.T.);
#1267=ORIENTED_EDGE('',*,*,#949,.F.);
#1268=ORIENTED_EDGE('',*,*,#951,.T.);
#1269=ORIENTED_EDGE('',*,*,#952,.T.);
#1270=ORIENTED_EDGE('',*,*,#953,.T.);
#1271=ORIENTED_EDGE('',*,*,#954,.T.);
#1272=ORIENTED_EDGE('',*,*,#955,.T.);
#1273=ORIENTED_EDGE('',*,*,#954,.F.);
#1274=ORIENTED_EDGE('',*,*,#956,.T.);
#1275=ORIENTED_EDGE('',*,*,#957,.F.);
#1276=ORIENTED_EDGE('',*,*,#958,.T.);
#1277=ORIENTED_EDGE('',*,*,#959,.F.);
#1278=ORIENTED_EDGE('',*,*,#958,.F.);
#1279=ORIENTED_EDGE('',*,*,#960,.F.);
#1280=ORIENTED_EDGE('',*,*,#961,.T.);
#1281=ORIENTED_EDGE('',*,*,#956,.F.);
#1282=ORIENTED_EDGE('',*,*,#953,.F.);
#1283=ORIENTED_EDGE('',*,*,#961,.F.);
#1284=ORIENTED_EDGE('',*,*,#962,.F.);
#1285=ORIENTED_EDGE('',*,*,#960,.T.);
#1286=ORIENTED_EDGE('',*,*,#963,.T.);
#1287=ORIENTED_EDGE('',*,*,#964,.F.);
#1288=ORIENTED_EDGE('',*,*,#963,.F.);
#1289=ORIENTED_EDGE('',*,*,#962,.T.);
#1290=ORIENTED_EDGE('',*,*,#928,.T.);
#1291=ORIENTED_EDGE('',*,*,#925,.T.);
#1292=ORIENTED_EDGE('',*,*,#930,.F.);
#1293=ORIENTED_EDGE('',*,*,#965,.T.);
#1294=ORIENTED_EDGE('',*,*,#966,.T.);
#1295=ORIENTED_EDGE('',*,*,#967,.T.);
#1296=ORIENTED_EDGE('',*,*,#968,.T.);
#1297=ORIENTED_EDGE('',*,*,#943,.T.);
#1298=ORIENTED_EDGE('',*,*,#969,.T.);
#1299=ORIENTED_EDGE('',*,*,#970,.T.);
#1300=ORIENTED_EDGE('',*,*,#971,.T.);
#1301=ORIENTED_EDGE('',*,*,#972,.T.);
#1302=ORIENTED_EDGE('',*,*,#973,.T.);
#1303=ORIENTED_EDGE('',*,*,#974,.F.);
#1304=ORIENTED_EDGE('',*,*,#975,.T.);
#1305=ORIENTED_EDGE('',*,*,#976,.T.);
#1306=ORIENTED_EDGE('',*,*,#938,.F.);
#1307=ORIENTED_EDGE('',*,*,#977,.F.);
#1308=ORIENTED_EDGE('',*,*,#977,.T.);
#1309=ORIENTED_EDGE('',*,*,#937,.F.);
#1310=ORIENTED_EDGE('',*,*,#978,.T.);
#1311=ORIENTED_EDGE('',*,*,#979,.T.);
#1312=ORIENTED_EDGE('',*,*,#978,.F.);
#1313=ORIENTED_EDGE('',*,*,#936,.F.);
#1314=ORIENTED_EDGE('',*,*,#980,.T.);
#1315=ORIENTED_EDGE('',*,*,#980,.F.);
#1316=ORIENTED_EDGE('',*,*,#935,.F.);
#1317=ORIENTED_EDGE('',*,*,#981,.T.);
#1318=ORIENTED_EDGE('',*,*,#982,.T.);
#1319=ORIENTED_EDGE('',*,*,#983,.T.);
#1320=ORIENTED_EDGE('',*,*,#984,.T.);
#1321=ORIENTED_EDGE('',*,*,#981,.F.);
#1322=ORIENTED_EDGE('',*,*,#934,.F.);
#1323=ORIENTED_EDGE('',*,*,#985,.T.);
#1324=ORIENTED_EDGE('',*,*,#986,.F.);
#1325=ORIENTED_EDGE('',*,*,#985,.F.);
#1326=ORIENTED_EDGE('',*,*,#933,.F.);
#1327=ORIENTED_EDGE('',*,*,#987,.F.);
#1328=ORIENTED_EDGE('',*,*,#987,.T.);
#1329=ORIENTED_EDGE('',*,*,#932,.F.);
#1330=ORIENTED_EDGE('',*,*,#988,.T.);
#1331=ORIENTED_EDGE('',*,*,#989,.T.);
#1332=ORIENTED_EDGE('',*,*,#990,.F.);
#1333=ORIENTED_EDGE('',*,*,#939,.F.);
#1334=ORIENTED_EDGE('',*,*,#991,.T.);
#1335=ORIENTED_EDGE('',*,*,#992,.F.);
#1336=ORIENTED_EDGE('',*,*,#966,.F.);
#1337=ORIENTED_EDGE('',*,*,#993,.T.);
#1338=ORIENTED_EDGE('',*,*,#993,.F.);
#1339=ORIENTED_EDGE('',*,*,#965,.F.);
#1340=ORIENTED_EDGE('',*,*,#994,.T.);
#1341=ORIENTED_EDGE('',*,*,#995,.T.);
#1342=ORIENTED_EDGE('',*,*,#994,.F.);
#1343=ORIENTED_EDGE('',*,*,#971,.F.);
#1344=ORIENTED_EDGE('',*,*,#996,.T.);
#1345=ORIENTED_EDGE('',*,*,#997,.T.);
#1346=ORIENTED_EDGE('',*,*,#998,.F.);
#1347=ORIENTED_EDGE('',*,*,#999,.T.);
#1348=ORIENTED_EDGE('',*,*,#1000,.T.);
#1349=ORIENTED_EDGE('',*,*,#1001,.T.);
#1350=ORIENTED_EDGE('',*,*,#996,.F.);
#1351=ORIENTED_EDGE('',*,*,#970,.F.);
#1352=ORIENTED_EDGE('',*,*,#1002,.T.);
#1353=ORIENTED_EDGE('',*,*,#1003,.T.);
#1354=ORIENTED_EDGE('',*,*,#1002,.F.);
#1355=ORIENTED_EDGE('',*,*,#969,.F.);
#1356=ORIENTED_EDGE('',*,*,#942,.T.);
#1357=ORIENTED_EDGE('',*,*,#1004,.T.);
#1358=ORIENTED_EDGE('',*,*,#1005,.T.);
#1359=ORIENTED_EDGE('',*,*,#1006,.T.);
#1360=ORIENTED_EDGE('',*,*,#1007,.T.);
#1361=ORIENTED_EDGE('',*,*,#1008,.F.);
#1362=ORIENTED_EDGE('',*,*,#944,.F.);
#1363=ORIENTED_EDGE('',*,*,#968,.F.);
#1364=ORIENTED_EDGE('',*,*,#1009,.T.);
#1365=ORIENTED_EDGE('',*,*,#1010,.T.);
#1366=ORIENTED_EDGE('',*,*,#1009,.F.);
#1367=ORIENTED_EDGE('',*,*,#967,.F.);
#1368=ORIENTED_EDGE('',*,*,#992,.T.);
#1369=ORIENTED_EDGE('',*,*,#1011,.T.);
#1370=ORIENTED_EDGE('',*,*,#1012,.T.);
#1371=ORIENTED_EDGE('',*,*,#973,.F.);
#1372=ORIENTED_EDGE('',*,*,#1013,.T.);
#1373=ORIENTED_EDGE('',*,*,#1014,.T.);
#1374=ORIENTED_EDGE('',*,*,#945,.T.);
#1375=ORIENTED_EDGE('',*,*,#1015,.F.);
#1376=ORIENTED_EDGE('',*,*,#1016,.F.);
#1377=ORIENTED_EDGE('',*,*,#975,.F.);
#1378=ORIENTED_EDGE('',*,*,#1017,.F.);
#1379=ORIENTED_EDGE('',*,*,#947,.F.);
#1380=ORIENTED_EDGE('',*,*,#1018,.T.);
#1381=ORIENTED_EDGE('',*,*,#979,.F.);
#1382=ORIENTED_EDGE('',*,*,#984,.F.);
#1383=ORIENTED_EDGE('',*,*,#1019,.T.);
#1384=ORIENTED_EDGE('',*,*,#1020,.T.);
#1385=ORIENTED_EDGE('',*,*,#1021,.T.);
#1386=ORIENTED_EDGE('',*,*,#983,.F.);
#1387=ORIENTED_EDGE('',*,*,#1022,.T.);
#1388=ORIENTED_EDGE('',*,*,#1023,.T.);
#1389=ORIENTED_EDGE('',*,*,#982,.F.);
#1390=ORIENTED_EDGE('',*,*,#986,.T.);
#1391=ORIENTED_EDGE('',*,*,#1024,.T.);
#1392=ORIENTED_EDGE('',*,*,#940,.F.);
#1393=ORIENTED_EDGE('',*,*,#927,.F.);
#1394=ORIENTED_EDGE('',*,*,#990,.T.);
#1395=ORIENTED_EDGE('',*,*,#1025,.F.);
#1396=ORIENTED_EDGE('',*,*,#952,.F.);
#1397=ORIENTED_EDGE('',*,*,#1026,.F.);
#1398=ORIENTED_EDGE('',*,*,#995,.F.);
#1399=ORIENTED_EDGE('',*,*,#1001,.F.);
#1400=ORIENTED_EDGE('',*,*,#1027,.F.);
#1401=ORIENTED_EDGE('',*,*,#1004,.F.);
#1402=ORIENTED_EDGE('',*,*,#941,.F.);
#1403=ORIENTED_EDGE('',*,*,#1010,.F.);
#1404=ORIENTED_EDGE('',*,*,#1011,.F.);
#1405=ORIENTED_EDGE('',*,*,#991,.F.);
#1406=ORIENTED_EDGE('',*,*,#955,.F.);
#1407=ORIENTED_EDGE('',*,*,#997,.F.);
#1408=ORIENTED_EDGE('',*,*,#1003,.F.);
#1409=ORIENTED_EDGE('',*,*,#1008,.T.);
#1410=ORIENTED_EDGE('',*,*,#1028,.T.);
#1411=ORIENTED_EDGE('',*,*,#957,.T.);
#1412=ORIENTED_EDGE('',*,*,#1017,.T.);
#1413=ORIENTED_EDGE('',*,*,#974,.T.);
#1414=ORIENTED_EDGE('',*,*,#1012,.F.);
#1415=ORIENTED_EDGE('',*,*,#1029,.T.);
#1416=ORIENTED_EDGE('',*,*,#1030,.T.);
#1417=ORIENTED_EDGE('',*,*,#1015,.T.);
#1418=ORIENTED_EDGE('',*,*,#1029,.F.);
#1419=ORIENTED_EDGE('',*,*,#1014,.F.);
#1420=ORIENTED_EDGE('',*,*,#1030,.F.);
#1421=ORIENTED_EDGE('',*,*,#1013,.F.);
#1422=ORIENTED_EDGE('',*,*,#972,.F.);
#1423=ORIENTED_EDGE('',*,*,#1016,.T.);
#1424=ORIENTED_EDGE('',*,*,#1031,.F.);
#1425=ORIENTED_EDGE('',*,*,#1019,.F.);
#1426=ORIENTED_EDGE('',*,*,#1021,.F.);
#1427=ORIENTED_EDGE('',*,*,#1032,.F.);
#1428=ORIENTED_EDGE('',*,*,#1033,.T.);
#1429=ORIENTED_EDGE('',*,*,#1034,.T.);
#1430=ORIENTED_EDGE('',*,*,#1020,.F.);
#1431=ORIENTED_EDGE('',*,*,#1035,.T.);
#1432=ORIENTED_EDGE('',*,*,#1036,.T.);
#1433=ORIENTED_EDGE('',*,*,#1022,.F.);
#1434=ORIENTED_EDGE('',*,*,#1023,.F.);
#1435=ORIENTED_EDGE('',*,*,#1037,.T.);
#1436=ORIENTED_EDGE('',*,*,#1025,.T.);
#1437=ORIENTED_EDGE('',*,*,#989,.F.);
#1438=ORIENTED_EDGE('',*,*,#1026,.T.);
#1439=ORIENTED_EDGE('',*,*,#951,.F.);
#1440=ORIENTED_EDGE('',*,*,#948,.F.);
#1441=ORIENTED_EDGE('',*,*,#1027,.T.);
#1442=ORIENTED_EDGE('',*,*,#1000,.F.);
#1443=ORIENTED_EDGE('',*,*,#1038,.F.);
#1444=ORIENTED_EDGE('',*,*,#1005,.F.);
#1445=ORIENTED_EDGE('',*,*,#998,.T.);
#1446=ORIENTED_EDGE('',*,*,#1028,.F.);
#1447=ORIENTED_EDGE('',*,*,#1007,.F.);
#1448=ORIENTED_EDGE('',*,*,#1039,.T.);
#1449=ORIENTED_EDGE('',*,*,#1040,.T.);
#1450=ORIENTED_EDGE('',*,*,#1032,.T.);
#1451=ORIENTED_EDGE('',*,*,#1034,.F.);
#1452=ORIENTED_EDGE('',*,*,#1041,.T.);
#1453=ORIENTED_EDGE('',*,*,#1037,.F.);
#1454=ORIENTED_EDGE('',*,*,#1042,.F.);
#1455=ORIENTED_EDGE('',*,*,#1031,.T.);
#1456=ORIENTED_EDGE('',*,*,#1043,.F.);
#1457=ORIENTED_EDGE('',*,*,#1044,.T.);
#1458=ORIENTED_EDGE('',*,*,#1045,.T.);
#1459=ORIENTED_EDGE('',*,*,#1033,.F.);
#1460=ORIENTED_EDGE('',*,*,#1046,.T.);
#1461=ORIENTED_EDGE('',*,*,#1047,.T.);
#1462=ORIENTED_EDGE('',*,*,#1035,.F.);
#1463=ORIENTED_EDGE('',*,*,#1036,.F.);
#1464=ORIENTED_EDGE('',*,*,#1048,.T.);
#1465=ORIENTED_EDGE('',*,*,#950,.F.);
#1466=ORIENTED_EDGE('',*,*,#964,.T.);
#1467=ORIENTED_EDGE('',*,*,#1039,.F.);
#1468=ORIENTED_EDGE('',*,*,#1006,.F.);
#1469=ORIENTED_EDGE('',*,*,#1038,.T.);
#1470=ORIENTED_EDGE('',*,*,#999,.F.);
#1471=ORIENTED_EDGE('',*,*,#959,.T.);
#1472=ORIENTED_EDGE('',*,*,#1048,.F.);
#1473=ORIENTED_EDGE('',*,*,#1043,.T.);
#1474=ORIENTED_EDGE('',*,*,#1040,.F.);
#1475=ORIENTED_EDGE('',*,*,#1049,.F.);
#1476=ORIENTED_EDGE('',*,*,#1018,.F.);
#1477=ORIENTED_EDGE('',*,*,#1042,.T.);
#1478=ORIENTED_EDGE('',*,*,#1024,.F.);
#1479=ORIENTED_EDGE('',*,*,#988,.F.);
#1480=ORIENTED_EDGE('',*,*,#931,.F.);
#1481=ORIENTED_EDGE('',*,*,#976,.F.);
#1482=ORIENTED_EDGE('',*,*,#1050,.F.);
#1483=ORIENTED_EDGE('',*,*,#1041,.F.);
#1484=ORIENTED_EDGE('',*,*,#1045,.F.);
#1485=ORIENTED_EDGE('',*,*,#1051,.F.);
#1486=ORIENTED_EDGE('',*,*,#1052,.T.);
#1487=ORIENTED_EDGE('',*,*,#1053,.T.);
#1488=ORIENTED_EDGE('',*,*,#1044,.F.);
#1489=ORIENTED_EDGE('',*,*,#1054,.T.);
#1490=ORIENTED_EDGE('',*,*,#1055,.T.);
#1491=ORIENTED_EDGE('',*,*,#1046,.F.);
#1492=ORIENTED_EDGE('',*,*,#1047,.F.);
#1493=ORIENTED_EDGE('',*,*,#1056,.T.);
#1494=ORIENTED_EDGE('',*,*,#1056,.F.);
#1495=ORIENTED_EDGE('',*,*,#1049,.T.);
#1496=ORIENTED_EDGE('',*,*,#1050,.T.);
#1497=ORIENTED_EDGE('',*,*,#1057,.F.);
#1498=ORIENTED_EDGE('',*,*,#1058,.F.);
#1499=ORIENTED_EDGE('',*,*,#1051,.T.);
#1500=ORIENTED_EDGE('',*,*,#1053,.F.);
#1501=ORIENTED_EDGE('',*,*,#1059,.F.);
#1502=ORIENTED_EDGE('',*,*,#1060,.T.);
#1503=ORIENTED_EDGE('',*,*,#1061,.T.);
#1504=ORIENTED_EDGE('',*,*,#1052,.F.);
#1505=ORIENTED_EDGE('',*,*,#1062,.T.);
#1506=ORIENTED_EDGE('',*,*,#1063,.T.);
#1507=ORIENTED_EDGE('',*,*,#1054,.F.);
#1508=ORIENTED_EDGE('',*,*,#1055,.F.);
#1509=ORIENTED_EDGE('',*,*,#1064,.T.);
#1510=ORIENTED_EDGE('',*,*,#1064,.F.);
#1511=ORIENTED_EDGE('',*,*,#1057,.T.);
#1512=ORIENTED_EDGE('',*,*,#1058,.T.);
#1513=ORIENTED_EDGE('',*,*,#1065,.F.);
#1514=ORIENTED_EDGE('',*,*,#1066,.F.);
#1515=ORIENTED_EDGE('',*,*,#1059,.T.);
#1516=ORIENTED_EDGE('',*,*,#1061,.F.);
#1517=ORIENTED_EDGE('',*,*,#1067,.F.);
#1518=ORIENTED_EDGE('',*,*,#1068,.F.);
#1519=ORIENTED_EDGE('',*,*,#1069,.F.);
#1520=ORIENTED_EDGE('',*,*,#1070,.F.);
#1521=ORIENTED_EDGE('',*,*,#1060,.F.);
#1522=ORIENTED_EDGE('',*,*,#1071,.T.);
#1523=ORIENTED_EDGE('',*,*,#1062,.F.);
#1524=ORIENTED_EDGE('',*,*,#1063,.F.);
#1525=ORIENTED_EDGE('',*,*,#1072,.T.);
#1526=ORIENTED_EDGE('',*,*,#1072,.F.);
#1527=ORIENTED_EDGE('',*,*,#1065,.T.);
#1528=ORIENTED_EDGE('',*,*,#1066,.T.);
#1529=ORIENTED_EDGE('',*,*,#1073,.F.);
#1530=ORIENTED_EDGE('',*,*,#1074,.F.);
#1531=ORIENTED_EDGE('',*,*,#1067,.T.);
#1532=ORIENTED_EDGE('',*,*,#1070,.T.);
#1533=ORIENTED_EDGE('',*,*,#1075,.T.);
#1534=ORIENTED_EDGE('',*,*,#1076,.F.);
#1535=ORIENTED_EDGE('',*,*,#1068,.T.);
#1536=ORIENTED_EDGE('',*,*,#1071,.F.);
#1537=ORIENTED_EDGE('',*,*,#1077,.T.);
#1538=ORIENTED_EDGE('',*,*,#1078,.F.);
#1539=ORIENTED_EDGE('',*,*,#1079,.T.);
#1540=ORIENTED_EDGE('',*,*,#1080,.T.);
#1541=ORIENTED_EDGE('',*,*,#1069,.T.);
#1542=ORIENTED_EDGE('',*,*,#1081,.T.);
#1543=ORIENTED_EDGE('',*,*,#1082,.T.);
#1544=ORIENTED_EDGE('',*,*,#1083,.T.);
#1545=ORIENTED_EDGE('',*,*,#1073,.T.);
#1546=ORIENTED_EDGE('',*,*,#1074,.T.);
#1547=ORIENTED_EDGE('',*,*,#1084,.T.);
#1548=ORIENTED_EDGE('',*,*,#1077,.F.);
#1549=ORIENTED_EDGE('',*,*,#1085,.F.);
#1550=ORIENTED_EDGE('',*,*,#1075,.F.);
#1551=ORIENTED_EDGE('',*,*,#1080,.F.);
#1552=ORIENTED_EDGE('',*,*,#1086,.F.);
#1553=ORIENTED_EDGE('',*,*,#1079,.F.);
#1554=ORIENTED_EDGE('',*,*,#1087,.T.);
#1555=ORIENTED_EDGE('',*,*,#1088,.T.);
#1556=ORIENTED_EDGE('',*,*,#1086,.T.);
#1557=ORIENTED_EDGE('',*,*,#1089,.F.);
#1558=ORIENTED_EDGE('',*,*,#1090,.F.);
#1559=ORIENTED_EDGE('',*,*,#1087,.F.);
#1560=ORIENTED_EDGE('',*,*,#1083,.F.);
#1561=ORIENTED_EDGE('',*,*,#1082,.F.);
#1562=ORIENTED_EDGE('',*,*,#1091,.T.);
#1563=ORIENTED_EDGE('',*,*,#1092,.T.);
#1564=ORIENTED_EDGE('',*,*,#1089,.T.);
#1565=ORIENTED_EDGE('',*,*,#1091,.F.);
#1566=ORIENTED_EDGE('',*,*,#1081,.F.);
#1567=ORIENTED_EDGE('',*,*,#1076,.T.);
#1568=ORIENTED_EDGE('',*,*,#1078,.T.);
#1569=ORIENTED_EDGE('',*,*,#1093,.T.);
#1570=ORIENTED_EDGE('',*,*,#1090,.T.);
#1571=ORIENTED_EDGE('',*,*,#1092,.F.);
#1572=ORIENTED_EDGE('',*,*,#1093,.F.);
#1573=ORIENTED_EDGE('',*,*,#1084,.F.);
#1574=ORIENTED_EDGE('',*,*,#1085,.T.);
#1575=ORIENTED_EDGE('',*,*,#1088,.F.);
#1576=ORIENTED_EDGE('',*,*,#1094,.T.);
#1577=ORIENTED_EDGE('',*,*,#1095,.T.);
#1578=ORIENTED_EDGE('',*,*,#1096,.F.);
#1579=ORIENTED_EDGE('',*,*,#1095,.F.);
#1580=ORIENTED_EDGE('',*,*,#1097,.T.);
#1581=ORIENTED_EDGE('',*,*,#1098,.T.);
#1582=ORIENTED_EDGE('',*,*,#1099,.T.);
#1583=ORIENTED_EDGE('',*,*,#1098,.F.);
#1584=ORIENTED_EDGE('',*,*,#1099,.F.);
#1585=ORIENTED_EDGE('',*,*,#1094,.F.);
#1586=ORIENTED_EDGE('',*,*,#1097,.F.);
#1587=ORIENTED_EDGE('',*,*,#1096,.T.);
#1588=CONICAL_SURFACE('',#1730,0.125340000000282,0.827518830108797);
#1589=CONICAL_SURFACE('',#1732,0.188070189180184,1.13446401379686);
#1590=CONICAL_SURFACE('',#1741,0.217063922745418,1.13446401379686);
#1591=CONICAL_SURFACE('',#1742,0.217063922745465,1.13446401379521);
#1592=CONICAL_SURFACE('',#1743,0.217063922745508,1.13446401379656);
#1593=CONICAL_SURFACE('',#1744,0.217063922745418,1.13446401379686);
#1594=CONICAL_SURFACE('',#1745,0.217063922745465,1.13446401379521);
#1595=CONICAL_SURFACE('',#1746,0.217063922745508,1.13446401379656);
#1596=CONICAL_SURFACE('',#1753,0.188070189180328,1.13446401379656);
#1597=CONICAL_SURFACE('',#1755,0.188070189180184,1.13446401379686);
#1598=CONICAL_SURFACE('',#1757,0.188070189180295,1.13446401379521);
#1599=CONICAL_SURFACE('',#1759,0.188070189180328,1.13446401379656);
#1600=CONICAL_SURFACE('',#1761,0.188070189180295,1.13446401379521);
#1601=CONICAL_SURFACE('',#1775,0.104600000004562,0.907593334091067);
#1602=CONICAL_SURFACE('',#1782,0.125469992301119,0.785398163397925);
#1603=CONICAL_SURFACE('',#1795,0.0723500000000042,0.52359877559946);
#1604=ADVANCED_FACE('',(#389),#1588,.F.);
#1605=ADVANCED_FACE('',(#390),#1589,.T.);
#1606=ADVANCED_FACE('',(#391,#62),#322,.T.);
#1607=ADVANCED_FACE('',(#392),#1590,.T.);
#1608=ADVANCED_FACE('',(#393),#1591,.T.);
#1609=ADVANCED_FACE('',(#394),#1592,.T.);
#1610=ADVANCED_FACE('',(#395),#1593,.T.);
#1611=ADVANCED_FACE('',(#396),#1594,.T.);
#1612=ADVANCED_FACE('',(#397),#1595,.T.);
#1613=ADVANCED_FACE('',(#398),#44,.F.);
#1614=ADVANCED_FACE('',(#399),#323,.T.);
#1615=ADVANCED_FACE('',(#400),#324,.T.);
#1616=ADVANCED_FACE('',(#401),#325,.T.);
#1617=ADVANCED_FACE('',(#402),#326,.T.);
#1618=ADVANCED_FACE('',(#403),#327,.T.);
#1619=ADVANCED_FACE('',(#404),#328,.T.);
#1620=ADVANCED_FACE('',(#405),#45,.F.);
#1621=ADVANCED_FACE('',(#406),#1596,.T.);
#1622=ADVANCED_FACE('',(#407),#1597,.T.);
#1623=ADVANCED_FACE('',(#408),#1598,.T.);
#1624=ADVANCED_FACE('',(#409),#1599,.T.);
#1625=ADVANCED_FACE('',(#410),#1600,.T.);
#1626=ADVANCED_FACE('',(#411),#46,.F.);
#1627=ADVANCED_FACE('',(#412,#63),#329,.F.);
#1628=ADVANCED_FACE('',(#413),#14,.T.);
#1629=ADVANCED_FACE('',(#414,#64),#15,.T.);
#1630=ADVANCED_FACE('',(#415),#1601,.T.);
#1631=ADVANCED_FACE('',(#416),#16,.T.);
#1632=ADVANCED_FACE('',(#417),#17,.F.);
#1633=ADVANCED_FACE('',(#418),#1602,.T.);
#1634=ADVANCED_FACE('',(#419),#13,.T.);
#1635=ADVANCED_FACE('',(#420),#18,.F.);
#1636=ADVANCED_FACE('',(#421),#19,.F.);
#1637=ADVANCED_FACE('',(#422),#1603,.F.);
#1638=ADVANCED_FACE('',(#423,#65),#330,.T.);
#1639=ADVANCED_FACE('',(#424,#66,#67),#331,.T.);
#1640=ADVANCED_FACE('',(#425),#332,.F.);
#1641=ADVANCED_FACE('',(#426),#333,.T.);
#1642=ADVANCED_FACE('',(#427),#334,.T.);
#1643=ADVANCED_FACE('',(#428),#20,.T.);
#1644=ADVANCED_FACE('',(#429),#335,.T.);
#1645=ADVANCED_FACE('',(#430),#336,.F.);
#1646=ADVANCED_FACE('',(#431),#337,.F.);
#1647=ADVANCED_FACE('',(#432),#47,.F.);
#1648=ADVANCED_FACE('',(#433),#338,.T.);
#1649=ADVANCED_FACE('',(#434),#21,.T.);
#1650=ADVANCED_FACE('',(#435),#339,.T.);
#1651=ADVANCED_FACE('',(#436),#22,.T.);
#1652=ADVANCED_FACE('',(#437),#340,.T.);
#1653=ADVANCED_FACE('',(#438),#341,.T.);
#1654=ADVANCED_FACE('',(#439),#23,.T.);
#1655=ADVANCED_FACE('',(#440,#68),#342,.T.);
#1656=ADVANCED_FACE('',(#441,#69),#343,.F.);
#1657=ADVANCED_FACE('',(#442),#48,.F.);
#1658=ADVANCED_FACE('',(#443),#344,.T.);
#1659=ADVANCED_FACE('',(#444),#49,.T.);
#1660=ADVANCED_FACE('',(#445),#50,.F.);
#1661=ADVANCED_FACE('',(#446,#70),#345,.F.);
#1662=ADVANCED_FACE('',(#447,#71),#346,.T.);
#1663=ADVANCED_FACE('',(#448),#347,.T.);
#1664=ADVANCED_FACE('',(#449),#24,.T.);
#1665=ADVANCED_FACE('',(#450),#348,.F.);
#1666=ADVANCED_FACE('',(#451),#349,.F.);
#1667=ADVANCED_FACE('',(#452),#25,.T.);
#1668=ADVANCED_FACE('',(#453),#350,.T.);
#1669=ADVANCED_FACE('',(#454),#51,.F.);
#1670=ADVANCED_FACE('',(#455),#26,.F.);
#1671=ADVANCED_FACE('',(#456),#27,.T.);
#1672=ADVANCED_FACE('',(#457),#52,.F.);
#1673=ADVANCED_FACE('',(#458),#351,.F.);
#1674=ADVANCED_FACE('',(#459),#352,.T.);
#1675=ADVANCED_FACE('',(#460),#53,.T.);
#1676=ADVANCED_FACE('',(#461,#72),#353,.T.);
#1677=ADVANCED_FACE('',(#462,#73),#354,.F.);
#1678=ADVANCED_FACE('',(#463),#28,.F.);
#1679=ADVANCED_FACE('',(#464),#29,.F.);
#1680=ADVANCED_FACE('',(#465),#355,.F.);
#1681=ADVANCED_FACE('',(#466),#30,.T.);
#1682=ADVANCED_FACE('',(#467),#356,.T.);
#1683=ADVANCED_FACE('',(#468),#357,.F.);
#1684=ADVANCED_FACE('',(#469),#54,.F.);
#1685=ADVANCED_FACE('',(#470),#358,.T.);
#1686=ADVANCED_FACE('',(#471),#55,.T.);
#1687=ADVANCED_FACE('',(#472),#31,.F.);
#1688=ADVANCED_FACE('',(#473),#359,.F.);
#1689=ADVANCED_FACE('',(#474),#32,.F.);
#1690=ADVANCED_FACE('',(#475),#360,.T.);
#1691=ADVANCED_FACE('',(#476),#361,.F.);
#1692=ADVANCED_FACE('',(#477),#56,.F.);
#1693=ADVANCED_FACE('',(#478),#57,.T.);
#1694=ADVANCED_FACE('',(#479),#33,.T.);
#1695=ADVANCED_FACE('',(#480),#34,.T.);
#1696=ADVANCED_FACE('',(#481),#58,.F.);
#1697=ADVANCED_FACE('',(#482),#59,.T.);
#1698=ADVANCED_FACE('',(#483),#362,.F.);
#1699=ADVANCED_FACE('',(#484),#60,.T.);
#1700=ADVANCED_FACE('',(#485),#61,.T.);
#1701=ADVANCED_FACE('',(#486),#35,.F.);
#1702=ADVANCED_FACE('',(#487),#36,.F.);
#1703=ADVANCED_FACE('',(#488),#37,.T.);
#1704=ADVANCED_FACE('',(#489,#74),#363,.F.);
#1705=ADVANCED_FACE('',(#490,#75),#364,.T.);
#1706=CLOSED_SHELL('',(#1604,#1605,#1606,#1607,#1608,#1609,#1610,#1611,
#1612,#1613,#1614,#1615,#1616,#1617,#1618,#1619,#1620,#1621,#1622,#1623,
#1624,#1625,#1626,#1627));
#1707=CLOSED_SHELL('',(#1628,#1629,#1630,#1631,#1632,#1633,#1634,#1635,
#1636,#1637,#1638,#1639,#1640,#1641,#1642,#1643,#1644,#1645,#1646,#1647,
#1648,#1649,#1650,#1651,#1652,#1653,#1654,#1655,#1656,#1657,#1658,#1659,
#1660,#1661,#1662,#1663,#1664,#1665,#1666,#1667,#1668,#1669,#1670,#1671,
#1672,#1673,#1674,#1675,#1676,#1677,#1678,#1679,#1680,#1681,#1682,#1683,
#1684,#1685,#1686,#1687,#1688,#1689,#1690,#1691,#1692,#1693,#1694,#1695,
#1696,#1697,#1698,#1699,#1700,#1701));
#1708=CLOSED_SHELL('',(#1702,#1703,#1704,#1705));
#1709=DERIVED_UNIT_ELEMENT(#1711,1.);
#1710=DERIVED_UNIT_ELEMENT(#6184,-3.);
#1711=(
CONVERSION_BASED_UNIT('gram',#1713)
MASS_UNIT()
NAMED_UNIT(#6181)
);
#1712=(
MASS_UNIT()
NAMED_UNIT(*)
SI_UNIT(.KILO.,.GRAM.)
);
#1713=MASS_MEASURE_WITH_UNIT(MASS_MEASURE(0.001),#1712);
#1714=DERIVED_UNIT((#1709,#1710));
#1715=MEASURE_REPRESENTATION_ITEM('density measure',
POSITIVE_RATIO_MEASURE(1.),#1714);
#1716=PROPERTY_DEFINITION_REPRESENTATION(#1721,#1718);
#1717=PROPERTY_DEFINITION_REPRESENTATION(#1722,#1719);
#1718=REPRESENTATION('material name',(#1720),#6178);
#1719=REPRESENTATION('density',(#1715),#6178);
#1720=DESCRIPTIVE_REPRESENTATION_ITEM('Generic','Generic');
#1721=PROPERTY_DEFINITION('material property','material name',#6192);
#1722=PROPERTY_DEFINITION('material property','density of part',#6192);
#1723=DATE_TIME_ROLE('creation_date');
#1724=APPLIED_DATE_AND_TIME_ASSIGNMENT(#1725,#1723,(#6192));
#1725=DATE_AND_TIME(#1726,#1727);
#1726=CALENDAR_DATE(2014,1,7);
#1727=LOCAL_TIME(20,23,34.,#1728);
#1728=COORDINATED_UNIVERSAL_TIME_OFFSET(0,0,.BEHIND.);
#1729=AXIS2_PLACEMENT_3D('',#2263,#1866,#1867);
#1730=AXIS2_PLACEMENT_3D('',#2264,#1868,#1869);
#1731=AXIS2_PLACEMENT_3D('',#2267,#1870,#1871);
#1732=AXIS2_PLACEMENT_3D('',#2319,#1872,#1873);
#1733=AXIS2_PLACEMENT_3D('',#2322,#1874,#1875);
#1734=AXIS2_PLACEMENT_3D('',#2330,#1876,#1877);
#1735=AXIS2_PLACEMENT_3D('',#2335,#1879,#1880);
#1736=AXIS2_PLACEMENT_3D('',#2339,#1882,#1883);
#1737=AXIS2_PLACEMENT_3D('',#2343,#1885,#1886);
#1738=AXIS2_PLACEMENT_3D('',#2347,#1888,#1889);
#1739=AXIS2_PLACEMENT_3D('',#2351,#1891,#1892);
#1740=AXIS2_PLACEMENT_3D('',#2354,#1894,#1895);
#1741=AXIS2_PLACEMENT_3D('',#2361,#1896,#1897);
#1742=AXIS2_PLACEMENT_3D('',#2369,#1898,#1899);
#1743=AXIS2_PLACEMENT_3D('',#2377,#1900,#1901);
#1744=AXIS2_PLACEMENT_3D('',#2385,#1902,#1903);
#1745=AXIS2_PLACEMENT_3D('',#2393,#1904,#1905);
#1746=AXIS2_PLACEMENT_3D('',#2401,#1906,#1907);
#1747=AXIS2_PLACEMENT_3D('',#2526,#1909,#1910);
#1748=AXIS2_PLACEMENT_3D('',#2540,#1914,#1915);
#1749=AXIS2_PLACEMENT_3D('',#2552,#1918,#1919);
#1750=AXIS2_PLACEMENT_3D('',#2564,#1922,#1923);
#1751=AXIS2_PLACEMENT_3D('',#2571,#1926,#1927);
#1752=AXIS2_PLACEMENT_3D('',#2579,#1930,#1931);
#1753=AXIS2_PLACEMENT_3D('',#2912,#1933,#1934);
#1754=AXIS2_PLACEMENT_3D('',#2913,#1935,#1936);
#1755=AXIS2_PLACEMENT_3D('',#2914,#1937,#1938);
#1756=AXIS2_PLACEMENT_3D('',#2915,#1939,#1940);
#1757=AXIS2_PLACEMENT_3D('',#2916,#1941,#1942);
#1758=AXIS2_PLACEMENT_3D('',#2917,#1943,#1944);
#1759=AXIS2_PLACEMENT_3D('',#2918,#1945,#1946);
#1760=AXIS2_PLACEMENT_3D('',#2919,#1947,#1948);
#1761=AXIS2_PLACEMENT_3D('',#2920,#1949,#1950);
#1762=AXIS2_PLACEMENT_3D('',#2921,#1951,#1952);
#1763=AXIS2_PLACEMENT_3D('',#3089,#1953,#1954);
#1764=AXIS2_PLACEMENT_3D('',#3090,#1955,#1956);
#1765=AXIS2_PLACEMENT_3D('',#3093,#1957,#1958);
#1766=AXIS2_PLACEMENT_3D('',#3096,#1960,#1961);
#1767=AXIS2_PLACEMENT_3D('',#3098,#1962,#1963);
#1768=AXIS2_PLACEMENT_3D('',#3105,#1964,#1965);
#1769=AXIS2_PLACEMENT_3D('',#3107,#1966,#1967);
#1770=AXIS2_PLACEMENT_3D('',#3110,#1969,#1970);
#1771=AXIS2_PLACEMENT_3D('',#3120,#1971,#1972);
#1772=AXIS2_PLACEMENT_3D('',#3124,#1974,#1975);
#1773=AXIS2_PLACEMENT_3D('',#3137,#1976,#1977);
#1774=AXIS2_PLACEMENT_3D('',#3140,#1979,#1980);
#1775=AXIS2_PLACEMENT_3D('',#3141,#1981,#1982);
#1776=AXIS2_PLACEMENT_3D('',#3192,#1984,#1985);
#1777=AXIS2_PLACEMENT_3D('',#3195,#1986,#1987);
#1778=AXIS2_PLACEMENT_3D('',#3199,#1989,#1990);
#1779=AXIS2_PLACEMENT_3D('',#3201,#1992,#1993);
#1780=AXIS2_PLACEMENT_3D('',#3203,#1994,#1995);
#1781=AXIS2_PLACEMENT_3D('',#3206,#1997,#1998);
#1782=AXIS2_PLACEMENT_3D('',#3207,#1999,#2000);
#1783=AXIS2_PLACEMENT_3D('',#3220,#2002,#2003);
#1784=AXIS2_PLACEMENT_3D('',#3271,#2004,#2005);
#1785=AXIS2_PLACEMENT_3D('',#3274,#2006,#2007);
#1786=AXIS2_PLACEMENT_3D('',#3276,#2008,#2009);
#1787=AXIS2_PLACEMENT_3D('',#3277,#2010,#2011);
#1788=AXIS2_PLACEMENT_3D('',#3278,#2012,#2013);
#1789=AXIS2_PLACEMENT_3D('',#3279,#2014,#2015);
#1790=AXIS2_PLACEMENT_3D('',#3281,#2016,#2017);
#1791=AXIS2_PLACEMENT_3D('',#3284,#2019,#2020);
#1792=AXIS2_PLACEMENT_3D('',#3285,#2021,#2022);
#1793=AXIS2_PLACEMENT_3D('',#3288,#2023,#2024);
#1794=AXIS2_PLACEMENT_3D('',#3290,#2026,#2027);
#1795=AXIS2_PLACEMENT_3D('',#3291,#2028,#2029);
#1796=AXIS2_PLACEMENT_3D('',#3294,#2031,#2032);
#1797=AXIS2_PLACEMENT_3D('',#3295,#2033,#2034);
#1798=AXIS2_PLACEMENT_3D('',#3296,#2035,#2036);
#1799=AXIS2_PLACEMENT_3D('',#3299,#2037,#2038);
#1800=AXIS2_PLACEMENT_3D('',#3318,#2049,#2050);
#1801=AXIS2_PLACEMENT_3D('',#3322,#2053,#2054);
#1802=AXIS2_PLACEMENT_3D('',#3326,#2057,#2058);
#1803=AXIS2_PLACEMENT_3D('',#3328,#2060,#2061);
#1804=AXIS2_PLACEMENT_3D('',#3366,#2064,#2065);
#1805=AXIS2_PLACEMENT_3D('',#3368,#2067,#2068);
#1806=AXIS2_PLACEMENT_3D('',#3372,#2071,#2072);
#1807=AXIS2_PLACEMENT_3D('',#3558,#2075,#2076);
#1808=AXIS2_PLACEMENT_3D('',#3562,#2078,#2079);
#1809=AXIS2_PLACEMENT_3D('',#3564,#2081,#2082);
#1810=AXIS2_PLACEMENT_3D('',#3567,#2084,#2085);
#1811=AXIS2_PLACEMENT_3D('',#3568,#2086,#2087);
#1812=AXIS2_PLACEMENT_3D('',#3570,#2088,#2089);
#1813=AXIS2_PLACEMENT_3D('',#3578,#2093,#2094);
#1814=AXIS2_PLACEMENT_3D('',#3580,#2096,#2097);
#1815=AXIS2_PLACEMENT_3D('',#3582,#2098,#2099);
#1816=AXIS2_PLACEMENT_3D('',#3584,#2101,#2102);
#1817=AXIS2_PLACEMENT_3D('',#3588,#2104,#2105);
#1818=AXIS2_PLACEMENT_3D('',#3594,#2109,#2110);
#1819=AXIS2_PLACEMENT_3D('',#3596,#2111,#2112);
#1820=AXIS2_PLACEMENT_3D('',#3598,#2114,#2115);
#1821=AXIS2_PLACEMENT_3D('',#3600,#2117,#2118);
#1822=AXIS2_PLACEMENT_3D('',#3605,#2121,#2122);
#1823=AXIS2_PLACEMENT_3D('',#3606,#2123,#2124);
#1824=AXIS2_PLACEMENT_3D('',#3609,#2125,#2126);
#1825=AXIS2_PLACEMENT_3D('',#3679,#2130,#2131);
#1826=AXIS2_PLACEMENT_3D('',#4752,#2136,#2137);
#1827=AXIS2_PLACEMENT_3D('',#4754,#2139,#2140);
#1828=AXIS2_PLACEMENT_3D('',#4755,#2141,#2142);
#1829=AXIS2_PLACEMENT_3D('',#4756,#2143,#2144);
#1830=AXIS2_PLACEMENT_3D('',#4758,#2146,#2147);
#1831=AXIS2_PLACEMENT_3D('',#4760,#2149,#2150);
#1832=AXIS2_PLACEMENT_3D('',#4761,#2151,#2152);
#1833=AXIS2_PLACEMENT_3D('',#4765,#2155,#2156);
#1834=AXIS2_PLACEMENT_3D('',#4801,#2158,#2159);
#1835=AXIS2_PLACEMENT_3D('',#5329,#2162,#2163);
#1836=AXIS2_PLACEMENT_3D('',#5331,#2165,#2166);
#1837=AXIS2_PLACEMENT_3D('',#5332,#2167,#2168);
#1838=AXIS2_PLACEMENT_3D('',#5400,#2170,#2171);
#1839=AXIS2_PLACEMENT_3D('',#5403,#2174,#2175);
#1840=AXIS2_PLACEMENT_3D('',#5476,#2180,#2181);
#1841=AXIS2_PLACEMENT_3D('',#5477,#2182,#2183);
#1842=AXIS2_PLACEMENT_3D('',#5478,#2184,#2185);
#1843=AXIS2_PLACEMENT_3D('',#5480,#2187,#2188);
#1844=AXIS2_PLACEMENT_3D('',#5481,#2189,#2190);
#1845=AXIS2_PLACEMENT_3D('',#5485,#2193,#2194);
#1846=AXIS2_PLACEMENT_3D('',#5521,#2196,#2197);
#1847=AXIS2_PLACEMENT_3D('',#5525,#2200,#2201);
#1848=AXIS2_PLACEMENT_3D('',#5594,#2204,#2205);
#1849=AXIS2_PLACEMENT_3D('',#5667,#2210,#2211);
#1850=AXIS2_PLACEMENT_3D('',#5669,#2213,#2214);
#1851=AXIS2_PLACEMENT_3D('',#5673,#2217,#2218);
#1852=AXIS2_PLACEMENT_3D('',#5691,#2220,#2221);
#1853=AXIS2_PLACEMENT_3D('',#5695,#2224,#2225);
#1854=AXIS2_PLACEMENT_3D('',#5773,#2230,#2231);
#1855=AXIS2_PLACEMENT_3D('',#5847,#2233,#2234);
#1856=AXIS2_PLACEMENT_3D('',#6004,#2238,#2239);
#1857=AXIS2_PLACEMENT_3D('',#6161,#2243,#2244);
#1858=AXIS2_PLACEMENT_3D('',#6162,#2245,#2246);
#1859=AXIS2_PLACEMENT_3D('',#6164,#2247,#2248);
#1860=AXIS2_PLACEMENT_3D('',#6167,#2250,#2251);
#1861=AXIS2_PLACEMENT_3D('',#6168,#2252,#2253);
#1862=AXIS2_PLACEMENT_3D('',#6170,#2254,#2255);
#1863=AXIS2_PLACEMENT_3D('',#6173,#2257,#2258);
#1864=AXIS2_PLACEMENT_3D('',#6174,#2259,#2260);
#1865=AXIS2_PLACEMENT_3D('',#6175,#2261,#2262);
#1866=DIRECTION('axis',(0.,0.,1.));
#1867=DIRECTION('refdir',(1.,0.,0.));
#1868=DIRECTION('center_axis',(1.,2.73199797291296E-16,2.00167408121024E-18));
#1869=DIRECTION('ref_axis',(3.79528507611743E-19,-0.00871569665875919,0.999962017594545));
#1870=DIRECTION('center_axis',(1.,0.,0.));
#1871=DIRECTION('ref_axis',(0.,0.,1.));
#1872=DIRECTION('center_axis',(-1.,-2.93383296864019E-15,0.));
#1873=DIRECTION('ref_axis',(2.93383296864019E-15,-1.,0.));
#1874=DIRECTION('center_axis',(-1.,-4.63447879269016E-15,2.20574672419319E-14));
#1875=DIRECTION('ref_axis',(4.63447879269219E-15,-1.,4.47227203494797E-14));
#1876=DIRECTION('center_axis',(-1.,0.,0.));
#1877=DIRECTION('ref_axis',(0.,-1.,0.));
#1878=DIRECTION('',(0.,-0.500000000000077,0.866025403784394));
#1879=DIRECTION('center_axis',(-1.,0.,0.));
#1880=DIRECTION('ref_axis',(0.,3.55271367880054E-15,-1.));
#1881=DIRECTION('',(0.,0.500000000000077,0.866025403784394));
#1882=DIRECTION('center_axis',(-1.,0.,0.));
#1883=DIRECTION('ref_axis',(0.,2.66453525910038E-15,-1.));
#1884=DIRECTION('',(0.,1.,0.));
#1885=DIRECTION('center_axis',(-1.,0.,0.));
#1886=DIRECTION('ref_axis',(0.,0.,-1.));
#1887=DIRECTION('',(0.,0.500000000000077,-0.866025403784394));
#1888=DIRECTION('center_axis',(-1.,0.,0.));
#1889=DIRECTION('ref_axis',(0.,0.,-1.));
#1890=DIRECTION('',(0.,-0.500000000000077,-0.866025403784394));
#1891=DIRECTION('center_axis',(-1.,0.,0.));
#1892=DIRECTION('ref_axis',(0.,-8.88178419700125E-16,-1.));
#1893=DIRECTION('',(0.,-1.,0.));
#1894=DIRECTION('center_axis',(-1.,0.,0.));
#1895=DIRECTION('ref_axis',(0.,0.,-1.));
#1896=DIRECTION('center_axis',(1.,0.,0.));
#1897=DIRECTION('ref_axis',(0.,0.,-1.));
#1898=DIRECTION('center_axis',(1.,0.,0.));
#1899=DIRECTION('ref_axis',(0.,0.,-1.));
#1900=DIRECTION('center_axis',(1.,0.,0.));
#1901=DIRECTION('ref_axis',(0.,0.,-1.));
#1902=DIRECTION('center_axis',(1.,0.,0.));
#1903=DIRECTION('ref_axis',(0.,0.,-1.));
#1904=DIRECTION('center_axis',(1.,0.,0.));
#1905=DIRECTION('ref_axis',(0.,0.,-1.));
#1906=DIRECTION('center_axis',(1.,0.,0.));
#1907=DIRECTION('ref_axis',(0.,0.,-1.));
#1908=DIRECTION('',(-0.67669138631192,-4.98013547747179E-6,-0.736266777511012));
#1909=DIRECTION('center_axis',(0.,0.866025403784394,-0.500000000000077));
#1910=DIRECTION('ref_axis',(0.,-0.500000000000077,-0.866025403784395));
#1911=DIRECTION('',(1.,0.,0.));
#1912=DIRECTION('',(-1.67659195600136E-13,-0.499999999998977,-0.86602540378503));
#1913=DIRECTION('',(-1.,0.,0.));
#1914=DIRECTION('center_axis',(0.,0.866025403784394,0.500000000000077));
#1915=DIRECTION('ref_axis',(0.,0.500000000000077,-0.866025403784395));
#1916=DIRECTION('',(1.,0.,0.));
#1917=DIRECTION('',(1.4006970771657E-13,0.499999999999031,-0.866025403784998));
#1918=DIRECTION('center_axis',(0.,0.,1.));
#1919=DIRECTION('ref_axis',(0.,1.,0.));
#1920=DIRECTION('',(1.,0.,0.));
#1921=DIRECTION('',(0.,1.,0.));
#1922=DIRECTION('center_axis',(0.,-0.866025403784394,0.500000000000077));
#1923=DIRECTION('ref_axis',(0.,0.500000000000077,0.866025403784395));
#1924=DIRECTION('',(1.,0.,0.));
#1925=DIRECTION('',(-1.67659195600136E-13,0.499999999998977,0.86602540378503));
#1926=DIRECTION('center_axis',(0.,-0.866025403784394,-0.500000000000077));
#1927=DIRECTION('ref_axis',(0.,-0.500000000000077,0.866025403784395));
#1928=DIRECTION('',(1.,0.,0.));
#1929=DIRECTION('',(1.42191976015306E-13,-0.499999999999033,0.866025403784997));
#1930=DIRECTION('center_axis',(0.,0.,-1.));
#1931=DIRECTION('ref_axis',(0.,-1.,0.));
#1932=DIRECTION('',(0.,-1.,0.));
#1933=DIRECTION('center_axis',(-1.,1.46691648432176E-15,-2.5407738813056E-15));
#1934=DIRECTION('ref_axis',(-2.5407738813056E-15,-1.79064225281639E-33,
1.));
#1935=DIRECTION('center_axis',(-1.,-2.22393625733473E-13,-1.28399019683071E-13));
#1936=DIRECTION('ref_axis',(1.0334887707696E-13,0.109186920321536,-0.994021235402292));
#1937=DIRECTION('center_axis',(-1.,2.93383296864019E-15,0.));
#1938=DIRECTION('ref_axis',(2.93383296864019E-15,1.,-7.6571373978539E-16));
#1939=DIRECTION('center_axis',(-1.,0.,0.));
#1940=DIRECTION('ref_axis',(0.,0.915441101920285,-0.402451970941843));
#1941=DIRECTION('center_axis',(-1.,1.46691648432176E-15,2.5407738813056E-15));
#1942=DIRECTION('ref_axis',(2.5407738813056E-15,1.7906422534722E-33,1.));
#1943=DIRECTION('center_axis',(-1.,-2.21522073627927E-13,1.31060152925994E-13));
#1944=DIRECTION('ref_axis',(-1.01031637680621E-13,0.806254181598636,0.591569264460819));
#1945=DIRECTION('center_axis',(-1.,-1.46691648432176E-15,2.5407738813056E-15));
#1946=DIRECTION('ref_axis',(2.5407738813056E-15,-1.79064225281639E-33,1.));
#1947=DIRECTION('center_axis',(-1.,2.22393625733473E-13,1.28399019683071E-13));
#1948=DIRECTION('ref_axis',(1.0334887707696E-13,-0.109186920321537,0.994021235402292));
#1949=DIRECTION('center_axis',(-1.,-1.46691648432176E-15,-2.5407738813056E-15));
#1950=DIRECTION('ref_axis',(-2.5407738813056E-15,1.7906422534722E-33,1.));
#1951=DIRECTION('center_axis',(-1.,2.21522073627927E-13,-1.31060152925994E-13));
#1952=DIRECTION('ref_axis',(-1.0103163768062E-13,-0.806254181598635,-0.59156926446082));
#1953=DIRECTION('center_axis',(-1.,0.,0.));
#1954=DIRECTION('ref_axis',(0.,-1.,0.));
#1955=DIRECTION('center_axis',(1.,-1.04216033059958E-16,1.10978803236659E-16));
#1956=DIRECTION('ref_axis',(1.10978803236659E-16,-8.89432096217507E-34,
-1.));
#1957=DIRECTION('center_axis',(-1.,-1.04216033059958E-16,1.10978803236659E-16));
#1958=DIRECTION('ref_axis',(1.10978803236659E-16,-2.66934741406542E-33,
1.));
#1959=DIRECTION('',(-1.,1.04216033059958E-16,-1.10978803236659E-16));
#1960=DIRECTION('center_axis',(-1.,0.,0.));
#1961=DIRECTION('ref_axis',(0.,0.,-1.));
#1962=DIRECTION('center_axis',(-1.,-1.04216033059958E-16,1.10978803236659E-16));
#1963=DIRECTION('ref_axis',(1.10978803236659E-16,-2.66934741406542E-33,
1.));
#1964=DIRECTION('center_axis',(1.,-6.68367162171009E-17,3.14509713252694E-17));
#1965=DIRECTION('ref_axis',(6.68367162171009E-17,1.,-3.49954399121768E-34));
#1966=DIRECTION('center_axis',(1.,0.,0.));
#1967=DIRECTION('ref_axis',(0.,0.,1.));
#1968=DIRECTION('',(-1.,6.68367162171009E-17,-3.14509713252694E-17));
#1969=DIRECTION('center_axis',(1.,-6.68367162171009E-17,3.14509713252694E-17));
#1970=DIRECTION('ref_axis',(6.68367162171009E-17,1.,-3.49954399121768E-34));
#1971=DIRECTION('center_axis',(-1.,0.,0.));
#1972=DIRECTION('ref_axis',(0.,0.,1.));
#1973=DIRECTION('',(1.,0.,0.));
#1974=DIRECTION('center_axis',(1.,-6.68367162171009E-17,3.14509713252694E-17));
#1975=DIRECTION('ref_axis',(6.68367162171009E-17,1.,2.63054111963476E-34));
#1976=DIRECTION('center_axis',(1.,-6.68367162171009E-17,3.14509713252694E-17));
#1977=DIRECTION('ref_axis',(6.68367162171009E-17,1.,2.63054111963476E-34));
#1978=DIRECTION('',(-1.,0.,0.));
#1979=DIRECTION('center_axis',(-1.,6.68367162171009E-17,-3.14509713252694E-17));
#1980=DIRECTION('ref_axis',(6.68367162171007E-17,1.,5.32907051820074E-15));
#1981=DIRECTION('center_axis',(-1.,0.,0.));
#1982=DIRECTION('ref_axis',(0.,0.999989240337665,0.00463888013419941));
#1983=DIRECTION('',(0.615652578734857,0.788017704304042,7.11896082746787E-7));
#1984=DIRECTION('center_axis',(1.,5.69255209970435E-17,3.28659648713842E-17));
#1985=DIRECTION('ref_axis',(-5.69255209970435E-17,1.,1.26081158336878E-34));
#1986=DIRECTION('center_axis',(1.,5.69255209970435E-17,3.28659648713842E-17));
#1987=DIRECTION('ref_axis',(-5.69255209970435E-17,1.,1.26081158336878E-34));
#1988=DIRECTION('',(-1.,0.,0.));
#1989=DIRECTION('center_axis',(1.,5.69255209970435E-17,3.28659648713842E-17));
#1990=DIRECTION('ref_axis',(-5.69255209970435E-17,1.,1.26081158336878E-34));
#1991=DIRECTION('',(-1.,0.,0.));
#1992=DIRECTION('center_axis',(-0.104528463266222,0.497260947682889,0.861281226009668));
#1993=DIRECTION('ref_axis',(2.08166817117217E-17,-0.866025403785206,0.49999999999867));
#1994=DIRECTION('center_axis',(-0.104528463266222,0.497260947682889,0.861281226009668));
#1995=DIRECTION('ref_axis',(2.08166817117217E-17,-0.866025403785206,0.49999999999867));
#1996=DIRECTION('',(-0.104528463266222,0.497260947682889,0.861281226009668));
#1997=DIRECTION('center_axis',(-0.104528463266222,0.497260947682889,0.861281226009668));
#1998=DIRECTION('ref_axis',(-3.46944695195361E-17,-0.866025403785207,0.49999999999867));
#1999=DIRECTION('center_axis',(-1.,0.,0.));
#2000=DIRECTION('ref_axis',(0.,0.,1.));
#2001=DIRECTION('',(0.707106781186211,8.65956056235906E-17,0.707106781186884));
#2002=DIRECTION('center_axis',(-1.,0.,0.));
#2003=DIRECTION('ref_axis',(0.,0.,1.));
#2004=DIRECTION('center_axis',(-1.,0.,0.));
#2005=DIRECTION('ref_axis',(0.,0.,1.));
#2006=DIRECTION('center_axis',(1.,1.72208487781022E-15,-1.6171453405869E-15));
#2007=DIRECTION('ref_axis',(-1.72208487781022E-15,1.,-7.14716022104924E-32));
#2008=DIRECTION('center_axis',(0.,-1.,1.22464679914735E-16));
#2009=DIRECTION('ref_axis',(0.,-1.22464679914735E-16,-1.));
#2010=DIRECTION('center_axis',(-1.,0.,0.));
#2011=DIRECTION('ref_axis',(0.,0.,1.));
#2012=DIRECTION('center_axis',(1.,1.72208487781022E-15,-1.6171453405869E-15));
#2013=DIRECTION('ref_axis',(-1.72208487781022E-15,1.,-7.14716022104924E-32));
#2014=DIRECTION('center_axis',(-0.233445363852564,0.486184960199935,-0.842097052940534));
#2015=DIRECTION('ref_axis',(8.32667268468867E-17,0.866025403784026,0.500000000000715));
#2016=DIRECTION('center_axis',(-0.233445363852564,0.486184960199935,-0.842097052940534));
#2017=DIRECTION('ref_axis',(8.32667268468867E-17,0.866025403784026,0.500000000000715));
#2018=DIRECTION('',(-0.233445363852564,0.486184960199934,-0.842097052940534));
#2019=DIRECTION('center_axis',(0.233445363852564,-0.486184960199935,0.842097052940534));
#2020=DIRECTION('ref_axis',(1.38777878078145E-17,0.866025403784026,0.500000000000715));
#2021=DIRECTION('center_axis',(-1.,7.6537105680465E-16,-7.18731262483125E-16));
#2022=DIRECTION('ref_axis',(-7.65371056804651E-16,-1.,1.26960638005205E-31));
#2023=DIRECTION('center_axis',(-1.,2.29611317041395E-15,-2.15619378744937E-15));
#2024=DIRECTION('ref_axis',(-2.29611317041395E-15,-1.,1.27060626151169E-31));
#2025=DIRECTION('',(-1.,7.65371056804651E-16,-7.18731262483125E-16));
#2026=DIRECTION('center_axis',(-1.,2.29611317041395E-15,-2.15619378744937E-15));
#2027=DIRECTION('ref_axis',(-2.29611317041395E-15,-1.,1.27060626151169E-31));
#2028=DIRECTION('center_axis',(1.,0.,0.));
#2029=DIRECTION('ref_axis',(0.,0.,-1.));
#2030=DIRECTION('',(0.866025403783858,-6.12323399574908E-17,0.500000000001006));
#2031=DIRECTION('center_axis',(-1.,0.,0.));
#2032=DIRECTION('ref_axis',(0.,0.,-1.));
#2033=DIRECTION('center_axis',(1.,0.,0.));
#2034=DIRECTION('ref_axis',(0.,0.,-1.));
#2035=DIRECTION('center_axis',(-1.,0.,0.));
#2036=DIRECTION('ref_axis',(0.,-1.,0.));
#2037=DIRECTION('center_axis',(1.,-5.69255209970435E-17,-3.28659648713842E-17));
#2038=DIRECTION('ref_axis',(5.69255209970435E-17,1.,1.26081158336878E-34));
#2039=DIRECTION('',(0.,0.4999999999994,-0.866025403784785));
#2040=DIRECTION('',(0.,0.866025403784469,0.499999999999947));
#2041=DIRECTION('',(0.,-0.499999999999453,0.866025403784755));
#2042=DIRECTION('',(0.,-0.499999999997426,0.866025403785925));
#2043=DIRECTION('',(0.,-0.866025403784509,-0.499999999999878));
#2044=DIRECTION('',(0.,0.500000000001734,-0.866025403783437));
#2045=DIRECTION('',(0.,-0.500000000003268,-0.866025403782552));
#2046=DIRECTION('',(0.,0.866025403784369,-0.50000000000012));
#2047=DIRECTION('',(6.73830020961902E-16,-0.499999999999884,-0.866025403784506));
#2048=DIRECTION('',(0.,-0.866025403784449,0.499999999999982));
#2049=DIRECTION('center_axis',(1.,0.,0.));
#2050=DIRECTION('ref_axis',(0.,0.499999999999743,0.866025403784587));
#2051=DIRECTION('',(0.,0.,-1.));
#2052=DIRECTION('',(0.,-0.999837737318016,0.0180138567439174));
#2053=DIRECTION('center_axis',(0.,0.0180138567439174,0.999837737318016));
#2054=DIRECTION('ref_axis',(0.,-0.999837737318016,0.0180138567439174));
#2055=DIRECTION('',(0.,0.999837737318016,-0.0180138567439174));
#2056=DIRECTION('',(-1.,0.,0.));
#2057=DIRECTION('center_axis',(1.,0.,0.));
#2058=DIRECTION('ref_axis',(0.,0.500000000000399,0.866025403784208));
#2059=DIRECTION('',(0.,-9.704839010968E-16,1.));
#2060=DIRECTION('center_axis',(-1.15410691998884E-15,-1.17442773406739E-15,
1.));
#2061=DIRECTION('ref_axis',(0.700909264298209,0.713250449155795,1.64658534103544E-15));
#2062=DIRECTION('',(0.,0.,-1.));
#2063=DIRECTION('',(0.,0.,1.));
#2064=DIRECTION('center_axis',(1.,0.,0.));
#2065=DIRECTION('ref_axis',(0.,0.500000000001373,0.866025403783646));
#2066=DIRECTION('',(0.,0.999559268619397,0.0296861670994309));
#2067=DIRECTION('center_axis',(0.,-0.0296861670985878,0.999559268619422));
#2068=DIRECTION('ref_axis',(0.,-0.999559268619422,-0.0296861670985878));
#2069=DIRECTION('',(-1.,0.,0.));
#2070=DIRECTION('',(0.,-0.999559268619422,-0.0296861670985877));
#2071=DIRECTION('center_axis',(1.,0.,0.));
#2072=DIRECTION('ref_axis',(0.,0.499999999999743,0.866025403784587));
#2073=DIRECTION('',(0.,0.,-1.));
#2074=DIRECTION('',(0.615652364775134,-0.788017871463813,6.52742231890572E-7));
#2075=DIRECTION('center_axis',(0.,-0.86602540378481,-0.499999999999356));
#2076=DIRECTION('ref_axis',(0.,0.499999999999356,-0.86602540378481));
#2077=DIRECTION('',(0.,0.499999999999958,-0.866025403784463));
#2078=DIRECTION('center_axis',(0.,0.866025403784406,0.500000000000057));
#2079=DIRECTION('ref_axis',(0.,-0.500000000000057,0.866025403784406));
#2080=DIRECTION('',(-1.,0.,0.));
#2081=DIRECTION('center_axis',(1.,-5.69255209970435E-17,-3.28659648713842E-17));
#2082=DIRECTION('ref_axis',(-6.57319297427963E-17,-0.866025403784479,-0.49999999999993));
#2083=DIRECTION('',(-1.,0.,0.));
#2084=DIRECTION('center_axis',(1.,-5.69255209970435E-17,-3.28659648713842E-17));
#2085=DIRECTION('ref_axis',(5.69255209970435E-17,1.,1.26081158336878E-34));
#2086=DIRECTION('center_axis',(0.,-0.866025403784906,-0.499999999999191));
#2087=DIRECTION('ref_axis',(0.,0.499999999999191,-0.866025403784906));
#2088=DIRECTION('center_axis',(0.,-0.866025403784464,-0.499999999999957));
#2089=DIRECTION('ref_axis',(0.,0.499999999999957,-0.866025403784463));
#2090=DIRECTION('',(-0.972369920397921,-0.116722681927748,0.202169615493859));
#2091=DIRECTION('',(0.233445363850353,-0.486184960198598,0.842097052941918));
#2092=DIRECTION('',(0.97236992039771,0.116722681927766,-0.202169615494864));
#2093=DIRECTION('center_axis',(0.,0.866025403784373,0.500000000000114));
#2094=DIRECTION('ref_axis',(-1.70740499603937E-15,0.500000000000114,-0.866025403784373));
#2095=DIRECTION('',(0.,0.499999999999191,-0.866025403784906));
#2096=DIRECTION('center_axis',(0.,-0.866025403784464,-0.499999999999957));
#2097=DIRECTION('ref_axis',(0.,0.499999999999957,-0.866025403784464));
#2098=DIRECTION('center_axis',(0.,-0.866025403784464,-0.499999999999957));
#2099=DIRECTION('ref_axis',(0.,0.499999999999957,-0.866025403784464));
#2100=DIRECTION('',(0.,-0.866025403785022,-0.49999999999899));
#2101=DIRECTION('center_axis',(0.,0.866025403784734,0.499999999999488));
#2102=DIRECTION('ref_axis',(0.,-0.499999999999488,0.866025403784734));
#2103=DIRECTION('',(0.,-0.499999999999905,0.866025403784493));
#2104=DIRECTION('center_axis',(0.,-0.866025403784373,-0.500000000000114));
#2105=DIRECTION('ref_axis',(0.,0.500000000000114,-0.866025403784373));
#2106=DIRECTION('',(-0.972369920397689,-0.116722681927945,0.20216961549486));
#2107=DIRECTION('',(0.233445363855668,-0.486184960202566,0.842097052938154));
#2108=DIRECTION('',(-0.972369920397671,-0.116722681927996,0.202169615494916));
#2109=DIRECTION('center_axis',(0.,0.86602540378499,0.499999999999045));
#2110=DIRECTION('ref_axis',(0.,-0.499999999999045,0.86602540378499));
#2111=DIRECTION('center_axis',(0.,0.866025403784406,0.500000000000057));
#2112=DIRECTION('ref_axis',(0.,-0.500000000000057,0.866025403784406));
#2113=DIRECTION('',(0.,-0.499999999999045,0.86602540378499));
#2114=DIRECTION('center_axis',(0.,0.866025403784406,0.500000000000057));
#2115=DIRECTION('ref_axis',(0.,-0.500000000000057,0.866025403784406));
#2116=DIRECTION('',(0.,0.866025403785021,0.499999999998991));
#2117=DIRECTION('center_axis',(0.104528463267786,-0.497260947683987,-0.861281226008844));
#2118=DIRECTION('ref_axis',(0.99452189536826,0.0522642316338154,0.0905243046084959));
#2119=DIRECTION('',(0.994521895368259,0.0522642316338225,0.0905243046084959));
#2120=DIRECTION('',(-0.99452189536824,-0.0522642316341829,-0.0905243046084943));
#2121=DIRECTION('center_axis',(0.104528463266285,-0.497260947685787,-0.861281226007987));
#2122=DIRECTION('ref_axis',(-3.46944695195361E-17,0.866025403783522,-0.500000000001587));
#2123=DIRECTION('center_axis',(0.104528463267585,-0.497260947683998,-0.861281226008863));
#2124=DIRECTION('ref_axis',(0.994521895368281,0.0522642316338082,0.0905243046082686));
#2125=DIRECTION('center_axis',(0.104528463266285,-0.497260947685787,-0.861281226007987));
#2126=DIRECTION('ref_axis',(-3.46944695195361E-17,0.866025403783522,-0.500000000001587));
#2127=DIRECTION('',(-0.994521895368272,-0.0522642316339709,-0.0905243046082679));
#2128=DIRECTION('',(0.99452189536828,0.0522642316338114,0.0905243046082684));
#2129=DIRECTION('',(0.0174524064369316,-0.999847695156397,0.));
#2130=DIRECTION('center_axis',(-0.0174524064371663,0.999847695156393,0.));
#2131=DIRECTION('ref_axis',(-0.999847695156393,-0.0174524064371663,0.));
#2132=DIRECTION('',(0.,0.,1.));
#2133=DIRECTION('',(0.999685457187801,0.0174495745628908,0.0180138567439695));
#2134=DIRECTION('',(-0.999407030901329,-0.0174447146139827,0.0296861670989544));
#2135=DIRECTION('',(-0.0174524064364264,0.999847695156406,0.));
#2136=DIRECTION('center_axis',(1.,0.,0.));
#2137=DIRECTION('ref_axis',(0.,-0.499999999999962,0.866025403784461));
#2138=DIRECTION('',(0.,-0.866025403784499,-0.499999999999895));
#2139=DIRECTION('center_axis',(0.23344536385592,-0.486184960198957,0.842097052940168));
#2140=DIRECTION('ref_axis',(-0.972369920397673,-0.116722681927981,0.202169615494916));
#2141=DIRECTION('center_axis',(0.233445363856033,-0.486184960197923,0.842097052940733));
#2142=DIRECTION('ref_axis',(1.38777878078145E-17,-0.866025403784973,-0.499999999999075));
#2143=DIRECTION('center_axis',(3.77337050494475E-14,0.866025403784506,-0.499999999999883));
#2144=DIRECTION('ref_axis',(0.994521895368258,0.0522642316338564,0.090524304608491));
#2145=DIRECTION('',(-0.104528463270847,0.497260947683867,0.861281226008542));
#2146=DIRECTION('center_axis',(0.104528463266285,-0.497260947685787,-0.861281226007987));
#2147=DIRECTION('ref_axis',(-3.46944695195361E-17,0.866025403783522,-0.500000000001587));
#2148=DIRECTION('',(-0.104528463275985,0.497260947687012,0.861281226006103));
#2149=DIRECTION('center_axis',(7.9512785244873E-13,0.866025403782552,-0.500000000003268));
#2150=DIRECTION('ref_axis',(0.994521895368279,0.0522642316334594,0.090524304608493));
#2151=DIRECTION('center_axis',(0.0180111131463311,0.000314385149393656,
-0.999837737318015));
#2152=DIRECTION('ref_axis',(-0.999685457187795,-0.0174495745632101,-0.0180138567439651));
#2153=DIRECTION('',(-0.999685457187795,-0.0174495745632101,-0.0180138567439652));
#2154=DIRECTION('',(-0.0174524064332565,0.999847695156462,0.));
#2155=DIRECTION('center_axis',(1.22880725698811E-15,-1.20754552833642E-15,
1.));
#2156=DIRECTION('ref_axis',(1.,-3.40733865118457E-31,-1.22880725698811E-15));
#2157=DIRECTION('',(0.,0.,1.));
#2158=DIRECTION('center_axis',(-0.029681645751913,-0.000518095053767712,
-0.999559268619412));
#2159=DIRECTION('ref_axis',(-0.999407030901323,-0.0174447146143019,0.0296861670989502));
#2160=DIRECTION('',(-0.0174524064332669,0.999847695156461,0.));
#2161=DIRECTION('',(-0.999407030901323,-0.017444714614302,0.0296861670989503));
#2162=DIRECTION('center_axis',(0.,-0.866025403784373,-0.500000000000114));
#2163=DIRECTION('ref_axis',(0.,0.500000000000114,-0.866025403784373));
#2164=DIRECTION('',(0.,-0.866025403784124,-0.500000000000546));
#2165=DIRECTION('center_axis',(0.233445363856033,-0.486184960197923,0.842097052940733));
#2166=DIRECTION('ref_axis',(0.,-0.866025403784973,-0.499999999999075));
#2167=DIRECTION('center_axis',(0.233445363856033,-0.486184960197923,0.842097052940733));
#2168=DIRECTION('ref_axis',(1.38777878078145E-17,-0.866025403784973,-0.499999999999075));
#2169=DIRECTION('',(1.,0.,0.));
#2170=DIRECTION('center_axis',(-0.0174524064371658,0.999847695156393,0.));
#2171=DIRECTION('ref_axis',(-0.999847695156393,-0.0174524064371658,0.));
#2172=DIRECTION('',(0.,0.,-1.));
#2173=DIRECTION('',(0.,0.,1.));
#2174=DIRECTION('center_axis',(-1.,0.,0.));
#2175=DIRECTION('ref_axis',(0.,-1.,0.));
#2176=DIRECTION('',(0.,0.,1.));
#2177=DIRECTION('',(0.,0.999837737318015,0.0180138567439456));
#2178=DIRECTION('',(0.,-0.999559268619412,0.0296861670989383));
#2179=DIRECTION('',(-1.,-7.46592447891771E-12,0.));
#2180=DIRECTION('center_axis',(1.,0.,0.));
#2181=DIRECTION('ref_axis',(0.,0.,-1.));
#2182=DIRECTION('center_axis',(0.233445363855855,-0.486184960198705,0.842097052940331));
#2183=DIRECTION('ref_axis',(-0.972369920397689,-0.116722681927949,0.20216961549486));
#2184=DIRECTION('center_axis',(2.77710440081108E-15,-2.72905289406413E-15,
1.));
#2185=DIRECTION('ref_axis',(1.,-1.74033228933222E-30,-2.77710440081108E-15));
#2186=DIRECTION('',(0.,0.,1.));
#2187=DIRECTION('center_axis',(-2.60828163919098E-15,-2.65420667901974E-15,
1.));
#2188=DIRECTION('ref_axis',(0.700909264304341,0.713250449149769,3.72128287077102E-15));
#2189=DIRECTION('center_axis',(0.,0.0180138567439645,-0.999837737318015));
#2190=DIRECTION('ref_axis',(0.,-0.999837737318015,-0.0180138567439645));
#2191=DIRECTION('',(0.,-0.999837737318015,-0.0180138567439643));
#2192=DIRECTION('',(-1.,0.,0.));
#2193=DIRECTION('center_axis',(0.,0.,1.));
#2194=DIRECTION('ref_axis',(1.,0.,0.));
#2195=DIRECTION('',(0.,0.,1.));
#2196=DIRECTION('center_axis',(0.,-0.0296861670990238,-0.99955926861941));
#2197=DIRECTION('ref_axis',(0.,-0.999559268619409,0.0296861670990238));
#2198=DIRECTION('',(-1.,0.,0.));
#2199=DIRECTION('',(0.,-0.99955926861941,0.0296861670990239));
#2200=DIRECTION('center_axis',(-1.,0.,0.));
#2201=DIRECTION('ref_axis',(0.,-1.,0.));
#2202=DIRECTION('',(0.,0.,1.));
#2203=DIRECTION('',(4.12775559167887E-12,-1.,0.));
#2204=DIRECTION('center_axis',(0.,-1.,0.));
#2205=DIRECTION('ref_axis',(1.,0.,0.));
#2206=DIRECTION('',(0.,0.,1.));
#2207=DIRECTION('',(-0.999837737318015,0.,0.0180138567439653));
#2208=DIRECTION('',(0.999559268619411,0.,0.0296861670989646));
#2209=DIRECTION('',(9.74087777885754E-12,-1.,0.));
#2210=DIRECTION('center_axis',(0.,0.,1.));
#2211=DIRECTION('ref_axis',(1.,0.,0.));
#2212=DIRECTION('',(0.,0.,1.));
#2213=DIRECTION('center_axis',(-0.018013856743962,0.,-0.999837737318015));
#2214=DIRECTION('ref_axis',(0.999837737318015,0.,-0.018013856743962));
#2215=DIRECTION('',(0.999837737318015,0.,-0.018013856743962));
#2216=DIRECTION('',(0.,-1.,0.));
#2217=DIRECTION('center_axis',(0.,0.,1.));
#2218=DIRECTION('ref_axis',(1.,0.,0.));
#2219=DIRECTION('',(0.,0.,-1.));
#2220=DIRECTION('center_axis',(0.0296861670989237,0.,-0.999559268619412));
#2221=DIRECTION('ref_axis',(0.999559268619412,0.,0.0296861670989237));
#2222=DIRECTION('',(0.,-1.,0.));
#2223=DIRECTION('',(0.999559268619412,0.,0.0296861670989237));
#2224=DIRECTION('center_axis',(0.,-1.,0.));
#2225=DIRECTION('ref_axis',(1.,0.,0.));
#2226=DIRECTION('',(0.,0.,1.));
#2227=DIRECTION('',(0.668636144128553,0.743589743585064,0.));
#2228=DIRECTION('',(0.668636144122533,0.743589743590477,0.));
#2229=DIRECTION('',(0.668636144122533,0.743589743590477,0.));
#2230=DIRECTION('center_axis',(0.,0.,1.));
#2231=DIRECTION('ref_axis',(1.,0.,0.));
#2232=DIRECTION('',(0.,0.,1.));
#2233=DIRECTION('center_axis',(4.05161029119387E-15,1.05653070222604E-14,
1.));
#2234=DIRECTION('ref_axis',(-1.53797829495962E-30,-1.,1.05653070222604E-14));
#2235=DIRECTION('',(0.,0.,-1.));
#2236=DIRECTION('',(0.881466759109255,-0.472246072069877,0.));
#2237=DIRECTION('',(-0.992546151641625,0.121869343402678,0.));
#2238=DIRECTION('center_axis',(-0.121869343406646,-0.992546151641138,0.));
#2239=DIRECTION('ref_axis',(0.,0.,-1.));
#2240=DIRECTION('',(0.992546151641138,-0.121869343406646,0.));
#2241=DIRECTION('',(0.,0.,-1.));
#2242=DIRECTION('',(-0.883533286162245,0.468368372377283,0.));
#2243=DIRECTION('center_axis',(0.,0.,1.));
#2244=DIRECTION('ref_axis',(1.,0.,0.));
#2245=DIRECTION('center_axis',(1.,3.97771118549771E-16,-4.23583218460562E-16));
#2246=DIRECTION('ref_axis',(-4.23583218460562E-16,3.88868278955278E-32,
-1.));
#2247=DIRECTION('center_axis',(-1.,3.97771118549771E-16,-4.23583218460562E-16));
#2248=DIRECTION('ref_axis',(4.23583218460562E-16,3.88868278955278E-32,-1.));
#2249=DIRECTION('',(1.,3.97771118549771E-16,-4.23583218460562E-16));
#2250=DIRECTION('center_axis',(-1.,-3.97771118549771E-16,4.23583218460562E-16));
#2251=DIRECTION('ref_axis',(-4.23583218460562E-16,3.88868278955278E-32,
-1.));
#2252=DIRECTION('center_axis',(1.,-2.37936148538881E-16,2.53376263097348E-16));
#2253=DIRECTION('ref_axis',(2.53376263097348E-16,1.39141563669602E-32,-1.));
#2254=DIRECTION('center_axis',(-1.,2.37936148538881E-16,-2.53376263097348E-16));
#2255=DIRECTION('ref_axis',(2.53376263097348E-16,1.39141563669602E-32,-1.));
#2256=DIRECTION('',(-1.,2.37936148538881E-16,-2.53376263097348E-16));
#2257=DIRECTION('center_axis',(1.,2.37936148538881E-16,-2.53376263097348E-16));
#2258=DIRECTION('ref_axis',(-2.53376263097348E-16,1.39141563669602E-32,
-1.));
#2259=DIRECTION('center_axis',(1.,0.,0.));
#2260=DIRECTION('ref_axis',(0.,0.,1.));
#2261=DIRECTION('center_axis',(1.,0.,0.));
#2262=DIRECTION('ref_axis',(0.,0.,1.));
#2263=CARTESIAN_POINT('',(0.,0.,0.));
#2264=CARTESIAN_POINT('Origin',(0.118929625984256,2.22017339801501E-14,
2.59687762872729E-13));
#2265=CARTESIAN_POINT('',(0.103029063412421,0.00188253430219281,-0.10796236018538));
#2266=CARTESIAN_POINT('',(0.102994441531526,-1.1903239910342E-8,-0.107997439162346));
#2267=CARTESIAN_POINT('Origin',(0.102992125984256,2.21739852881704E-14,
2.59687762872729E-13));
#2268=CARTESIAN_POINT('',(0.118618350381735,-2.60652198934635E-7,-0.124997411340743));
#2269=CARTESIAN_POINT('Ctrl Pts',(0.102992125984256,0.00188485989522566,
-0.1079835510769));
#2270=CARTESIAN_POINT('Ctrl Pts',(0.103012052647225,0.00274810548749637,
-0.107990166580852));
#2271=CARTESIAN_POINT('Ctrl Pts',(0.10303191142392,0.00361141547489327,
-0.107986361292361));
#2272=CARTESIAN_POINT('Ctrl Pts',(0.103084586868811,0.00590624295501533,
-0.1079486193448));
#2273=CARTESIAN_POINT('Ctrl Pts',(0.10311732156705,0.00733737265897779,
-0.107896489579596));
#2274=CARTESIAN_POINT('Ctrl Pts',(0.103186893164502,0.0103797917898741,
-0.107725041218215));
#2275=CARTESIAN_POINT('Ctrl Pts',(0.103223714430715,0.0119904724602054,
-0.107597978780799));
#2276=CARTESIAN_POINT('Ctrl Pts',(0.103349427219242,0.017473098596783,-0.107041931839121));
#2277=CARTESIAN_POINT('Ctrl Pts',(0.103438497704302,0.0213260511547426,
-0.106440127936083));
#2278=CARTESIAN_POINT('Ctrl Pts',(0.103643243480793,0.0300263652050955,
-0.1045987472891));
#2279=CARTESIAN_POINT('Ctrl Pts',(0.103759282496272,0.0348415858752697,
-0.103227950587445));
#2280=CARTESIAN_POINT('Ctrl Pts',(0.104156764613717,0.0510723680171938,
-0.0973707967012008));
#2281=CARTESIAN_POINT('Ctrl Pts',(0.104428301707337,0.0618224481125652,
-0.0912744421935363));
#2282=CARTESIAN_POINT('Ctrl Pts',(0.105061597180511,0.0832816077480236,
-0.0738718904714833));
#2283=CARTESIAN_POINT('Ctrl Pts',(0.105378639914878,0.0923234293511881,
-0.0623781701143936));
#2284=CARTESIAN_POINT('Ctrl Pts',(0.106037840052446,0.106173842444354,-0.0368533076622503));
#2285=CARTESIAN_POINT('Ctrl Pts',(0.106353615295114,0.110169501911642,-0.0226980559664836));
#2286=CARTESIAN_POINT('Ctrl Pts',(0.107011376736237,0.113275275125958,0.00638596552317428));
#2287=CARTESIAN_POINT('Ctrl Pts',(0.107326731103057,0.111567016820407,0.0211172079545158));
#2288=CARTESIAN_POINT('Ctrl Pts',(0.107983939960228,0.103302730906613,0.0494358426762392));
#2289=CARTESIAN_POINT('Ctrl Pts',(0.108299103726618,0.096055987608957,0.0625254523237626));
#2290=CARTESIAN_POINT('Ctrl Pts',(0.10895613602423,0.0774761229237096,0.0857810203759793));
#2291=CARTESIAN_POINT('Ctrl Pts',(0.109271197290333,0.0656909379207342,
0.0952168799523128));
#2292=CARTESIAN_POINT('Ctrl Pts',(0.109928154836663,0.0394264750463273,
0.109792152866092));
#2293=CARTESIAN_POINT('Ctrl Pts',(0.110243157265199,0.0248073922681387,
0.114078175053082));
#2294=CARTESIAN_POINT('Ctrl Pts',(0.110900096956547,-0.00529856855231073,
0.117604325694597));
#2295=CARTESIAN_POINT('Ctrl Pts',(0.111215065218614,-0.0205868552302697,
0.115997456425964));
#2296=CARTESIAN_POINT('Ctrl Pts',(0.111871951930356,-0.0500350884229495,
0.107738486708768));
#2297=CARTESIAN_POINT('Ctrl Pts',(0.112186845520157,-0.0636849921290346,
0.100377495624828));
#2298=CARTESIAN_POINT('Ctrl Pts',(0.112823322735826,-0.0872443144464597,
0.0819646418029265));
#2299=CARTESIAN_POINT('Ctrl Pts',(0.113138796053893,-0.097451261325979,
0.0700872149042055));
#2300=CARTESIAN_POINT('Ctrl Pts',(0.113795246530026,-0.112842156125417,
0.0430454515407047));
#2301=CARTESIAN_POINT('Ctrl Pts',(0.11411072931374,-0.117811356378825,0.0280472467772101));
#2302=CARTESIAN_POINT('Ctrl Pts',(0.114767231879816,-0.121801022726892,
-0.00309147297015976));
#2303=CARTESIAN_POINT('Ctrl Pts',(0.115082706644738,-0.12068539474907,-0.0189917445507153));
#2304=CARTESIAN_POINT('Ctrl Pts',(0.115572908612122,-0.114547178024976,
-0.0418278630743017));
#2305=CARTESIAN_POINT('Ctrl Pts',(0.115735093528237,-0.11175543091589,-0.0492386955232218));
#2306=CARTESIAN_POINT('Ctrl Pts',(0.116196310831777,-0.101659916376009,
-0.069719815843434));
#2307=CARTESIAN_POINT('Ctrl Pts',(0.116525519681771,-0.0921970091469311,
-0.082768016539155));
#2308=CARTESIAN_POINT('Ctrl Pts',(0.117155743894017,-0.0685961773438147,
-0.103603168540654));
#2309=CARTESIAN_POINT('Ctrl Pts',(0.117452701315885,-0.0561460569142076,
-0.111212809761589));
#2310=CARTESIAN_POINT('Ctrl Pts',(0.117886818154554,-0.03585068154761,-0.119140670500589));
#2311=CARTESIAN_POINT('Ctrl Pts',(0.118030264462072,-0.0288552990621636,
-0.121185557378791));
#2312=CARTESIAN_POINT('Ctrl Pts',(0.118322792966188,-0.0145721642937993,
-0.124040064766264));
#2313=CARTESIAN_POINT('Ctrl Pts',(0.118471554098517,-0.00729691405718852,
-0.12484161382646));
#2314=CARTESIAN_POINT('Ctrl Pts',(0.118617124630279,-6.78693658291915E-8,
-0.124999998526877));
#2315=CARTESIAN_POINT('Ctrl Pts',(0.118618196355293,-3.60723771517199E-8,
-0.124997548610218));
#2316=CARTESIAN_POINT('Ctrl Pts',(0.113408474294966,-1.47563020072985E-7,
-0.119332986961984));
#2317=CARTESIAN_POINT('Ctrl Pts',(0.108200300142076,-1.40554152185559E-7,
-0.113666493380156));
#2318=CARTESIAN_POINT('Ctrl Pts',(0.10299381366079,-7.199826905753E-8,-0.107998448728133));
#2319=CARTESIAN_POINT('Origin',(0.165252125984255,3.7153132713834E-14,0.));
#2320=CARTESIAN_POINT('',(0.164992125984256,-0.172677605363805,-0.0759136141805527));
#2321=CARTESIAN_POINT('',(0.164992125984256,-0.172677605363805,0.0759136141805527));
#2322=CARTESIAN_POINT('Origin',(0.164992125984258,3.95790137322078E-14,
-8.43594660443524E-15));
#2323=CARTESIAN_POINT('',(0.151992125984265,-0.216506350946121,3.3323692991927E-15));
#2324=CARTESIAN_POINT('Ctrl Pts',(0.151992125984261,-0.216506350946133,
1.02023289683611E-14));
#2325=CARTESIAN_POINT('Ctrl Pts',(0.162914157297057,-0.193083979209785,
0.0405687378811209));
#2326=CARTESIAN_POINT('Ctrl Pts',(0.164992125984259,-0.17267760536371,0.0759136141807599));
#2327=CARTESIAN_POINT('Ctrl Pts',(0.164992125984259,-0.17267760536371,-0.0759136141807597));
#2328=CARTESIAN_POINT('Ctrl Pts',(0.162914157297057,-0.193083979209786,
-0.0405687378811189));
#2329=CARTESIAN_POINT('Ctrl Pts',(0.15199212598426,-0.216506350946135,-5.60183433170175E-15));
#2330=CARTESIAN_POINT('Origin',(0.102992125984256,0.1961728714187,-0.195));
#2331=CARTESIAN_POINT('',(0.102992125984254,0.172677605363765,0.0759136141806647));
#2332=CARTESIAN_POINT('',(0.102992125984244,0.152081921055236,0.11158638581968));
#2333=CARTESIAN_POINT('',(0.102992125984256,0.1623797632096,0.09375));
#2334=CARTESIAN_POINT('',(0.102992125984258,0.172677605363765,-0.075913614180665));
#2335=CARTESIAN_POINT('Origin',(0.102992125984252,6.94572352389139E-14,
2.56110749406025E-17));
#2336=CARTESIAN_POINT('',(0.10299212598426,0.152081921055341,-0.111586385819497));
#2337=CARTESIAN_POINT('',(0.102992125984256,0.1623797632096,-0.09375));
#2338=CARTESIAN_POINT('',(0.102992125984259,0.0205956843083898,-0.1875));
#2339=CARTESIAN_POINT('Origin',(0.102992125984262,-1.50465065276039E-15,
6.30459294787831E-14));
#2340=CARTESIAN_POINT('',(0.102992125984256,-0.0205956843086569,-0.1875));
#2341=CARTESIAN_POINT('',(0.102992125984256,0.,-0.1875));
#2342=CARTESIAN_POINT('',(0.102992125984244,-0.152081921055236,-0.111586385819679));
#2343=CARTESIAN_POINT('Origin',(0.102992125984256,1.48757660279999E-15,
6.30544665037633E-14));
#2344=CARTESIAN_POINT('',(0.102992125984254,-0.172677605363765,-0.0759136141806647));
#2345=CARTESIAN_POINT('',(0.102992125984256,-0.1623797632096,-0.09375));
#2346=CARTESIAN_POINT('',(0.102992125984258,-0.172677605363765,0.075913614180665));
#2347=CARTESIAN_POINT('Origin',(0.102992125984252,-6.94572352389139E-14,
-2.56110749406025E-17));
#2348=CARTESIAN_POINT('',(0.10299212598426,-0.152081921055341,0.111586385819497));
#2349=CARTESIAN_POINT('',(0.102992125984256,-0.1623797632096,0.09375));
#2350=CARTESIAN_POINT('',(0.102992125984259,-0.0205956843083898,0.1875));
#2351=CARTESIAN_POINT('Origin',(0.102992125984262,1.50465065276039E-15,
-6.30459294787831E-14));
#2352=CARTESIAN_POINT('',(0.102992125984256,0.0205956843086572,0.1875));
#2353=CARTESIAN_POINT('',(0.102992125984256,0.,0.1875));
#2354=CARTESIAN_POINT('Origin',(0.102992125984256,-1.48757660279999E-15,
-6.30544665037633E-14));
#2355=CARTESIAN_POINT('Ctrl Pts',(0.102992125984256,-4.66241401043011E-7,
-0.107993241368286));
#2356=CARTESIAN_POINT('Ctrl Pts',(0.102992125984256,0.000313398234048469,
-0.107977616061593));
#2357=CARTESIAN_POINT('Ctrl Pts',(0.10299212597497,0.000627191434766259,
-0.107960627078403));
#2358=CARTESIAN_POINT('Ctrl Pts',(0.10299212597497,0.00125304477978289,
-0.107924012353549));
#2359=CARTESIAN_POINT('Ctrl Pts',(0.102992125984256,0.00156510878535264,
-0.107904400065646));
#2360=CARTESIAN_POINT('Ctrl Pts',(0.102992125984256,0.00187708209133989,
-0.107883436348871));
#2361=CARTESIAN_POINT('Origin',(0.116252125984256,6.94572352389139E-14,
2.56110749406025E-17));
#2362=CARTESIAN_POINT('',(0.115992125984245,0.216506350946131,-1.3186880034582E-14));
#2363=CARTESIAN_POINT('Ctrl Pts',(0.102992125984247,0.172677605363652,0.0759136141808607));
#2364=CARTESIAN_POINT('Ctrl Pts',(0.105070094671436,0.193083979209757,0.04056873788117));
#2365=CARTESIAN_POINT('Ctrl Pts',(0.11599212598425,0.216506350946142,-5.8568925559101E-15));
#2366=CARTESIAN_POINT('Ctrl Pts',(0.115992125984245,0.216506350946131,-1.29701830310715E-14));
#2367=CARTESIAN_POINT('Ctrl Pts',(0.105070094671435,0.193083979209752,-0.0405687378811778));
#2368=CARTESIAN_POINT('Ctrl Pts',(0.102992125984247,0.172677605363652,-0.0759136141808608));
#2369=CARTESIAN_POINT('Origin',(0.116252125984256,-1.48757660279999E-15,
-6.30544665037633E-14));
#2370=CARTESIAN_POINT('',(0.115992125984267,0.108253175473072,0.187499999999982));
#2371=CARTESIAN_POINT('Ctrl Pts',(0.115992125984267,0.108253175473072,0.187499999999983));
#2372=CARTESIAN_POINT('Ctrl Pts',(0.105070094671464,0.131675547209339,0.14693126211901));
#2373=CARTESIAN_POINT('Ctrl Pts',(0.102992125984233,0.152081921055349,0.111586385819484));
#2374=CARTESIAN_POINT('Ctrl Pts',(0.102992125984235,0.0205956843084318,
0.1875));
#2375=CARTESIAN_POINT('Ctrl Pts',(0.105070094671458,0.0614084320004892,
0.1875));
#2376=CARTESIAN_POINT('Ctrl Pts',(0.115992125984274,0.108253175473071,0.1875));
#2377=CARTESIAN_POINT('Origin',(0.116252125984256,1.50465065276039E-15,
-6.30459294787831E-14));
#2378=CARTESIAN_POINT('',(0.115992125984261,-0.108253175473097,0.1875));
#2379=CARTESIAN_POINT('Ctrl Pts',(0.115992125984261,-0.108253175473097,
0.1875));
#2380=CARTESIAN_POINT('Ctrl Pts',(0.105070094671444,-0.0614084320003535,
0.1875));
#2381=CARTESIAN_POINT('Ctrl Pts',(0.102992125984248,-0.0205956843081639,
0.1875));
#2382=CARTESIAN_POINT('Ctrl Pts',(0.102992125984249,-0.152081921055454,
0.111586385819301));
#2383=CARTESIAN_POINT('Ctrl Pts',(0.105070094671456,-0.131675547209396,
0.146931262118912));
#2384=CARTESIAN_POINT('Ctrl Pts',(0.115992125984249,-0.108253175473069,
0.187499999999987));
#2385=CARTESIAN_POINT('Origin',(0.116252125984256,-6.94572352389139E-14,
-2.56110749406025E-17));
#2386=CARTESIAN_POINT('',(0.115992125984245,-0.216506350946131,1.3186880034582E-14));
#2387=CARTESIAN_POINT('Ctrl Pts',(0.115992125984245,-0.216506350946131,
1.30268626364512E-14));
#2388=CARTESIAN_POINT('Ctrl Pts',(0.105070094671435,-0.193083979209752,
0.0405687378811778));
#2389=CARTESIAN_POINT('Ctrl Pts',(0.102992125984247,-0.172677605363652,
0.0759136141808608));
#2390=CARTESIAN_POINT('Ctrl Pts',(0.102992125984247,-0.172677605363652,
-0.0759136141808606));
#2391=CARTESIAN_POINT('Ctrl Pts',(0.105070094671436,-0.193083979209757,
-0.0405687378811699));
#2392=CARTESIAN_POINT('Ctrl Pts',(0.11599212598425,-0.216506350946142,5.83799935411679E-15));
#2393=CARTESIAN_POINT('Origin',(0.116252125984256,1.48757660279999E-15,
6.30544665037633E-14));
#2394=CARTESIAN_POINT('',(0.115992125984267,-0.108253175473072,-0.187499999999982));
#2395=CARTESIAN_POINT('Ctrl Pts',(0.115992125984267,-0.108253175473072,
-0.187499999999982));
#2396=CARTESIAN_POINT('Ctrl Pts',(0.105070094671464,-0.131675547209339,
-0.14693126211901));
#2397=CARTESIAN_POINT('Ctrl Pts',(0.102992125984233,-0.152081921055349,
-0.111586385819484));
#2398=CARTESIAN_POINT('Ctrl Pts',(0.102992125984235,-0.0205956843084312,
-0.1875));
#2399=CARTESIAN_POINT('Ctrl Pts',(0.105070094671458,-0.0614084320004887,
-0.1875));
#2400=CARTESIAN_POINT('Ctrl Pts',(0.115992125984274,-0.10825317547307,-0.1875));
#2401=CARTESIAN_POINT('Origin',(0.116252125984256,-1.50465065276039E-15,
6.30459294787831E-14));
#2402=CARTESIAN_POINT('',(0.115992125984253,0.108253175473079,-0.187499999999992));
#2403=CARTESIAN_POINT('Ctrl Pts',(0.115992125984257,0.108253175473079,-0.1875));
#2404=CARTESIAN_POINT('Ctrl Pts',(0.105070094671444,0.0614084320003461,
-0.1875));
#2405=CARTESIAN_POINT('Ctrl Pts',(0.102992125984248,0.0205956843081639,
-0.1875));
#2406=CARTESIAN_POINT('Ctrl Pts',(0.102992125984249,0.152081921055454,-0.111586385819301));
#2407=CARTESIAN_POINT('Ctrl Pts',(0.105070094671456,0.131675547209396,-0.146931262118912));
#2408=CARTESIAN_POINT('Ctrl Pts',(0.115992125984249,0.108253175473069,-0.187499999999987));
#2409=CARTESIAN_POINT('Ctrl Pts',(0.118304341767556,0.,-0.1253403092278));
#2410=CARTESIAN_POINT('Ctrl Pts',(0.117985337272056,-0.01636143308866,-0.1249790527855));
#2411=CARTESIAN_POINT('Ctrl Pts',(0.117347328281156,-0.04878652936286,-0.1177678111498));
#2412=CARTESIAN_POINT('Ctrl Pts',(0.116390314794656,-0.0892589914633,-0.08944333594674));
#2413=CARTESIAN_POINT('Ctrl Pts',(0.115433301308156,-0.1156139821111,-0.04817549641844));
#2414=CARTESIAN_POINT('Ctrl Pts',(0.114476287821756,-0.1241372609744,-0.000396536728634));
#2415=CARTESIAN_POINT('Ctrl Pts',(0.113519274335256,-0.1138614542205,0.04659374382132));
#2416=CARTESIAN_POINT('Ctrl Pts',(0.112562260848856,-0.08666674675641,0.08574353344533));
#2417=CARTESIAN_POINT('Ctrl Pts',(0.111605247362356,-0.04694625624558,0.1113070925101));
#2418=CARTESIAN_POINT('Ctrl Pts',(0.110648233875956,-0.0008993747612148,
0.1196871960773));
#2419=CARTESIAN_POINT('Ctrl Pts',(0.109691220389456,0.04443499781541,0.109938396212));
#2420=CARTESIAN_POINT('Ctrl Pts',(0.108734206902956,0.08225433639856,0.08386121198098));
#2421=CARTESIAN_POINT('Ctrl Pts',(0.107777193416556,0.1070131320849,0.04568039031665));
#2422=CARTESIAN_POINT('Ctrl Pts',(0.106820179930056,0.1152352274028,0.001363383175024));
#2423=CARTESIAN_POINT('Ctrl Pts',(0.105863166443656,0.1059986780339,-0.0423113986342));
#2424=CARTESIAN_POINT('Ctrl Pts',(0.104906152957156,0.08102717426323,-0.07879133760804));
#2425=CARTESIAN_POINT('Ctrl Pts',(0.103949139470756,0.04437710599779,-0.102732327155));
#2426=CARTESIAN_POINT('Ctrl Pts',(0.103311130479756,0.01598691454447,-0.1080987102691));
#2427=CARTESIAN_POINT('Ctrl Pts',(0.102992125984256,0.001884859895227,-0.1079835510769));
#2428=CARTESIAN_POINT('Ctrl Pts',(0.12387729447885,0.,-0.119276936677861));
#2429=CARTESIAN_POINT('Ctrl Pts',(0.12344218680189,-0.0155699441823595,
-0.119042000497063));
#2430=CARTESIAN_POINT('Ctrl Pts',(0.122571971447968,-0.0465139113245407,
-0.112397040765052));
#2431=CARTESIAN_POINT('Ctrl Pts',(0.121266648416986,-0.0853827868556248,
-0.0856221218658726));
#2432=CARTESIAN_POINT('Ctrl Pts',(0.119961325386108,-0.110931457199577,
-0.0462729472504269));
#2433=CARTESIAN_POINT('Ctrl Pts',(0.118656002355226,-0.119471828138409,
-0.000426922973910752));
#2434=CARTESIAN_POINT('Ctrl Pts',(0.117350679324245,-0.109920793737051,
0.0449317932982655));
#2435=CARTESIAN_POINT('Ctrl Pts',(0.116045356293363,-0.0839354298940672,
0.0829764426515131));
#2436=CARTESIAN_POINT('Ctrl Pts',(0.114740033262484,-0.0456293549665441,
0.108065035294275));
#2437=CARTESIAN_POINT('Ctrl Pts',(0.113434710231603,-0.000922973738503281,
0.11657670176661));
#2438=CARTESIAN_POINT('Ctrl Pts',(0.112129387200621,0.0433712291529119,
0.107433005644917));
#2439=CARTESIAN_POINT('Ctrl Pts',(0.110824064169742,0.0805867406245768,
0.0822293879309041));
#2440=CARTESIAN_POINT('Ctrl Pts',(0.109518741138861,0.105206318935464,0.0449616565495978));
#2441=CARTESIAN_POINT('Ctrl Pts',(0.108213418107879,0.113679611458618,0.00139376607275631));
#2442=CARTESIAN_POINT('Ctrl Pts',(0.106908095076998,0.104933675330812,-0.0418332470998035));
#2443=CARTESIAN_POINT('Ctrl Pts',(0.105602772046119,0.0805043643769792,
-0.0782135580349688));
#2444=CARTESIAN_POINT('Ctrl Pts',(0.104297449015135,0.044269028949719,-0.102355488441363));
#2445=CARTESIAN_POINT('Ctrl Pts',(0.103427233661234,0.0159847099519173,
-0.107972409246846));
#2446=CARTESIAN_POINT('Ctrl Pts',(0.102992125984256,0.001884859895227,-0.1079835510769));
#2447=CARTESIAN_POINT('Ctrl Pts',(0.129450247190143,0.,-0.113213564128027));
#2448=CARTESIAN_POINT('Ctrl Pts',(0.128899036331724,-0.0147784552760485,
-0.113104948208625));
#2449=CARTESIAN_POINT('Ctrl Pts',(0.12779661461478,-0.0442412932862108,
-0.10702627038041));
#2450=CARTESIAN_POINT('Ctrl Pts',(0.126142982039423,-0.081506582247939,
-0.0818009077850053));
#2451=CARTESIAN_POINT('Ctrl Pts',(0.12448934946406,-0.106248932288054,-0.0443703980824244));
#2452=CARTESIAN_POINT('Ctrl Pts',(0.122835716888696,-0.114806395302312,
-0.000457309219187503));
#2453=CARTESIAN_POINT('Ctrl Pts',(0.121182084313339,-0.105980133253603,
0.043269842775211));
#2454=CARTESIAN_POINT('Ctrl Pts',(0.119528451737976,-0.0812041130317139,
0.0802093518577068));
#2455=CARTESIAN_POINT('Ctrl Pts',(0.117874819162507,-0.0443124536875081,
0.104822978078556));
#2456=CARTESIAN_POINT('Ctrl Pts',(0.116221186587144,-0.000946572715791762,
0.11346620745592));
#2457=CARTESIAN_POINT('Ctrl Pts',(0.114567554011787,0.0423074604904244,
0.10492761507794));
#2458=CARTESIAN_POINT('Ctrl Pts',(0.112913921436423,0.0789191448506042,
0.0805975638808388));
#2459=CARTESIAN_POINT('Ctrl Pts',(0.11126028886106,0.103399505786134,0.0442429227825561));
#2460=CARTESIAN_POINT('Ctrl Pts',(0.109606656285703,0.112123995514541,0.00142414897048968));
#2461=CARTESIAN_POINT('Ctrl Pts',(0.10795302371034,0.103868672627724,-0.0413550955653964));
#2462=CARTESIAN_POINT('Ctrl Pts',(0.106299391134976,0.0799815544907179,
-0.0776357784618977));
#2463=CARTESIAN_POINT('Ctrl Pts',(0.104645758559619,0.044160951901648,-0.101978649727727));
#2464=CARTESIAN_POINT('Ctrl Pts',(0.103543336842712,0.0159825053593752,
-0.107846108224593));
#2465=CARTESIAN_POINT('Ctrl Pts',(0.102992125984256,0.001884859895227,-0.1079835510769));
#2466=CARTESIAN_POINT('Ctrl Pts',(0.135023199901437,0.,-0.107150191578081));
#2467=CARTESIAN_POINT('Ctrl Pts',(0.13435588586145,-0.0139869663697486,
-0.107167895920296));
#2468=CARTESIAN_POINT('Ctrl Pts',(0.133021257781593,-0.041968675247892,
-0.101655499995657));
#2469=CARTESIAN_POINT('Ctrl Pts',(0.131019315661748,-0.0776303776402536,
-0.0779796937041378));
#2470=CARTESIAN_POINT('Ctrl Pts',(0.129017373541903,-0.101566407376531,
-0.0424678489144107));
#2471=CARTESIAN_POINT('Ctrl Pts',(0.127015431422167,-0.110140962466218,
-0.000487695464464255));
#2472=CARTESIAN_POINT('Ctrl Pts',(0.125013489302322,-0.102039472770263,
0.0416078922521565));
#2473=CARTESIAN_POINT('Ctrl Pts',(0.123011547182477,-0.0784727961693608,
0.0774422610638893));
#2474=CARTESIAN_POINT('Ctrl Pts',(0.121009605062641,-0.0429955524084722,
0.101580920862835));
#2475=CARTESIAN_POINT('Ctrl Pts',(0.119007662942797,-0.000970171693080351,
0.110355713145122));
#2476=CARTESIAN_POINT('Ctrl Pts',(0.11700572082306,0.0412436918279257,0.102422224510852));
#2477=CARTESIAN_POINT('Ctrl Pts',(0.115003778703216,0.0772515490766205,
0.0789657398307623));
#2478=CARTESIAN_POINT('Ctrl Pts',(0.113001836583371,0.101592692636801,0.0435241890155142));
#2479=CARTESIAN_POINT('Ctrl Pts',(0.110999894463526,0.110568379570353,0.00145453186822193));
#2480=CARTESIAN_POINT('Ctrl Pts',(0.108997952343681,0.102803669924637,-0.0408769440310004));
#2481=CARTESIAN_POINT('Ctrl Pts',(0.106996010223945,0.0794587446044569,
-0.0770579988888374));
#2482=CARTESIAN_POINT('Ctrl Pts',(0.104994068104101,0.044052874853577,-0.10160181101409));
#2483=CARTESIAN_POINT('Ctrl Pts',(0.10365944002424,0.0159803007668346,-0.107719807202285));
#2484=CARTESIAN_POINT('Ctrl Pts',(0.102992125984256,0.001884859895227,-0.1079835510769));
#2485=CARTESIAN_POINT('',(0.12641984607992,-0.107991434459815,-1.88335641632771E-7));
#2486=CARTESIAN_POINT('Ctrl Pts',(0.12641984607992,-0.107991434459815,-1.88335641632771E-7));
#2487=CARTESIAN_POINT('Ctrl Pts',(0.125452255710039,-0.108002276359711,
0.0211257821222332));
#2488=CARTESIAN_POINT('Ctrl Pts',(0.124479642561151,-0.101631402365488,
0.0422160420911348));
#2489=CARTESIAN_POINT('Ctrl Pts',(0.123020722837871,-0.0840702084212726,
0.0685926813246829));
#2490=CARTESIAN_POINT('Ctrl Pts',(0.122534416263448,-0.0769244278945756,
0.0765277145917838));
#2491=CARTESIAN_POINT('Ctrl Pts',(0.121561803114592,-0.0606440897434001,
0.0899875555260312));
#2492=CARTESIAN_POINT('Ctrl Pts',(0.121075496540156,-0.0515002164528194,
0.0955003722146368));
#2493=CARTESIAN_POINT('Ctrl Pts',(0.119616576816838,-0.02227967388208,0.10776741789381));
#2494=CARTESIAN_POINT('Ctrl Pts',(0.118643963667945,-0.000367545861064482,
0.110051250077453));
#2495=CARTESIAN_POINT('Ctrl Pts',(0.116698737370235,0.0411193617751169,
0.102063860887966));
#2496=CARTESIAN_POINT('Ctrl Pts',(0.115726124221391,0.0606217150536763,
0.0918307255817849));
#2497=CARTESIAN_POINT('Ctrl Pts',(0.113780897923646,0.090765539923541,0.0622165282599293));
#2498=CARTESIAN_POINT('Ctrl Pts',(0.112808284774804,0.101342227833215,0.0428938369887274));
#2499=CARTESIAN_POINT('Ctrl Pts',(0.110863058477085,0.110036806776137,0.00154961566908386));
#2500=CARTESIAN_POINT('Ctrl Pts',(0.109890445328193,0.10813740643857,-0.0203969380145893));
#2501=CARTESIAN_POINT('Ctrl Pts',(0.108431525604875,0.0963882933504276,
-0.0498320574569423));
#2502=CARTESIAN_POINT('Ctrl Pts',(0.10794521903044,0.0910355457364773,-0.0590693875214668));
#2503=CARTESIAN_POINT('Ctrl Pts',(0.106972605881588,0.0778574213222171,
-0.0755813381190269));
#2504=CARTESIAN_POINT('Ctrl Pts',(0.106486299307168,0.0700528001231229,
-0.0828703115567901));
#2505=CARTESIAN_POINT('Ctrl Pts',(0.105027379583885,0.043984205203756,-0.100886166885065));
#2506=CARTESIAN_POINT('Ctrl Pts',(0.104054766434997,0.0230065757274669,
-0.107621175733122));
#2507=CARTESIAN_POINT('Ctrl Pts',(0.103037129931123,0.00188393815361587,
-0.107982339849777));
#2508=CARTESIAN_POINT('',(0.13424193954133,7.8917848185415E-8,-0.10799934179969));
#2509=CARTESIAN_POINT('Ctrl Pts',(0.134242823052323,-1.12294541562699E-9,
-0.107999241533503));
#2510=CARTESIAN_POINT('Ctrl Pts',(0.13399565255656,-0.00533450538773247,
-0.108000134793836));
#2511=CARTESIAN_POINT('Ctrl Pts',(0.13374930318948,-0.0106551093963195,
-0.107601434490196));
#2512=CARTESIAN_POINT('Ctrl Pts',(0.133259296977903,-0.0211905249501848,
-0.106025668569794));
#2513=CARTESIAN_POINT('Ctrl Pts',(0.13301501659584,-0.0264005458429237,
-0.104849301914965));
#2514=CARTESIAN_POINT('Ctrl Pts',(0.132277329263551,-0.0417308776646951,
-0.100180292131749));
#2515=CARTESIAN_POINT('Ctrl Pts',(0.131783835466815,-0.0513943518291063,
-0.0955758612093225));
#2516=CARTESIAN_POINT('Ctrl Pts',(0.130974149779584,-0.0660288878321596,
-0.0857315524437887));
#2517=CARTESIAN_POINT('Ctrl Pts',(0.130654916968744,-0.0714352377487414,
-0.0812875014124424));
#2518=CARTESIAN_POINT('Ctrl Pts',(0.130170421428407,-0.0788224854120609,
-0.0739030913540205));
#2519=CARTESIAN_POINT('Ctrl Pts',(0.130008509576698,-0.0811600985130694,
-0.0713275110751978));
#2520=CARTESIAN_POINT('Ctrl Pts',(0.129276273807871,-0.0912223054965422,
-0.0590941383308784));
#2521=CARTESIAN_POINT('Ctrl Pts',(0.128713219889073,-0.0974383266388588,
-0.0481847178604833));
#2522=CARTESIAN_POINT('Ctrl Pts',(0.12755677097379,-0.105840902206775,-0.024784528563329));
#2523=CARTESIAN_POINT('Ctrl Pts',(0.126996562047487,-0.107983810104677,
-0.0124095331152408));
#2524=CARTESIAN_POINT('Ctrl Pts',(0.126420765649972,-0.107985954399135,
-1.44364481544258E-7));
#2525=CARTESIAN_POINT('',(0.13424193954133,7.8917848185415E-8,-0.10799934179969));
#2526=CARTESIAN_POINT('Origin',(0.166232125984256,0.2186714144556,0.00375));
#2527=CARTESIAN_POINT('',(0.151992125984265,0.216506350946121,-3.3323692991927E-15));
#2528=CARTESIAN_POINT('',(0.133992125984256,0.216506350946129,-1.66712090941484E-14));
#2529=CARTESIAN_POINT('',(0.164992125984256,0.172677605363805,-0.0759136141805527));
#2530=CARTESIAN_POINT('Ctrl Pts',(0.151992125984261,0.216506350946133,-1.03818143853967E-14));
#2531=CARTESIAN_POINT('Ctrl Pts',(0.162914157297057,0.193083979209785,-0.0405687378811211));
#2532=CARTESIAN_POINT('Ctrl Pts',(0.164992125984259,0.17267760536371,-0.0759136141807599));
#2533=CARTESIAN_POINT('',(0.164992125984249,0.152081921055382,-0.111586385819488));
#2534=CARTESIAN_POINT('',(0.164992125984256,0.172677605363805,-0.0759136141805527));
#2535=CARTESIAN_POINT('',(0.151992125984251,0.108253175473087,-0.187499999999991));
#2536=CARTESIAN_POINT('Ctrl Pts',(0.164992125984265,0.152081921055468,-0.111586385819277));
#2537=CARTESIAN_POINT('Ctrl Pts',(0.162914157297066,0.1316755472094,-0.146931262118904));
#2538=CARTESIAN_POINT('Ctrl Pts',(0.15199212598428,0.108253175473068,-0.187499999999988));
#2539=CARTESIAN_POINT('',(0.133992125984256,0.108253175473071,-0.187499999999983));
#2540=CARTESIAN_POINT('Origin',(0.166232125984256,0.1060881119636,0.19125));
#2541=CARTESIAN_POINT('',(0.151992125984251,0.108253175473087,0.187499999999991));
#2542=CARTESIAN_POINT('',(0.133992125984256,0.108253175473071,0.187499999999983));
#2543=CARTESIAN_POINT('',(0.164992125984251,0.15208192105538,0.111586385819486));
#2544=CARTESIAN_POINT('Ctrl Pts',(0.151992125984221,0.108253175473075,0.187499999999976));
#2545=CARTESIAN_POINT('Ctrl Pts',(0.162914157297042,0.131675547209404,0.146931262118899));
#2546=CARTESIAN_POINT('Ctrl Pts',(0.164992125984248,0.152081921055469,0.111586385819276));
#2547=CARTESIAN_POINT('',(0.164992125984256,0.172677605363805,0.0759136141805527));
#2548=CARTESIAN_POINT('',(0.164992125984251,0.15208192105538,0.111586385819486));
#2549=CARTESIAN_POINT('Ctrl Pts',(0.164992125984259,0.172677605363711,0.0759136141807596));
#2550=CARTESIAN_POINT('Ctrl Pts',(0.162914157297056,0.193083979209786,0.0405687378811189));
#2551=CARTESIAN_POINT('Ctrl Pts',(0.15199212598426,0.216506350946135,5.82855275322064E-15));
#2552=CARTESIAN_POINT('Origin',(0.166232125984256,-0.112583302492,0.1875));
#2553=CARTESIAN_POINT('',(0.151992125984251,-0.108253175473093,0.187499999999995));
#2554=CARTESIAN_POINT('',(0.133992125984256,-0.1082531754731,0.1875));
#2555=CARTESIAN_POINT('',(0.164992125984257,-0.0205956843084613,0.187500000000012));
#2556=CARTESIAN_POINT('Ctrl Pts',(0.151992125984268,-0.108253175473098,
0.1875));
#2557=CARTESIAN_POINT('Ctrl Pts',(0.162914157297086,-0.0614084320003893,
0.1875));
#2558=CARTESIAN_POINT('Ctrl Pts',(0.164992125984302,-0.0205956843082372,
0.1875));
#2559=CARTESIAN_POINT('',(0.164992125984258,0.020595684308461,0.18750000000001));
#2560=CARTESIAN_POINT('',(0.164992125984256,0.,0.1875));
#2561=CARTESIAN_POINT('Ctrl Pts',(0.164992125984286,0.0205956843082355,
0.1875));
#2562=CARTESIAN_POINT('Ctrl Pts',(0.162914157297063,0.0614084320003803,
0.1875));
#2563=CARTESIAN_POINT('Ctrl Pts',(0.15199212598421,0.108253175473078,0.1875));
#2564=CARTESIAN_POINT('Origin',(0.166232125984256,-0.2186714144556,-0.00375));
#2565=CARTESIAN_POINT('',(0.133992125984256,-0.216506350946129,1.66712090941484E-14));
#2566=CARTESIAN_POINT('',(0.164992125984249,-0.152081921055382,0.111586385819488));
#2567=CARTESIAN_POINT('',(0.164992125984256,-0.172677605363805,0.0759136141805527));
#2568=CARTESIAN_POINT('Ctrl Pts',(0.164992125984265,-0.152081921055468,
0.111586385819277));
#2569=CARTESIAN_POINT('Ctrl Pts',(0.162914157297066,-0.1316755472094,0.146931262118904));
#2570=CARTESIAN_POINT('Ctrl Pts',(0.15199212598428,-0.108253175473068,0.187499999999988));
#2571=CARTESIAN_POINT('Origin',(0.166232125984256,-0.1060881119636,-0.19125));
#2572=CARTESIAN_POINT('',(0.151992125984251,-0.108253175473087,-0.187499999999991));
#2573=CARTESIAN_POINT('',(0.133992125984256,-0.108253175473071,-0.187499999999983));
#2574=CARTESIAN_POINT('',(0.16499212598425,-0.152081921055379,-0.111586385819486));
#2575=CARTESIAN_POINT('Ctrl Pts',(0.151992125984221,-0.108253175473075,
-0.187499999999977));
#2576=CARTESIAN_POINT('Ctrl Pts',(0.162914157297042,-0.131675547209404,
-0.146931262118899));
#2577=CARTESIAN_POINT('Ctrl Pts',(0.164992125984248,-0.152081921055469,
-0.111586385819276));
#2578=CARTESIAN_POINT('',(0.16499212598425,-0.152081921055379,-0.111586385819486));
#2579=CARTESIAN_POINT('Origin',(0.166232125984256,0.112583302492,-0.1875));
#2580=CARTESIAN_POINT('',(0.164992125984257,0.0205956843084613,-0.187500000000012));
#2581=CARTESIAN_POINT('Ctrl Pts',(0.15199212598427,0.108253175473092,-0.1875));
#2582=CARTESIAN_POINT('Ctrl Pts',(0.162914157297087,0.0614084320003869,
-0.1875));
#2583=CARTESIAN_POINT('Ctrl Pts',(0.164992125984302,0.020595684308237,-0.1875));
#2584=CARTESIAN_POINT('',(0.164992125984258,-0.020595684308461,-0.18750000000001));
#2585=CARTESIAN_POINT('',(0.164992125984256,0.,-0.1875));
#2586=CARTESIAN_POINT('Ctrl Pts',(0.164992125984286,-0.020595684308236,
-0.1875));
#2587=CARTESIAN_POINT('Ctrl Pts',(0.162914157297063,-0.0614084320003805,
-0.1875));
#2588=CARTESIAN_POINT('Ctrl Pts',(0.15199212598421,-0.108253175473078,-0.1875));
#2589=CARTESIAN_POINT('Ctrl Pts',(0.117689842432356,-0.03092670876426,-0.1214648645469));
#2590=CARTESIAN_POINT('Ctrl Pts',(0.118361509099756,-0.0145232826939,-0.1256414137305));
#2591=CARTESIAN_POINT('Ctrl Pts',(0.119704842434656,0.01999025122827,-0.1272552291687));
#2592=CARTESIAN_POINT('Ctrl Pts',(0.121719842436856,0.0685307980294,-0.1090743542674));
#2593=CARTESIAN_POINT('Ctrl Pts',(0.123734842439156,0.1059740095732,-0.07323328077654));
#2594=CARTESIAN_POINT('Ctrl Pts',(0.125749842441356,0.1262599330024,-0.02553546580903));
#2595=CARTESIAN_POINT('Ctrl Pts',(0.127764842443656,0.1261035537539,0.02629670934599));
#2596=CARTESIAN_POINT('Ctrl Pts',(0.129779842445956,0.1055303606145,0.07387129186876));
#2597=CARTESIAN_POINT('Ctrl Pts',(0.131794842448156,0.06787122440805,0.109485712508));
#2598=CARTESIAN_POINT('Ctrl Pts',(0.133809842450456,0.01922337671944,0.1273738044561));
#2599=CARTESIAN_POINT('Ctrl Pts',(0.135824842452656,-0.03253683671305,0.1246393936377));
#2600=CARTESIAN_POINT('Ctrl Pts',(0.137839842454956,-0.07902915961188,0.1017251986255));
#2601=CARTESIAN_POINT('Ctrl Pts',(0.139854842457256,-0.1127262381427,0.06234115232425));
#2602=CARTESIAN_POINT('Ctrl Pts',(0.141869842459456,-0.1281723374945,0.0128637429852));
#2603=CARTESIAN_POINT('Ctrl Pts',(0.143884842461756,-0.1228666538577,-0.03869637332555));
#2604=CARTESIAN_POINT('Ctrl Pts',(0.145899842463956,-0.09766820697723,-0.08399134034369));
#2605=CARTESIAN_POINT('Ctrl Pts',(0.147914842466256,-0.05665675983889,-0.1156876633512));
#2606=CARTESIAN_POINT('Ctrl Pts',(0.149929842468556,-0.006472283286492,
-0.1286535402873));
#2607=CARTESIAN_POINT('Ctrl Pts',(0.151944842470756,0.0447600902254,-0.1207897272406));
#2608=CARTESIAN_POINT('Ctrl Pts',(0.153959842473056,0.08874556819851,-0.09336941697135));
#2609=CARTESIAN_POINT('Ctrl Pts',(0.155974842475256,0.118362668501,-0.05083210240234));
#2610=CARTESIAN_POINT('Ctrl Pts',(0.157989842477556,0.128816224798,-6.479961984137E-5));
#2611=CARTESIAN_POINT('Ctrl Pts',(0.160004842479856,0.118413749472,0.05071299597025));
#2612=CARTESIAN_POINT('Ctrl Pts',(0.162019842482056,0.08883945675533,0.09328008903901));
#2613=CARTESIAN_POINT('Ctrl Pts',(0.164034842484356,0.04488158034728,0.120744639289));
#2614=CARTESIAN_POINT('Ctrl Pts',(0.166049842486556,-0.006342866569845,
0.1286599871704));
#2615=CARTESIAN_POINT('Ctrl Pts',(0.168064842488856,-0.05654037147458,0.1157445926173));
#2616=CARTESIAN_POINT('Ctrl Pts',(0.170079842491156,-0.09758369120519,0.08408952351881));
#2617=CARTESIAN_POINT('Ctrl Pts',(0.172094842493356,-0.1228276766845,0.03881990487371));
#2618=CARTESIAN_POINT('Ctrl Pts',(0.174109842495656,-0.1281852316452,-0.01273487606734));
#2619=CARTESIAN_POINT('Ctrl Pts',(0.176124842497856,-0.1127887653306,-0.06222779540708));
#2620=CARTESIAN_POINT('Ctrl Pts',(0.178139842500156,-0.07913167499631,-0.1016457723746));
#2621=CARTESIAN_POINT('Ctrl Pts',(0.180154842502456,-0.03266087207096,-0.1246064642299));
#2622=CARTESIAN_POINT('Ctrl Pts',(0.181498175837256,0.001840368914654,-0.1264646339039));
#2623=CARTESIAN_POINT('Ctrl Pts',(0.182169842504656,0.01858013997199,-0.1239554477908));
#2624=CARTESIAN_POINT('Ctrl Pts',(0.112269423974256,-0.02947156832849,-0.1157497903282));
#2625=CARTESIAN_POINT('Ctrl Pts',(0.112941090641756,-0.01383994402799,-0.1197298276344));
#2626=CARTESIAN_POINT('Ctrl Pts',(0.114284423976556,0.01904968483612,-0.1212677110322));
#2627=CARTESIAN_POINT('Ctrl Pts',(0.116299423978756,0.06530633803049,-0.1039422690976));
#2628=CARTESIAN_POINT('Ctrl Pts',(0.118314423981056,0.1009877995098,-0.06978756306652));
#2629=CARTESIAN_POINT('Ctrl Pts',(0.120329423983356,0.1203192447989,-0.02433399011602));
#2630=CARTESIAN_POINT('Ctrl Pts',(0.122344423985556,0.1201702233902,0.02505941618981));
#2631=CARTESIAN_POINT('Ctrl Pts',(0.124359423987856,0.100565024791,0.07039555493664));
#2632=CARTESIAN_POINT('Ctrl Pts',(0.126374423990056,0.06467779817527,0.104334272417));
#2633=CARTESIAN_POINT('Ctrl Pts',(0.128389423992356,0.01831889273475,0.1213807072037));
#2634=CARTESIAN_POINT('Ctrl Pts',(0.130404423994656,-0.03100593773786,0.1187749538438));
#2635=CARTESIAN_POINT('Ctrl Pts',(0.132419423996856,-0.07531073853343,0.09693890044598));
#2636=CARTESIAN_POINT('Ctrl Pts',(0.134434423999156,-0.1074223272564,0.05940792291885));
#2637=CARTESIAN_POINT('Ctrl Pts',(0.136449424001356,-0.1221416682611,0.01225848774399));
#2638=CARTESIAN_POINT('Ctrl Pts',(0.138464424003656,-0.1170856236939,-0.03687566042743));
#2639=CARTESIAN_POINT('Ctrl Pts',(0.140479424005956,-0.09307279534306,-0.08003944243822));
#2640=CARTESIAN_POINT('Ctrl Pts',(0.142494424008156,-0.05399098822932,-0.1102444136945));
#2641=CARTESIAN_POINT('Ctrl Pts',(0.144509424010456,-0.006167754240297,
-0.122600229859));
#2642=CARTESIAN_POINT('Ctrl Pts',(0.146524424012656,0.04265407184199,-0.1151064190789));
#2643=CARTESIAN_POINT('Ctrl Pts',(0.148539424014956,0.0845699779097,-0.08897626879852));
#2644=CARTESIAN_POINT('Ctrl Pts',(0.150554424017256,0.112793556497,-0.04844038823046));
#2645=CARTESIAN_POINT('Ctrl Pts',(0.152569424019456,0.1227552598594,-6.175071645647E-5));
#2646=CARTESIAN_POINT('Ctrl Pts',(0.154584424021756,0.1128422340443,0.04832688590539));
#2647=CARTESIAN_POINT('Ctrl Pts',(0.156599424023956,0.08465944889216,0.08889114385743));
#2648=CARTESIAN_POINT('Ctrl Pts',(0.158614424026256,0.04276984570127,0.115063452572));
#2649=CARTESIAN_POINT('Ctrl Pts',(0.160629424028556,-0.006044426742483,
0.1226063734081));
#2650=CARTESIAN_POINT('Ctrl Pts',(0.162644424030756,-0.05388007608352,0.1102986643673));
#2651=CARTESIAN_POINT('Ctrl Pts',(0.164659424033056,-0.0929922561441,0.0801330059718));
#2652=CARTESIAN_POINT('Ctrl Pts',(0.166674424035256,-0.1170484804455,0.03699337966131));
#2653=CARTESIAN_POINT('Ctrl Pts',(0.168689424037556,-0.1221539557258,-0.01213568417624));
#2654=CARTESIAN_POINT('Ctrl Pts',(0.170704424039856,-0.1074819124617,-0.05929989958681));
#2655=CARTESIAN_POINT('Ctrl Pts',(0.172719424042056,-0.07540843044045,-0.09686321129983));
#2656=CARTESIAN_POINT('Ctrl Pts',(0.174734424044356,-0.03112413707661,-0.1187435738059));
#2657=CARTESIAN_POINT('Ctrl Pts',(0.176077757379156,0.001753777249021,-0.1205143142662));
#2658=CARTESIAN_POINT('Ctrl Pts',(0.176749424046556,0.01770592108302,-0.1181231885068));
#2659=CARTESIAN_POINT('Ctrl Pts',(0.106849005516156,-0.02801642789272,-0.1100347161095));
#2660=CARTESIAN_POINT('Ctrl Pts',(0.107520672183656,-0.01315660536208,-0.1138182415384));
#2661=CARTESIAN_POINT('Ctrl Pts',(0.108864005518456,0.01810911844397,-0.1152801928958));
#2662=CARTESIAN_POINT('Ctrl Pts',(0.110879005520756,0.06208187803159,-0.09881018392778));
#2663=CARTESIAN_POINT('Ctrl Pts',(0.112894005522956,0.09600158944629,-0.06634184535649));
#2664=CARTESIAN_POINT('Ctrl Pts',(0.114909005525256,0.1143785565953,-0.02313251442302));
#2665=CARTESIAN_POINT('Ctrl Pts',(0.116924005527456,0.1142368930264,0.02382212303364));
#2666=CARTESIAN_POINT('Ctrl Pts',(0.118939005529756,0.09559968896745,0.06691981800453));
#2667=CARTESIAN_POINT('Ctrl Pts',(0.120954005532056,0.06148437194249,0.09918283232606));
#2668=CARTESIAN_POINT('Ctrl Pts',(0.122969005534256,0.01741440875006,0.1153876099512));
#2669=CARTESIAN_POINT('Ctrl Pts',(0.124984005536556,-0.02947503876267,0.1129105140499));
#2670=CARTESIAN_POINT('Ctrl Pts',(0.126999005538756,-0.07159231745498,0.09215260226647));
#2671=CARTESIAN_POINT('Ctrl Pts',(0.129014005541056,-0.1021184163701,0.05647469351345));
#2672=CARTESIAN_POINT('Ctrl Pts',(0.131029005543356,-0.1161109990277,0.01165323250277));
#2673=CARTESIAN_POINT('Ctrl Pts',(0.133044005545556,-0.11130459353,-0.0350549475293));
#2674=CARTESIAN_POINT('Ctrl Pts',(0.135059005547856,-0.0884773837089,-0.07608754453275));
#2675=CARTESIAN_POINT('Ctrl Pts',(0.137074005550056,-0.05132521661975,-0.1048011640379));
#2676=CARTESIAN_POINT('Ctrl Pts',(0.139089005552356,-0.005863225194099,
-0.1165469194306));
#2677=CARTESIAN_POINT('Ctrl Pts',(0.141104005554656,0.04054805345859,-0.1094231109173));
#2678=CARTESIAN_POINT('Ctrl Pts',(0.143119005556856,0.08039438762088,-0.08458312062569));
#2679=CARTESIAN_POINT('Ctrl Pts',(0.145134005559156,0.1072244444931,-0.04604867405859));
#2680=CARTESIAN_POINT('Ctrl Pts',(0.147149005561356,0.1166942949208,-5.870181306755E-5));
#2681=CARTESIAN_POINT('Ctrl Pts',(0.149164005563656,0.1072707186166,0.04594077584053));
#2682=CARTESIAN_POINT('Ctrl Pts',(0.151179005565956,0.08047944102899,0.08450219867586));
#2683=CARTESIAN_POINT('Ctrl Pts',(0.153194005568156,0.04065811105526,0.109382265855));
#2684=CARTESIAN_POINT('Ctrl Pts',(0.155209005570456,-0.005745986915123,
0.1165527596458));
#2685=CARTESIAN_POINT('Ctrl Pts',(0.157224005572656,-0.05121978069247,0.1048527361172));
#2686=CARTESIAN_POINT('Ctrl Pts',(0.159239005574956,-0.08840082108301,0.0761764884248));
#2687=CARTESIAN_POINT('Ctrl Pts',(0.161254005577256,-0.1112692842065,0.03516685444891));
#2688=CARTESIAN_POINT('Ctrl Pts',(0.163269005579456,-0.1161226798064,-0.01153649228513));
#2689=CARTESIAN_POINT('Ctrl Pts',(0.165284005581756,-0.1021750595927,-0.05637200376654));
#2690=CARTESIAN_POINT('Ctrl Pts',(0.167299005583956,-0.07168518588459,-0.09208065022504));
#2691=CARTESIAN_POINT('Ctrl Pts',(0.169314005586256,-0.02958740208227,-0.1128806833819));
#2692=CARTESIAN_POINT('Ctrl Pts',(0.170657338921056,0.001667185583388,-0.1145639946286));
#2693=CARTESIAN_POINT('Ctrl Pts',(0.171329005588556,0.01683170219404,-0.1122909292228));
#2694=CARTESIAN_POINT('Ctrl Pts',(0.101428587058156,-0.02656128745696,-0.1043196418908));
#2695=CARTESIAN_POINT('Ctrl Pts',(0.102100253725556,-0.01247326669617,-0.1079066554424));
#2696=CARTESIAN_POINT('Ctrl Pts',(0.103443587060356,0.01716855205182,-0.1092926747594));
#2697=CARTESIAN_POINT('Ctrl Pts',(0.105458587062656,0.05885741803269,-0.09367809875798));
#2698=CARTESIAN_POINT('Ctrl Pts',(0.107473587064856,0.09101537938281,-0.06289612764646));
#2699=CARTESIAN_POINT('Ctrl Pts',(0.109488587067156,0.1084378683918,-0.02193103873001));
#2700=CARTESIAN_POINT('Ctrl Pts',(0.111503587069456,0.1083035626627,0.02258482987747));
#2701=CARTESIAN_POINT('Ctrl Pts',(0.113518587071656,0.09063435314391,0.06344408107241));
#2702=CARTESIAN_POINT('Ctrl Pts',(0.115533587073956,0.05829094570971,0.09403139223511));
#2703=CARTESIAN_POINT('Ctrl Pts',(0.117548587076156,0.01650992476537,0.1093945126988));
#2704=CARTESIAN_POINT('Ctrl Pts',(0.119563587078456,-0.02794413978749,0.107046074256));
#2705=CARTESIAN_POINT('Ctrl Pts',(0.121578587080756,-0.06787389637653,0.08736630408696));
#2706=CARTESIAN_POINT('Ctrl Pts',(0.123593587082956,-0.0968145054837,0.05354146410806));
#2707=CARTESIAN_POINT('Ctrl Pts',(0.125608587085256,-0.1100803297943,0.01104797726155));
#2708=CARTESIAN_POINT('Ctrl Pts',(0.127623587087456,-0.1055235633661,-0.03323423463118));
#2709=CARTESIAN_POINT('Ctrl Pts',(0.129638587089756,-0.08388197207473,-0.07213564662728));
#2710=CARTESIAN_POINT('Ctrl Pts',(0.131653587092056,-0.04865944501017,-0.09935791438127));
#2711=CARTESIAN_POINT('Ctrl Pts',(0.133668587094256,-0.005558696147905,
-0.1104936090023));
#2712=CARTESIAN_POINT('Ctrl Pts',(0.135683587096556,0.03844203507519,-0.1037398027556));
#2713=CARTESIAN_POINT('Ctrl Pts',(0.137698587098756,0.07621879733207,-0.08018997245286));
#2714=CARTESIAN_POINT('Ctrl Pts',(0.139713587101056,0.1016553324891,-0.04365695988672));
#2715=CARTESIAN_POINT('Ctrl Pts',(0.141728587103356,0.1106333299822,-5.565290968266E-5));
#2716=CARTESIAN_POINT('Ctrl Pts',(0.143743587105556,0.1016992031889,0.04355466577567));
#2717=CARTESIAN_POINT('Ctrl Pts',(0.145758587107856,0.07629943316582,0.08011325349428));
#2718=CARTESIAN_POINT('Ctrl Pts',(0.147773587110056,0.03854637640925,0.103701079138));
#2719=CARTESIAN_POINT('Ctrl Pts',(0.149788587112356,-0.005447547087761,
0.1104991458835));
#2720=CARTESIAN_POINT('Ctrl Pts',(0.151803587114656,-0.04855948530141,0.09940680786724));
#2721=CARTESIAN_POINT('Ctrl Pts',(0.153818587116856,-0.08380938602192,0.0722199708778));
#2722=CARTESIAN_POINT('Ctrl Pts',(0.155833587119156,-0.1054900879675,0.03334032923651));
#2723=CARTESIAN_POINT('Ctrl Pts',(0.157848587121356,-0.110091403887,-0.01093730039403));
#2724=CARTESIAN_POINT('Ctrl Pts',(0.159863587123656,-0.09686820672376,-0.05344410794627));
#2725=CARTESIAN_POINT('Ctrl Pts',(0.161878587125956,-0.06796194132873,-0.08729808915025));
#2726=CARTESIAN_POINT('Ctrl Pts',(0.163893587128156,-0.02805066708793,-0.107017792958));
#2727=CARTESIAN_POINT('Ctrl Pts',(0.165236920463056,0.001580593917755,-0.1086136749909));
#2728=CARTESIAN_POINT('Ctrl Pts',(0.165908587130456,0.01595748330507,-0.1064586699388));
#2729=CARTESIAN_POINT('',(0.164992125984256,-0.010907218142774,-0.107444337840742));
#2730=CARTESIAN_POINT('',(0.164992125984256,0.0125472156109125,0.124363472955056));
#2731=CARTESIAN_POINT('Ctrl Pts',(0.164992125984256,-0.010907218142774,
-0.107444337840743));
#2732=CARTESIAN_POINT('Ctrl Pts',(0.164992125984256,-0.0265314197000259,
-0.106650037951144));
#2733=CARTESIAN_POINT('Ctrl Pts',(0.16499212598426,-0.0405761727501854,
-0.102553096941847));
#2734=CARTESIAN_POINT('Ctrl Pts',(0.16499212598426,-0.0657360055568151,
-0.0904539724439019));
#2735=CARTESIAN_POINT('Ctrl Pts',(0.16499212598426,-0.0774379475527206,
-0.0816019026836507));
#2736=CARTESIAN_POINT('Ctrl Pts',(0.16499212598426,-0.0970704743546068,
-0.0596813604139425));
#2737=CARTESIAN_POINT('Ctrl Pts',(0.164992125984271,-0.104646912764737,
-0.046799508393971));
#2738=CARTESIAN_POINT('Ctrl Pts',(0.164992125984271,-0.114598262443592,
-0.0184993875887354));
#2739=CARTESIAN_POINT('Ctrl Pts',(0.164992125984263,-0.116723124625133,
-0.00343515006214404));
#2740=CARTESIAN_POINT('Ctrl Pts',(0.164992125984263,-0.115069041144222,
0.0270852245747603));
#2741=CARTESIAN_POINT('Ctrl Pts',(0.164992125984268,-0.111217879781699,
0.0420803218657221));
#2742=CARTESIAN_POINT('Ctrl Pts',(0.164992125984268,-0.0977797850407385,
0.0701579496615099));
#2743=CARTESIAN_POINT('Ctrl Pts',(0.164992125984252,-0.0883373390874992,
0.0827640643377792));
#2744=CARTESIAN_POINT('Ctrl Pts',(0.164992125984252,-0.0657699106992496,
0.103050939893972));
#2745=CARTESIAN_POINT('Ctrl Pts',(0.164992125984263,-0.0522119623653608,
0.111706473437248));
#2746=CARTESIAN_POINT('Ctrl Pts',(0.164992125984263,-0.0219130662679438,
0.12243109140144));
#2747=CARTESIAN_POINT('Ctrl Pts',(0.164992125984256,-0.00554448585218991,
0.125404888447636));
#2748=CARTESIAN_POINT('Ctrl Pts',(0.164992125984256,0.0125469529451507,
0.124360872454716));
#2749=CARTESIAN_POINT('Ctrl Pts',(0.164992125983978,-0.0109072181427307,
-0.107444337840442));
#2750=CARTESIAN_POINT('Ctrl Pts',(0.164750862286453,-0.0161047060243678,
-0.106917625168781));
#2751=CARTESIAN_POINT('Ctrl Pts',(0.16450728793165,-0.0212601261934161,
-0.106013952214569));
#2752=CARTESIAN_POINT('Ctrl Pts',(0.164025741009431,-0.0313845338949113,
-0.103469871899882));
#2753=CARTESIAN_POINT('Ctrl Pts',(0.163788637483296,-0.0363482181271062,
-0.101830512550204));
#2754=CARTESIAN_POINT('Ctrl Pts',(0.163072184130813,-0.0508095124328149,
-0.0958653217103987));
#2755=CARTESIAN_POINT('Ctrl Pts',(0.162585034852936,-0.0598627966923153,
-0.0904954117554343));
#2756=CARTESIAN_POINT('Ctrl Pts',(0.161782186500653,-0.0734630920762379,
-0.07947930901921));
#2757=CARTESIAN_POINT('Ctrl Pts',(0.161458736548995,-0.0785024788813816,
-0.0744972559527001));
#2758=CARTESIAN_POINT('Ctrl Pts',(0.160814237932217,-0.0874522826199046,
-0.0637439558748717));
#2759=CARTESIAN_POINT('Ctrl Pts',(0.16049240954085,-0.0913811723370081,
-0.0579827401168836));
#2760=CARTESIAN_POINT('Ctrl Pts',(0.159847214196101,-0.0980970488635532,
-0.0457169690714488));
#2761=CARTESIAN_POINT('Ctrl Pts',(0.159527056713434,-0.100865534998826,
-0.0392228219665456));
#2762=CARTESIAN_POINT('Ctrl Pts',(0.158884172590426,-0.105081570402633,
-0.0258773323222081));
#2763=CARTESIAN_POINT('Ctrl Pts',(0.158560131267105,-0.106530942030843,
-0.0190566628172684));
#2764=CARTESIAN_POINT('Ctrl Pts',(0.158077069198295,-0.107708654024906,
-0.00865718203233529));
#2765=CARTESIAN_POINT('Ctrl Pts',(0.157916713783505,-0.107932318091656,
-0.0051528116721241));
#2766=CARTESIAN_POINT('Ctrl Pts',(0.157117069189076,-0.108196376340742,
0.0123453110877169));
#2767=CARTESIAN_POINT('Ctrl Pts',(0.156468184044256,-0.105686385861998,
0.026310510506264));
#2768=CARTESIAN_POINT('Ctrl Pts',(0.155247093282749,-0.0959704463696638,
0.0510960206807665));
#2769=CARTESIAN_POINT('Ctrl Pts',(0.154597275487022,-0.088781453692187,
0.0634121447110503));
#2770=CARTESIAN_POINT('Ctrl Pts',(0.153566775621171,-0.0732762667844229,
0.079641242412048));
#2771=CARTESIAN_POINT('Ctrl Pts',(0.153247847413265,-0.0679483339549054,
0.0842318443073824));
#2772=CARTESIAN_POINT('Ctrl Pts',(0.152601891448139,-0.0565166803875233,
0.0922938887589502));
#2773=CARTESIAN_POINT('Ctrl Pts',(0.152275231944058,-0.0504124156993332,
0.0957681706513874));
#2774=CARTESIAN_POINT('Ctrl Pts',(0.151631142994274,-0.0375741693390579,
0.101495958212325));
#2775=CARTESIAN_POINT('Ctrl Pts',(0.151310336357739,-0.0308709168319711,
0.103729466393094));
#2776=CARTESIAN_POINT('Ctrl Pts',(0.150662312506399,-0.0172060517638727,
0.106842710437469));
#2777=CARTESIAN_POINT('Ctrl Pts',(0.150338906754108,-0.0102664307139833,
0.107736861949509));
#2778=CARTESIAN_POINT('Ctrl Pts',(0.149699376941112,0.00366568483796276,
0.108161805716046));
#2779=CARTESIAN_POINT('Ctrl Pts',(0.149380306028118,0.0106394652393069,
0.107693736709231));
#2780=CARTESIAN_POINT('Ctrl Pts',(0.148735460609208,0.0244572364611698,
0.105425505965228));
#2781=CARTESIAN_POINT('Ctrl Pts',(0.148408564877674,0.0313003836609634,
0.103606418522609));
#2782=CARTESIAN_POINT('Ctrl Pts',(0.147761620399579,0.0444278899973603,
0.0986824959508651));
#2783=CARTESIAN_POINT('Ctrl Pts',(0.147444818841759,0.0507024637824979,
0.0956064384625507));
#2784=CARTESIAN_POINT('Ctrl Pts',(0.146801708129382,0.0626259916661562,
0.0882657143543238));
#2785=CARTESIAN_POINT('Ctrl Pts',(0.14647397352314,0.0682409646069525,0.0840012522037022));
#2786=CARTESIAN_POINT('Ctrl Pts',(0.145827769553542,0.0785144697844445,
0.0744844937726834));
#2787=CARTESIAN_POINT('Ctrl Pts',(0.145512639350226,0.0831550951148524,
0.0692624178308419));
#2788=CARTESIAN_POINT('Ctrl Pts',(0.1448678827583,0.0913990558156622,0.0579513090384138));
#2789=CARTESIAN_POINT('Ctrl Pts',(0.144541365475576,0.0949827005823179,
0.0518743349258663));
#2790=CARTESIAN_POINT('Ctrl Pts',(0.143530220714971,0.104229422567757,0.0319882340210914));
#2791=CARTESIAN_POINT('Ctrl Pts',(0.142895132961634,0.107257900638979,0.0181489147103018));
#2792=CARTESIAN_POINT('Ctrl Pts',(0.141967180377602,0.108210288822133,-0.00186722678443381));
#2793=CARTESIAN_POINT('Ctrl Pts',(0.141647838984879,0.107857761500722,-0.00886008749261638));
#2794=CARTESIAN_POINT('Ctrl Pts',(0.141167420663374,0.106326290842925,-0.0192389780217958));
#2795=CARTESIAN_POINT('Ctrl Pts',(0.141005869348937,0.105642311767632,-0.0226986032610782));
#2796=CARTESIAN_POINT('Ctrl Pts',(0.140521201722483,0.103106079263675,-0.0328805321057306));
#2797=CARTESIAN_POINT('Ctrl Pts',(0.140195315538427,0.10076486788981,-0.0394860630454017));
#2798=CARTESIAN_POINT('Ctrl Pts',(0.139555353915693,0.0948384315361067,
-0.0521337767354256));
#2799=CARTESIAN_POINT('Ctrl Pts',(0.139237849318715,0.0912724857866943,
-0.0581472624160621));
#2800=CARTESIAN_POINT('Ctrl Pts',(0.138590037427054,0.0829950901581234,
-0.0694567498062517));
#2801=CARTESIAN_POINT('Ctrl Pts',(0.138263223030577,0.0782854515913679,
-0.0747332811237538));
#2802=CARTESIAN_POINT('Ctrl Pts',(0.137620187735273,0.0679725470364134,
-0.0842147015708645));
#2803=CARTESIAN_POINT('Ctrl Pts',(0.137301262342622,0.0623928547584429,
-0.0884208524793618));
#2804=CARTESIAN_POINT('Ctrl Pts',(0.136525131870254,0.0480227425942652,
-0.0972369465831623));
#2805=CARTESIAN_POINT('Ctrl Pts',(0.136066337819107,0.038910029216136,-0.101236546245443));
#2806=CARTESIAN_POINT('Ctrl Pts',(0.135384123143267,0.0245773841521409,
-0.105278502451979));
#2807=CARTESIAN_POINT('Ctrl Pts',(0.135158029051536,0.0197193447126007,
-0.106295244069946));
#2808=CARTESIAN_POINT('Ctrl Pts',(0.134701715708416,0.00990149519153438,
-0.107656052713158));
#2809=CARTESIAN_POINT('Ctrl Pts',(0.134471314681655,0.00495324085949219,
-0.107997303234894));
#2810=CARTESIAN_POINT('Ctrl Pts',(0.134241837033021,8.34623038947178E-8,
-0.107998164480943));
#2811=CARTESIAN_POINT('',(0.164992125984256,0.0126076244970993,0.124357356506675));
#2812=CARTESIAN_POINT('Ctrl Pts',(0.164992125984154,0.0126076244971064,
0.124357356506786));
#2813=CARTESIAN_POINT('Ctrl Pts',(0.164812803985466,0.0171165236674079,
0.123899728683575));
#2814=CARTESIAN_POINT('Ctrl Pts',(0.164633192063564,0.0216007181522224,
0.123197953332746));
#2815=CARTESIAN_POINT('Ctrl Pts',(0.164270387451589,0.0304859992608179,
0.121307809655103));
#2816=CARTESIAN_POINT('Ctrl Pts',(0.164087158287043,0.0348820241641201,
0.120118277166313));
#2817=CARTESIAN_POINT('Ctrl Pts',(0.163541100719395,0.0478290466872675,
0.115843700961297));
#2818=CARTESIAN_POINT('Ctrl Pts',(0.163187555006503,0.0561157896516576,
0.112060149501218));
#2819=CARTESIAN_POINT('Ctrl Pts',(0.162586203765328,0.0691105236896611,
0.104326494629209));
#2820=CARTESIAN_POINT('Ctrl Pts',(0.162343064828821,0.0740859907012657,
0.10085448820097));
#2821=CARTESIAN_POINT('Ctrl Pts',(0.161775455301259,0.0850983683386594,
0.0919194007765348));
#2822=CARTESIAN_POINT('Ctrl Pts',(0.161456438545848,0.0908799155308713,
0.0862084855156851));
#2823=CARTESIAN_POINT('Ctrl Pts',(0.160971894998259,0.098691360394564,0.0768142531532896));
#2824=CARTESIAN_POINT('Ctrl Pts',(0.160809631352105,0.101147595333046,0.0735479344108844));
#2825=CARTESIAN_POINT('Ctrl Pts',(0.160327616681415,0.107942862710495,0.0635317119742139));
#2826=CARTESIAN_POINT('Ctrl Pts',(0.160006128107935,0.111812841998018,0.0564594278904411));
#2827=CARTESIAN_POINT('Ctrl Pts',(0.159361143413858,0.118159883821766,0.0415825816175253));
#2828=CARTESIAN_POINT('Ctrl Pts',(0.159041029518973,0.120615589051325,0.0337870237235013));
#2829=CARTESIAN_POINT('Ctrl Pts',(0.158399054879957,0.123961545845134,0.0179509547061221));
#2830=CARTESIAN_POINT('Ctrl Pts',(0.158075351335025,0.12486090582147,0.00994504927780543));
#2831=CARTESIAN_POINT('Ctrl Pts',(0.157592104320152,0.125046258342759,-0.00215703770416454));
#2832=CARTESIAN_POINT('Ctrl Pts',(0.157431716495001,0.124909096432359,-0.00622037799630963));
#2833=CARTESIAN_POINT('Ctrl Pts',(0.156949959360178,0.123903714327687,-0.0183954642143619));
#2834=CARTESIAN_POINT('Ctrl Pts',(0.156626599402994,0.122437604071476,-0.0264371575736679));
#2835=CARTESIAN_POINT('Ctrl Pts',(0.155977195649362,0.117995253182865,-0.0420271083155912));
#2836=CARTESIAN_POINT('Ctrl Pts',(0.155656335538114,0.115040452704695,-0.0495611869160018));
#2837=CARTESIAN_POINT('Ctrl Pts',(0.15476094352182,0.104759316321733,-0.0697178745968967));
#2838=CARTESIAN_POINT('Ctrl Pts',(0.154110664120494,0.0950926081316076,
-0.0830794764543995));
#2839=CARTESIAN_POINT('Ctrl Pts',(0.153080852009639,0.0754137903028199,
-0.100011726729653));
#2840=CARTESIAN_POINT('Ctrl Pts',(0.152761964958867,0.068754064430215,-0.104700186312871));
#2841=CARTESIAN_POINT('Ctrl Pts',(0.152116270897528,0.0546715277825511,
-0.112697737385899));
#2842=CARTESIAN_POINT('Ctrl Pts',(0.151789189942388,0.0472606021259911,
-0.116003777915763));
#2843=CARTESIAN_POINT('Ctrl Pts',(0.151145918356571,0.0318439646624983,
-0.1211475751197));
#2844=CARTESIAN_POINT('Ctrl Pts',(0.150826469223503,0.0238787841119453,
-0.122964256580338));
#2845=CARTESIAN_POINT('Ctrl Pts',(0.150178131852866,0.00779010524210042,
-0.125011434882765));
#2846=CARTESIAN_POINT('Ctrl Pts',(0.149853822212457,-0.00030530946837308,
-0.12525952847991));
#2847=CARTESIAN_POINT('Ctrl Pts',(0.149210432629998,-0.0165133586021624,
-0.124173350026839));
#2848=CARTESIAN_POINT('Ctrl Pts',(0.148887487232234,-0.0245996434223574,
-0.122820228500057));
#2849=CARTESIAN_POINT('Ctrl Pts',(0.148243506559165,-0.0402205419722961,
-0.118617984137281));
#2850=CARTESIAN_POINT('Ctrl Pts',(0.147922119088007,-0.047766415840872,
-0.115793178524134));
#2851=CARTESIAN_POINT('Ctrl Pts',(0.147277245105761,-0.0622840052669705,
-0.108680707594042));
#2852=CARTESIAN_POINT('Ctrl Pts',(0.146957488836362,-0.0692330961137185,
-0.104385949229499));
#2853=CARTESIAN_POINT('Ctrl Pts',(0.146315628625477,-0.0821124707091946,
-0.094584878981158));
#2854=CARTESIAN_POINT('Ctrl Pts',(0.145991712036854,-0.0880256024669137,
-0.0891101525390967));
#2855=CARTESIAN_POINT('Ctrl Pts',(0.145347106091392,-0.0987610573199479,
-0.0770502161679993));
#2856=CARTESIAN_POINT('Ctrl Pts',(0.145031366878944,-0.103546591862696,
-0.0704839391375945));
#2857=CARTESIAN_POINT('Ctrl Pts',(0.144387866977383,-0.11176442769916,-0.056546132131992));
#2858=CARTESIAN_POINT('Ctrl Pts',(0.144062554069651,-0.115192989553249,
-0.0491920697935386));
#2859=CARTESIAN_POINT('Ctrl Pts',(0.143414712834412,-0.120602952585586,
-0.0338677413422433));
#2860=CARTESIAN_POINT('Ctrl Pts',(0.143094320655546,-0.122548846296901,
-0.025928134197802));
#2861=CARTESIAN_POINT('Ctrl Pts',(0.142450034231071,-0.124863001981025,
-0.00987697911241239));
#2862=CARTESIAN_POINT('Ctrl Pts',(0.142128232779584,-0.125244793136373,
-0.00177854023549166));
#2863=CARTESIAN_POINT('Ctrl Pts',(0.141482432935006,-0.12443752363462,0.014343613720643));
#2864=CARTESIAN_POINT('Ctrl Pts',(0.141163470882052,-0.123246027917837,
0.0223436172506672));
#2865=CARTESIAN_POINT('Ctrl Pts',(0.140522619506014,-0.119333845297625,
0.0380717166031411));
#2866=CARTESIAN_POINT('Ctrl Pts',(0.140197525239519,-0.11659791136118,0.0457778853663034));
#2867=CARTESIAN_POINT('Ctrl Pts',(0.139543694627572,-0.109670592031101,
0.0605248072264031));
#2868=CARTESIAN_POINT('Ctrl Pts',(0.139224395448209,-0.105503998073317,
0.0675219598194106));
#2869=CARTESIAN_POINT('Ctrl Pts',(0.138582647273571,-0.0958799080892007,
0.0806030134993971));
#2870=CARTESIAN_POINT('Ctrl Pts',(0.138256693175457,-0.0904306601266366,
0.08666958205654));
#2871=CARTESIAN_POINT('Ctrl Pts',(0.137209164165736,-0.0711329550310253,
0.104366541381251));
#2872=CARTESIAN_POINT('Ctrl Pts',(0.136571403446411,-0.0566466624183629,
0.112357536696705));
#2873=CARTESIAN_POINT('Ctrl Pts',(0.135830213216319,-0.0392296131119914,
0.118752721536416));
#2874=CARTESIAN_POINT('Ctrl Pts',(0.135667663422108,-0.0353576071533036,
0.119963763058953));
#2875=CARTESIAN_POINT('Ctrl Pts',(0.135185062972587,-0.0236469041750047,
0.123004565447531));
#2876=CARTESIAN_POINT('Ctrl Pts',(0.134868991818912,-0.0156678950151714,
0.124268875874957));
#2877=CARTESIAN_POINT('Ctrl Pts',(0.134226649429819,0.000499194646327859,
0.125260439107578));
#2878=CARTESIAN_POINT('Ctrl Pts',(0.133898411017352,0.0086547011345584,
0.124963300750316));
#2879=CARTESIAN_POINT('Ctrl Pts',(0.133251802667588,0.0247138663365586,
0.12279676027915));
#2880=CARTESIAN_POINT('Ctrl Pts',(0.132937711763815,0.0325802623620017,
0.120945384379167));
#2881=CARTESIAN_POINT('Ctrl Pts',(0.132293970809473,0.0478992646843198,
0.115736768809319));
#2882=CARTESIAN_POINT('Ctrl Pts',(0.131967266968974,0.0553287135014799,
0.112377407324259));
#2883=CARTESIAN_POINT('Ctrl Pts',(0.130946519960958,0.0775293763643674,
0.0996058629720988));
#2884=CARTESIAN_POINT('Ctrl Pts',(0.130310393577717,0.0895829380261379,
0.0884188668436344));
#2885=CARTESIAN_POINT('Ctrl Pts',(0.129394639326363,0.103631875183138,0.070362724030778));
#2886=CARTESIAN_POINT('Ctrl Pts',(0.129075606194554,0.107954323472039,0.0635198960279619));
#2887=CARTESIAN_POINT('Ctrl Pts',(0.128595936390156,0.113420979708578,0.0526873239238636));
#2888=CARTESIAN_POINT('Ctrl Pts',(0.128434550573845,0.115080223372731,0.0489585549203598));
#2889=CARTESIAN_POINT('Ctrl Pts',(0.127950238884361,0.119468009016633,0.0376386044211232));
#2890=CARTESIAN_POINT('Ctrl Pts',(0.127623765611019,0.121654395885736,0.0298381111498317));
#2891=CARTESIAN_POINT('Ctrl Pts',(0.126984995222718,0.124478278872445,0.0139471125386732));
#2892=CARTESIAN_POINT('Ctrl Pts',(0.126669012079567,0.125116145379731,0.00589738806872946));
#2893=CARTESIAN_POINT('Ctrl Pts',(0.126021772733255,0.124834486370932,-0.0102992356013603));
#2894=CARTESIAN_POINT('Ctrl Pts',(0.125694627037185,0.123902715111378,-0.0184228471427454));
#2895=CARTESIAN_POINT('Ctrl Pts',(0.125052606441136,0.120483929947513,-0.0342548685633595));
#2896=CARTESIAN_POINT('Ctrl Pts',(0.124734388277044,0.118018787257965,-0.041947374663599));
#2897=CARTESIAN_POINT('Ctrl Pts',(0.12409021913461,0.111627856143459,-0.056827492564059));
#2898=CARTESIAN_POINT('Ctrl Pts',(0.123763243853167,0.107679283221618,-0.0640080576551987));
#2899=CARTESIAN_POINT('Ctrl Pts',(0.123115729891844,0.0984971013026289,
-0.077380741082074));
#2900=CARTESIAN_POINT('Ctrl Pts',(0.122799607752199,0.0932974053025621,
-0.0835699365324356));
#2901=CARTESIAN_POINT('Ctrl Pts',(0.122157364909956,0.0817368307561145,
-0.0949183610926724));
#2902=CARTESIAN_POINT('Ctrl Pts',(0.121829232174177,0.0753838560890091,
-0.100039611860859));
#2903=CARTESIAN_POINT('Ctrl Pts',(0.12102165235675,0.0584695847810034,-0.111141717462664));
#2904=CARTESIAN_POINT('Ctrl Pts',(0.12055079093932,0.0474485490450806,-0.116265474480622));
#2905=CARTESIAN_POINT('Ctrl Pts',(0.119580415981693,0.0242276706187465,
-0.12322868243766));
#2906=CARTESIAN_POINT('Ctrl Pts',(0.119103086074002,0.0121773562686832,
-0.12499757392466));
#2907=CARTESIAN_POINT('Ctrl Pts',(0.118619576133192,-4.53435032038714E-7,
-0.12499482415461));
#2908=CARTESIAN_POINT('Ctrl Pts',(0.164993427114461,0.0125473870148053,
0.124364657648479));
#2909=CARTESIAN_POINT('Ctrl Pts',(0.164992993404392,0.0125674668640329,
0.124362228781426));
#2910=CARTESIAN_POINT('Ctrl Pts',(0.164992559694324,0.012587546025564,0.124359795067395));
#2911=CARTESIAN_POINT('Ctrl Pts',(0.164992125984256,0.0126076244970327,
0.124357356506685));
#2912=CARTESIAN_POINT('Origin',(0.165252125984255,-1.42686768390954E-13,
8.59251564257213E-14));
#2913=CARTESIAN_POINT('Origin',(0.16499212598426,-5.23422075586073E-14,
1.37619574528831E-13));
#2914=CARTESIAN_POINT('Origin',(0.165252125984255,-3.7153132713834E-14,
0.));
#2915=CARTESIAN_POINT('Origin',(0.164992125984257,-3.75683736088709E-14,
-5.02660030834224E-16));
#2916=CARTESIAN_POINT('Origin',(0.165252125984255,-1.42687835519077E-13,
-8.59422304756817E-14));
#2917=CARTESIAN_POINT('Origin',(0.164992125984248,-5.29978510770867E-14,
-1.3764142931278E-13));
#2918=CARTESIAN_POINT('Origin',(0.165252125984255,1.42686768390954E-13,
-8.59251564257213E-14));
#2919=CARTESIAN_POINT('Origin',(0.16499212598426,5.25826101820497E-14,-1.37816267584375E-13));
#2920=CARTESIAN_POINT('Origin',(0.165252125984255,1.42687835519077E-13,
8.59422304756817E-14));
#2921=CARTESIAN_POINT('Origin',(0.164992125984248,5.32382537005292E-14,
1.38034815423868E-13));
#2922=CARTESIAN_POINT('Ctrl Pts',(0.133627129092156,-0.01996081263675,-0.1057933874624));
#2923=CARTESIAN_POINT('Ctrl Pts',(0.134129524925456,-0.009274333448703,
-0.1078096836974));
#2924=CARTESIAN_POINT('Ctrl Pts',(0.135134316592156,0.0127125754791,-0.1085786761088));
#2925=CARTESIAN_POINT('Ctrl Pts',(0.136641504092156,0.04453580813313,-0.09983748693538));
#2926=CARTESIAN_POINT('Ctrl Pts',(0.138148691592156,0.07230005130438,-0.08199788775182));
#2927=CARTESIAN_POINT('Ctrl Pts',(0.139655879092156,0.0934755806002,-0.05668571866126));
#2928=CARTESIAN_POINT('Ctrl Pts',(0.141163066592156,0.1061325136713,-0.02620769265915));
#2929=CARTESIAN_POINT('Ctrl Pts',(0.142670254092156,0.1091174410754,0.006658675696734));
#2930=CARTESIAN_POINT('Ctrl Pts',(0.144177441592156,0.1021583346386,0.03891822768343));
#2931=CARTESIAN_POINT('Ctrl Pts',(0.145684629092156,0.08588939184882,0.06763110329008));
#2932=CARTESIAN_POINT('Ctrl Pts',(0.147191816592156,0.06179322561818,0.09018065753299));
#2933=CARTESIAN_POINT('Ctrl Pts',(0.148699004092156,0.03206575530239,0.1045119181263));
#2934=CARTESIAN_POINT('Ctrl Pts',(0.150206191592156,-0.000583911767978,
0.1093188579834));
#2935=CARTESIAN_POINT('Ctrl Pts',(0.151713379092156,-0.0331803648662,0.1041634149974));
#2936=CARTESIAN_POINT('Ctrl Pts',(0.153220566592156,-0.06275304330193,0.0895154130217));
#2937=CARTESIAN_POINT('Ctrl Pts',(0.154727754092156,-0.08660694767701,0.06670974594726));
#2938=CARTESIAN_POINT('Ctrl Pts',(0.156234941592156,-0.1025682388142,0.03782472680272));
#2939=CARTESIAN_POINT('Ctrl Pts',(0.157742129092156,-0.1091823425838,0.00549268810497));
#2940=CARTESIAN_POINT('Ctrl Pts',(0.159249316592156,-0.1058465071012,-0.02733990628125));
#2941=CARTESIAN_POINT('Ctrl Pts',(0.160756504092156,-0.09286473219983,-0.05768097644307));
#2942=CARTESIAN_POINT('Ctrl Pts',(0.162263691592156,-0.07142006540585,-0.08276549872458));
#2943=CARTESIAN_POINT('Ctrl Pts',(0.163770879092156,-0.04346678913072,-0.1003074860557));
#2944=CARTESIAN_POINT('Ctrl Pts',(0.165278066592156,-0.01155232421869,-0.108708313015));
#2945=CARTESIAN_POINT('Ctrl Pts',(0.166785254092156,0.02141491999287,-0.1072024006967));
#2946=CARTESIAN_POINT('Ctrl Pts',(0.168292441592156,0.05243059293876,-0.09592698494018));
#2947=CARTESIAN_POINT('Ctrl Pts',(0.169799629092156,0.07866819343781,-0.07590960984222));
#2948=CARTESIAN_POINT('Ctrl Pts',(0.171306816592156,0.09773665230043,-0.04897448632464));
#2949=CARTESIAN_POINT('Ctrl Pts',(0.172814004092156,0.1078982347999,-0.01757624927031));
#2950=CARTESIAN_POINT('Ctrl Pts',(0.174321191592156,0.1082268988971,0.01542373630099));
#2951=CARTESIAN_POINT('Ctrl Pts',(0.175828379092156,0.09869270159433,0.04701813656278));
#2952=CARTESIAN_POINT('Ctrl Pts',(0.177335566592156,0.08016447261253,0.07432770655719));
#2953=CARTESIAN_POINT('Ctrl Pts',(0.178842754092156,0.0543308428656,0.09486369751467));
#2954=CARTESIAN_POINT('Ctrl Pts',(0.180349941592156,0.02354558863801,0.1067545938028));
#2955=CARTESIAN_POINT('Ctrl Pts',(0.181354733258856,0.001592528008678,0.1081961406452));
#2956=CARTESIAN_POINT('Ctrl Pts',(0.181857129092156,-0.00924234833234,0.107262546352));
#2957=CARTESIAN_POINT('Ctrl Pts',(0.128210461369256,-0.02105347239067,-0.1115845433043));
#2958=CARTESIAN_POINT('Ctrl Pts',(0.128712857202556,-0.009782012724504,
-0.1137112120872));
#2959=CARTESIAN_POINT('Ctrl Pts',(0.129717648869256,0.01340846496253,-0.1145222993308));
#2960=CARTESIAN_POINT('Ctrl Pts',(0.131224836369256,0.04697370913651,-0.1053026153293));
#2961=CARTESIAN_POINT('Ctrl Pts',(0.132732023869256,0.07625777375307,-0.0864864721338));
#2962=CARTESIAN_POINT('Ctrl Pts',(0.134239211369256,0.0985924566891,-0.05978870873138));
#2963=CARTESIAN_POINT('Ctrl Pts',(0.135746398869256,0.1119422333647,-0.02764230814965));
#2964=CARTESIAN_POINT('Ctrl Pts',(0.137253586369256,0.1150905564232,0.007023173229005));
#2965=CARTESIAN_POINT('Ctrl Pts',(0.138760773869256,0.1077505068021,0.04104862096238));
#2966=CARTESIAN_POINT('Ctrl Pts',(0.140267961369256,0.09059099811455,0.07133324638531));
#2967=CARTESIAN_POINT('Ctrl Pts',(0.141775148869256,0.06517580186528,0.09511716872928));
#2968=CARTESIAN_POINT('Ctrl Pts',(0.143282336369256,0.03382104257128,0.1102329260241));
#2969=CARTESIAN_POINT('Ctrl Pts',(0.144789523869256,-0.0006158752406243,
0.1153029989418));
#2970=CARTESIAN_POINT('Ctrl Pts',(0.146296711369256,-0.03499666613456,0.1098653457489));
#2971=CARTESIAN_POINT('Ctrl Pts',(0.147803898869256,-0.06618816020322,0.09441550857113));
#2972=CARTESIAN_POINT('Ctrl Pts',(0.149311086369256,-0.09134783312385,0.07036145371674));
#2973=CARTESIAN_POINT('Ctrl Pts',(0.150818273869256,-0.1081828492322,0.03989526157666));
#2974=CARTESIAN_POINT('Ctrl Pts',(0.152325461369256,-0.115159010656,0.005793359191983));
#2975=CARTESIAN_POINT('Ctrl Pts',(0.153832648869256,-0.1116405707251,-0.02883649942167));
#2976=CARTESIAN_POINT('Ctrl Pts',(0.155339836369256,-0.09794817029826,-0.06083844716699));
#2977=CARTESIAN_POINT('Ctrl Pts',(0.156847023869256,-0.07532961721175,-0.0872961023185));
#2978=CARTESIAN_POINT('Ctrl Pts',(0.158354211369256,-0.04584617177309,-0.1057983423162));
#2979=CARTESIAN_POINT('Ctrl Pts',(0.159861398869256,-0.01218470126504,-0.1146590325929));
#2980=CARTESIAN_POINT('Ctrl Pts',(0.161368586369256,0.02258717793825,-0.1130706862669));
#2981=CARTESIAN_POINT('Ctrl Pts',(0.162875773869256,0.05530065638862,-0.1011780515008));
#2982=CARTESIAN_POINT('Ctrl Pts',(0.164382961369256,0.08297450954064,-0.08006492040596));
#2983=CARTESIAN_POINT('Ctrl Pts',(0.165890148869256,0.1030867804939,-0.0516553616552));
#2984=CARTESIAN_POINT('Ctrl Pts',(0.167397336369256,0.1138046104986,-0.01853837744375));
#2985=CARTESIAN_POINT('Ctrl Pts',(0.168904523869256,0.1141512657488,0.0162680353893));
#2986=CARTESIAN_POINT('Ctrl Pts',(0.170411711369256,0.1040951641594,0.04959192083005));
#2987=CARTESIAN_POINT('Ctrl Pts',(0.171918898869256,0.08455269540245,0.07839642334915));
#2988=CARTESIAN_POINT('Ctrl Pts',(0.173426086369256,0.05730492646011,0.1000565594622));
#2989=CARTESIAN_POINT('Ctrl Pts',(0.174933273869256,0.02483447990488,0.1125983663143));
#2990=CARTESIAN_POINT('Ctrl Pts',(0.175938065535856,0.001679703380429,0.1141188237826));
#2991=CARTESIAN_POINT('Ctrl Pts',(0.176440461369256,-0.009748276735069,
0.11313412431));
#2992=CARTESIAN_POINT('Ctrl Pts',(0.122793793646256,-0.02214613214459,-0.1173756991462));
#2993=CARTESIAN_POINT('Ctrl Pts',(0.123296189479556,-0.01028969200031,-0.119612740477));
#2994=CARTESIAN_POINT('Ctrl Pts',(0.124300981146256,0.01410435444596,-0.1204659225528));
#2995=CARTESIAN_POINT('Ctrl Pts',(0.125808168646256,0.04941161013989,-0.1107677437232));
#2996=CARTESIAN_POINT('Ctrl Pts',(0.127315356146256,0.08021549620177,-0.09097505651577));
#2997=CARTESIAN_POINT('Ctrl Pts',(0.128822543646256,0.103709332778,-0.06289169880149));
#2998=CARTESIAN_POINT('Ctrl Pts',(0.130329731146256,0.117751953058,-0.02907692364016));
#2999=CARTESIAN_POINT('Ctrl Pts',(0.131836918646256,0.1210636717709,0.007387670761277));
#3000=CARTESIAN_POINT('Ctrl Pts',(0.133344106146256,0.1133426789655,0.04317901424132));
#3001=CARTESIAN_POINT('Ctrl Pts',(0.134851293646256,0.09529260438027,0.07503538948054));
#3002=CARTESIAN_POINT('Ctrl Pts',(0.136358481146256,0.06855837811238,0.1000536799256));
#3003=CARTESIAN_POINT('Ctrl Pts',(0.137865668646256,0.03557632984017,0.115953933922));
#3004=CARTESIAN_POINT('Ctrl Pts',(0.139372856146256,-0.0006478387132695,
0.1212871399002));
#3005=CARTESIAN_POINT('Ctrl Pts',(0.140880043646256,-0.03681296740293,0.1155672765004));
#3006=CARTESIAN_POINT('Ctrl Pts',(0.142387231146256,-0.06962327710451,0.09931560412057));
#3007=CARTESIAN_POINT('Ctrl Pts',(0.143894418646256,-0.09608871857069,0.07401316148623));
#3008=CARTESIAN_POINT('Ctrl Pts',(0.145401606146256,-0.1137974596503,0.04196579635059));
#3009=CARTESIAN_POINT('Ctrl Pts',(0.146908793646256,-0.1211356787281,0.006094030278997));
#3010=CARTESIAN_POINT('Ctrl Pts',(0.148415981146256,-0.117434634349,-0.0303330925621));
#3011=CARTESIAN_POINT('Ctrl Pts',(0.149923168646256,-0.1030316083967,-0.06399591789091));
#3012=CARTESIAN_POINT('Ctrl Pts',(0.151430356146256,-0.07923916901766,-0.09182670591241));
#3013=CARTESIAN_POINT('Ctrl Pts',(0.152937543646256,-0.04822555441545,-0.1112891985766));
#3014=CARTESIAN_POINT('Ctrl Pts',(0.154444731146256,-0.0128170783114,-0.1206097521708));
#3015=CARTESIAN_POINT('Ctrl Pts',(0.155951918646256,0.02375943588363,-0.1189389718371));
#3016=CARTESIAN_POINT('Ctrl Pts',(0.157459106146256,0.05817071983849,-0.1064291180614));
#3017=CARTESIAN_POINT('Ctrl Pts',(0.158966293646256,0.08728082564347,-0.08422023096971));
#3018=CARTESIAN_POINT('Ctrl Pts',(0.160473481146256,0.1084369086873,-0.05433623698577));
#3019=CARTESIAN_POINT('Ctrl Pts',(0.161980668646256,0.1197109861974,-0.01950050561719));
#3020=CARTESIAN_POINT('Ctrl Pts',(0.163487856146256,0.1200756326004,0.01711233447761));
#3021=CARTESIAN_POINT('Ctrl Pts',(0.164995043646256,0.1094976267244,0.05216570509733));
#3022=CARTESIAN_POINT('Ctrl Pts',(0.166502231146256,0.08894091819238,0.08246514014111));
#3023=CARTESIAN_POINT('Ctrl Pts',(0.168009418646256,0.06027901005461,0.1052494214097));
#3024=CARTESIAN_POINT('Ctrl Pts',(0.169516606146256,0.02612337117176,0.1184421388258));
#3025=CARTESIAN_POINT('Ctrl Pts',(0.170521397812956,0.001766878752184,0.1200415069201));
#3026=CARTESIAN_POINT('Ctrl Pts',(0.171023793646256,-0.01025420513779,0.119005702268));
#3027=CARTESIAN_POINT('Ctrl Pts',(0.117377125923356,-0.0232387918985,-0.1231668549882));
#3028=CARTESIAN_POINT('Ctrl Pts',(0.117879521756656,-0.01079737127611,-0.1255142688668));
#3029=CARTESIAN_POINT('Ctrl Pts',(0.118884313423356,0.01480024392939,-0.1264095457748));
#3030=CARTESIAN_POINT('Ctrl Pts',(0.120391500923356,0.05184951114327,-0.1162328721171));
#3031=CARTESIAN_POINT('Ctrl Pts',(0.121898688423356,0.08417321865046,-0.09546364089775));
#3032=CARTESIAN_POINT('Ctrl Pts',(0.123405875923356,0.1088262088669,-0.0659946888716));
#3033=CARTESIAN_POINT('Ctrl Pts',(0.124913063423356,0.1235616727514,-0.03051153913067));
#3034=CARTESIAN_POINT('Ctrl Pts',(0.126420250923356,0.1270367871187,0.007752168293548));
#3035=CARTESIAN_POINT('Ctrl Pts',(0.127927438423356,0.118934851129,0.04530940752026));
#3036=CARTESIAN_POINT('Ctrl Pts',(0.129434625923356,0.099994210646,0.07873753257577));
#3037=CARTESIAN_POINT('Ctrl Pts',(0.130941813423356,0.07194095435948,0.1049901911219));
#3038=CARTESIAN_POINT('Ctrl Pts',(0.132449000923356,0.03733161710906,0.1216749418198));
#3039=CARTESIAN_POINT('Ctrl Pts',(0.133956188423356,-0.0006798021859158,
0.1272712808587));
#3040=CARTESIAN_POINT('Ctrl Pts',(0.135463375923356,-0.03862926867129,0.1212692072519));
#3041=CARTESIAN_POINT('Ctrl Pts',(0.136970563423356,-0.07305839400581,0.10421569967));
#3042=CARTESIAN_POINT('Ctrl Pts',(0.138477750923356,-0.1008296040175,0.07766486925571));
#3043=CARTESIAN_POINT('Ctrl Pts',(0.139984938423356,-0.1194120700683,0.04403633112453));
#3044=CARTESIAN_POINT('Ctrl Pts',(0.141492125923356,-0.1271123468003,0.006394701366009));
#3045=CARTESIAN_POINT('Ctrl Pts',(0.142999313423356,-0.1232286979729,-0.03182968570252));
#3046=CARTESIAN_POINT('Ctrl Pts',(0.144506500923356,-0.1081150464951,-0.06715338861484));
#3047=CARTESIAN_POINT('Ctrl Pts',(0.146013688423356,-0.08314872082357,-0.09635730950633));
#3048=CARTESIAN_POINT('Ctrl Pts',(0.147520875923356,-0.05060493705781,-0.1167800548371));
#3049=CARTESIAN_POINT('Ctrl Pts',(0.149028063423356,-0.01344945535775,-0.1265604717487));
#3050=CARTESIAN_POINT('Ctrl Pts',(0.150535250923356,0.02493169382901,-0.1248072574072));
#3051=CARTESIAN_POINT('Ctrl Pts',(0.152042438423356,0.06104078328836,-0.111680184622));
#3052=CARTESIAN_POINT('Ctrl Pts',(0.153549625923356,0.0915871417463,-0.08837554153346));
#3053=CARTESIAN_POINT('Ctrl Pts',(0.155056813423356,0.1137870368807,-0.05701711231634));
#3054=CARTESIAN_POINT('Ctrl Pts',(0.156564000923356,0.1256173618961,-0.02046263379063));
#3055=CARTESIAN_POINT('Ctrl Pts',(0.158071188423356,0.125999999452,0.01795663356593));
#3056=CARTESIAN_POINT('Ctrl Pts',(0.159578375923356,0.1149000892895,0.05473948936461));
#3057=CARTESIAN_POINT('Ctrl Pts',(0.161085563423356,0.09332914098231,0.08653385693307));
#3058=CARTESIAN_POINT('Ctrl Pts',(0.162592750923356,0.06325309364911,0.1104422833572));
#3059=CARTESIAN_POINT('Ctrl Pts',(0.164099938423356,0.02741226243863,0.1242859113374));
#3060=CARTESIAN_POINT('Ctrl Pts',(0.165104730089956,0.001854054123935,0.1259641900575));
#3061=CARTESIAN_POINT('Ctrl Pts',(0.165607125923356,-0.01076013354052,0.124877280226));
#3062=CARTESIAN_POINT('',(0.164992125984256,-0.0108413509305967,-0.10745099996767));
#3063=CARTESIAN_POINT('Ctrl Pts',(0.164992125984256,0.0126076244970992,
0.124357356506675));
#3064=CARTESIAN_POINT('Ctrl Pts',(0.164992125984256,0.0208805797751662,
0.123156314121218));
#3065=CARTESIAN_POINT('Ctrl Pts',(0.164992125984253,0.029001221557199,0.121131823172742));
#3066=CARTESIAN_POINT('Ctrl Pts',(0.164992125984253,0.0446887081431855,
0.115475305730048));
#3067=CARTESIAN_POINT('Ctrl Pts',(0.164992125984257,0.0522167202893663,
0.111874521240571));
#3068=CARTESIAN_POINT('Ctrl Pts',(0.164992125984257,0.0727835643694433,
0.099325776717379));
#3069=CARTESIAN_POINT('Ctrl Pts',(0.164992125984256,0.0846245581173245,
0.0885106749535212));
#3070=CARTESIAN_POINT('Ctrl Pts',(0.164992125984256,0.10323430308328,0.0631479599727676));
#3071=CARTESIAN_POINT('Ctrl Pts',(0.164992125984257,0.109961327961771,0.0488711033914112));
#3072=CARTESIAN_POINT('Ctrl Pts',(0.164992125984257,0.117631032235963,0.0178461564697898));
#3073=CARTESIAN_POINT('Ctrl Pts',(0.164992125984255,0.117998216695895,0.00243343099855249));
#3074=CARTESIAN_POINT('Ctrl Pts',(0.164992125984255,0.113711299240824,-0.0265750383680799));
#3075=CARTESIAN_POINT('Ctrl Pts',(0.164992125984255,0.108651190784978,-0.0408526798575438));
#3076=CARTESIAN_POINT('Ctrl Pts',(0.164992125984255,0.094190350302543,-0.0651753353705275));
#3077=CARTESIAN_POINT('Ctrl Pts',(0.164992125984254,0.0846758946834148,
-0.0766231944289813));
#3078=CARTESIAN_POINT('Ctrl Pts',(0.164992125984254,0.0603163265074002,
-0.0950115203062257));
#3079=CARTESIAN_POINT('Ctrl Pts',(0.164992125984254,0.0471593917509301,
-0.101419111867567));
#3080=CARTESIAN_POINT('Ctrl Pts',(0.164992125984254,0.0259230327519324,
-0.106985101273358));
#3081=CARTESIAN_POINT('Ctrl Pts',(0.164992125984254,0.0185763081341431,
-0.108133958607952));
#3082=CARTESIAN_POINT('Ctrl Pts',(0.164992125984254,0.0038055535821974,
-0.108911566381119));
#3083=CARTESIAN_POINT('Ctrl Pts',(0.164992125984256,-0.00357442975026814,
-0.108556950910651));
#3084=CARTESIAN_POINT('Ctrl Pts',(0.164992125984256,-0.0108415379568772,
-0.107454324227297));
#3085=CARTESIAN_POINT('Ctrl Pts',(0.164993784993553,-0.01084127433671,-0.107449475031924));
#3086=CARTESIAN_POINT('Ctrl Pts',(0.164993231990454,-0.0108632560148164,
-0.107447769338144));
#3087=CARTESIAN_POINT('Ctrl Pts',(0.164992678987355,-0.0108852373198238,
-0.107446056939325));
#3088=CARTESIAN_POINT('Ctrl Pts',(0.164992125984256,-0.0109072182475667,
-0.107444337835415));
#3089=CARTESIAN_POINT('Origin',(0.164992125984256,0.1961728714187,-0.195));
#3090=CARTESIAN_POINT('Origin',(0.0246,9.41132305098564E-14,-7.22860664191099E-34));
#3091=CARTESIAN_POINT('',(0.0449993475384082,-0.124999999999831,-5.65405355279524E-8));
#3092=CARTESIAN_POINT('',(0.045,9.40957964177926E-14,0.124999999999939));
#3093=CARTESIAN_POINT('Origin',(0.045,9.41132305098564E-14,-7.22860664191099E-34));
#3094=CARTESIAN_POINT('',(0.025,9.40978807384538E-14,0.124999999999939));
#3095=CARTESIAN_POINT('',(0.0246,9.40979224248671E-14,0.124999999999939));
#3096=CARTESIAN_POINT('Origin',(0.025,-9.41132305098564E-14,0.));
#3097=CARTESIAN_POINT('',(0.0450160314147848,-0.12500110476882,-0.00115966399697811));
#3098=CARTESIAN_POINT('Origin',(0.045,9.41132305098564E-14,-7.22860664191099E-34));
#3099=CARTESIAN_POINT('Ctrl Pts',(0.0450447695517994,-0.124994631760643,
-0.00115846060891097));
#3100=CARTESIAN_POINT('Ctrl Pts',(0.0450370983548843,-0.12499641872179,
-0.000965652542055011));
#3101=CARTESIAN_POINT('Ctrl Pts',(0.045029428226632,-0.124997759562501,
-0.000772840542571333));
#3102=CARTESIAN_POINT('Ctrl Pts',(0.0450140700624159,-0.124999551312195,
-0.00038670916523894));
#3103=CARTESIAN_POINT('Ctrl Pts',(0.0450063820530212,-0.124999999889791,
-0.000193390307416323));
#3104=CARTESIAN_POINT('Ctrl Pts',(0.0449986950768163,-0.124999999999825,
-7.11477705927157E-8));
#3105=CARTESIAN_POINT('Origin',(-0.06886548989989,-2.42216741250748E-14,
2.03693416027592E-14));
#3106=CARTESIAN_POINT('',(0.025,-0.21900000000008,2.03454739986891E-14));
#3107=CARTESIAN_POINT('Origin',(0.025,-2.03693416027592E-14,2.42216741250748E-14));
#3108=CARTESIAN_POINT('',(-0.06702499009793,-0.21900000000008,2.03425797233643E-14));
#3109=CARTESIAN_POINT('',(-0.06886548989989,-0.21900000000008,2.03425218378578E-14));
#3110=CARTESIAN_POINT('Origin',(-0.06702499009793,-2.42217971380377E-14,
2.03693994882657E-14));
#3111=CARTESIAN_POINT('',(-0.0385999999999945,0.212000000000026,0.0549272245794465));
#3112=CARTESIAN_POINT('',(-0.0385999999999909,0.212000000000006,-0.0549272245794415));
#3113=CARTESIAN_POINT('Ctrl Pts',(-0.0386000000000099,0.211999999999954,
-0.0549272245797204));
#3114=CARTESIAN_POINT('Ctrl Pts',(-0.0385999999999678,0.216477595509006,
-0.0376452618520964));
#3115=CARTESIAN_POINT('Ctrl Pts',(-0.0414585715714415,0.219000000000031,
-0.0174092978852715));
#3116=CARTESIAN_POINT('Ctrl Pts',(-0.0414585715714416,0.219000000000031,
0.0174092978852082));
#3117=CARTESIAN_POINT('Ctrl Pts',(-0.0386000000000043,0.216477595509042,
0.037645261851895));
#3118=CARTESIAN_POINT('Ctrl Pts',(-0.0386000000000102,0.212000000000035,
0.054927224579449));
#3119=CARTESIAN_POINT('',(-0.03859999999999,0.195620964248334,-0.0984552606342613));
#3120=CARTESIAN_POINT('Origin',(-0.03859999999999,-2.03693416027592E-14,
2.42216741250748E-14));
#3121=CARTESIAN_POINT('',(-0.026,0.195620964248331,-0.0984552606342648));
#3122=CARTESIAN_POINT('',(-0.0210124950489665,0.195620964248321,-0.0984552606342708));
#3123=CARTESIAN_POINT('',(-0.0259999999999798,0.212000000000013,-0.0549272245794953));
#3124=CARTESIAN_POINT('Origin',(-0.026,-2.42245391136587E-14,2.03706897640528E-14));
#3125=CARTESIAN_POINT('',(-0.026,0.212000000000018,0.0549272245795169));
#3126=CARTESIAN_POINT('Ctrl Pts',(-0.0259999999999576,0.212000000000013,
-0.0549272245794953));
#3127=CARTESIAN_POINT('Ctrl Pts',(-0.0259999999999595,0.213467251057718,
-0.0492641453575832));
#3128=CARTESIAN_POINT('Ctrl Pts',(-0.0261417748904678,0.2147317682098,-0.0434371784343057));
#3129=CARTESIAN_POINT('Ctrl Pts',(-0.0266875023512335,0.217971613191749,
-0.0248294607079726));
#3130=CARTESIAN_POINT('Ctrl Pts',(-0.0271113983702743,0.219000000000031,
-0.0118682961398745));
#3131=CARTESIAN_POINT('Ctrl Pts',(-0.0271113983702743,0.219000000000031,
0.0118682961399157));
#3132=CARTESIAN_POINT('Ctrl Pts',(-0.0266875023512335,0.217971613191749,
0.0248294607080139));
#3133=CARTESIAN_POINT('Ctrl Pts',(-0.0261417748904681,0.214731768209801,
0.0434371784343401));
#3134=CARTESIAN_POINT('Ctrl Pts',(-0.0259999999999599,0.213467251057721,
0.049264145357611));
#3135=CARTESIAN_POINT('Ctrl Pts',(-0.0259999999999577,0.212000000000018,
0.0549272245795169));
#3136=CARTESIAN_POINT('',(-0.026,0.199498978231727,0.0903391259893371));
#3137=CARTESIAN_POINT('Origin',(-0.026,-2.42245391136587E-14,2.03706897640528E-14));
#3138=CARTESIAN_POINT('',(-0.03859999999999,0.199498978231727,0.0903391259893371));
#3139=CARTESIAN_POINT('',(-0.0210124950489665,0.19949897823173,0.0903391259893436));
#3140=CARTESIAN_POINT('Origin',(-0.03859999999999,-2.42236969710344E-14,
2.03702934818141E-14));
#3141=CARTESIAN_POINT('Origin',(0.0609375,4.60966054533422E-12,1.5725566838822E-14));
#3142=CARTESIAN_POINT('',(0.06062500290334,-0.104999295840747,-6.98262248720534E-8));
#3143=CARTESIAN_POINT('Ctrl Pts',(0.0606250020663175,-0.104999997355032,
-8.71187311604308E-8));
#3144=CARTESIAN_POINT('Ctrl Pts',(0.0606090532883929,-0.105020412348687,
0.000672336678219738));
#3145=CARTESIAN_POINT('Ctrl Pts',(0.0605966246310513,-0.105031122445275,
0.00119691839977953));
#3146=CARTESIAN_POINT('Ctrl Pts',(0.0605687208956543,-0.105046867789961,
0.00237521195872832));
#3147=CARTESIAN_POINT('Ctrl Pts',(0.0605546516282743,-0.105049758818601,
0.00296967596387032));
#3148=CARTESIAN_POINT('Ctrl Pts',(0.0605124348044159,-0.105043289069234,
0.00475395902940116));
#3149=CARTESIAN_POINT('Ctrl Pts',(0.0604843011567092,-0.10501875747566,
0.0059436761193056));
#3150=CARTESIAN_POINT('Ctrl Pts',(0.0603998223042448,-0.10488451882826,
0.00951441138667444));
#3151=CARTESIAN_POINT('Ctrl Pts',(0.060343490256198,-0.104714074052805,
0.0118927650587672));
#3152=CARTESIAN_POINT('Ctrl Pts',(0.0601741041752082,-0.103959649583068,
0.0190209436509332));
#3153=CARTESIAN_POINT('Ctrl Pts',(0.0600616384624641,-0.103132993986412,
0.0237359667959109));
#3154=CARTESIAN_POINT('Ctrl Pts',(0.0597227289241961,-0.0996865679366961,
0.0377393597276187));
#3155=CARTESIAN_POINT('Ctrl Pts',(0.0594981325949234,-0.096115945120191,
0.0467378583038399));
#3156=CARTESIAN_POINT('Ctrl Pts',(0.0589467966414589,-0.0845276474939899,
0.0673133335012983));
#3157=CARTESIAN_POINT('Ctrl Pts',(0.0586263611614594,-0.0753390659986355,
0.0780253642429438));
#3158=CARTESIAN_POINT('Ctrl Pts',(0.0579773757111159,-0.0532681096386552,
0.0954491959295473));
#3159=CARTESIAN_POINT('Ctrl Pts',(0.0576569232126135,-0.0405537744192531,
0.101943007536815));
#3160=CARTESIAN_POINT('Ctrl Pts',(0.0570078793590513,-0.0132055954822984,
0.109767193926815));
#3161=CARTESIAN_POINT('Ctrl Pts',(0.0566874062012266,0.00118549646005019,
0.11095849709037));
#3162=CARTESIAN_POINT('Ctrl Pts',(0.056038312024926,0.0297795057428079,
0.107771707381789));
#3163=CARTESIAN_POINT('Ctrl Pts',(0.0557178150900261,0.0437004017408019,
0.103357779396078));
#3164=CARTESIAN_POINT('Ctrl Pts',(0.0550686783465521,0.0692259269718614,
0.0893913676049817));
#3165=CARTESIAN_POINT('Ctrl Pts',(0.0547481547292517,0.0805520281424724,
0.0799152171944286));
#3166=CARTESIAN_POINT('Ctrl Pts',(0.0540989829018711,0.0990628812037659,
0.0570458278216558));
#3167=CARTESIAN_POINT('Ctrl Pts',(0.0537784298791543,0.106016182099261,
0.0438327304999354));
#3168=CARTESIAN_POINT('Ctrl Pts',(0.0531292302250994,0.114544054395511,
0.0153337737713546));
#3169=CARTESIAN_POINT('Ctrl Pts',(0.0528086452674513,0.115971825690895,
0.000306981081315244));
#3170=CARTESIAN_POINT('Ctrl Pts',(0.0521594419169984,0.113000646175784,
-0.0296179334772084));
#3171=CARTESIAN_POINT('Ctrl Pts',(0.0518388389936663,0.108565324323123,
-0.0442161195212207));
#3172=CARTESIAN_POINT('Ctrl Pts',(0.0511896366300637,0.0942954448903048,
-0.0710549328630212));
#3173=CARTESIAN_POINT('Ctrl Pts',(0.0508689951138758,0.0845432858343983,
-0.0830002127926707));
#3174=CARTESIAN_POINT('Ctrl Pts',(0.0502197816567902,0.0608960525521371,
-0.102612471240233));
#3175=CARTESIAN_POINT('Ctrl Pts',(0.0498990993932644,0.0471931264031254,
-0.110034854562162));
#3176=CARTESIAN_POINT('Ctrl Pts',(0.0492498809442741,0.0175571855721644,
-0.11928853585524));
#3177=CARTESIAN_POINT('Ctrl Pts',(0.0489291561092786,0.00189928988194024,
-0.120965535246731));
#3178=CARTESIAN_POINT('Ctrl Pts',(0.0482799378965512,-0.0293539883446591,
-0.118236462811531));
#3179=CARTESIAN_POINT('Ctrl Pts',(0.0479591752143456,-0.0446316603590333,
-0.113792985360578));
#3180=CARTESIAN_POINT('Ctrl Pts',(0.0474738726193019,-0.0656828711772587,
-0.10291723508366));
#3181=CARTESIAN_POINT('Ctrl Pts',(0.0473126274639588,-0.0723498385297483,
-0.0985999461724321));
#3182=CARTESIAN_POINT('Ctrl Pts',(0.0469888153926051,-0.0847879127261841,
-0.0887102780332473));
#3183=CARTESIAN_POINT('Ctrl Pts',(0.0468277833301773,-0.0905203683077611,
-0.0831565276619109));
#3184=CARTESIAN_POINT('Ctrl Pts',(0.0463956286394846,-0.104322111376587,
-0.0669085097383428));
#3185=CARTESIAN_POINT('Ctrl Pts',(0.0461259202362239,-0.111250491440228,
-0.0553988114477469));
#3186=CARTESIAN_POINT('Ctrl Pts',(0.0455923617065828,-0.121206396513061,
-0.0304437399027179));
#3187=CARTESIAN_POINT('Ctrl Pts',(0.0453204585045395,-0.124139523660952,
-0.0171422603870089));
#3188=CARTESIAN_POINT('Ctrl Pts',(0.0450335397475754,-0.124927705328217,
-0.00283553771042008));
#3189=CARTESIAN_POINT('Ctrl Pts',(0.0450167870832012,-0.124965355627269,
-0.00199779994619766));
#3190=CARTESIAN_POINT('Ctrl Pts',(0.0450000852471615,-0.124994510660682,
-0.00115975239152519));
#3191=CARTESIAN_POINT('',(0.0449995943567873,-0.124999683087009,-1.61296438029051E-8));
#3192=CARTESIAN_POINT('Origin',(-0.07679150019803,6.45505801315435E-15,
2.0574230202284E-15));
#3193=CARTESIAN_POINT('',(-0.07659999999999,0.117043199215524,-0.0777247677217115));
#3194=CARTESIAN_POINT('',(-0.07659999999999,-0.00879002374246962,0.140224767721711));
#3195=CARTESIAN_POINT('Origin',(-0.07659999999999,6.45506891440289E-15,
2.05742931406718E-15));
#3196=CARTESIAN_POINT('',(-0.06702499009793,-0.00879002374247482,0.140224767721713));
#3197=CARTESIAN_POINT('',(-0.07181249504896,-0.00879002374246203,0.140224767721709));
#3198=CARTESIAN_POINT('',(-0.06702499009793,0.117043199215524,-0.0777247677217373));
#3199=CARTESIAN_POINT('Origin',(-0.06702499009793,6.45561397683012E-15,
2.05774400600626E-15));
#3200=CARTESIAN_POINT('',(-0.07181249504896,0.117043199215526,-0.0777247677217264));
#3201=CARTESIAN_POINT('Origin',(-0.233836040366595,-0.101048918084913,-0.175021860172954));
#3202=CARTESIAN_POINT('',(-0.233862381539348,-0.0727777827029071,-0.191054817303947));
#3203=CARTESIAN_POINT('Origin',(-0.233862381539348,-0.10092360832605,-0.174804817303919));
#3204=CARTESIAN_POINT('',(-0.235179440176501,-0.0665122947621064,-0.180202673856232));
#3205=CARTESIAN_POINT('',(-0.233836040366595,-0.0729030924617701,-0.191271860172983));
#3206=CARTESIAN_POINT('Origin',(-0.235179440176501,-0.0946581203852497,
-0.163952673856203));
#3207=CARTESIAN_POINT('Origin',(0.2040300076989,-5.33557757497412E-17,-9.79175422666584E-14));
#3208=CARTESIAN_POINT('',(0.204500136708686,-0.0992495694645138,-0.0759900571389132));
#3209=CARTESIAN_POINT('',(0.207061771616274,-8.06164829913342E-17,-0.12243822838384));
#3210=CARTESIAN_POINT('Ctrl Pts',(0.204500352214667,-0.0992494041882585,
-0.0759899185073422));
#3211=CARTESIAN_POINT('Ctrl Pts',(0.204824531754058,-0.0901422297102785,
-0.0873514165783343));
#3212=CARTESIAN_POINT('Ctrl Pts',(0.205148198378347,-0.0791280199026524,
-0.0970231696374781));
#3213=CARTESIAN_POINT('Ctrl Pts',(0.205801633679373,-0.054357952942195,
-0.112047138867198));
#3214=CARTESIAN_POINT('Ctrl Pts',(0.2061253857256,-0.0407757128526761,-0.117335896063871));
#3215=CARTESIAN_POINT('Ctrl Pts',(0.206657346873593,-0.0178074995783943,
-0.121873928334778));
#3216=CARTESIAN_POINT('Ctrl Pts',(0.206858345712115,-0.00889345349480833,
-0.122641654287999));
#3217=CARTESIAN_POINT('Ctrl Pts',(0.207061771616274,1.31400033607795E-16,
-0.12243822838384));
#3218=CARTESIAN_POINT('',(0.22800000000001,-6.57859407610852E-17,-0.101500000000084));
#3219=CARTESIAN_POINT('',(0.2040300076989,-6.87214181958021E-17,-0.125469992301217));
#3220=CARTESIAN_POINT('Origin',(0.22800000000001,-5.33557757497412E-17,
-9.79175422666584E-14));
#3221=CARTESIAN_POINT('',(0.22450021628426,-0.00395866558417889,-0.104925133057648));
#3222=CARTESIAN_POINT('Ctrl Pts',(0.207061771616274,7.78576678194315E-17,
-0.12243822838384));
#3223=CARTESIAN_POINT('Ctrl Pts',(0.207222125961183,0.00701043416782195,
-0.122277874038931));
#3224=CARTESIAN_POINT('Ctrl Pts',(0.207382145300609,0.0140081566491935,
-0.1215159072313));
#3225=CARTESIAN_POINT('Ctrl Pts',(0.207902918604336,0.0363896607127746,
-0.117090865564009));
#3226=CARTESIAN_POINT('Ctrl Pts',(0.208262658372721,0.0511298187236854,
-0.111054855914848));
#3227=CARTESIAN_POINT('Ctrl Pts',(0.208992313985516,0.0774204149229468,
-0.0936778926516521));
#3228=CARTESIAN_POINT('Ctrl Pts',(0.20935354455023,0.0887184191404945,-0.0825304266380435));
#3229=CARTESIAN_POINT('Ctrl Pts',(0.210078468472914,0.106229657936568,-0.0567108337903098));
#3230=CARTESIAN_POINT('Ctrl Pts',(0.210437055097961,0.112347233988451,-0.0423472950930232));
#3231=CARTESIAN_POINT('Ctrl Pts',(0.211166131660794,0.118721503640563,-0.0120998012584714));
#3232=CARTESIAN_POINT('Ctrl Pts',(0.211527606607653,0.118927669915412,0.00349388780403402));
#3233=CARTESIAN_POINT('Ctrl Pts',(0.212253156531928,0.113345201960526,0.0336203735843448));
#3234=CARTESIAN_POINT('Ctrl Pts',(0.212611004055089,0.107714751705732,0.0478602932869168));
#3235=CARTESIAN_POINT('Ctrl Pts',(0.213338768262784,0.091330181889437,0.0733565550124181));
#3236=CARTESIAN_POINT('Ctrl Pts',(0.213700230619994,0.080727901363907,0.0843932882307046));
#3237=CARTESIAN_POINT('Ctrl Pts',(0.214428926639526,0.0559808244095082,
0.101649964232802));
#3238=CARTESIAN_POINT('Ctrl Pts',(0.214788840798398,0.0421370274652628,
0.107736960025446));
#3239=CARTESIAN_POINT('Ctrl Pts',(0.215515379515743,0.0131116926533498,
0.114185067018011));
#3240=CARTESIAN_POINT('Ctrl Pts',(0.215875141201818,-0.00181961845144906,
0.114568564525738));
#3241=CARTESIAN_POINT('Ctrl Pts',(0.216602241246352,-0.0308925316154767,
0.109579642647078));
#3242=CARTESIAN_POINT('Ctrl Pts',(0.216961964450973,-0.044733451220763,
0.104301366010401));
#3243=CARTESIAN_POINT('Ctrl Pts',(0.217687495394506,-0.0694764506024585,
0.088802966684372));
#3244=CARTESIAN_POINT('Ctrl Pts',(0.218048519417012,-0.0801935474002089,
0.0787530978100901));
#3245=CARTESIAN_POINT('Ctrl Pts',(0.21877688357962,-0.0970450504448294,
0.0552172558076613));
#3246=CARTESIAN_POINT('Ctrl Pts',(0.219136319973074,-0.10305970825381,0.0420147011144028));
#3247=CARTESIAN_POINT('Ctrl Pts',(0.219861744940848,-0.109658734812705,
0.014125501034602));
#3248=CARTESIAN_POINT('Ctrl Pts',(0.220223139891963,-0.110207103746909,
-0.000293992946126427));
#3249=CARTESIAN_POINT('Ctrl Pts',(0.220952228893358,-0.105729816352944,
-0.0283217486843988));
#3250=CARTESIAN_POINT('Ctrl Pts',(0.221311378648755,-0.100832593733068,
-0.0416606823896042));
#3251=CARTESIAN_POINT('Ctrl Pts',(0.222036879877652,-0.0862178808728161,
-0.0656603158785563));
#3252=CARTESIAN_POINT('Ctrl Pts',(0.222397913178169,-0.0766625847934158,
-0.0760923901129873));
#3253=CARTESIAN_POINT('Ctrl Pts',(0.223054450535366,-0.0564713417927641,
-0.0909013581408004));
#3254=CARTESIAN_POINT('Ctrl Pts',(0.223341652309102,-0.0466113782542953,
-0.0960149289709896));
#3255=CARTESIAN_POINT('Ctrl Pts',(0.223922221436657,-0.0257542945637634,
-0.102971017761012));
#3256=CARTESIAN_POINT('Ctrl Pts',(0.224209802074172,-0.0149039657759262,
-0.104802802130653));
#3257=CARTESIAN_POINT('Ctrl Pts',(0.224500620078762,-0.00395867180911471,
-0.104924728741));
#3258=CARTESIAN_POINT('Ctrl Pts',(0.22450021628426,-0.00395866558417889,
-0.104925133057648));
#3259=CARTESIAN_POINT('Ctrl Pts',(0.222833407258926,-0.0117129521914418,
-0.106300570528426));
#3260=CARTESIAN_POINT('Ctrl Pts',(0.221166671133987,-0.0198040796749121,
-0.106812580413705));
#3261=CARTESIAN_POINT('Ctrl Pts',(0.219499971163466,-0.0280260412183973,
-0.106369861134086));
#3262=CARTESIAN_POINT('Ctrl Pts',(0.217833271192946,-0.0362480027618825,
-0.105927141854466));
#3263=CARTESIAN_POINT('Ctrl Pts',(0.216166607376843,-0.0446000277627843,
-0.104529228341834));
#3264=CARTESIAN_POINT('Ctrl Pts',(0.214499942969181,-0.0528529167226647,
-0.1021351179126));
#3265=CARTESIAN_POINT('Ctrl Pts',(0.21283328245849,-0.061105786385758,-0.0997410130812404));
#3266=CARTESIAN_POINT('Ctrl Pts',(0.211166622248393,-0.0692586166455483,
-0.0963504532122544));
#3267=CARTESIAN_POINT('Ctrl Pts',(0.209499981488455,-0.0770713878480127,
-0.0919782888402133));
#3268=CARTESIAN_POINT('Ctrl Pts',(0.207833340728517,-0.0848841590504771,
-0.0876061244681721));
#3269=CARTESIAN_POINT('Ctrl Pts',(0.206166719418739,-0.0923559309590054,
-0.0822522980255854));
#3270=CARTESIAN_POINT('Ctrl Pts',(0.204500136708686,-0.0992495694645138,
-0.0759900571389132));
#3271=CARTESIAN_POINT('Origin',(-0.0726000000000109,-3.41480999208033E-17,
2.28237362845669E-14));
#3272=CARTESIAN_POINT('',(-0.0766000000000016,0.0724999999999998,-1.39383253233192E-15));
#3273=CARTESIAN_POINT('',(-0.0766000000000015,-4.30267892146241E-17,-0.0724999999999979));
#3274=CARTESIAN_POINT('Origin',(-0.0766000000000013,1.00951230688911E-31,
-2.29165764312266E-16));
#3275=CARTESIAN_POINT('',(-0.076599999999984,-4.78264048514841E-17,-0.111691835884448));
#3276=CARTESIAN_POINT('Origin',(-0.0726000000000109,-4.5426597033049E-17,
-0.0920959179421807));
#3277=CARTESIAN_POINT('Origin',(-0.076599999999984,-3.41480999208033E-17,
2.28237362845669E-14));
#3278=CARTESIAN_POINT('Origin',(-0.0766000000000013,1.00951230688911E-31,
-2.29165764312266E-16));
#3279=CARTESIAN_POINT('Origin',(-0.119232505058142,-0.0882402204191233,
0.152836545036936));
#3280=CARTESIAN_POINT('',(-0.119288531945428,-0.116269361651699,0.136384441744367));
#3281=CARTESIAN_POINT('Origin',(-0.119288531945428,-0.0881235360287554,
0.152634441744369));
#3282=CARTESIAN_POINT('',(-0.122089876311693,-0.110435142129229,0.126279277108958));
#3283=CARTESIAN_POINT('',(-0.119232505058142,-0.116386046042067,0.136586545036934));
#3284=CARTESIAN_POINT('Origin',(-0.122089876311693,-0.0822893165062852,
0.14252927710896));
#3285=CARTESIAN_POINT('Origin',(0.2208418113221,3.78825755672778E-17,-1.1711731144713E-15));
#3286=CARTESIAN_POINT('',(0.2150096189432,0.0724999999999996,-1.18424358275665E-15));
#3287=CARTESIAN_POINT('',(0.215009618943203,-2.86204019664098E-17,0.0724999999999914));
#3288=CARTESIAN_POINT('Origin',(0.2150096189432,9.12383513170485E-17,-1.18504578006413E-15));
#3289=CARTESIAN_POINT('',(0.2208418113221,0.0724999999999996,-1.18005180376512E-15));
#3290=CARTESIAN_POINT('Origin',(0.2150096189432,9.12383513170485E-17,-1.18504578006413E-15));
#3291=CARTESIAN_POINT('Origin',(0.2147498113221,-1.97417126725932E-17,5.18304129110442E-15));
#3292=CARTESIAN_POINT('',(0.22799999999999,-2.95388870657742E-17,0.0800000000000229));
#3293=CARTESIAN_POINT('',(0.2147498113221,-2.86020322644248E-17,0.0723500000000094));
#3294=CARTESIAN_POINT('Origin',(0.22799999999999,-1.97417126725932E-17,
5.18304129110442E-15));
#3295=CARTESIAN_POINT('Origin',(0.025,-0.22776,0.2277757939969));
#3296=CARTESIAN_POINT('Origin',(-0.06702499009793,0.22776,-0.2277757939969));
#3297=CARTESIAN_POINT('',(-0.06702499009793,-0.117043199215524,0.0777247677217373));
#3298=CARTESIAN_POINT('',(-0.06702499009793,0.00879002374248274,-0.140224767721709));
#3299=CARTESIAN_POINT('Origin',(-0.06702499009793,-6.45561397683012E-15,
-2.05774400600626E-15));
#3300=CARTESIAN_POINT('',(-0.0670249900979378,0.0378331331456271,-0.190528908817715));
#3301=CARTESIAN_POINT('',(-0.06702499009793,0.008790023742477,-0.1402247677217));
#3302=CARTESIAN_POINT('',(-0.067024990097944,0.146086308618667,-0.128028908817722));
#3303=CARTESIAN_POINT('',(-0.06702499009793,0.03783313314563,-0.1905289088177));
#3304=CARTESIAN_POINT('',(-0.06702499009793,0.1370085938585,-0.1123058456366));
#3305=CARTESIAN_POINT('',(-0.0670249900979328,-0.0237809030019165,0.166189732249195));
#3306=CARTESIAN_POINT('',(-0.06702499009793,-0.01876047006903,0.1574940873334));
#3307=CARTESIAN_POINT('',(-0.067024990097929,-0.132034078475011,0.103689732249181));
#3308=CARTESIAN_POINT('',(-0.06702499009793,-0.02378090300191,0.1661897322492));
#3309=CARTESIAN_POINT('',(-0.06702499009793,-0.1270136455421,0.0949940873334399));
#3310=CARTESIAN_POINT('',(-0.0670249900979294,-0.13994783568081,-0.117396761808401));
#3311=CARTESIAN_POINT('',(-0.0670249900979302,-0.146282537842008,-0.128368787802491));
#3312=CARTESIAN_POINT('',(-0.06702499009793,-0.139947835680822,-0.117396761808387));
#3313=CARTESIAN_POINT('',(-0.0670249900979302,-0.0380293623689816,-0.190868787802497));
#3314=CARTESIAN_POINT('',(-0.06702499009793,-0.146282537842,-0.1283687878025));
#3315=CARTESIAN_POINT('',(-0.0670249900979294,-0.0316946602077325,-0.179896761808411));
#3316=CARTESIAN_POINT('',(-0.06702499009793,-0.0316946602077325,-0.179896761808404));
#3317=CARTESIAN_POINT('',(-0.06702499009793,-0.03169466020774,-0.1798967618084));
#3318=CARTESIAN_POINT('Origin',(-0.03859999999999,0.2077979620607,-0.1094461655824));
#3319=CARTESIAN_POINT('',(-0.0385999999999973,0.212000000000534,0.090113897796645));
#3320=CARTESIAN_POINT('',(-0.0385999999999922,0.212,-0.0039274588112175));
#3321=CARTESIAN_POINT('',(-0.03859999999999,0.2122500204354,0.09010939326469));
#3322=CARTESIAN_POINT('Origin',(-0.03885199999999,0.2122500204354,0.09010939326469));
#3323=CARTESIAN_POINT('',(-0.0259999999999789,0.212,0.0901138978279183));
#3324=CARTESIAN_POINT('',(-0.026,0.20574948911585,0.090226511908625));
#3325=CARTESIAN_POINT('',(-0.032299999999995,0.212,0.0901138978279188));
#3326=CARTESIAN_POINT('Origin',(-0.026,0.2121894658596,0.05411410294941));
#3327=CARTESIAN_POINT('',(-0.026,0.212,0.05492722457944));
#3328=CARTESIAN_POINT('Origin',(-0.0485999999999098,0.211999999999984,-0.1017304697159));
#3329=CARTESIAN_POINT('',(-0.0259999999999788,0.212000000000008,-0.0979688154503504));
#3330=CARTESIAN_POINT('',(-0.026000000000002,0.212,-0.0039274588112175));
#3331=CARTESIAN_POINT('',(-0.0489944243854756,0.234596557910513,-0.0973079328582999));
#3332=CARTESIAN_POINT('Ctrl Pts',(-0.0259999999999575,0.212000000000008,
-0.0979688154503504));
#3333=CARTESIAN_POINT('Ctrl Pts',(-0.0259999999999603,0.214586393893673,
-0.0979211951884377));
#3334=CARTESIAN_POINT('Ctrl Pts',(-0.0264482989125033,0.217172192214628,
-0.0978735749265251));
#3335=CARTESIAN_POINT('Ctrl Pts',(-0.0273189345248488,0.219607644329473,
-0.0978259546646125));
#3336=CARTESIAN_POINT('Ctrl Pts',(-0.0281908239304957,0.22204660371361,
-0.0977782658252553));
#3337=CARTESIAN_POINT('Ctrl Pts',(-0.029485875921655,0.224333652124641,
-0.0977305769858982));
#3338=CARTESIAN_POINT('Ctrl Pts',(-0.0311288781019784,0.226335965249156,
-0.097682888146541));
#3339=CARTESIAN_POINT('Ctrl Pts',(-0.0327699831723451,0.228335966381507,
-0.0976352543716099));
#3340=CARTESIAN_POINT('Ctrl Pts',(-0.0347574697784841,0.230050971925289,
-0.0975876205966787));
#3341=CARTESIAN_POINT('Ctrl Pts',(-0.0369761729530892,0.231381605836019,
-0.0975399868217475));
#3342=CARTESIAN_POINT('Ctrl Pts',(-0.0391963771346239,0.232713139953115,
-0.0974923208214033));
#3343=CARTESIAN_POINT('Ctrl Pts',(-0.0416470884239095,0.233659162272031,
-0.0974446548210591));
#3344=CARTESIAN_POINT('Ctrl Pts',(-0.0441861114246094,0.234164782598572,
-0.0973969888207149));
#3345=CARTESIAN_POINT('Ctrl Pts',(-0.0457673582622466,0.234479671649269,
-0.0973673034999099));
#3346=CARTESIAN_POINT('Ctrl Pts',(-0.0473823744779916,0.234624696346278,
-0.0973376181791049));
#3347=CARTESIAN_POINT('Ctrl Pts',(-0.0489944243854748,0.234596557910469,
-0.0973079328582999));
#3348=CARTESIAN_POINT('',(-0.0489944243854806,0.234596557910529,0.0897129794952103));
#3349=CARTESIAN_POINT('',(-0.0489944243854802,0.234596557910513,-0.0039274588112175));
#3350=CARTESIAN_POINT('Ctrl Pts',(-0.0489944243854796,0.234596557910469,
0.0897129794952104));
#3351=CARTESIAN_POINT('Ctrl Pts',(-0.0464084244121324,0.234641696707918,
0.0897418678881546));
#3352=CARTESIAN_POINT('Ctrl Pts',(-0.0438151960259571,0.234238594476746,
0.0897707562810987));
#3353=CARTESIAN_POINT('Ctrl Pts',(-0.041364920155696,0.2334105959666,0.0897996446740429));
#3354=CARTESIAN_POINT('Ctrl Pts',(-0.0389111156686067,0.232581405064401,
0.0898285746688617));
#3355=CARTESIAN_POINT('Ctrl Pts',(-0.0366018138124124,0.231326464814355,
0.0898575046636805));
#3356=CARTESIAN_POINT('Ctrl Pts',(-0.0345711313080491,0.229718658053695,
0.0898864346584992));
#3357=CARTESIAN_POINT('Ctrl Pts',(-0.0325427935528554,0.228112707764227,
0.0899153312489916));
#3358=CARTESIAN_POINT('Ctrl Pts',(-0.030793362788676,0.226155454835725,
0.0899442278394838));
#3359=CARTESIAN_POINT('Ctrl Pts',(-0.0294242098303573,0.223960312344196,
0.0899731244299762));
#3360=CARTESIAN_POINT('Ctrl Pts',(-0.0280541306065961,0.221763684785116,
0.0900020405697183));
#3361=CARTESIAN_POINT('Ctrl Pts',(-0.0270654815619688,0.219329857117043,
0.0900309567094604));
#3362=CARTESIAN_POINT('Ctrl Pts',(-0.026515626182478,0.216800045113289,
0.0900598728492025));
#3363=CARTESIAN_POINT('Ctrl Pts',(-0.0261731885284117,0.215224534678897,
0.0900778811754411));
#3364=CARTESIAN_POINT('Ctrl Pts',(-0.0259999999999589,0.213612295467896,
0.0900958895016797));
#3365=CARTESIAN_POINT('Ctrl Pts',(-0.0259999999999577,0.212,0.0901138978279183));
#3366=CARTESIAN_POINT('Origin',(-0.026,0.207608496201,-0.1064359549692));
#3367=CARTESIAN_POINT('',(-0.026,0.1956209642483,-0.09845526063426));
#3368=CARTESIAN_POINT('Origin',(-0.03885199999999,0.212327580715,-0.09795908654668));
#3369=CARTESIAN_POINT('',(-0.0385999999999909,0.211999999999993,-0.097968815450353));
#3370=CARTESIAN_POINT('',(-0.032299999999995,0.212,-0.0979688154503569));
#3371=CARTESIAN_POINT('',(-0.03859999999999,0.20381048212415,-0.098212038042305));
#3372=CARTESIAN_POINT('Origin',(-0.03859999999999,0.2077979620607,-0.1094461655824));
#3373=CARTESIAN_POINT('',(-0.0385999999999922,0.212,-0.0039274588112175));
#3374=CARTESIAN_POINT('Ctrl Pts',(0.119022362647805,-0.17934862418906,-0.0112184671364108));
#3375=CARTESIAN_POINT('Ctrl Pts',(0.118778064421224,-0.179169255792391,
-0.00747897809094423));
#3376=CARTESIAN_POINT('Ctrl Pts',(0.118533766194643,-0.178989887395722,
-0.0037394890454777));
#3377=CARTESIAN_POINT('Ctrl Pts',(0.118289467968062,-0.178810518999053,
-1.11655713339232E-14));
#3378=CARTESIAN_POINT('Ctrl Pts',(0.117526036009996,-0.178249992759463,
0.0116859032670705));
#3379=CARTESIAN_POINT('Ctrl Pts',(0.11599917209407,-0.174830525858782,0.0348361708368145));
#3380=CARTESIAN_POINT('Ctrl Pts',(0.113708876219975,-0.163130765011729,
0.0675802831075445));
#3381=CARTESIAN_POINT('Ctrl Pts',(0.111418580345982,-0.14543235188782,0.0971255321519865));
#3382=CARTESIAN_POINT('Ctrl Pts',(0.10912828447199,-0.122527285818932,0.12240069034876));
#3383=CARTESIAN_POINT('Ctrl Pts',(0.106837988597998,-0.0953930776534737,
0.142519050902733));
#3384=CARTESIAN_POINT('Ctrl Pts',(0.104547692724005,-0.0651514335056643,
0.156809415677185));
#3385=CARTESIAN_POINT('Ctrl Pts',(0.102257396850013,-0.033022141517147,
0.164837955429007));
#3386=CARTESIAN_POINT('Ctrl Pts',(0.0999671009760207,-0.000273992694589755,
0.166420485306268));
#3387=CARTESIAN_POINT('Ctrl Pts',(0.0976768051020184,0.0318252789518529,
0.161624789491386));
#3388=CARTESIAN_POINT('Ctrl Pts',(0.0953865092280157,0.0620580675248247,
0.150763103965092));
#3389=CARTESIAN_POINT('Ctrl Pts',(0.0930962133540131,0.0893030772972963,
0.134375229468312));
#3390=CARTESIAN_POINT('Ctrl Pts',(0.0908059174800104,0.112576864563177,
0.113203111557548));
#3391=CARTESIAN_POINT('Ctrl Pts',(0.0885156216060184,0.131069201963603,
0.0881580429335881));
#3392=CARTESIAN_POINT('Ctrl Pts',(0.0862253257320157,0.14417099908243,0.0602819122225503));
#3393=CARTESIAN_POINT('Ctrl Pts',(0.083935029858013,0.151493829208564,0.0307041308954981));
#3394=CARTESIAN_POINT('Ctrl Pts',(0.0816447339840104,0.152880460111722,
0.000596009499077274));
#3395=CARTESIAN_POINT('Ctrl Pts',(0.0793544381100077,0.148406152100919,
-0.0288755786660648));
#3396=CARTESIAN_POINT('Ctrl Pts',(0.0770641422360157,0.138370854731418,
-0.0565934151908392));
#3397=CARTESIAN_POINT('Ctrl Pts',(0.074773846362013,0.123282789674292,-0.0815322835141127));
#3398=CARTESIAN_POINT('Ctrl Pts',(0.0724835504880104,0.103834237420147,
-0.102796840261331));
#3399=CARTESIAN_POINT('Ctrl Pts',(0.0701932546140077,0.0808706374018947,
-0.119653613960038));
#3400=CARTESIAN_POINT('Ctrl Pts',(0.0679029587400054,0.0553543524066096,
-0.131555993433586));
#3401=CARTESIAN_POINT('Ctrl Pts',(0.0656126628660027,0.0283246355208252,
-0.138161367955468));
#3402=CARTESIAN_POINT('Ctrl Pts',(0.0633223669920103,0.000855444736267122,
-0.13933990755085));
#3403=CARTESIAN_POINT('Ctrl Pts',(0.0610320711180077,-0.0259871510836998,
-0.135174815922063));
#3404=CARTESIAN_POINT('Ctrl Pts',(0.0587417752440053,-0.0511864244311293,
-0.125954218532991));
#3405=CARTESIAN_POINT('Ctrl Pts',(0.0564514793700026,-0.0738131770947068,
-0.11215521779615));
#3406=CARTESIAN_POINT('Ctrl Pts',(0.054161183496,-0.0930611372416195,-0.0944207931212785));
#3407=CARTESIAN_POINT('Ctrl Pts',(0.0518708876219974,-0.108271099605631,
-0.0735310676532751));
#3408=CARTESIAN_POINT('Ctrl Pts',(0.048817159790001,-0.122535908180203,
-0.0426476607702552));
#3409=CARTESIAN_POINT('Ctrl Pts',(0.0465268639159988,-0.125964635188978,
-0.0175035286520467));
#3410=CARTESIAN_POINT('Ctrl Pts',(0.045,-0.1249946593967,-0.0011554749222715));
#3411=CARTESIAN_POINT('Ctrl Pts',(0.099231857559019,-0.154016777675541,
-0.00964489763167807));
#3412=CARTESIAN_POINT('Ctrl Pts',(0.0990528745307685,-0.153921012732717,
-0.00642993175445205));
#3413=CARTESIAN_POINT('Ctrl Pts',(0.0988738915025179,-0.153825247789893,
-0.00321496587722602));
#3414=CARTESIAN_POINT('Ctrl Pts',(0.0986949084742674,-0.153729482847069,
0.));
#3415=CARTESIAN_POINT('Ctrl Pts',(0.0981355865109845,-0.153430217400744,
0.0100467683663302));
#3416=CARTESIAN_POINT('Ctrl Pts',(0.097016942584439,-0.150855635347457,
0.0300219164794828));
#3417=CARTESIAN_POINT('Ctrl Pts',(0.0953389766946207,-0.141282001861852,
0.0584892262334528));
#3418=CARTESIAN_POINT('Ctrl Pts',(0.0936610108048023,-0.126429434924013,
0.0843900317255677));
#3419=CARTESIAN_POINT('Ctrl Pts',(0.091983044914984,-0.106927823512252,
0.106764415220041));
#3420=CARTESIAN_POINT('Ctrl Pts',(0.0903050790251556,-0.083577723447776,
0.124798703761055));
#3421=CARTESIAN_POINT('Ctrl Pts',(0.0886271131353372,-0.0573176211760031,
0.137855098712992));
#3422=CARTESIAN_POINT('Ctrl Pts',(0.0869491472455189,-0.0291863012290147,
0.145494041698006));
#3423=CARTESIAN_POINT('Ctrl Pts',(0.0852711813557007,-0.000281793576160721,
0.14748873936761));
#3424=CARTESIAN_POINT('Ctrl Pts',(0.083593215465872,0.0282814702471318,
0.143831325677456));
#3425=CARTESIAN_POINT('Ctrl Pts',(0.0819152495760538,0.0554156231976265,
0.13473053676083));
#3426=CARTESIAN_POINT('Ctrl Pts',(0.0802372836862354,0.0801007939347571,
0.120601084285608));
#3427=CARTESIAN_POINT('Ctrl Pts',(0.0785593177964171,0.101423425495887,
0.102045236221898));
#3428=CARTESIAN_POINT('Ctrl Pts',(0.0768813519065887,0.118610042248669,
0.0798274074052422));
#3429=CARTESIAN_POINT('Ctrl Pts',(0.0752033860167703,0.131055218712584,
0.0548428229503868));
#3430=CARTESIAN_POINT('Ctrl Pts',(0.073525420126952,0.138342742493776,0.0280815336354821));
#3431=CARTESIAN_POINT('Ctrl Pts',(0.0718474542371338,0.140259238413981,
0.00058922654259673));
#3432=CARTESIAN_POINT('Ctrl Pts',(0.0701694883473154,0.136799820842179,
-0.0265736193943699));
#3433=CARTESIAN_POINT('Ctrl Pts',(0.0684915224574869,0.12816565433928,-0.0523726381309659));
#3434=CARTESIAN_POINT('Ctrl Pts',(0.0668135565676687,0.114753616738328,
-0.075838963835262));
#3435=CARTESIAN_POINT('Ctrl Pts',(0.0651355906778502,0.097138561421961,
-0.0961056010356873));
#3436=CARTESIAN_POINT('Ctrl Pts',(0.063457624788032,0.0760489555986264,
-0.112439412874792));
#3437=CARTESIAN_POINT('Ctrl Pts',(0.0617796588982036,0.0523369168329399,
-0.124267549035288));
#3438=CARTESIAN_POINT('Ctrl Pts',(0.0601016930083851,0.0269438770752401,
-0.131197364302045));
#3439=CARTESIAN_POINT('Ctrl Pts',(0.0584237271185669,0.000863244884498698,
-0.133029142913364));
#3440=CARTESIAN_POINT('Ctrl Pts',(0.0567457612287485,-0.024898419430933,
-0.129761228048242));
#3441=CARTESIAN_POINT('Ctrl Pts',(0.05506779533892,-0.0493603317710896,
-0.121587464095492));
#3442=CARTESIAN_POINT('Ctrl Pts',(0.0533898294491018,-0.0716045142830612,
-0.108887122078568));
#3443=CARTESIAN_POINT('Ctrl Pts',(0.0517118635592833,-0.0908113794424232,
-0.092207900441799));
#3444=CARTESIAN_POINT('Ctrl Pts',(0.0500338976694651,-0.106285585664385,
-0.0722423561246403));
#3445=CARTESIAN_POINT('Ctrl Pts',(0.0477966098163638,-0.121234337999704,
-0.0423195173168368));
#3446=CARTESIAN_POINT('Ctrl Pts',(0.0461186439265296,-0.125442135927132,
-0.0174986985673283));
#3447=CARTESIAN_POINT('Ctrl Pts',(0.045,-0.1249946593967,-0.0011554749222715));
#3448=CARTESIAN_POINT('Ctrl Pts',(0.0794413524703131,-0.128684931162123,
-0.00807132812697124));
#3449=CARTESIAN_POINT('Ctrl Pts',(0.0793276846403766,-0.128672769673111,
-0.00538088541798083));
#3450=CARTESIAN_POINT('Ctrl Pts',(0.0792140168104402,-0.128660608184098,
-0.00269044270899041));
#3451=CARTESIAN_POINT('Ctrl Pts',(0.0791003489805037,-0.128648446695085,
0.));
#3452=CARTESIAN_POINT('Ctrl Pts',(0.0787451370119523,-0.128610442041921,
0.00840763346559413));
#3453=CARTESIAN_POINT('Ctrl Pts',(0.0780347130748595,-0.126880744836027,
0.0252076621221615));
#3454=CARTESIAN_POINT('Ctrl Pts',(0.0769690771692153,-0.119433238711976,
0.0493981693593715));
#3455=CARTESIAN_POINT('Ctrl Pts',(0.0759034412635811,-0.107426517960207,
0.0716545312991488));
#3456=CARTESIAN_POINT('Ctrl Pts',(0.0748378053579369,-0.0913283612056866,
0.0911281400912701));
#3457=CARTESIAN_POINT('Ctrl Pts',(0.0737721694522927,-0.0717623692420679,
0.107078356619378));
#3458=CARTESIAN_POINT('Ctrl Pts',(0.0727065335466587,-0.0494838088463314,
0.118900781748695));
#3459=CARTESIAN_POINT('Ctrl Pts',(0.0716408976410145,-0.0253504609408823,
0.126150127966903));
#3460=CARTESIAN_POINT('Ctrl Pts',(0.0705752617353702,-0.000289594457725695,
0.128556993429055));
#3461=CARTESIAN_POINT('Ctrl Pts',(0.0695096258297361,0.024737661542421,
0.126037861863629));
#3462=CARTESIAN_POINT('Ctrl Pts',(0.0684439899240919,0.0487731788704282,
0.118697969556465));
#3463=CARTESIAN_POINT('Ctrl Pts',(0.0673783540184578,0.0708985105722386,
0.106826939102904));
#3464=CARTESIAN_POINT('Ctrl Pts',(0.0663127181128136,0.0902699864284829,
0.0908873608862494));
#3465=CARTESIAN_POINT('Ctrl Pts',(0.0652470822071693,0.106150882533735,
0.071496771876886));
#3466=CARTESIAN_POINT('Ctrl Pts',(0.0641814463015352,0.117939438342843,
0.0494037336782234));
#3467=CARTESIAN_POINT('Ctrl Pts',(0.063115810395891,0.125191655778987,0.025458936375466));
#3468=CARTESIAN_POINT('Ctrl Pts',(0.0620501744902468,0.127638016716242,
0.000582443586132429));
#3469=CARTESIAN_POINT('Ctrl Pts',(0.0609845385846127,0.125193489583439,
-0.0242716601226749));
#3470=CARTESIAN_POINT('Ctrl Pts',(0.0599189026789685,0.117960453947039,
-0.0481518610711031));
#3471=CARTESIAN_POINT('Ctrl Pts',(0.0588532667733242,0.106224443802364,
-0.0701456441564009));
#3472=CARTESIAN_POINT('Ctrl Pts',(0.0577876308676901,0.0904428854238056,
-0.0894143618100437));
#3473=CARTESIAN_POINT('Ctrl Pts',(0.0567219949620459,0.0712272737953582,
-0.105225211789547));
#3474=CARTESIAN_POINT('Ctrl Pts',(0.0556563590564017,0.0493194812592598,
-0.116979104637095));
#3475=CARTESIAN_POINT('Ctrl Pts',(0.0545907231507677,0.0255631186296552,
-0.124233360648623));
#3476=CARTESIAN_POINT('Ctrl Pts',(0.0535250872451234,0.000871045032751428,
-0.126718378275983));
#3477=CARTESIAN_POINT('Ctrl Pts',(0.0524594513394893,-0.0238096877781765,
-0.124347640174421));
#3478=CARTESIAN_POINT('Ctrl Pts',(0.0513938154338451,-0.0475342391110498,
-0.117220709658097));
#3479=CARTESIAN_POINT('Ctrl Pts',(0.0503281795282009,-0.0693958514714156,
-0.105619026360883));
#3480=CARTESIAN_POINT('Ctrl Pts',(0.0492625436225668,-0.0885616216432166,
-0.0899950077623195));
#3481=CARTESIAN_POINT('Ctrl Pts',(0.0481969077169225,-0.104300071723243,
-0.0709536445959951));
#3482=CARTESIAN_POINT('Ctrl Pts',(0.046776059842737,-0.119932767819101,
-0.0419913738634184));
#3483=CARTESIAN_POINT('Ctrl Pts',(0.0457104239370602,-0.124919636665284,
-0.0174938684826204));
#3484=CARTESIAN_POINT('Ctrl Pts',(0.045,-0.1249946593967,-0.0011554749222715));
#3485=CARTESIAN_POINT('Ctrl Pts',(0.0596508473816072,-0.103353084648408,
-0.00649775862226343));
#3486=CARTESIAN_POINT('Ctrl Pts',(0.0596024947499848,-0.103424526613272,
-0.00433183908150895));
#3487=CARTESIAN_POINT('Ctrl Pts',(0.0595541421183624,-0.103495968578136,
-0.00216591954075448));
#3488=CARTESIAN_POINT('Ctrl Pts',(0.05950578948674,-0.103567410543,0.));
#3489=CARTESIAN_POINT('Ctrl Pts',(0.05935468751292,-0.1037906666832,0.006768498564857));
#3490=CARTESIAN_POINT('Ctrl Pts',(0.05905248356528,-0.1029058543247,0.02039340776483));
#3491=CARTESIAN_POINT('Ctrl Pts',(0.05859917764382,-0.09758447556212,0.04030711248528));
#3492=CARTESIAN_POINT('Ctrl Pts',(0.05814587172236,-0.08842360099637,0.05891903087273));
#3493=CARTESIAN_POINT('Ctrl Pts',(0.0576925658009,-0.07572889889908,0.07549186496253));
#3494=CARTESIAN_POINT('Ctrl Pts',(0.05723925987944,-0.05994701503637,0.08935800947768));
#3495=CARTESIAN_POINT('Ctrl Pts',(0.05678595395797,-0.04164999651667,0.09994646478451));
#3496=CARTESIAN_POINT('Ctrl Pts',(0.05633264803651,-0.02151462065275,0.1068062142358));
#3497=CARTESIAN_POINT('Ctrl Pts',(0.05587934211505,-0.0002973953392922,
0.1096252474905));
#3498=CARTESIAN_POINT('Ctrl Pts',(0.05542603619359,0.0211938528377,0.1082443980497));
#3499=CARTESIAN_POINT('Ctrl Pts',(0.05497273027213,0.04213073454323,0.1026654023521));
#3500=CARTESIAN_POINT('Ctrl Pts',(0.05451942435067,0.06169622720971,0.09305279392015));
#3501=CARTESIAN_POINT('Ctrl Pts',(0.05406611842921,0.07911654736113,0.07972948555059));
#3502=CARTESIAN_POINT('Ctrl Pts',(0.05361281250775,0.09369172281874,0.06316613634854));
#3503=CARTESIAN_POINT('Ctrl Pts',(0.05315950658629,0.104823657973,0.04396464440606));
#3504=CARTESIAN_POINT('Ctrl Pts',(0.05270620066483,0.1120405690643,0.02283633911545));
#3505=CARTESIAN_POINT('Ctrl Pts',(0.05225289474337,0.1150167950184,0.0005756606296617));
#3506=CARTESIAN_POINT('Ctrl Pts',(0.05179958882191,0.1135871583248,-0.02196970085098));
#3507=CARTESIAN_POINT('Ctrl Pts',(0.05134628290045,0.1077552535549,-0.04393108401123));
#3508=CARTESIAN_POINT('Ctrl Pts',(0.05089297697899,0.09769527086639,-0.06445232447755));
#3509=CARTESIAN_POINT('Ctrl Pts',(0.05043967105753,0.08374720942564,-0.0827231225844));
#3510=CARTESIAN_POINT('Ctrl Pts',(0.04998636513607,0.06640559199209,-0.09801101070424));
#3511=CARTESIAN_POINT('Ctrl Pts',(0.04953305921461,0.04630204568559,-0.1096906602388));
#3512=CARTESIAN_POINT('Ctrl Pts',(0.04907975329314,0.02418236018406,-0.1172693569952));
#3513=CARTESIAN_POINT('Ctrl Pts',(0.04862644737168,0.0008788451810012,-0.1204076136385));
#3514=CARTESIAN_POINT('Ctrl Pts',(0.04817314145022,-0.02272095612542,-0.1189340523006));
#3515=CARTESIAN_POINT('Ctrl Pts',(0.04771983552876,-0.04570814645101,-0.1128539552206));
#3516=CARTESIAN_POINT('Ctrl Pts',(0.0472665296073,-0.06718718865977,-0.1023509306433));
#3517=CARTESIAN_POINT('Ctrl Pts',(0.04681322368584,-0.08631186384401,-0.08778211508284));
#3518=CARTESIAN_POINT('Ctrl Pts',(0.04635991776438,-0.1023145577821,-0.06966493306735));
#3519=CARTESIAN_POINT('Ctrl Pts',(0.0457555098691,-0.1186311976386,-0.04166323041));
#3520=CARTESIAN_POINT('Ctrl Pts',(0.04530220394764,-0.1243971374035,-0.0174890383979));
#3521=CARTESIAN_POINT('Ctrl Pts',(0.045,-0.1249946593967,-0.0011554749222715));
#3522=CARTESIAN_POINT('',(0.0762502437555116,-0.124999475334681,1.79933317514906E-8));
#3523=CARTESIAN_POINT('',(0.0606250007456166,-0.104999609511997,1.93844521962923E-9));
#3524=CARTESIAN_POINT('Ctrl Pts',(0.0450160314147848,-0.12500110476882,
-0.00115966399697811));
#3525=CARTESIAN_POINT('Ctrl Pts',(0.0456819893252198,-0.124859390274186,
-0.0175011263240465));
#3526=CARTESIAN_POINT('Ctrl Pts',(0.046332370491286,-0.121463962176912,
-0.0338043995582979));
#3527=CARTESIAN_POINT('Ctrl Pts',(0.0476331328234183,-0.108696337662602,
-0.0638874240628807));
#3528=CARTESIAN_POINT('Ctrl Pts',(0.0482835139894843,-0.0993265040233205,
-0.0776548489167068));
#3529=CARTESIAN_POINT('Ctrl Pts',(0.0495842763216166,-0.0760284833565267,
-0.100573458830562));
#3530=CARTESIAN_POINT('Ctrl Pts',(0.0502346574876827,-0.062110313354103,
-0.109716086018325));
#3531=CARTESIAN_POINT('Ctrl Pts',(0.0515354198198154,-0.0318257961446329,
-0.121996911137057));
#3532=CARTESIAN_POINT('Ctrl Pts',(0.0521858009858822,-0.0154689808582099,
-0.125125518665996));
#3533=CARTESIAN_POINT('Ctrl Pts',(0.0534865633180147,0.0172106086555187,
-0.12489355758376));
#3534=CARTESIAN_POINT('Ctrl Pts',(0.0541369444840807,0.0335203723281342,
-0.121535594595037));
#3535=CARTESIAN_POINT('Ctrl Pts',(0.055437706816213,0.0636334012324738,
-0.108841021999935));
#3536=CARTESIAN_POINT('Ctrl Pts',(0.0560880879822792,0.0774227189342504,
-0.0995039082780486));
#3537=CARTESIAN_POINT('Ctrl Pts',(0.0573888503144114,0.100392238705621,
-0.0762583829256184));
#3538=CARTESIAN_POINT('Ctrl Pts',(0.0580392314804776,0.109566417890762,
-0.0623621767444577));
#3539=CARTESIAN_POINT('Ctrl Pts',(0.0593399938126098,0.121918078994828,
-0.032107245420695));
#3540=CARTESIAN_POINT('Ctrl Pts',(0.0599903749786759,0.125086059930501,
-0.0157585155300613));
#3541=CARTESIAN_POINT('Ctrl Pts',(0.0612911373108082,0.124928384678234,
0.0169197557879221));
#3542=CARTESIAN_POINT('Ctrl Pts',(0.0619415184768744,0.121608402255882,
0.033236571850361));
#3543=CARTESIAN_POINT('Ctrl Pts',(0.0632422808090098,0.108983237267142,
0.0633780000957335));
#3544=CARTESIAN_POINT('Ctrl Pts',(0.0638926619750803,0.0996799554883622,
0.0771893377643235));
#3545=CARTESIAN_POINT('Ctrl Pts',(0.065193424307217,0.0764891148507864,
0.100211504892678));
#3546=CARTESIAN_POINT('Ctrl Pts',(0.0658438054732829,0.0626145457222613,
0.109417618112903));
#3547=CARTESIAN_POINT('Ctrl Pts',(0.0671445678054148,0.0323882671217192,
0.121837140389627));
#3548=CARTESIAN_POINT('Ctrl Pts',(0.0677949489714831,0.01604804450672,0.12504408480306));
#3549=CARTESIAN_POINT('Ctrl Pts',(0.0690957113036162,-0.0166287614174594,
0.124964353233447));
#3550=CARTESIAN_POINT('Ctrl Pts',(0.0697460924696809,-0.0329530229895253,
0.121681916673042));
#3551=CARTESIAN_POINT('Ctrl Pts',(0.0710468548018115,-0.0631216173380917,
0.109124267998478));
#3552=CARTESIAN_POINT('Ctrl Pts',(0.0716972359678771,-0.0769535849577088,
0.0998537798536268));
#3553=CARTESIAN_POINT('Ctrl Pts',(0.0729979983000078,-0.100031654266584,
0.0767207783270036));
#3554=CARTESIAN_POINT('Ctrl Pts',(0.0736483794660736,-0.109269239205678,
0.0628670381683846));
#3555=CARTESIAN_POINT('Ctrl Pts',(0.0749491417509946,-0.121755199517277,
0.0326693746824389));
#3556=CARTESIAN_POINT('Ctrl Pts',(0.0755995228698463,-0.124998838888428,
0.016337823897338));
#3557=CARTESIAN_POINT('Ctrl Pts',(0.076250352119319,-0.12499962404368,2.20632422696464E-8));
#3558=CARTESIAN_POINT('Origin',(-0.07679150019803,0.008390715849617,-0.1395331461634));
#3559=CARTESIAN_POINT('',(-0.07659999999999,0.00879002374247771,-0.140224767721707));
#3560=CARTESIAN_POINT('',(-0.0765999999999923,0.0287554183855097,-0.174805845636561));
#3561=CARTESIAN_POINT('',(-0.07659999999999,-0.0491291135782879,-0.0399058791515654));
#3562=CARTESIAN_POINT('Origin',(-0.0545999999999489,0.0287554183854521,
-0.174805845636536));
#3563=CARTESIAN_POINT('',(-0.07181249504896,0.00879002374247787,-0.140224767721699));
#3564=CARTESIAN_POINT('Origin',(-0.07679150019803,-6.45505801315435E-15,
-2.0574230202284E-15));
#3565=CARTESIAN_POINT('',(-0.07659999999999,-0.117043199215519,0.0777247677217144));
#3566=CARTESIAN_POINT('',(-0.07181249504896,-0.117043199215526,0.0777247677217264));
#3567=CARTESIAN_POINT('Origin',(-0.07659999999999,-6.45506891440289E-15,
-2.05742931406718E-15));
#3568=CARTESIAN_POINT('Origin',(-0.07679150019803,-0.1272130544686,0.09533947372568));
#3569=CARTESIAN_POINT('',(-0.0814642019951626,-0.137709714666498,0.113520222498111));
#3570=CARTESIAN_POINT('Origin',(-0.0865999999998767,-0.127013645542161,
0.0949940873334605));
#3571=CARTESIAN_POINT('',(-0.119288531945521,-0.142250123765217,0.121384441744325));
#3572=CARTESIAN_POINT('',(-0.100376366970335,-0.139979919215814,0.117452332121213));
#3573=CARTESIAN_POINT('',(-0.122089876311754,-0.136415904242861,0.111279277109096));
#3574=CARTESIAN_POINT('',(-0.120689204128653,-0.139333014004018,0.116331859426675));
#3575=CARTESIAN_POINT('',(-0.0842655463614214,-0.131875495144095,0.10341505786282));
#3576=CARTESIAN_POINT('',(-0.133564271349015,-0.137793283503721,0.11366496797021));
#3577=CARTESIAN_POINT('',(-0.0765999999999905,-0.127013645542082,0.0949940873334362));
#3578=CARTESIAN_POINT('Origin',(-0.0866000000000101,-0.127013645542084,
0.0949940873334351));
#3579=CARTESIAN_POINT('',(-0.07659999999999,-0.1220284223788,0.086359427527575));
#3580=CARTESIAN_POINT('Origin',(-0.0865999999998767,-0.0165954065596772,
0.158744087333435));
#3581=CARTESIAN_POINT('',(-0.0814642019951594,-0.0294565391933971,0.176020222498094));
#3582=CARTESIAN_POINT('Origin',(-0.0865999999998767,-0.0187604700690755,
0.157494087333471));
#3583=CARTESIAN_POINT('',(-0.0814642019951594,-0.0835831269299229,0.144770222498135));
#3584=CARTESIAN_POINT('Origin',(-0.0846103574867,-0.01854654868655,0.1571235646301));
#3585=CARTESIAN_POINT('',(-0.0765999999999905,-0.0187604700690346,0.15749408733342));
#3586=CARTESIAN_POINT('',(-0.07659999999999,-0.013775246905753,0.1488594275276));
#3587=CARTESIAN_POINT('',(-0.0842655463614247,-0.0236223196710369,0.165915057862832));
#3588=CARTESIAN_POINT('Origin',(-0.0866000000000101,-0.0187604700690552,
0.157494087333439));
#3589=CARTESIAN_POINT('',(-0.122089876311785,-0.0281627287698002,0.173779277109059));
#3590=CARTESIAN_POINT('',(-0.133564271349015,-0.0295401080306865,0.17616496797018));
#3591=CARTESIAN_POINT('',(-0.119288531945523,-0.0339969482921642,0.183884441744294));
#3592=CARTESIAN_POINT('',(-0.120689204128658,-0.0310798385309717,0.178831859426679));
#3593=CARTESIAN_POINT('',(-0.13076292698273,-0.0353743275530313,0.1862701326054));
#3594=CARTESIAN_POINT('Origin',(-0.07679150019803,0.1374079017514,-0.1129974671949));
#3595=CARTESIAN_POINT('',(-0.0765999999999923,0.137008593858542,-0.112305845636629));
#3596=CARTESIAN_POINT('Origin',(-0.0545999999999489,0.137008593858505,-0.112305845636528));
#3597=CARTESIAN_POINT('',(-0.07659999999999,0.12702589653705,-0.095015306679155));
#3598=CARTESIAN_POINT('Origin',(-0.0545999999999489,0.0265903548760411,
-0.176055845636508));
#3599=CARTESIAN_POINT('',(-0.0765999999999958,0.0828820061220355,-0.143555845636613));
#3600=CARTESIAN_POINT('Origin',(-0.300599900198,-0.04813915501118,-0.2133794623128));
#3601=CARTESIAN_POINT('',(-0.233862381539495,-0.0467970205895753,-0.206054817304));
#3602=CARTESIAN_POINT('',(-0.181522495048945,-0.0440464487178313,-0.201290687072253));
#3603=CARTESIAN_POINT('',(-0.233862381539481,-0.155050196062614,-0.143554817303993));
#3604=CARTESIAN_POINT('',(-0.181522495048945,-0.152299624190888,-0.13879068707225));
#3605=CARTESIAN_POINT('Origin',(-0.23386238153956,-0.10092360832604,-0.174804817303896));
#3606=CARTESIAN_POINT('Origin',(-0.301943300008,-0.04187505135478,-0.202529716516));
#3607=CARTESIAN_POINT('',(-0.235179440176716,-0.14878470812182,-0.132702673856326));
#3608=CARTESIAN_POINT('',(-0.235179440176711,-0.0405315326487691,-0.1952026738563));
#3609=CARTESIAN_POINT('Origin',(-0.235179440176691,-0.0946581203853181,
-0.163952673856401));
#3610=CARTESIAN_POINT('',(-0.18218102436757,-0.145999529139894,-0.127878602351347));
#3611=CARTESIAN_POINT('',(-0.18218102436757,-0.0377463536667923,-0.190378602351361));
#3612=CARTESIAN_POINT('Ctrl Pts',(-0.03885699768828,0.2116904110036,0.0901219159041));
#3613=CARTESIAN_POINT('Ctrl Pts',(-0.03449115245854,0.2115516903195,0.0901219159041));
#3614=CARTESIAN_POINT('Ctrl Pts',(-0.0301253072288,0.2114129696355,0.0901219159041));
#3615=CARTESIAN_POINT('Ctrl Pts',(-0.02575946199907,0.2112742489515,0.0901219159041));
#3616=CARTESIAN_POINT('Ctrl Pts',(-0.03885366387416,0.2117935753342,0.09011924321204));
#3617=CARTESIAN_POINT('Ctrl Pts',(-0.03448635588182,0.2117010787149,0.09011924321204));
#3618=CARTESIAN_POINT('Ctrl Pts',(-0.03011904788947,0.2116085820957,0.09011924321204));
#3619=CARTESIAN_POINT('Ctrl Pts',(-0.02575173989713,0.2115160854764,0.09011924321204));
#3620=CARTESIAN_POINT('Ctrl Pts',(-0.03884161677941,0.2125418957098,0.09009986558945));
#3621=CARTESIAN_POINT('Ctrl Pts',(-0.03446900783349,0.2127847079347,0.09009986558945));
#3622=CARTESIAN_POINT('Ctrl Pts',(-0.03009639888758,0.2130275201595,0.09009986558945));
#3623=CARTESIAN_POINT('Ctrl Pts',(-0.02572378994167,0.2132703323844,0.09009986558945));
#3624=CARTESIAN_POINT('Ctrl Pts',(-0.0389818254408,0.2139351180677,0.09006378303633));
#3625=CARTESIAN_POINT('Ctrl Pts',(-0.03467091100456,0.2148023504792,0.09006378303633));
#3626=CARTESIAN_POINT('Ctrl Pts',(-0.03035999656831,0.2156695828907,0.09006378303633));
#3627=CARTESIAN_POINT('Ctrl Pts',(-0.02604908213207,0.2165368153022,0.09006378303633));
#3628=CARTESIAN_POINT('Ctrl Pts',(-0.03955052795539,0.2157947371669,0.09001366824474));
#3629=CARTESIAN_POINT('Ctrl Pts',(-0.03549597694912,0.2174949593292,0.09001366824474));
#3630=CARTESIAN_POINT('Ctrl Pts',(-0.03144142594285,0.2191951814915,0.09001366824474));
#3631=CARTESIAN_POINT('Ctrl Pts',(-0.02738687493658,0.2208954036539,0.09001366824474));
#3632=CARTESIAN_POINT('Ctrl Pts',(-0.04047838479951,0.2175038787504,0.08996355345315));
#3633=CARTESIAN_POINT('Ctrl Pts',(-0.03683824365041,0.2199707693769,0.08996355345315));
#3634=CARTESIAN_POINT('Ctrl Pts',(-0.03319810250131,0.2224376600034,0.08996355345315));
#3635=CARTESIAN_POINT('Ctrl Pts',(-0.02955796135221,0.22490455063,0.08996355345315));
#3636=CARTESIAN_POINT('Ctrl Pts',(-0.0417220355997,0.2189990674223,0.08991343866156));
#3637=CARTESIAN_POINT('Ctrl Pts',(-0.03864041866269,0.2221349435998,0.08991343866156));
#3638=CARTESIAN_POINT('Ctrl Pts',(-0.03555880172568,0.2252708197772,0.08991343866156));
#3639=CARTESIAN_POINT('Ctrl Pts',(-0.03247718478868,0.2284066959546,0.08991343866156));
#3640=CARTESIAN_POINT('Ctrl Pts',(-0.04323870124643,0.2202164341681,0.08986332386998));
#3641=CARTESIAN_POINT('Ctrl Pts',(-0.04083571556211,0.2238990740839,0.08986332386998));
#3642=CARTESIAN_POINT('Ctrl Pts',(-0.03843272987778,0.2275817139997,0.08986332386998));
#3643=CARTESIAN_POINT('Ctrl Pts',(-0.03602974419346,0.2312643539156,0.08986332386998));
#3644=CARTESIAN_POINT('Ctrl Pts',(-0.04496377585415,0.2211143210615,0.08981320907839));
#3645=CARTESIAN_POINT('Ctrl Pts',(-0.04333457431597,0.2251979275083,0.08981320907839));
#3646=CARTESIAN_POINT('Ctrl Pts',(-0.04170537277779,0.229281533955,0.08981320907839));
#3647=CARTESIAN_POINT('Ctrl Pts',(-0.04007617123961,0.2333651404017,0.08981320907839));
#3648=CARTESIAN_POINT('Ctrl Pts',(-0.04683303695178,0.2216504821316,0.0897630942868));
#3649=CARTESIAN_POINT('Ctrl Pts',(-0.04604117245483,0.2259758752873,0.0897630942868));
#3650=CARTESIAN_POINT('Ctrl Pts',(-0.04524930795787,0.2303012684429,0.0897630942868));
#3651=CARTESIAN_POINT('Ctrl Pts',(-0.04445744346092,0.2346266615985,0.0897630942868));
#3652=CARTESIAN_POINT('Ctrl Pts',(-0.04822849409369,0.2217663543557,0.08972701173368));
#3653=CARTESIAN_POINT('Ctrl Pts',(-0.04806203139881,0.2261425349898,0.08972701173368));
#3654=CARTESIAN_POINT('Ctrl Pts',(-0.04789556870392,0.2305187156238,0.08972701173368));
#3655=CARTESIAN_POINT('Ctrl Pts',(-0.04772910600903,0.2348948962578,0.08972701173368));
#3656=CARTESIAN_POINT('Ctrl Pts',(-0.04897649024568,0.2217412491045,0.08970763411109));
#3657=CARTESIAN_POINT('Ctrl Pts',(-0.04914519281137,0.2261062776461,0.08970763411109));
#3658=CARTESIAN_POINT('Ctrl Pts',(-0.04931389537707,0.2304713061877,0.08970763411109));
#3659=CARTESIAN_POINT('Ctrl Pts',(-0.04948259794276,0.2348363347292,0.08970763411109));
#3660=CARTESIAN_POINT('Ctrl Pts',(-0.04907958068077,0.2217361153323,0.08970496141903));
#3661=CARTESIAN_POINT('Ctrl Pts',(-0.04929447474238,0.2260988746129,0.08970496141903));
#3662=CARTESIAN_POINT('Ctrl Pts',(-0.04950936880398,0.2304616338935,0.08970496141903));
#3663=CARTESIAN_POINT('Ctrl Pts',(-0.04972426286559,0.2348243931741,0.08970496141903));
#3664=CARTESIAN_POINT('',(-0.0487745240643724,0.221998476951589,0.0897129794952102));
#3665=CARTESIAN_POINT('Ctrl Pts',(-0.0487745240643731,0.221998476951634,
0.0897129794952102));
#3666=CARTESIAN_POINT('Ctrl Pts',(-0.0473673927242515,0.222023038520534,
0.0897485048017004));
#3667=CARTESIAN_POINT('Ctrl Pts',(-0.0459557396314811,0.221746204850284,
0.0897840301081907));
#3668=CARTESIAN_POINT('Ctrl Pts',(-0.0446621064773865,0.221192007104307,
0.0898195554146809));
#3669=CARTESIAN_POINT('Ctrl Pts',(-0.0433708298861319,0.22063881891951,
0.0898550160060571));
#3670=CARTESIAN_POINT('Ctrl Pts',(-0.0421984875371287,0.219809868794762,
0.0898904765974332));
#3671=CARTESIAN_POINT('Ctrl Pts',(-0.0412464863941204,0.218776860456639,
0.0899259371888094));
#3672=CARTESIAN_POINT('Ctrl Pts',(-0.0402932038349988,0.217742461664797,
0.0899614455109824));
#3673=CARTESIAN_POINT('Ctrl Pts',(-0.0395618616915827,0.216504529322393,
0.0899969538331553));
#3674=CARTESIAN_POINT('Ctrl Pts',(-0.039115886636928,0.215170424847955,
0.0900324621553284));
#3675=CARTESIAN_POINT('Ctrl Pts',(-0.0387749502807237,0.214150536597338,
0.0900596073461866));
#3676=CARTESIAN_POINT('Ctrl Pts',(-0.038600000000006,0.213075364888188,
0.0900867525370448));
#3677=CARTESIAN_POINT('Ctrl Pts',(-0.0386000000000102,0.212000000000009,
0.090113897727903));
#3678=CARTESIAN_POINT('',(-0.0488844742249286,0.228297517431088,0.0897129794952096));
#3679=CARTESIAN_POINT('Origin',(-0.04300842438548,0.2347010439292,-0.1010483511054));
#3680=CARTESIAN_POINT('',(-0.348294424385469,0.229372256977517,-0.0884175913477905));
#3681=CARTESIAN_POINT('',(-0.348294424385492,0.22937225697755,0.0843197357656907));
#3682=CARTESIAN_POINT('',(-0.348294424385501,0.22937225697756,-0.00379747668156001));
#3683=CARTESIAN_POINT('',(-0.348294424385501,0.22937225697756,0.0843197357656901));
#3684=CARTESIAN_POINT('',(-0.0489944243854807,0.23459655791054,-0.0973079328583));
#3685=CARTESIAN_POINT('Ctrl Pts',(-0.03885699768867,0.2116904109913,-0.0979820326239));
#3686=CARTESIAN_POINT('Ctrl Pts',(-0.03449115245911,0.2115516903018,-0.0979820326239));
#3687=CARTESIAN_POINT('Ctrl Pts',(-0.03012530722955,0.2114129696123,-0.0979820326239));
#3688=CARTESIAN_POINT('Ctrl Pts',(-0.02575946199998,0.2112742489227,-0.0979820326239));
#3689=CARTESIAN_POINT('Ctrl Pts',(-0.03885366387429,0.211793575326,-0.09797762689938));
#3690=CARTESIAN_POINT('Ctrl Pts',(-0.03448635588201,0.2117010787031,-0.09797762689938));
#3691=CARTESIAN_POINT('Ctrl Pts',(-0.03011904788972,0.2116085820802,-0.09797762689938));
#3692=CARTESIAN_POINT('Ctrl Pts',(-0.02575173989743,0.2115160854573,-0.09797762689938));
#3693=CARTESIAN_POINT('Ctrl Pts',(-0.03884161677899,0.2125418957057,-0.0979456844002));
#3694=CARTESIAN_POINT('Ctrl Pts',(-0.0344690078329,0.2127847079288,-0.0979456844002));
#3695=CARTESIAN_POINT('Ctrl Pts',(-0.03009639888681,0.2130275201518,-0.0979456844002));
#3696=CARTESIAN_POINT('Ctrl Pts',(-0.02572378994072,0.2132703323748,-0.0979456844002));
#3697=CARTESIAN_POINT('Ctrl Pts',(-0.0389818254408,0.2139351180677,-0.09788620512635));
#3698=CARTESIAN_POINT('Ctrl Pts',(-0.03467091100456,0.2148023504792,-0.09788620512635));
#3699=CARTESIAN_POINT('Ctrl Pts',(-0.03035999656831,0.2156695828907,-0.09788620512635));
#3700=CARTESIAN_POINT('Ctrl Pts',(-0.02604908213207,0.2165368153022,-0.09788620512635));
#3701=CARTESIAN_POINT('Ctrl Pts',(-0.03955052795539,0.2157947371669,-0.09780359480234));
#3702=CARTESIAN_POINT('Ctrl Pts',(-0.03549597694912,0.2174949593292,-0.09780359480234));
#3703=CARTESIAN_POINT('Ctrl Pts',(-0.03144142594285,0.2191951814915,-0.09780359480234));
#3704=CARTESIAN_POINT('Ctrl Pts',(-0.02738687493658,0.2208954036539,-0.09780359480234));
#3705=CARTESIAN_POINT('Ctrl Pts',(-0.04047838479951,0.2175038787504,-0.09772098447833));
#3706=CARTESIAN_POINT('Ctrl Pts',(-0.03683824365041,0.2199707693769,-0.09772098447833));
#3707=CARTESIAN_POINT('Ctrl Pts',(-0.03319810250131,0.2224376600034,-0.09772098447833));
#3708=CARTESIAN_POINT('Ctrl Pts',(-0.02955796135221,0.22490455063,-0.09772098447833));
#3709=CARTESIAN_POINT('Ctrl Pts',(-0.0417220355997,0.2189990674223,-0.09763837415433));
#3710=CARTESIAN_POINT('Ctrl Pts',(-0.03864041866269,0.2221349435998,-0.09763837415433));
#3711=CARTESIAN_POINT('Ctrl Pts',(-0.03555880172568,0.2252708197772,-0.09763837415433));
#3712=CARTESIAN_POINT('Ctrl Pts',(-0.03247718478868,0.2284066959546,-0.09763837415433));
#3713=CARTESIAN_POINT('Ctrl Pts',(-0.04323870124643,0.2202164341681,-0.09755576383032));
#3714=CARTESIAN_POINT('Ctrl Pts',(-0.04083571556211,0.2238990740839,-0.09755576383032));
#3715=CARTESIAN_POINT('Ctrl Pts',(-0.03843272987778,0.2275817139997,-0.09755576383032));
#3716=CARTESIAN_POINT('Ctrl Pts',(-0.03602974419346,0.2312643539156,-0.09755576383032));
#3717=CARTESIAN_POINT('Ctrl Pts',(-0.04496377585415,0.2211143210615,-0.09747315350631));
#3718=CARTESIAN_POINT('Ctrl Pts',(-0.04333457431597,0.2251979275083,-0.09747315350631));
#3719=CARTESIAN_POINT('Ctrl Pts',(-0.04170537277779,0.229281533955,-0.09747315350631));
#3720=CARTESIAN_POINT('Ctrl Pts',(-0.04007617123961,0.2333651404017,-0.09747315350631));
#3721=CARTESIAN_POINT('Ctrl Pts',(-0.04683303695178,0.2216504821316,-0.0973905431823));
#3722=CARTESIAN_POINT('Ctrl Pts',(-0.04604117245483,0.2259758752873,-0.0973905431823));
#3723=CARTESIAN_POINT('Ctrl Pts',(-0.04524930795787,0.2303012684429,-0.0973905431823));
#3724=CARTESIAN_POINT('Ctrl Pts',(-0.04445744346092,0.2346266615985,-0.0973905431823));
#3725=CARTESIAN_POINT('Ctrl Pts',(-0.04822849409778,0.2217663543561,-0.09733106390845));
#3726=CARTESIAN_POINT('Ctrl Pts',(-0.04806203140473,0.2261425349903,-0.09733106390845));
#3727=CARTESIAN_POINT('Ctrl Pts',(-0.04789556871168,0.2305187156244,-0.09733106390845));
#3728=CARTESIAN_POINT('Ctrl Pts',(-0.04772910601862,0.2348948962586,-0.09733106390845));
#3729=CARTESIAN_POINT('Ctrl Pts',(-0.04897649025385,0.2217412491042,-0.09729912140927));
#3730=CARTESIAN_POINT('Ctrl Pts',(-0.0491451928232,0.2261062776457,-0.09729912140927));
#3731=CARTESIAN_POINT('Ctrl Pts',(-0.04931389539255,0.2304713061871,-0.09729912140927));
#3732=CARTESIAN_POINT('Ctrl Pts',(-0.0494825979619,0.2348363347286,-0.09729912140927));
#3733=CARTESIAN_POINT('Ctrl Pts',(-0.04907958069301,0.2217361153317,-0.09729471568475));
#3734=CARTESIAN_POINT('Ctrl Pts',(-0.0492944747601,0.226098874612,-0.09729471568475));
#3735=CARTESIAN_POINT('Ctrl Pts',(-0.04950936882719,0.2304616338923,-0.09729471568475));
#3736=CARTESIAN_POINT('Ctrl Pts',(-0.04972426289428,0.2348243931727,-0.09729471568475));
#3737=CARTESIAN_POINT('',(-0.0487745240643702,0.221998476951587,-0.0973079328582998));
#3738=CARTESIAN_POINT('',(-0.0488844752100286,0.228297573867922,-0.0973079328582997));
#3739=CARTESIAN_POINT('Ctrl Pts',(-0.0386000000000097,0.211999999999993,
-0.097968815450353));
#3740=CARTESIAN_POINT('Ctrl Pts',(-0.0386000000000019,0.213407345685679,
-0.0979102547396589));
#3741=CARTESIAN_POINT('Ctrl Pts',(-0.0389014282506542,0.21481395236312,
-0.0978516940289648));
#3742=CARTESIAN_POINT('Ctrl Pts',(-0.0394781186012054,0.216097716406315,
-0.0977931333182706));
#3743=CARTESIAN_POINT('Ctrl Pts',(-0.0400537584166447,0.217379141864858,
-0.0977346792854196));
#3744=CARTESIAN_POINT('Ctrl Pts',(-0.0409030424834215,0.218536838485957,
-0.0976762252525686));
#3745=CARTESIAN_POINT('Ctrl Pts',(-0.0419525082002396,0.21947066615322,
-0.0976177712197176));
#3746=CARTESIAN_POINT('Ctrl Pts',(-0.0430033865227985,0.220405750774666,
-0.0975592385063523));
#3747=CARTESIAN_POINT('Ctrl Pts',(-0.0442538940024363,0.221115376632761,
-0.0975007057929869));
#3748=CARTESIAN_POINT('Ctrl Pts',(-0.0455955786242119,0.221538000429748,
-0.0974421730796216));
#3749=CARTESIAN_POINT('Ctrl Pts',(-0.046621261700768,0.221861085355434,
-0.097397426339181));
#3750=CARTESIAN_POINT('Ctrl Pts',(-0.047699322959468,0.222017244656728,
-0.0973526795987404));
#3751=CARTESIAN_POINT('Ctrl Pts',(-0.048774524064371,0.221998476951635,
-0.0973079328582998));
#3752=CARTESIAN_POINT('Ctrl Pts',(0.04138544246391,-0.09916797017447,0.07680337367208));
#3753=CARTESIAN_POINT('Ctrl Pts',(0.04182927059983,-0.1060217026554,0.06795388301669));
#3754=CARTESIAN_POINT('Ctrl Pts',(0.04271692687167,-0.1173451834954,0.04840997385196));
#3755=CARTESIAN_POINT('Ctrl Pts',(0.04404841127943,-0.1259709514161,0.01564455606232));
#3756=CARTESIAN_POINT('Ctrl Pts',(0.04537989568719,-0.1256220597515,-0.01823522791937));
#3757=CARTESIAN_POINT('Ctrl Pts',(0.04671138009495,-0.1163235542011,-0.05081592882396));
#3758=CARTESIAN_POINT('Ctrl Pts',(0.04804286450271,-0.09873784081389,-0.07977634796163));
#3759=CARTESIAN_POINT('Ctrl Pts',(0.04937434891047,-0.07411779004842,-0.1030532881293));
#3760=CARTESIAN_POINT('Ctrl Pts',(0.05070583331823,-0.0442173988256,-0.118988438188));
#3761=CARTESIAN_POINT('Ctrl Pts',(0.05203731772599,-0.01116685193505,-0.1264465423322));
#3762=CARTESIAN_POINT('Ctrl Pts',(0.05336880213375,0.0226792439036,-0.1248962705403));
#3763=CARTESIAN_POINT('Ctrl Pts',(0.05470028654151,0.05490960687267,-0.1144480730571));
#3764=CARTESIAN_POINT('Ctrl Pts',(0.05603177094927,0.08322806622641,-0.09584631031023));
#3765=CARTESIAN_POINT('Ctrl Pts',(0.05736325535703,0.105617146874,-0.07041622220493));
#3766=CARTESIAN_POINT('Ctrl Pts',(0.05869473976479,0.1204817988945,-0.03996951407124));
#3767=CARTESIAN_POINT('Ctrl Pts',(0.06002622417255,0.1267630322148,-0.006675285847796));
#3768=CARTESIAN_POINT('Ctrl Pts',(0.06135770858031,0.1240133609563,0.02709450018598));
#3769=CARTESIAN_POINT('Ctrl Pts',(0.06268919298807,0.1124286826755,0.05893400383035));
#3770=CARTESIAN_POINT('Ctrl Pts',(0.06402067739584,0.092834321434,0.08657490467931));
#3771=CARTESIAN_POINT('Ctrl Pts',(0.0653521618036,0.06662622909974,0.1080480023608));
#3772=CARTESIAN_POINT('Ctrl Pts',(0.06668364621136,0.03567153391058,0.1218235065565));
#3773=CARTESIAN_POINT('Ctrl Pts',(0.06801513061912,0.00217552151172,0.1269200222646));
#3774=CARTESIAN_POINT('Ctrl Pts',(0.06934661502688,-0.03147547491236,0.1229744660083));
#3775=CARTESIAN_POINT('Ctrl Pts',(0.07067809943464,-0.06288408252159,0.1102679320708));
#3776=CARTESIAN_POINT('Ctrl Pts',(0.0720095838424,-0.08981268296893,0.08970566606269));
#3777=CARTESIAN_POINT('Ctrl Pts',(0.07334106825016,-0.1103428250715,0.06275257262041));
#3778=CARTESIAN_POINT('Ctrl Pts',(0.07467255265792,-0.1230118991249,0.03132885187391));
#3779=CARTESIAN_POINT('Ctrl Pts',(0.07600403706568,-0.1269173359285,-0.0023268001774));
#3780=CARTESIAN_POINT('Ctrl Pts',(0.07733552147344,-0.1217809072165,-0.03581668144114));
#3781=CARTESIAN_POINT('Ctrl Pts',(0.07866700588121,-0.1079685466547,-0.06675490124577));
#3782=CARTESIAN_POINT('Ctrl Pts',(0.07999849028897,-0.08646427938169,-0.09293735618534));
#3783=CARTESIAN_POINT('Ctrl Pts',(0.08132997469673,-0.05880011746859,-0.1124987548713));
#3784=CARTESIAN_POINT('Ctrl Pts',(0.08266145910449,-0.02694691574883,-0.1240455048494));
#3785=CARTESIAN_POINT('Ctrl Pts',(0.08399294351225,0.006826036281509,-0.1267549945832));
#3786=CARTESIAN_POINT('Ctrl Pts',(0.08532442792001,0.04011268349957,-0.1204341975048));
#3787=CARTESIAN_POINT('Ctrl Pts',(0.08665591232777,0.07054161748034,-0.1055334231141));
#3788=CARTESIAN_POINT('Ctrl Pts',(0.08798739673553,0.0959450203487,-0.08311423552956));
#3789=CARTESIAN_POINT('Ctrl Pts',(0.0893188811433,0.1145131042742,-0.05477382509086));
#3790=CARTESIAN_POINT('Ctrl Pts',(0.09065036555106,0.1249230440588,-0.0225312209761));
#3791=CARTESIAN_POINT('Ctrl Pts',(0.09198184995882,0.1264332174437,0.01131654868993));
#3792=CARTESIAN_POINT('Ctrl Pts',(0.09331333436658,0.1189360393147,0.04435810177674));
#3793=CARTESIAN_POINT('Ctrl Pts',(0.09464481877434,0.1029656258444,0.0742394937426));
#3794=CARTESIAN_POINT('Ctrl Pts',(0.0959763031821,0.07965974261026,0.09883191711916));
#3795=CARTESIAN_POINT('Ctrl Pts',(0.09730778758986,0.05067874762331,0.1163833616673));
#3796=CARTESIAN_POINT('Ctrl Pts',(0.09863927199763,0.01808730395779,0.1256434306704));
#3797=CARTESIAN_POINT('Ctrl Pts',(0.09997075640539,-0.01579271097197,0.1259524212499));
#3798=CARTESIAN_POINT('Ctrl Pts',(0.1013022408131,-0.04854762044945,0.1172883224912));
#3799=CARTESIAN_POINT('Ctrl Pts',(0.1026337252209,-0.07784390332473,0.1002683831869));
#3800=CARTESIAN_POINT('Ctrl Pts',(0.1039652096287,-0.1015944383332,0.07610513754838));
#3801=CARTESIAN_POINT('Ctrl Pts',(0.1052966940364,-0.1181071943261,0.04652002173088));
#3802=CARTESIAN_POINT('Ctrl Pts',(0.1066281784442,-0.1262057734691,0.01362073531889));
#3803=CARTESIAN_POINT('Ctrl Pts',(0.107959662852,-0.1253132197199,-0.02024891521364));
#3804=CARTESIAN_POINT('Ctrl Pts',(0.1092911472597,-0.1154931219489,-0.05267599363119));
#3805=CARTESIAN_POINT('Ctrl Pts',(0.1106226316675,-0.0974450834727,-0.08135033589634));
#3806=CARTESIAN_POINT('Ctrl Pts',(0.1119541160752,-0.07245488079344,-0.1042291303615));
#3807=CARTESIAN_POINT('Ctrl Pts',(0.113285600483,-0.0423028623484,-0.1196824512176));
#3808=CARTESIAN_POINT('Ctrl Pts',(0.1146170848908,-0.009137113130233,-0.1266093771567));
#3809=CARTESIAN_POINT('Ctrl Pts',(0.1159485692985,0.02467957883091,-0.1245164227704));
#3810=CARTESIAN_POINT('Ctrl Pts',(0.1172800537063,0.0567380517368,-0.1135526951193));
#3811=CARTESIAN_POINT('Ctrl Pts',(0.118611538114,0.08475440296815,-0.09449927087922));
#3812=CARTESIAN_POINT('Ctrl Pts',(0.1199430225218,0.1067326982827,-0.06871355087944));
#3813=CARTESIAN_POINT('Ctrl Pts',(0.1212745069296,0.1211071655877,-0.0380325563305));
#3814=CARTESIAN_POINT('Ctrl Pts',(0.1226059913373,0.1268537431692,-0.004642056100422));
#3815=CARTESIAN_POINT('Ctrl Pts',(0.1239374757451,0.1235630355056,0.02907915135153));
#3816=CARTESIAN_POINT('Ctrl Pts',(0.1252689601529,0.1114694791835,0.06072870775588));
#3817=CARTESIAN_POINT('Ctrl Pts',(0.1266004445606,0.0914346411026,0.08805184321053));
#3818=CARTESIAN_POINT('Ctrl Pts',(0.1279319289684,0.06488583884581,0.1091020098694));
#3819=CARTESIAN_POINT('Ctrl Pts',(0.1292634133761,0.03371445601757,0.1223795573305));
#3820=CARTESIAN_POINT('Ctrl Pts',(0.1305948977839,0.0001411967444909,0.1269385702612));
#3821=CARTESIAN_POINT('Ctrl Pts',(0.1319263821917,-0.03344212115783,0.122454256975));
#3822=CARTESIAN_POINT('Ctrl Pts',(0.1332578665994,-0.0646429634275,0.109246088092));
#3823=CARTESIAN_POINT('Ctrl Pts',(0.1345893510072,-0.09123852762116,0.08825503685212));
#3824=CARTESIAN_POINT('Ctrl Pts',(0.1359208354149,-0.1113340993807,0.06097654252612));
#3825=CARTESIAN_POINT('Ctrl Pts',(0.1372523198227,-0.1234980351369,0.02935397272523));
#3826=CARTESIAN_POINT('Ctrl Pts',(0.1385838042305,-0.1268637548572,-0.004359825462927));
#3827=CARTESIAN_POINT('Ctrl Pts',(0.1399152886382,-0.1211914787034,-0.03776302218291));
#3828=CARTESIAN_POINT('Ctrl Pts',(0.141246773046,-0.1068853093764,-0.06847591530939));
#3829=CARTESIAN_POINT('Ctrl Pts',(0.1425782574537,-0.08496444317114,-0.09431046453559));
#3830=CARTESIAN_POINT('Ctrl Pts',(0.1439097418615,-0.05699056071117,-0.1134261711583));
#3831=CARTESIAN_POINT('Ctrl Pts',(0.1452412262693,-0.02495657016462,-0.12446119842));
#3832=CARTESIAN_POINT('Ctrl Pts',(0.146572710677,0.008855370942096,-0.1266293911693));
#3833=CARTESIAN_POINT('Ctrl Pts',(0.1479041950848,0.04203644055237,-0.1197762829917));
#3834=CARTESIAN_POINT('Ctrl Pts',(0.1492356794926,0.07222276073471,-0.1043901007564));
#3835=CARTESIAN_POINT('Ctrl Pts',(0.1505671639003,0.09726380447534,-0.08156698259009));
#3836=CARTESIAN_POINT('Ctrl Pts',(0.1518986483081,0.1153756030209,-0.05293288719302));
#3837=CARTESIAN_POINT('Ctrl Pts',(0.1532301327158,0.1252678390139,-0.02052775780103));
#3838=CARTESIAN_POINT('Ctrl Pts',(0.1545616171236,0.1262357710809,0.01333980686258));
#3839=CARTESIAN_POINT('Ctrl Pts',(0.1558931015314,0.1182104409938,0.04625702116434));
#3840=CARTESIAN_POINT('Ctrl Pts',(0.1572245859391,0.1017635865454,0.07587880364956));
#3841=CARTESIAN_POINT('Ctrl Pts',(0.1585560703469,0.07806691011706,0.1000948448278));
#3842=CARTESIAN_POINT('Ctrl Pts',(0.1598875547546,0.04880860469671,0.1171799494534));
#3843=CARTESIAN_POINT('Ctrl Pts',(0.1612190391624,0.01607308415845,0.125916942647));
#3844=CARTESIAN_POINT('Ctrl Pts',(0.1625505235702,-0.01780751398975,0.1256833837971));
#3845=CARTESIAN_POINT('Ctrl Pts',(0.1638820079779,-0.05041947420001,0.1164959105698));
#3846=CARTESIAN_POINT('Ctrl Pts',(0.1652134923857,-0.07943946032466,0.09900905385884));
#3847=CARTESIAN_POINT('Ctrl Pts',(0.1665449767934,-0.1028000343527,0.07446860807156));
#3848=CARTESIAN_POINT('Ctrl Pts',(0.1678764612012,-0.1188369445882,0.04462287870673));
#3849=CARTESIAN_POINT('Ctrl Pts',(0.169207945609,-0.1264076901844,0.01159813007764));
#3850=CARTESIAN_POINT('Ctrl Pts',(0.1705394300167,-0.1249729152616,-0.02225289351555));
#3851=CARTESIAN_POINT('Ctrl Pts',(0.1718709144245,-0.1146348339178,-0.05451858155752));
#3852=CARTESIAN_POINT('Ctrl Pts',(0.1732023988322,-0.09612994863039,-0.08290026493464));
#3853=CARTESIAN_POINT('Ctrl Pts',(0.17453388324,-0.07077658076755,-0.1053759775102));
#3854=CARTESIAN_POINT('Ctrl Pts',(0.1758653676478,-0.04038095119504,-0.1203445049738));
#3855=CARTESIAN_POINT('Ctrl Pts',(0.1771968520555,-0.007108501935356,-0.1267394586404));
#3856=CARTESIAN_POINT('Ctrl Pts',(0.1785283364633,0.02667037386586,-0.1241052473409));
#3857=CARTESIAN_POINT('Ctrl Pts',(0.179859820871,0.05854920320171,-0.1126295349884));
#3858=CARTESIAN_POINT('Ctrl Pts',(0.1811913052788,0.08625687499863,-0.09312987143971));
#3859=CARTESIAN_POINT('Ctrl Pts',(0.1825227896866,0.107819438605,-0.06699544905147));
#3860=CARTESIAN_POINT('Ctrl Pts',(0.1838542740943,0.1217007321279,-0.03608813425794));
#3861=CARTESIAN_POINT('Ctrl Pts',(0.1851857585021,0.12691182196,-0.002609824832507));
#3862=CARTESIAN_POINT('Ctrl Pts',(0.1865172429098,0.1230814567776,0.0310544174766));
#3863=CARTESIAN_POINT('Ctrl Pts',(0.1878487273176,0.1104825166835,0.06250628342254));
#3864=CARTESIAN_POINT('Ctrl Pts',(0.1891802117254,0.09001257315669,0.08950507667585));
#3865=CARTESIAN_POINT('Ctrl Pts',(0.1905116961331,0.06312994470169,0.1101273457429));
#3866=CARTESIAN_POINT('Ctrl Pts',(0.1918431805409,0.03174980366895,0.1229039148732));
#3867=CARTESIAN_POINT('Ctrl Pts',(0.1931746649486,-0.001892264241089,0.1269245515666));
#3868=CARTESIAN_POINT('Ctrl Pts',(0.1945061493564,-0.03539952753089,0.1219028139115));
#3869=CARTESIAN_POINT('Ctrl Pts',(0.1958376337641,-0.06638485699516,0.1081964578431));
#3870=CARTESIAN_POINT('Ctrl Pts',(0.1971691181719,-0.09264078991003,0.08678195040742));
#3871=CARTESIAN_POINT('Ctrl Pts',(0.1985006025797,-0.1122967945946,0.05918490469505));
#3872=CARTESIAN_POINT('Ctrl Pts',(0.1998320869874,-0.123952531448,0.02737139235723));
#3873=CARTESIAN_POINT('Ctrl Pts',(0.2011635713952,-0.1267776166889,-0.006392123266124));
#3874=CARTESIAN_POINT('Ctrl Pts',(0.2024950558029,-0.1205707811285,-0.03970025461753));
#3875=CARTESIAN_POINT('Ctrl Pts',(0.2038265402107,-0.1057742101915,-0.07018005535421));
#3876=CARTESIAN_POINT('Ctrl Pts',(0.2051580246185,-0.08344204023895,-0.09566007296971));
#3877=CARTESIAN_POINT('Ctrl Pts',(0.2064895090262,-0.05516526768999,-0.1143250536319));
#3878=CARTESIAN_POINT('Ctrl Pts',(0.207820993434,-0.02295837507454,-0.1248452451658));
#3879=CARTESIAN_POINT('Ctrl Pts',(0.2091524778417,0.0108840794343,-0.1264712077));
#3880=CARTESIAN_POINT('Ctrl Pts',(0.2104839622495,0.04395132509977,-0.1190869243268));
#3881=CARTESIAN_POINT('Ctrl Pts',(0.2113716185213,0.06390821384937,-0.1085083873398));
#3882=CARTESIAN_POINT('Ctrl Pts',(0.2118154466572,0.0730097967974,-0.1019932010016));
#3883=CARTESIAN_POINT('Ctrl Pts',(0.0468104554553,-0.09367792661439,0.07255145779361));
#3884=CARTESIAN_POINT('Ctrl Pts',(0.04725428359122,-0.100152229227,0.06419188428684));
#3885=CARTESIAN_POINT('Ctrl Pts',(0.04814193986306,-0.1108488302089,0.04572994657378));
#3886=CARTESIAN_POINT('Ctrl Pts',(0.04947342427082,-0.1189970665079,0.0147784569165));
#3887=CARTESIAN_POINT('Ctrl Pts',(0.05080490867858,-0.1186674898543,-0.01722570644354));
#3888=CARTESIAN_POINT('Ctrl Pts',(0.05213639308634,-0.1098837593913,-0.0480027053376));
#3889=CARTESIAN_POINT('Ctrl Pts',(0.0534678774941,-0.09327160966947,-0.07535984508673));
#3890=CARTESIAN_POINT('Ctrl Pts',(0.05479936190186,-0.0700145509156,-0.09734814926398));
#3891=CARTESIAN_POINT('Ctrl Pts',(0.05613084630962,-0.04176947692865,-0.1124011125863));
#3892=CARTESIAN_POINT('Ctrl Pts',(0.05746233071739,-0.01054864321862,-0.1194463282086));
#3893=CARTESIAN_POINT('Ctrl Pts',(0.05879381512515,0.02142369700956,-0.1179818811003));
#3894=CARTESIAN_POINT('Ctrl Pts',(0.06012529953291,0.0518697530462,-0.1081121068642));
#3895=CARTESIAN_POINT('Ctrl Pts',(0.06145678394067,0.07862047258302,-0.09054015734823));
#3896=CARTESIAN_POINT('Ctrl Pts',(0.06278826834843,0.09977007008089,-0.06651790577715));
#3897=CARTESIAN_POINT('Ctrl Pts',(0.06411975275619,0.1138117992669,-0.03775675956048));
#3898=CARTESIAN_POINT('Ctrl Pts',(0.06545123716395,0.1197452968771,-0.006305734973498));
#3899=CARTESIAN_POINT('Ctrl Pts',(0.06678272157171,0.1171478503233,0.0255945200412));
#3900=CARTESIAN_POINT('Ctrl Pts',(0.06811420597947,0.1062045120667,0.05567135513814));
#3901=CARTESIAN_POINT('Ctrl Pts',(0.06944569038723,0.08769491535715,0.08178202652457));
#3902=CARTESIAN_POINT('Ctrl Pts',(0.07077717479499,0.06293773069287,0.1020663508407));
#3903=CARTESIAN_POINT('Ctrl Pts',(0.07210865920275,0.03369672012061,0.1150792285758));
#3904=CARTESIAN_POINT('Ctrl Pts',(0.07344014361051,0.002055082343264,0.1198935957919));
#3905=CARTESIAN_POINT('Ctrl Pts',(0.07477162801827,-0.02973295937999,0.1161664696968));
#3906=CARTESIAN_POINT('Ctrl Pts',(0.07610311242603,-0.05940275330136,0.1041633828975));
#3907=CARTESIAN_POINT('Ctrl Pts',(0.0774345968338,-0.08484055798866,0.08473946565137));
#3908=CARTESIAN_POINT('Ctrl Pts',(0.07876608124156,-0.1042341297426,0.0592785239272));
#3909=CARTESIAN_POINT('Ctrl Pts',(0.08009756564932,-0.1162018304766,0.02959445354779));
#3910=CARTESIAN_POINT('Ctrl Pts',(0.08142905005708,-0.1198910581742,-0.002197986062247));
#3911=CARTESIAN_POINT('Ctrl Pts',(0.08276053446484,-0.1150389875802,-0.03383383213059));
#3912=CARTESIAN_POINT('Ctrl Pts',(0.0840920188726,-0.1019912938864,-0.063059279413));
#3913=CARTESIAN_POINT('Ctrl Pts',(0.08542350328036,-0.08167752556025,-0.08779224599584));
#3914=CARTESIAN_POINT('Ctrl Pts',(0.08675498768812,-0.05554488086677,-0.1062707049918));
#3915=CARTESIAN_POINT('Ctrl Pts',(0.08808647209588,-0.02545510603435,-0.1171782146965));
#3916=CARTESIAN_POINT('Ctrl Pts',(0.08941795650365,0.006448139703992,-0.1197377042172));
#3917=CARTESIAN_POINT('Ctrl Pts',(0.09074944091141,0.03789200297805,-0.1137668331405));
#3918=CARTESIAN_POINT('Ctrl Pts',(0.09208092531917,0.06663635903768,-0.09969098135669));
#3919=CARTESIAN_POINT('Ctrl Pts',(0.09341240972693,0.09063340269473,-0.07851294367375));
#3920=CARTESIAN_POINT('Ctrl Pts',(0.09474389413469,0.1081735378843,-0.05174148828723));
#3921=CARTESIAN_POINT('Ctrl Pts',(0.09607537854245,0.1180071724086,-0.02128386878765));
#3922=CARTESIAN_POINT('Ctrl Pts',(0.09740686295021,0.119433741,0.01069005260306));
#3923=CARTESIAN_POINT('Ctrl Pts',(0.09873834735797,0.11235161457,0.04190239041581));
#3924=CARTESIAN_POINT('Ctrl Pts',(0.1000698317657,0.09726534005571,0.07012951696473));
#3925=CARTESIAN_POINT('Ctrl Pts',(0.1014013161735,0.07524969513076,0.09336047781112));
#3926=CARTESIAN_POINT('Ctrl Pts',(0.1027328005813,0.04787311863309,0.109940255853));
#3927=CARTESIAN_POINT('Ctrl Pts',(0.104064284989,0.0170859717087,0.1186876776565));
#3928=CARTESIAN_POINT('Ctrl Pts',(0.1053957693968,-0.01491840981389,0.1189795621913));
#3929=CARTESIAN_POINT('Ctrl Pts',(0.1067272538045,-0.04585997291026,0.11079511709));
#3930=CARTESIAN_POINT('Ctrl Pts',(0.1080587382123,-0.07353438262578,0.09471741960027));
#3931=CARTESIAN_POINT('Ctrl Pts',(0.1093902226201,-0.09597006293328,0.07189187675911));
#3932=CARTESIAN_POINT('Ctrl Pts',(0.1107217070278,-0.1115686553153,0.0439446241981));
#3933=CARTESIAN_POINT('Ctrl Pts',(0.1120531914356,-0.119218888564,0.01286667702679));
#3934=CARTESIAN_POINT('Ctrl Pts',(0.1133846758434,-0.118375747533,-0.01912791388255));
#3935=CARTESIAN_POINT('Ctrl Pts',(0.1147161602511,-0.1090993007456,-0.04975979499268));
#3936=CARTESIAN_POINT('Ctrl Pts',(0.1160476446589,-0.09205042073997,-0.07684669538709));
#3937=CARTESIAN_POINT('Ctrl Pts',(0.1173791290666,-0.06844370207316,-0.09845889562837));
#3938=CARTESIAN_POINT('Ctrl Pts',(0.1187106134744,-0.03996093121277,-0.1130567043217));
#3939=CARTESIAN_POINT('Ctrl Pts',(0.1200420978822,-0.008631272897644,-0.1196001483252));
#3940=CARTESIAN_POINT('Ctrl Pts',(0.1213735822899,0.02331329128275,-0.1176230621042));
#3941=CARTESIAN_POINT('Ctrl Pts',(0.1227050666977,0.05359697327163,-0.1072662979946));
#3942=CARTESIAN_POINT('Ctrl Pts',(0.1240365511054,0.08006230971076,-0.08926769144273));
#3943=CARTESIAN_POINT('Ctrl Pts',(0.1253680355132,0.1008238633854,-0.06490949613442));
#3944=CARTESIAN_POINT('Ctrl Pts',(0.126699519921,0.1144025449996,-0.03592703384589));
#3945=CARTESIAN_POINT('Ctrl Pts',(0.1280310043287,0.1198309859772,-0.004385066972231));
#3946=CARTESIAN_POINT('Ctrl Pts',(0.1293624887365,0.1167224553651,0.02746929882223));
#3947=CARTESIAN_POINT('Ctrl Pts',(0.1306939731442,0.1052984110931,0.05736670235897));
#3948=CARTESIAN_POINT('Ctrl Pts',(0.132025457552,0.0863727228071,0.0831772001789));
#3949=CARTESIAN_POINT('Ctrl Pts',(0.1333569419598,0.06129369028141,0.1030620073804));
#3950=CARTESIAN_POINT('Ctrl Pts',(0.1346884263675,0.03184798812662,0.1156044957917));
#3951=CARTESIAN_POINT('Ctrl Pts',(0.1360199107753,0.0001333799435986,0.1199111169518));
#3952=CARTESIAN_POINT('Ctrl Pts',(0.1373513951831,-0.03159073001233,0.115675059985));
#3953=CARTESIAN_POINT('Ctrl Pts',(0.1386828795908,-0.06106426070276,0.1031981092805));
#3954=CARTESIAN_POINT('Ctrl Pts',(0.1400143639986,-0.0861874663751,0.0833691448059));
#3955=CARTESIAN_POINT('Ctrl Pts',(0.1413458484063,-0.1051705260591,0.05760081673459));
#3956=CARTESIAN_POINT('Ctrl Pts',(0.1426773328141,-0.1166610534856,0.02772890579445));
#3957=CARTESIAN_POINT('Ctrl Pts',(0.1440088172219,-0.1198404434076,-0.00411846092089));
#3958=CARTESIAN_POINT('Ctrl Pts',(0.1453403016296,-0.1144821904521,-0.03567242139336));
#3959=CARTESIAN_POINT('Ctrl Pts',(0.1466717860374,-0.1009680257678,-0.06468501632049));
#3960=CARTESIAN_POINT('Ctrl Pts',(0.1480032704451,-0.08026072186629,-0.08908933761768));
#3961=CARTESIAN_POINT('Ctrl Pts',(0.1493347548529,-0.05383550308251,-0.1071467785337));
#3962=CARTESIAN_POINT('Ctrl Pts',(0.1506662392607,-0.02357494808369,-0.117570895032));
#3963=CARTESIAN_POINT('Ctrl Pts',(0.1519977236684,0.008365128254589,-0.119619054341));
#3964=CARTESIAN_POINT('Ctrl Pts',(0.1533292080762,0.03970925880874,-0.1131453414696));
#3965=CARTESIAN_POINT('Ctrl Pts',(0.1546606924839,0.06822443242602,-0.09861095453223));
#3966=CARTESIAN_POINT('Ctrl Pts',(0.1559921768917,0.09187917753934,-0.07705134829106));
#3967=CARTESIAN_POINT('Ctrl Pts',(0.1573236612995,0.1089882877895,-0.05000246665562));
#3968=CARTESIAN_POINT('Ctrl Pts',(0.1586551457072,0.1183328791508,-0.01939131944981));
#3969=CARTESIAN_POINT('Ctrl Pts',(0.159986630115,0.1192472254764,0.01260130106651));
#3970=CARTESIAN_POINT('Ctrl Pts',(0.1613181145228,0.1116661861384,0.04369618362067));
#3971=CARTESIAN_POINT('Ctrl Pts',(0.1626495989305,0.09612984692179,0.07167807294396));
#3972=CARTESIAN_POINT('Ctrl Pts',(0.1639810833383,0.07374504352656,0.09455348850802));
#3973=CARTESIAN_POINT('Ctrl Pts',(0.165312567746,0.04610650879396,0.110692743698));
#3974=CARTESIAN_POINT('Ctrl Pts',(0.1666440521538,0.01518326124466,0.1189460477213));
#3975=CARTESIAN_POINT('Ctrl Pts',(0.1679755365616,-0.01682167120877,0.118725418936));
#3976=CARTESIAN_POINT('Ctrl Pts',(0.1693070209693,-0.04762819886032,0.1100465739294));
#3977=CARTESIAN_POINT('Ctrl Pts',(0.1706385053771,-0.07504160790512,0.09352780807381));
#3978=CARTESIAN_POINT('Ctrl Pts',(0.1719699897848,-0.09710891588388,0.07034594728247));
#3979=CARTESIAN_POINT('Ctrl Pts',(0.1733014741926,-0.1122580058322,0.04215250901533));
#3980=CARTESIAN_POINT('Ctrl Pts',(0.1746329586004,-0.1194096269567,0.01095604534776));
#3981=CARTESIAN_POINT('Ctrl Pts',(0.1759644430081,-0.1180542826889,-0.02102094982926));
#3982=CARTESIAN_POINT('Ctrl Pts',(0.1772959274159,-0.1082885284463,-0.05150037530546));
#3983=CARTESIAN_POINT('Ctrl Pts',(0.1786274118236,-0.09080809315143,-0.07831081871694));
#3984=CARTESIAN_POINT('Ctrl Pts',(0.1799588962314,-0.06685831450916,-0.0995422521077));
#3985=CARTESIAN_POINT('Ctrl Pts',(0.1812903806392,-0.03814541909058,-0.1136821060827));
#3986=CARTESIAN_POINT('Ctrl Pts',(0.1826218650469,-0.00671496776093,-0.1197230283606));
#3987=CARTESIAN_POINT('Ctrl Pts',(0.1839533494547,0.02519387380208,-0.1172346497807));
#3988=CARTESIAN_POINT('Ctrl Pts',(0.1852848338624,0.05530785747868,-0.1063942449834));
#3989=CARTESIAN_POINT('Ctrl Pts',(0.1866163182702,0.08148160330287,-0.08797410340241));
#3990=CARTESIAN_POINT('Ctrl Pts',(0.187947802678,0.1018504406158,-0.06328651023813));
#3991=CARTESIAN_POINT('Ctrl Pts',(0.1892792870857,0.1149632510692,-0.03409025703277));
#3992=CARTESIAN_POINT('Ctrl Pts',(0.1906107714935,0.1198858494648,-0.002465342173546));
#3993=CARTESIAN_POINT('Ctrl Pts',(0.1919422559012,0.1162675373441,0.02933521212854));
#3994=CARTESIAN_POINT('Ctrl Pts',(0.193273740309,0.1043660878794,0.05904586955942));
#3995=CARTESIAN_POINT('Ctrl Pts',(0.1946052247167,0.08502938204452,0.08454998110482));
#3996=CARTESIAN_POINT('Ctrl Pts',(0.1959367091245,0.05963500429151,0.1040305795771));
#3997=CARTESIAN_POINT('Ctrl Pts',(0.1972681935323,0.02999210100689,0.116099824347));
#3998=CARTESIAN_POINT('Ctrl Pts',(0.19859967794,-0.001787506494282,0.1198978743469));
#3999=CARTESIAN_POINT('Ctrl Pts',(0.1999311623478,-0.03343977230136,0.1151541453919));
#4000=CARTESIAN_POINT('Ctrl Pts',(0.2012626467555,-0.0627097212029,0.1022065876707));
#4001=CARTESIAN_POINT('Ctrl Pts',(0.2025941311633,-0.08751209794273,0.0819776099825));
#4002=CARTESIAN_POINT('Ctrl Pts',(0.2039256155711,-0.1060799254493,0.05590836586599));
#4003=CARTESIAN_POINT('Ctrl Pts',(0.2052570999788,-0.1170903884009,0.02585608316942));
#4004=CARTESIAN_POINT('Ctrl Pts',(0.2065885843866,-0.1197590739393,-0.006038248571394));
#4005=CARTESIAN_POINT('Ctrl Pts',(0.2079200687943,-0.1138958553505,-0.03750240659449));
#4006=CARTESIAN_POINT('Ctrl Pts',(0.2092515532021,-0.09991843820723,-0.06629481337269));
#4007=CARTESIAN_POINT('Ctrl Pts',(0.2105830376098,-0.07882260076823,-0.09036423030356));
#4008=CARTESIAN_POINT('Ctrl Pts',(0.2119145220176,-0.05211126021067,-0.1079958979243));
#4009=CARTESIAN_POINT('Ctrl Pts',(0.2132460064254,-0.02168737518409,-0.1179336805444));
#4010=CARTESIAN_POINT('Ctrl Pts',(0.2145774908331,0.01028152530215,-0.1194696280755));
#4011=CARTESIAN_POINT('Ctrl Pts',(0.2159089752409,0.04151813332528,-0.1124941464285));
#4012=CARTESIAN_POINT('Ctrl Pts',(0.2167966315127,0.06037018763725,-0.102501248421));
#4013=CARTESIAN_POINT('Ctrl Pts',(0.2172404596486,0.0689678973411,-0.09634674967923));
#4014=CARTESIAN_POINT('Ctrl Pts',(0.0522354684467,-0.08818788305431,0.06829954191514));
#4015=CARTESIAN_POINT('Ctrl Pts',(0.05267929658262,-0.09428275579854,0.06042988555699));
#4016=CARTESIAN_POINT('Ctrl Pts',(0.05356695285446,-0.1043524769224,0.0430499192956));
#4017=CARTESIAN_POINT('Ctrl Pts',(0.05489843726222,-0.1120231815996,0.01391235777069));
#4018=CARTESIAN_POINT('Ctrl Pts',(0.05622992166998,-0.1117129199571,-0.01621618496771));
#4019=CARTESIAN_POINT('Ctrl Pts',(0.05756140607774,-0.1034439645815,-0.04518948185124));
#4020=CARTESIAN_POINT('Ctrl Pts',(0.0588928904855,-0.08780537852505,-0.07094334221183));
#4021=CARTESIAN_POINT('Ctrl Pts',(0.06022437489326,-0.06591131178277,-0.09164301039864));
#4022=CARTESIAN_POINT('Ctrl Pts',(0.06155585930102,-0.03932155503171,-0.1058137869847));
#4023=CARTESIAN_POINT('Ctrl Pts',(0.06288734370878,-0.009930434502195,-0.112446114085));
#4024=CARTESIAN_POINT('Ctrl Pts',(0.06421882811654,0.02016815011552,-0.1110674916603));
#4025=CARTESIAN_POINT('Ctrl Pts',(0.0655503125243,0.04882989921973,-0.1017761406712));
#4026=CARTESIAN_POINT('Ctrl Pts',(0.06688179693206,0.07401287893962,-0.08523400438624));
#4027=CARTESIAN_POINT('Ctrl Pts',(0.06821328133982,0.09392299328775,-0.06261958934936));
#4028=CARTESIAN_POINT('Ctrl Pts',(0.06954476574758,0.1071417996394,-0.03554400504972));
#4029=CARTESIAN_POINT('Ctrl Pts',(0.07087625015534,0.1127275615393,-0.005936184099199));
#4030=CARTESIAN_POINT('Ctrl Pts',(0.0722077345631,0.1102823396903,0.02409453989642));
#4031=CARTESIAN_POINT('Ctrl Pts',(0.07353921897086,0.09998034145793,0.05240870644594));
#4032=CARTESIAN_POINT('Ctrl Pts',(0.07487070337863,0.0825555092803,0.07698914836983));
#4033=CARTESIAN_POINT('Ctrl Pts',(0.07620218778639,0.05924923228599,0.09608469932056));
#4034=CARTESIAN_POINT('Ctrl Pts',(0.07753367219415,0.03172190633063,0.1083349505951));
#4035=CARTESIAN_POINT('Ctrl Pts',(0.07886515660191,0.001934643174808,0.1128671693192));
#4036=CARTESIAN_POINT('Ctrl Pts',(0.08019664100967,-0.02799044384761,0.1093584733854));
#4037=CARTESIAN_POINT('Ctrl Pts',(0.08152812541743,-0.05592142408113,0.09805883372415));
#4038=CARTESIAN_POINT('Ctrl Pts',(0.08285960982519,-0.07986843300839,0.07977326524005));
#4039=CARTESIAN_POINT('Ctrl Pts',(0.08419109423295,-0.09812543441366,0.05580447523398));
#4040=CARTESIAN_POINT('Ctrl Pts',(0.08552257864071,-0.1093917618282,0.02786005522168));
#4041=CARTESIAN_POINT('Ctrl Pts',(0.08685406304847,-0.1128647804199,-0.002069171947095));
#4042=CARTESIAN_POINT('Ctrl Pts',(0.08818554745623,-0.108297067944,-0.03185098282004));
#4043=CARTESIAN_POINT('Ctrl Pts',(0.089517031864,-0.09601404111808,-0.05936365758023));
#4044=CARTESIAN_POINT('Ctrl Pts',(0.09084851627176,-0.07689077173882,-0.08264713580635));
#4045=CARTESIAN_POINT('Ctrl Pts',(0.09218000067952,-0.05228964426495,-0.1000426551123));
#4046=CARTESIAN_POINT('Ctrl Pts',(0.09351148508728,-0.02396329631988,-0.1103109245437));
#4047=CARTESIAN_POINT('Ctrl Pts',(0.09484296949504,0.006070243126477,-0.1127204138513));
#4048=CARTESIAN_POINT('Ctrl Pts',(0.0961744539028,0.03567132245654,-0.1070994687762));
#4049=CARTESIAN_POINT('Ctrl Pts',(0.09750593831056,0.06273110059502,-0.09384853959932));
#4050=CARTESIAN_POINT('Ctrl Pts',(0.09883742271832,0.08532178504076,-0.07391165181795));
#4051=CARTESIAN_POINT('Ctrl Pts',(0.1001689071261,0.1018339714945,-0.0487091514836));
#4052=CARTESIAN_POINT('Ctrl Pts',(0.1015003915338,0.1110913007584,-0.02003651659921));
#4053=CARTESIAN_POINT('Ctrl Pts',(0.1028318759416,0.1124342645563,0.01006355651619));
#4054=CARTESIAN_POINT('Ctrl Pts',(0.1041633603494,0.1057671898253,0.0394466790549));
#4055=CARTESIAN_POINT('Ctrl Pts',(0.1054948447571,0.09156505426704,0.06601954018687));
#4056=CARTESIAN_POINT('Ctrl Pts',(0.1068263291649,0.07083964765125,0.08788903850309));
#4057=CARTESIAN_POINT('Ctrl Pts',(0.1081578135727,0.04506748964288,0.1034971500387));
#4058=CARTESIAN_POINT('Ctrl Pts',(0.1094892979804,0.0160846394596,0.1117319246427));
#4059=CARTESIAN_POINT('Ctrl Pts',(0.1108207823882,-0.01404410865581,0.1120067031326));
#4060=CARTESIAN_POINT('Ctrl Pts',(0.1121522667959,-0.04317232537108,0.1043019116887));
#4061=CARTESIAN_POINT('Ctrl Pts',(0.1134837512037,-0.06922486192683,0.08916645601367));
#4062=CARTESIAN_POINT('Ctrl Pts',(0.1148152356115,-0.09034568753334,0.06767861596985));
#4063=CARTESIAN_POINT('Ctrl Pts',(0.1161467200192,-0.1050301163045,0.04136922666531));
#4064=CARTESIAN_POINT('Ctrl Pts',(0.117478204427,-0.1122320036589,0.01211261873468));
#4065=CARTESIAN_POINT('Ctrl Pts',(0.1188096888347,-0.1114382753461,-0.01800691255146));
#4066=CARTESIAN_POINT('Ctrl Pts',(0.1201411732425,-0.1027054795423,-0.04684359635418));
#4067=CARTESIAN_POINT('Ctrl Pts',(0.1214726576503,-0.08665575800723,-0.07234305487783));
#4068=CARTESIAN_POINT('Ctrl Pts',(0.122804142058,-0.06443252335289,-0.09268866089525));
#4069=CARTESIAN_POINT('Ctrl Pts',(0.1241356264658,-0.03761900007714,-0.1064309574257));
#4070=CARTESIAN_POINT('Ctrl Pts',(0.1254671108736,-0.008125432665054,-0.1125909194937));
#4071=CARTESIAN_POINT('Ctrl Pts',(0.1267985952813,0.02194700373458,-0.1107297014379));
#4072=CARTESIAN_POINT('Ctrl Pts',(0.1281300796891,0.05045589480647,-0.1009799008699));
#4073=CARTESIAN_POINT('Ctrl Pts',(0.1294615640968,0.07537021645338,-0.08403611200625));
#4074=CARTESIAN_POINT('Ctrl Pts',(0.1307930485046,0.09491502848819,-0.0611054413894));
#4075=CARTESIAN_POINT('Ctrl Pts',(0.1321245329124,0.1076979244114,-0.03382151136128));
#4076=CARTESIAN_POINT('Ctrl Pts',(0.1334560173201,0.1128082287852,-0.004128077844037));
#4077=CARTESIAN_POINT('Ctrl Pts',(0.1347875017279,0.1098818752247,0.02585944629294));
#4078=CARTESIAN_POINT('Ctrl Pts',(0.1361189861356,0.09912734300266,0.05400469696206));
#4079=CARTESIAN_POINT('Ctrl Pts',(0.1374504705434,0.0813108045116,0.07830255714728));
#4080=CARTESIAN_POINT('Ctrl Pts',(0.1387819549512,0.05770154171702,0.09702200489152));
#4081=CARTESIAN_POINT('Ctrl Pts',(0.1401134393589,0.02998152023568,0.1088294342529));
#4082=CARTESIAN_POINT('Ctrl Pts',(0.1414449237667,0.0001255631427037,0.1128836636424));
#4083=CARTESIAN_POINT('Ctrl Pts',(0.1427764081745,-0.02973933886684,0.1088958629951));
#4084=CARTESIAN_POINT('Ctrl Pts',(0.1441078925822,-0.05748555797803,0.09715013046899));
#4085=CARTESIAN_POINT('Ctrl Pts',(0.14543937699,-0.08113640512905,0.07848325275968));
#4086=CARTESIAN_POINT('Ctrl Pts',(0.1467708613977,-0.09900695273754,0.05422509094305));
#4087=CARTESIAN_POINT('Ctrl Pts',(0.1481023458055,-0.1098240718342,0.02610383886367));
#4088=CARTESIAN_POINT('Ctrl Pts',(0.1494338302133,-0.112817131958,-0.003877096378856));
#4089=CARTESIAN_POINT('Ctrl Pts',(0.150765314621,-0.1077729022009,-0.03358182060381));
#4090=CARTESIAN_POINT('Ctrl Pts',(0.1520967990288,-0.09505074215921,-0.0608941173316));
#4091=CARTESIAN_POINT('Ctrl Pts',(0.1534282834365,-0.07555700056145,-0.08386821069978));
#4092=CARTESIAN_POINT('Ctrl Pts',(0.1547597678443,-0.05068044545384,-0.1008673859091));
#4093=CARTESIAN_POINT('Ctrl Pts',(0.1560912522521,-0.02219332600276,-0.1106805916441));
#4094=CARTESIAN_POINT('Ctrl Pts',(0.1574227366598,0.007874885567087,-0.1126087175126));
#4095=CARTESIAN_POINT('Ctrl Pts',(0.1587542210676,0.0373820770651,-0.1065143999475));
#4096=CARTESIAN_POINT('Ctrl Pts',(0.1600857054753,0.06422610411735,-0.09283180830804));
#4097=CARTESIAN_POINT('Ctrl Pts',(0.1614171898831,0.08649455060336,-0.07253571399204));
#4098=CARTESIAN_POINT('Ctrl Pts',(0.1627486742909,0.1026009725582,-0.04707204611823));
#4099=CARTESIAN_POINT('Ctrl Pts',(0.1640801586986,0.1113979192877,-0.01825488109859));
#4100=CARTESIAN_POINT('Ctrl Pts',(0.1654116431064,0.1122586798718,0.01186279527044));
#4101=CARTESIAN_POINT('Ctrl Pts',(0.1667431275141,0.105121931283,0.04113534607701));
#4102=CARTESIAN_POINT('Ctrl Pts',(0.1680746119219,0.09049610729819,0.06747734223837));
#4103=CARTESIAN_POINT('Ctrl Pts',(0.1694060963297,0.06942317693607,0.08901213218826));
#4104=CARTESIAN_POINT('Ctrl Pts',(0.1707375807374,0.04340441289122,0.1042055379426));
#4105=CARTESIAN_POINT('Ctrl Pts',(0.1720690651452,0.01429343833088,0.1119751527956));
#4106=CARTESIAN_POINT('Ctrl Pts',(0.1734005495529,-0.0158358284278,0.1117674540748));
#4107=CARTESIAN_POINT('Ctrl Pts',(0.1747320339607,-0.04483692352064,0.103597237289));
#4108=CARTESIAN_POINT('Ctrl Pts',(0.1760635183685,-0.07064375548559,0.08804656228879));
#4109=CARTESIAN_POINT('Ctrl Pts',(0.1773950027762,-0.09141779741508,0.06622328649338));
#4110=CARTESIAN_POINT('Ctrl Pts',(0.178726487184,-0.1056790670762,0.03968213932393));
#4111=CARTESIAN_POINT('Ctrl Pts',(0.1800579715917,-0.112411563729,0.01031396061788));
#4112=CARTESIAN_POINT('Ctrl Pts',(0.1813894559995,-0.1111356501162,-0.01978900614298));
#4113=CARTESIAN_POINT('Ctrl Pts',(0.1827209404073,-0.1019422229749,-0.0484821690534));
#4114=CARTESIAN_POINT('Ctrl Pts',(0.184052424815,-0.08548623767248,-0.07372137249925));
#4115=CARTESIAN_POINT('Ctrl Pts',(0.1853839092228,-0.06294004825077,-0.09370852670525));
#4116=CARTESIAN_POINT('Ctrl Pts',(0.1867153936305,-0.03590988698613,-0.1070197071916));
#4117=CARTESIAN_POINT('Ctrl Pts',(0.1880468780383,-0.006321433586502,-0.1127065980808));
#4118=CARTESIAN_POINT('Ctrl Pts',(0.1893783624461,0.02371737373831,-0.1103640522204));
#4119=CARTESIAN_POINT('Ctrl Pts',(0.1907098468538,0.05206651175567,-0.1001589549785));
#4120=CARTESIAN_POINT('Ctrl Pts',(0.1920413312616,0.07670633160713,-0.08281833536511));
#4121=CARTESIAN_POINT('Ctrl Pts',(0.1933728156693,0.09588144262658,-0.05957757142479));
#4122=CARTESIAN_POINT('Ctrl Pts',(0.1947043000771,0.1082257700106,-0.03209237980759));
#4123=CARTESIAN_POINT('Ctrl Pts',(0.1960357844849,0.1128598769696,-0.002320859514581));
#4124=CARTESIAN_POINT('Ctrl Pts',(0.1973672688926,0.1094536179107,0.02761600678049));
#4125=CARTESIAN_POINT('Ctrl Pts',(0.1986987533004,0.09824965907525,0.05558545569631));
#4126=CARTESIAN_POINT('Ctrl Pts',(0.2000302377081,0.08004619093235,0.0795948855338));
#4127=CARTESIAN_POINT('Ctrl Pts',(0.2013617221159,0.05614006388133,0.0979338134114));
#4128=CARTESIAN_POINT('Ctrl Pts',(0.2026932065237,0.02823439834483,0.1092957338209));
#4129=CARTESIAN_POINT('Ctrl Pts',(0.2040246909314,-0.00168274874748,0.1128711971273));
#4130=CARTESIAN_POINT('Ctrl Pts',(0.2053561753392,-0.03148001707184,0.1084054768723));
#4131=CARTESIAN_POINT('Ctrl Pts',(0.2066876597469,-0.05903458541065,0.09621671749829));
#4132=CARTESIAN_POINT('Ctrl Pts',(0.2080191441547,-0.08238340597544,0.07717326955759));
#4133=CARTESIAN_POINT('Ctrl Pts',(0.2093506285625,-0.09986305630393,0.05263182703694));
#4134=CARTESIAN_POINT('Ctrl Pts',(0.2106821129702,-0.1102282453537,0.02434077398162));
#4135=CARTESIAN_POINT('Ctrl Pts',(0.212013597378,-0.1127405311896,-0.005684373876667));
#4136=CARTESIAN_POINT('Ctrl Pts',(0.2133450817857,-0.1072209295725,-0.03530455857146));
#4137=CARTESIAN_POINT('Ctrl Pts',(0.2146765661935,-0.09406266622296,-0.06240957139118));
#4138=CARTESIAN_POINT('Ctrl Pts',(0.2160080506012,-0.07420316129753,-0.08506838763743));
#4139=CARTESIAN_POINT('Ctrl Pts',(0.217339535009,-0.04905725273135,-0.1016667422166));
#4140=CARTESIAN_POINT('Ctrl Pts',(0.2186710194168,-0.02041637529364,-0.1110221159231));
#4141=CARTESIAN_POINT('Ctrl Pts',(0.2200025038245,0.009678971170001,-0.1124680484511));
#4142=CARTESIAN_POINT('Ctrl Pts',(0.2213339882323,0.0390849415508,-0.1059013685301));
#4143=CARTESIAN_POINT('Ctrl Pts',(0.2222216445041,0.05683216142513,-0.09649410950225));
#4144=CARTESIAN_POINT('Ctrl Pts',(0.22266547264,0.06492599788481,-0.09070029835683));
#4145=CARTESIAN_POINT('Ctrl Pts',(0.05766048143809,-0.08269783949423,0.06404762603666));
#4146=CARTESIAN_POINT('Ctrl Pts',(0.05810430957401,-0.0884132823701,0.05666788682714));
#4147=CARTESIAN_POINT('Ctrl Pts',(0.05899196584585,-0.09785612363598,0.04036989201742));
#4148=CARTESIAN_POINT('Ctrl Pts',(0.06032345025361,-0.1050492966914,0.01304625862487));
#4149=CARTESIAN_POINT('Ctrl Pts',(0.06165493466137,-0.1047583500599,-0.01520666349189));
#4150=CARTESIAN_POINT('Ctrl Pts',(0.06298641906913,-0.09700416977173,-0.04237625836488));
#4151=CARTESIAN_POINT('Ctrl Pts',(0.06431790347689,-0.08233914738063,-0.06652683933693));
#4152=CARTESIAN_POINT('Ctrl Pts',(0.06564938788465,-0.06180807264995,-0.0859378715333));
#4153=CARTESIAN_POINT('Ctrl Pts',(0.06698087229241,-0.03687363313476,-0.09922646138296));
#4154=CARTESIAN_POINT('Ctrl Pts',(0.06831235670018,-0.009312225785766,-0.1054458999614));
#4155=CARTESIAN_POINT('Ctrl Pts',(0.06964384110794,0.01891260322149,-0.1041531022204));
#4156=CARTESIAN_POINT('Ctrl Pts',(0.0709753255157,0.04579004539327,-0.09544017447823));
#4157=CARTESIAN_POINT('Ctrl Pts',(0.07230680992346,0.06940528529623,-0.07992785142425));
#4158=CARTESIAN_POINT('Ctrl Pts',(0.07363829433122,0.08807591649461,-0.05872127292157));
#4159=CARTESIAN_POINT('Ctrl Pts',(0.07496977873898,0.1004718000118,-0.03333125053896));
#4160=CARTESIAN_POINT('Ctrl Pts',(0.07630126314674,0.1057098262015,-0.005566633224901));
#4161=CARTESIAN_POINT('Ctrl Pts',(0.0776327475545,0.1034168290574,0.02259455975164));
#4162=CARTESIAN_POINT('Ctrl Pts',(0.07896423196226,0.09375617084917,0.04914605775373));
#4163=CARTESIAN_POINT('Ctrl Pts',(0.08029571637002,0.07741610320346,0.07219627021509));
#4164=CARTESIAN_POINT('Ctrl Pts',(0.08162720077778,0.05556073387912,0.09010304780045));
#4165=CARTESIAN_POINT('Ctrl Pts',(0.08295868518554,0.02974709254066,0.1015906726144));
#4166=CARTESIAN_POINT('Ctrl Pts',(0.0842901695933,0.001814204006353,0.1058407428465));
#4167=CARTESIAN_POINT('Ctrl Pts',(0.08562165400106,-0.02624792831524,0.1025504770739));
#4168=CARTESIAN_POINT('Ctrl Pts',(0.08695313840882,-0.0524400948609,0.09195428455082));
#4169=CARTESIAN_POINT('Ctrl Pts',(0.08828462281659,-0.07489630802812,0.07480706482873));
#4170=CARTESIAN_POINT('Ctrl Pts',(0.08961610722435,-0.09201673908472,0.05233042654077));
#4171=CARTESIAN_POINT('Ctrl Pts',(0.09094759163211,-0.1025816931799,0.02612565689556));
#4172=CARTESIAN_POINT('Ctrl Pts',(0.09227907603987,-0.1058385026656,-0.001940357831942));
#4173=CARTESIAN_POINT('Ctrl Pts',(0.09361056044763,-0.1015551483078,-0.02986813350948));
#4174=CARTESIAN_POINT('Ctrl Pts',(0.09494204485539,-0.09003678834977,-0.05566803574746));
#4175=CARTESIAN_POINT('Ctrl Pts',(0.09627352926315,-0.07210401791739,-0.07750202561685));
#4176=CARTESIAN_POINT('Ctrl Pts',(0.09760501367091,-0.04903440766312,-0.09381460523273));
#4177=CARTESIAN_POINT('Ctrl Pts',(0.09893649807867,-0.0224714866054,-0.1034436343909));
#4178=CARTESIAN_POINT('Ctrl Pts',(0.1002679824864,0.00569234654896,-0.1057031234853));
#4179=CARTESIAN_POINT('Ctrl Pts',(0.1015994668942,0.03345064193503,-0.1004321044118));
#4180=CARTESIAN_POINT('Ctrl Pts',(0.102930951302,0.05882584215235,-0.08800609784195));
#4181=CARTESIAN_POINT('Ctrl Pts',(0.1042624357097,0.08001016738679,-0.06931035996215));
#4182=CARTESIAN_POINT('Ctrl Pts',(0.1055939201175,0.09549440510469,-0.04567681467998));
#4183=CARTESIAN_POINT('Ctrl Pts',(0.1069254045252,0.1041754291081,-0.01878916441077));
#4184=CARTESIAN_POINT('Ctrl Pts',(0.108256888933,0.1054347881126,0.009437060429313));
#4185=CARTESIAN_POINT('Ctrl Pts',(0.1095883733408,0.09918276508053,0.03699096769397));
#4186=CARTESIAN_POINT('Ctrl Pts',(0.1109198577485,0.08586476847837,0.061909563409));
#4187=CARTESIAN_POINT('Ctrl Pts',(0.1122513421563,0.06642960017175,0.08241759919505));
#4188=CARTESIAN_POINT('Ctrl Pts',(0.113582826564,0.04226186065266,0.09705404422439));
#4189=CARTESIAN_POINT('Ctrl Pts',(0.1149143109718,0.01508330721051,0.1047761716288));
#4190=CARTESIAN_POINT('Ctrl Pts',(0.1162457953796,-0.01316980749773,0.105033844074));
#4191=CARTESIAN_POINT('Ctrl Pts',(0.1175772797873,-0.04048467783188,0.09780870628751));
#4192=CARTESIAN_POINT('Ctrl Pts',(0.1189087641951,-0.06491534122788,0.08361549242708));
#4193=CARTESIAN_POINT('Ctrl Pts',(0.1202402486029,-0.08472131213339,0.06346535518059));
#4194=CARTESIAN_POINT('Ctrl Pts',(0.1215717330106,-0.09849157729365,0.03879382913253));
#4195=CARTESIAN_POINT('Ctrl Pts',(0.1229032174184,-0.1052451187538,0.01135856044258));
#4196=CARTESIAN_POINT('Ctrl Pts',(0.1242347018261,-0.1045008031592,-0.01688591122036));
#4197=CARTESIAN_POINT('Ctrl Pts',(0.1255661862339,-0.09631165833898,-0.04392739771568));
#4198=CARTESIAN_POINT('Ctrl Pts',(0.1268976706417,-0.0812610952745,-0.06783941436858));
#4199=CARTESIAN_POINT('Ctrl Pts',(0.1282291550494,-0.06042134463261,-0.08691842616212));
#4200=CARTESIAN_POINT('Ctrl Pts',(0.1295606394572,-0.03527706894151,-0.09980521052975));
#4201=CARTESIAN_POINT('Ctrl Pts',(0.1308921238649,-0.007619592432466,-0.1055816906623));
#4202=CARTESIAN_POINT('Ctrl Pts',(0.1322236082727,0.02058071618642,-0.1038363407716));
#4203=CARTESIAN_POINT('Ctrl Pts',(0.1335550926805,0.0473148163413,-0.09469350374515));
#4204=CARTESIAN_POINT('Ctrl Pts',(0.1348865770882,0.07067812319599,-0.07880453256975));
#4205=CARTESIAN_POINT('Ctrl Pts',(0.136218061496,0.08900619359092,-0.05730138664438));
#4206=CARTESIAN_POINT('Ctrl Pts',(0.1375495459038,0.1009933038233,-0.03171598887666));
#4207=CARTESIAN_POINT('Ctrl Pts',(0.1388810303115,0.1057854715932,-0.003871088715846));
#4208=CARTESIAN_POINT('Ctrl Pts',(0.1402125147193,0.1030412950843,0.02424959376365));
#4209=CARTESIAN_POINT('Ctrl Pts',(0.141543999127,0.09295627491221,0.05064269156514));
#4210=CARTESIAN_POINT('Ctrl Pts',(0.1428754835348,0.07624888621609,0.07342791411565));
#4211=CARTESIAN_POINT('Ctrl Pts',(0.1442069679426,0.05410939315262,0.09098200240259));
#4212=CARTESIAN_POINT('Ctrl Pts',(0.1455384523503,0.02811505234473,0.1020543727141));
#4213=CARTESIAN_POINT('Ctrl Pts',(0.1468699367581,0.0001177463418113,0.105856210333));
#4214=CARTESIAN_POINT('Ctrl Pts',(0.1482014211658,-0.02788794772134,0.1021166660051));
#4215=CARTESIAN_POINT('Ctrl Pts',(0.1495329055736,-0.05390685525329,0.09110215165749));
#4216=CARTESIAN_POINT('Ctrl Pts',(0.1508643899814,-0.07608534388299,0.07359736071346));
#4217=CARTESIAN_POINT('Ctrl Pts',(0.1521958743891,-0.09284337941595,0.05084936515152));
#4218=CARTESIAN_POINT('Ctrl Pts',(0.1535273587969,-0.1029870901828,0.02447877193289));
#4219=CARTESIAN_POINT('Ctrl Pts',(0.1548588432047,-0.1057938205084,-0.003635731836819));
#4220=CARTESIAN_POINT('Ctrl Pts',(0.1561903276124,-0.1010636139496,-0.03149121981426));
#4221=CARTESIAN_POINT('Ctrl Pts',(0.1575218120202,-0.08913345855063,-0.0571032183427));
#4222=CARTESIAN_POINT('Ctrl Pts',(0.1588532964279,-0.0708532792566,-0.07864708378186));
#4223=CARTESIAN_POINT('Ctrl Pts',(0.1601847808357,-0.04752538782518,-0.09458799328445));
#4224=CARTESIAN_POINT('Ctrl Pts',(0.1615162652435,-0.02081170392183,-0.1037902882562));
#4225=CARTESIAN_POINT('Ctrl Pts',(0.1628477496512,0.00738464287958,-0.1055983806843));
#4226=CARTESIAN_POINT('Ctrl Pts',(0.164179234059,0.03505489532147,-0.09988345842545));
#4227=CARTESIAN_POINT('Ctrl Pts',(0.1655107184667,0.06022777580866,-0.08705266208384));
#4228=CARTESIAN_POINT('Ctrl Pts',(0.1668422028745,0.08110992366736,-0.06802007969302));
#4229=CARTESIAN_POINT('Ctrl Pts',(0.1681736872823,0.09621365732687,-0.04414162558083));
#4230=CARTESIAN_POINT('Ctrl Pts',(0.16950517169,0.1044629594247,-0.01711844274738));
#4231=CARTESIAN_POINT('Ctrl Pts',(0.1708366560978,0.1052701342673,0.01112428947436));
#4232=CARTESIAN_POINT('Ctrl Pts',(0.1721681405055,0.09857767642766,0.03857450853334));
#4233=CARTESIAN_POINT('Ctrl Pts',(0.1734996249133,0.08486236767457,0.06327661153278));
#4234=CARTESIAN_POINT('Ctrl Pts',(0.1748311093211,0.06510131034557,0.08347077586849));
#4235=CARTESIAN_POINT('Ctrl Pts',(0.1761625937288,0.04070231698847,0.09771833218716));
#4236=CARTESIAN_POINT('Ctrl Pts',(0.1774940781366,0.01340361541709,0.1050042578698));
#4237=CARTESIAN_POINT('Ctrl Pts',(0.1788255625443,-0.01484998564682,0.1048094892137));
#4238=CARTESIAN_POINT('Ctrl Pts',(0.1801570469521,-0.04204564818095,0.09714790064859));
#4239=CARTESIAN_POINT('Ctrl Pts',(0.1814885313599,-0.06624590306605,0.08256531650377));
#4240=CARTESIAN_POINT('Ctrl Pts',(0.1828200157676,-0.08572667894626,0.06210062570429));
#4241=CARTESIAN_POINT('Ctrl Pts',(0.1841515001754,-0.09910012832015,0.03721176963253));
#4242=CARTESIAN_POINT('Ctrl Pts',(0.1854829845831,-0.1054135005013,0.009671875888009));
#4243=CARTESIAN_POINT('Ctrl Pts',(0.1868144689909,-0.1042170175435,-0.01855706245669));
#4244=CARTESIAN_POINT('Ctrl Pts',(0.1881459533987,-0.09559591750339,-0.04546396280133));
#4245=CARTESIAN_POINT('Ctrl Pts',(0.1894774378064,-0.08016438219352,-0.06913192628155));
#4246=CARTESIAN_POINT('Ctrl Pts',(0.1908089222142,-0.05902178199237,-0.08787480130278));
#4247=CARTESIAN_POINT('Ctrl Pts',(0.1921404066219,-0.03367435488167,-0.1003573083005));
#4248=CARTESIAN_POINT('Ctrl Pts',(0.1934718910297,-0.005927899412077,-0.105690167801));
#4249=CARTESIAN_POINT('Ctrl Pts',(0.1948033754375,0.02224087367453,-0.1034934546601));
#4250=CARTESIAN_POINT('Ctrl Pts',(0.1961348598452,0.04882516603265,-0.09392366497356));
#4251=CARTESIAN_POINT('Ctrl Pts',(0.197466344253,0.07193105991137,-0.07766256732781));
#4252=CARTESIAN_POINT('Ctrl Pts',(0.1987978286607,0.08991244463737,-0.05586863261145));
#4253=CARTESIAN_POINT('Ctrl Pts',(0.2001293130685,0.1014882889519,-0.03009450258242));
#4254=CARTESIAN_POINT('Ctrl Pts',(0.2014607974763,0.1058339044744,-0.00217637685562));
#4255=CARTESIAN_POINT('Ctrl Pts',(0.202792281884,0.1026396984772,0.02589680143244));
#4256=CARTESIAN_POINT('Ctrl Pts',(0.2041237662918,0.09213323027114,0.05212504183319));
#4257=CARTESIAN_POINT('Ctrl Pts',(0.2054552506995,0.07506299982017,0.07463978996277));
#4258=CARTESIAN_POINT('Ctrl Pts',(0.2067867351073,0.05264512347115,0.09183704724566));
#4259=CARTESIAN_POINT('Ctrl Pts',(0.2081182195151,0.02647669568277,0.1024916432948));
#4260=CARTESIAN_POINT('Ctrl Pts',(0.2094497039228,-0.001577991000673,0.1058445199076));
#4261=CARTESIAN_POINT('Ctrl Pts',(0.2107811883306,-0.02952026184231,0.1016568083527));
#4262=CARTESIAN_POINT('Ctrl Pts',(0.2121126727383,-0.05535944961839,0.09022684732589));
#4263=CARTESIAN_POINT('Ctrl Pts',(0.2134441571461,-0.07725471400814,0.07236892913267));
#4264=CARTESIAN_POINT('Ctrl Pts',(0.2147756415538,-0.0936461871586,0.04935528820788));
#4265=CARTESIAN_POINT('Ctrl Pts',(0.2161071259616,-0.1033661023066,0.02282546479381));
#4266=CARTESIAN_POINT('Ctrl Pts',(0.2174386103694,-0.1057219884399,-0.005330499181937));
#4267=CARTESIAN_POINT('Ctrl Pts',(0.2187700947771,-0.1005460037945,-0.03310671054842));
#4268=CARTESIAN_POINT('Ctrl Pts',(0.2201015791849,-0.08820689423869,-0.05852432940966));
#4269=CARTESIAN_POINT('Ctrl Pts',(0.2214330635926,-0.06958372182681,-0.07977254497128));
#4270=CARTESIAN_POINT('Ctrl Pts',(0.2227645480004,-0.04600324525203,-0.0953375865089));
#4271=CARTESIAN_POINT('Ctrl Pts',(0.2240960324082,-0.01914537540319,-0.1041105513017));
#4272=CARTESIAN_POINT('Ctrl Pts',(0.2254275168159,0.009076417037849,-0.1054664688267));
#4273=CARTESIAN_POINT('Ctrl Pts',(0.2267590012237,0.03665174977631,-0.09930859063177));
#4274=CARTESIAN_POINT('Ctrl Pts',(0.2276466574955,0.053294135213,-0.09048697058349));
#4275=CARTESIAN_POINT('Ctrl Pts',(0.2280904856314,0.0608840984285,-0.08505384703443));
#4276=CARTESIAN_POINT('Ctrl Pts',(0.076250570164288,-0.124999055119909,
3.10245764577466E-8));
#4277=CARTESIAN_POINT('Ctrl Pts',(0.0765968972740515,-0.124999321125322,
-0.00869377937467031));
#4278=CARTESIAN_POINT('Ctrl Pts',(0.0769396252314662,-0.124092632182857,
-0.0173606236642647));
#4279=CARTESIAN_POINT('Ctrl Pts',(0.0776303334548491,-0.120510352452161,
-0.03429499056605));
#4280=CARTESIAN_POINT('Ctrl Pts',(0.0779702594646284,-0.117864154314927,
-0.0425076409505462));
#4281=CARTESIAN_POINT('Ctrl Pts',(0.0785400239964168,-0.112092315265124,
-0.0556122192617809));
#4282=CARTESIAN_POINT('Ctrl Pts',(0.0787687382752661,-0.109429801714839,
-0.0606838348037298));
#4283=CARTESIAN_POINT('Ctrl Pts',(0.0793196352493613,-0.102168802427221,
-0.07247398513407));
#4284=CARTESIAN_POINT('Ctrl Pts',(0.0796408278395093,-0.0972386565268784,
-0.0789662531714767));
#4285=CARTESIAN_POINT('Ctrl Pts',(0.0802839212484264,-0.0862877294452354,
-0.0907894965432272));
#4286=CARTESIAN_POINT('Ctrl Pts',(0.080598955977906,-0.080327969983453,
-0.0961023341484306));
#4287=CARTESIAN_POINT('Ctrl Pts',(0.0810767072345581,-0.0706346051267471,
-0.103208329028903));
#4288=CARTESIAN_POINT('Ctrl Pts',(0.08123850438263,-0.0672503596761873,
-0.105444356583983));
#4289=CARTESIAN_POINT('Ctrl Pts',(0.0817198782928766,-0.0568733348157843,
-0.111599421632035));
#4290=CARTESIAN_POINT('Ctrl Pts',(0.0820357391184611,-0.0496093657184058,
-0.115012551273567));
#4291=CARTESIAN_POINT('Ctrl Pts',(0.0826779630389009,-0.0344218182688977,
-0.120439900431809));
#4292=CARTESIAN_POINT('Ctrl Pts',(0.0830016401809245,-0.0265270536956029,
-0.122422196066088));
#4293=CARTESIAN_POINT('Ctrl Pts',(0.0836409113150177,-0.0105887039595347,
-0.124805505692204));
#4294=CARTESIAN_POINT('Ctrl Pts',(0.0839589230185553,-0.00260709227043363,
-0.125225737921017));
#4295=CARTESIAN_POINT('Ctrl Pts',(0.0844373128905663,0.00939713594566974,
-0.124711019171559));
#4296=CARTESIAN_POINT('Ctrl Pts',(0.0845974300164426,0.0134257726483499,
-0.124341616922803));
#4297=CARTESIAN_POINT('Ctrl Pts',(0.085075899304942,0.0253653446452644,
-0.122660810545957));
#4298=CARTESIAN_POINT('Ctrl Pts',(0.0853961018181302,0.033172910643441,
-0.120782842867267));
#4299=CARTESIAN_POINT('Ctrl Pts',(0.0860371142330711,0.0484200256984589,
-0.115525727347822));
#4300=CARTESIAN_POINT('Ctrl Pts',(0.0863582895756453,0.0558189755119358,
-0.11213820609087));
#4301=CARTESIAN_POINT('Ctrl Pts',(0.0870000943895211,0.0697225131507873,
-0.10405222074489));
#4302=CARTESIAN_POINT('Ctrl Pts',(0.0873139830786038,0.0761967807865527,
-0.0994085234849221));
#4303=CARTESIAN_POINT('Ctrl Pts',(0.0879536057523619,0.0883090651942067,
-0.0888386090745891));
#4304=CARTESIAN_POINT('Ctrl Pts',(0.0882780760786012,0.0938995579522001,
-0.0829091586162968));
#4305=CARTESIAN_POINT('Ctrl Pts',(0.0889188377016155,0.103781014982757,
-0.0701317345005363));
#4306=CARTESIAN_POINT('Ctrl Pts',(0.0892375587740589,0.108056260095024,
-0.0633449454925686));
#4307=CARTESIAN_POINT('Ctrl Pts',(0.0897177755164133,0.113475593759684,
-0.0525785481410219));
#4308=CARTESIAN_POINT('Ctrl Pts',(0.0898782941326697,0.115119485226295,
-0.0488739244666857));
#4309=CARTESIAN_POINT('Ctrl Pts',(0.0903544863664964,0.119450081177007,
-0.0376795926239994));
#4310=CARTESIAN_POINT('Ctrl Pts',(0.09067173931175,0.121601900411141,-0.030013183946926));
#4311=CARTESIAN_POINT('Ctrl Pts',(0.0913110532950111,0.124456222874887,
-0.0141973872681395));
#4312=CARTESIAN_POINT('Ctrl Pts',(0.0916322676335459,0.125116458465734,
-0.00607335488299659));
#4313=CARTESIAN_POINT('Ctrl Pts',(0.0922751307745852,0.124850112951183,
0.0100341497923414));
#4314=CARTESIAN_POINT('Ctrl Pts',(0.0925898850163486,0.123957669669439,
0.0179627059376798));
#4315=CARTESIAN_POINT('Ctrl Pts',(0.0930674242789086,0.121482855775171,
0.0297172835231666));
#4316=CARTESIAN_POINT('Ctrl Pts',(0.0932291967908687,0.120455221697003,
0.0336401718918245));
#4317=CARTESIAN_POINT('Ctrl Pts',(0.0937108502373001,0.116833350249281,
0.045156591432836));
#4318=CARTESIAN_POINT('Ctrl Pts',(0.0940270072047986,0.113697853560958,
0.0525539968361697));
#4319=CARTESIAN_POINT('Ctrl Pts',(0.0946695715200566,0.10600410019495,0.066736255818522));
#4320=CARTESIAN_POINT('Ctrl Pts',(0.0949930784287709,0.101448160983714,
0.073478634932031));
#4321=CARTESIAN_POINT('Ctrl Pts',(0.0956320778686238,0.0911723858058662,
0.0858840492708498));
#4322=CARTESIAN_POINT('Ctrl Pts',(0.0959499786409224,0.0855116426016864,
0.0915203652822609));
#4323=CARTESIAN_POINT('Ctrl Pts',(0.0964280692473945,0.0762331568980073,
0.0991445588810227));
#4324=CARTESIAN_POINT('Ctrl Pts',(0.096588121779513,0.0729875282994903,
0.101557399820158));
#4325=CARTESIAN_POINT('Ctrl Pts',(0.0970669159903988,0.0629681545944329,
0.108278506440953));
#4326=CARTESIAN_POINT('Ctrl Pts',(0.0973875308372086,0.0558917027032612,
0.11209469188588));
#4327=CARTESIAN_POINT('Ctrl Pts',(0.0980287454450464,0.0410207225840486,
0.118355192844617));
#4328=CARTESIAN_POINT('Ctrl Pts',(0.0983498893109764,0.0332521590880485,
0.12076828267104));
#4329=CARTESIAN_POINT('Ctrl Pts',(0.0989920001975965,0.0174933607367963,
0.124025258372802));
#4330=CARTESIAN_POINT('Ctrl Pts',(0.0993062824128032,0.00956082796477306,
0.124887138730286));
#4331=CARTESIAN_POINT('Ctrl Pts',(0.0999464676961881,-0.00652516180448322,
0.125092768408194));
#4332=CARTESIAN_POINT('Ctrl Pts',(0.100270824325573,-0.0146444504256664,
0.124404915404181));
#4333=CARTESIAN_POINT('Ctrl Pts',(0.100911331283715,-0.0305235878053453,
0.121479191305547));
#4334=CARTESIAN_POINT('Ctrl Pts',(0.101229915447686,-0.0382307755493077,
0.119277248875772));
#4335=CARTESIAN_POINT('Ctrl Pts',(0.101709789296063,-0.049444098331119,
0.114875972715104));
#4336=CARTESIAN_POINT('Ctrl Pts',(0.101870232240876,-0.0531391333216995,
0.113213875713953));
#4337=CARTESIAN_POINT('Ctrl Pts',(0.102346871283312,-0.0638435660456605,
0.107760267997554));
#4338=CARTESIAN_POINT('Ctrl Pts',(0.102664714726153,-0.0705722114224314,
0.103477554153207));
#4339=CARTESIAN_POINT('Ctrl Pts',(0.103304389669461,-0.083257237542355,
0.093590182601177));
#4340=CARTESIAN_POINT('Ctrl Pts',(0.103625620395131,-0.0891665499184486,
0.087979001703752));
#4341=CARTESIAN_POINT('Ctrl Pts',(0.104268152182496,-0.0997067813844369,
0.0758070188085232));
#4342=CARTESIAN_POINT('Ctrl Pts',(0.104582564255812,-0.104327044682066,
0.0693104017297534));
#4343=CARTESIAN_POINT('Ctrl Pts',(0.10505984411134,-0.110321276629481,0.0589101620182543));
#4344=CARTESIAN_POINT('Ctrl Pts',(0.10522158346261,-0.112172403035762,0.0553034294160454));
#4345=CARTESIAN_POINT('Ctrl Pts',(0.105703563134823,-0.117161376583251,
0.0443004217055038));
#4346=CARTESIAN_POINT('Ctrl Pts',(0.106020071944489,-0.119763400378264,
0.0366882096150319));
#4347=CARTESIAN_POINT('Ctrl Pts',(0.106663020812356,-0.123492009314418,
0.0209826488207957));
#4348=CARTESIAN_POINT('Ctrl Pts',(0.106986305705619,-0.124594382273365,
0.0129237199770601));
#4349=CARTESIAN_POINT('Ctrl Pts',(0.107624964033473,-0.125213362704657,
-0.00316409569551898));
#4350=CARTESIAN_POINT('Ctrl Pts',(0.107942731386223,-0.124756459665362,
-0.0111339569092131));
#4351=CARTESIAN_POINT('Ctrl Pts',(0.108583516235857,-0.122309417906838,
-0.0270449902651499));
#4352=CARTESIAN_POINT('Ctrl Pts',(0.108904571287362,-0.120290858374052,
-0.0349453760529575));
#4353=CARTESIAN_POINT('Ctrl Pts',(0.109548403469548,-0.114791838446861,
-0.0501141726351045));
#4354=CARTESIAN_POINT('Ctrl Pts',(0.109864469429393,-0.111356636347961,
-0.0573433957474868));
#4355=CARTESIAN_POINT('Ctrl Pts',(0.110342997176766,-0.105171655392521,
-0.0676770271323392));
#4356=CARTESIAN_POINT('Ctrl Pts',(0.110504866247918,-0.102919509655227,
-0.0710544833924724));
#4357=CARTESIAN_POINT('Ctrl Pts',(0.110985126456685,-0.0957640088509522,
-0.080732546844762));
#4358=CARTESIAN_POINT('Ctrl Pts',(0.11129984430094,-0.0904201134206573,
-0.0866754359471853));
#4359=CARTESIAN_POINT('Ctrl Pts',(0.111940628269577,-0.0785616772789213,
-0.0975644358356815));
#4360=CARTESIAN_POINT('Ctrl Pts',(0.112264834220195,-0.0720541653501494,
-0.102465677019564));
#4361=CARTESIAN_POINT('Ctrl Pts',(0.112905035164731,-0.058277307382762,
-0.110871778451336));
#4362=CARTESIAN_POINT('Ctrl Pts',(0.113223464937805,-0.051071750600602,
-0.114368857688443));
#4363=CARTESIAN_POINT('Ctrl Pts',(0.113702947161456,-0.0397893842233856,
-0.118566450718609));
#4364=CARTESIAN_POINT('Ctrl Pts',(0.113863303831778,-0.0359293025530644,
-0.11979242174465));
#4365=CARTESIAN_POINT('Ctrl Pts',(0.114340468701645,-0.0243043001576823,
-0.12287315590641));
#4366=CARTESIAN_POINT('Ctrl Pts',(0.11465899335851,-0.0164190500563021,
-0.124172136350092));
#4367=CARTESIAN_POINT('Ctrl Pts',(0.115299084015285,-0.00035921817006182,
-0.125262612383612));
#4368=CARTESIAN_POINT('Ctrl Pts',(0.115620318937641,0.00778361826678319,
-0.125021372037753));
#4369=CARTESIAN_POINT('Ctrl Pts',(0.116262453478385,0.0237451263429072,
-0.122980545073782));
#4370=CARTESIAN_POINT('Ctrl Pts',(0.116576484178455,0.0315132701764552,
-0.12122238323129));
#4371=CARTESIAN_POINT('Ctrl Pts',(0.117053474405519,0.0429071946511801,
-0.117474039816998));
#4372=CARTESIAN_POINT('Ctrl Pts',(0.117215172511659,0.0466907205611173,
-0.116021927674749));
#4373=CARTESIAN_POINT('Ctrl Pts',(0.117697498265775,0.0577552605266842,
-0.11114775218154));
#4374=CARTESIAN_POINT('Ctrl Pts',(0.118014388843212,0.0647802346723852,
-0.107205415472091));
#4375=CARTESIAN_POINT('Ctrl Pts',(0.118657728995972,0.0780373087750676,
-0.0979829738711545));
#4376=CARTESIAN_POINT('Ctrl Pts',(0.118980747231768,0.0842295307051927,
-0.0927151359807876));
#4377=CARTESIAN_POINT('Ctrl Pts',(0.119619011784239,0.0954120739714677,
-0.0811470755286479));
#4378=CARTESIAN_POINT('Ctrl Pts',(0.119936632402579,0.100383246415412,-0.0749083101989901));
#4379=CARTESIAN_POINT('Ctrl Pts',(0.120577034152475,0.109168392272439,-0.0614269805924401));
#4380=CARTESIAN_POINT('Ctrl Pts',(0.120898149163613,0.112933679908552,-0.0541945776809213));
#4381=CARTESIAN_POINT('Ctrl Pts',(0.121541739574841,0.118951409713982,-0.0392308966378466));
#4382=CARTESIAN_POINT('Ctrl Pts',(0.121857438911517,0.12121223558208,-0.0315602917660311));
#4383=CARTESIAN_POINT('Ctrl Pts',(0.122335692089314,0.123496580605928,-0.0197444217070538));
#4384=CARTESIAN_POINT('Ctrl Pts',(0.122497538961335,0.12407182653527,-0.0157270338412487));
#4385=CARTESIAN_POINT('Ctrl Pts',(0.122978213683754,0.125198847319876,-0.00373309085134296));
#4386=CARTESIAN_POINT('Ctrl Pts',(0.123293350457277,0.125181438335044,0.00427148961484567));
#4387=CARTESIAN_POINT('Ctrl Pts',(0.123934685227575,0.123605987399802,0.0203048129287314));
#4388=CARTESIAN_POINT('Ctrl Pts',(0.124258720728661,0.122026167761603,0.0282948265694724));
#4389=CARTESIAN_POINT('Ctrl Pts',(0.124898602745795,0.117369523204852,0.0437390426049951));
#4390=CARTESIAN_POINT('Ctrl Pts',(0.125216881231828,0.114335703818321,0.0511450157417572));
#4391=CARTESIAN_POINT('Ctrl Pts',(0.125695974272194,0.108733921537225,0.0617909476201869));
#4392=CARTESIAN_POINT('Ctrl Pts',(0.125856245518247,0.106676758458128,0.0652778472506387));
#4393=CARTESIAN_POINT('Ctrl Pts',(0.126333901962126,0.100064889880727,0.0753375638698413));
#4394=CARTESIAN_POINT('Ctrl Pts',(0.126653060893095,0.0950469184244272,
0.0815759355317631));
#4395=CARTESIAN_POINT('Ctrl Pts',(0.127293518769193,0.0837974735933087,
0.0931063328031246));
#4396=CARTESIAN_POINT('Ctrl Pts',(0.127614743848207,0.0775707727152776,
0.0983546961173665));
#4397=CARTESIAN_POINT('Ctrl Pts',(0.128256472504909,0.0643240495059183,
0.107472621301822));
#4398=CARTESIAN_POINT('Ctrl Pts',(0.128570138883691,0.0573694553241344,
0.111339976678791));
#4399=CARTESIAN_POINT('Ctrl Pts',(0.129046852229711,0.0463884416613326,
0.116143335812441));
#4400=CARTESIAN_POINT('Ctrl Pts',(0.129208506466793,0.0426022989811138,
0.117584644572993));
#4401=CARTESIAN_POINT('Ctrl Pts',(0.129691145998314,0.0310994876808528,
0.121336216953448));
#4402=CARTESIAN_POINT('Ctrl Pts',(0.130008391750978,0.0232259672391215,
0.123086154384773));
#4403=CARTESIAN_POINT('Ctrl Pts',(0.130652069679666,0.00719080034624014,
0.125054824827423));
#4404=CARTESIAN_POINT('Ctrl Pts',(0.130974814018294,-0.00093204115614128,
0.125258787927207));
#4405=CARTESIAN_POINT('Ctrl Pts',(0.131612688783042,-0.0169691995624053,
0.1240978456179));
#4406=CARTESIAN_POINT('Ctrl Pts',(0.13193017109192,-0.0248288390744883,
0.122766022318767));
#4407=CARTESIAN_POINT('Ctrl Pts',(0.132570186838254,-0.0403596623500321,
0.11858367274007));
#4408=CARTESIAN_POINT('Ctrl Pts',(0.132891348185212,-0.0479884797912623,
0.115707239287633));
#4409=CARTESIAN_POINT('Ctrl Pts',(0.133534687378632,-0.0624473343475482,
0.108575960374379));
#4410=CARTESIAN_POINT('Ctrl Pts',(0.13385003689257,-0.0692428644195912,
0.104373273356764));
#4411=CARTESIAN_POINT('Ctrl Pts',(0.134328026899765,-0.078820997848812,
0.0971003967427501));
#4412=CARTESIAN_POINT('Ctrl Pts',(0.134489849180784,-0.0819289310139828,
0.0944923282320705));
#4413=CARTESIAN_POINT('Ctrl Pts',(0.134970901440514,-0.09077779347603,0.0863033097863921));
#4414=CARTESIAN_POINT('Ctrl Pts',(0.135286425980335,-0.0961121414651723,
0.0803198990094832));
#4415=CARTESIAN_POINT('Ctrl Pts',(0.135928247646091,-0.105637841826919,
0.0673151908775227));
#4416=CARTESIAN_POINT('Ctrl Pts',(0.136252102014898,-0.109788840962537,
0.0603104572380661));
#4417=CARTESIAN_POINT('Ctrl Pts',(0.13689166648456,-0.116617636591549,0.0457050604990969));
#4418=CARTESIAN_POINT('Ctrl Pts',(0.137209802496579,-0.119295801464714,
0.0381692161372798));
#4419=CARTESIAN_POINT('Ctrl Pts',(0.137688523692691,-0.122222951677199,
0.0265089491183503));
#4420=CARTESIAN_POINT('Ctrl Pts',(0.137848713725815,-0.123016424840245,
0.0225405431273616));
#4421=CARTESIAN_POINT('Ctrl Pts',(0.138326813051082,-0.124803966606344,
0.0106253193622735));
#4422=CARTESIAN_POINT('Ctrl Pts',(0.138646540763767,-0.125227471775373,
0.00261730493387425));
#4423=CARTESIAN_POINT('Ctrl Pts',(0.139124407937389,-0.124710695104823,
-0.00939306019491631));
#4424=CARTESIAN_POINT('Ctrl Pts',(0.139283730732941,-0.124343521398875,
-0.0134039640192422));
#4425=CARTESIAN_POINT('Ctrl Pts',(0.139765319505581,-0.122656950781954,
-0.0254111540418376));
#4426=CARTESIAN_POINT('Ctrl Pts',(0.140089291878457,-0.12075243725797,-0.0333069215859516));
#4427=CARTESIAN_POINT('Ctrl Pts',(0.140571143522717,-0.116774279219948,
-0.0447753052671001));
#4428=CARTESIAN_POINT('Ctrl Pts',(0.140730948034386,-0.115267620970426,
-0.0485228866338315));
#4429=CARTESIAN_POINT('Ctrl Pts',(0.141207689531903,-0.110264894257907,
-0.0594101384728507));
#4430=CARTESIAN_POINT('Ctrl Pts',(0.141525057070887,-0.106265118112244,
-0.0663015663563676));
#4431=CARTESIAN_POINT('Ctrl Pts',(0.142162797957297,-0.0969059505403445,
-0.0793717251409082));
#4432=CARTESIAN_POINT('Ctrl Pts',(0.14248551369436,-0.0915553700300716,
-0.0854870530507712));
#4433=CARTESIAN_POINT('Ctrl Pts',(0.143129312179201,-0.0797874151968566,
-0.0965590321002565));
#4434=CARTESIAN_POINT('Ctrl Pts',(0.143446616225796,-0.0734061439801866,
-0.101494945206149));
#4435=CARTESIAN_POINT('Ctrl Pts',(0.143929308813227,-0.0631652247684195,
-0.107941001898995));
#4436=CARTESIAN_POINT('Ctrl Pts',(0.144090959177486,-0.0596363007172602,
-0.109930300177549));
#4437=CARTESIAN_POINT('Ctrl Pts',(0.144567578564657,-0.0489245932928841,
-0.11530042415576));
#4438=CARTESIAN_POINT('Ctrl Pts',(0.144881104558789,-0.041506917518696,
-0.118173964506357));
#4439=CARTESIAN_POINT('Ctrl Pts',(0.14552271371262,-0.02602942226474,-0.12252891546394));
#4440=CARTESIAN_POINT('Ctrl Pts',(0.145843973633786,-0.0180129142707216,
-0.123961043508829));
#4441=CARTESIAN_POINT('Ctrl Pts',(0.146484497177568,-0.00195194695978024,
-0.125238922966605));
#4442=CARTESIAN_POINT('Ctrl Pts',(0.146803781428404,0.00605570579024069,
-0.125108343952648));
#4443=CARTESIAN_POINT('Ctrl Pts',(0.147281544670352,0.0180203763692508,
-0.123759434997306));
#4444=CARTESIAN_POINT('Ctrl Pts',(0.147441815284924,0.0220169043460651,
-0.12311151858547));
#4445=CARTESIAN_POINT('Ctrl Pts',(0.147920776182828,0.0337814276495067,
-0.120611944118846));
#4446=CARTESIAN_POINT('Ctrl Pts',(0.148238984165492,0.0414130177142412,
-0.118210123411678));
#4447=CARTESIAN_POINT('Ctrl Pts',(0.148878764819237,0.0562630843120572,
-0.111917156126134));
#4448=CARTESIAN_POINT('Ctrl Pts',(0.149202767763122,0.0634167852073537,
-0.108023333387688));
#4449=CARTESIAN_POINT('Ctrl Pts',(0.149844297204324,0.0767553280817998,
-0.0989814098915851));
#4450=CARTESIAN_POINT('Ctrl Pts',(0.150159546049734,0.0829236659219223,
-0.0938744407441179));
#4451=CARTESIAN_POINT('Ctrl Pts',(0.150640343842788,0.091426837514858,-0.0853363522157248));
#4452=CARTESIAN_POINT('Ctrl Pts',(0.150802196453753,0.0941477286488642,
-0.0823252914153327));
#4453=CARTESIAN_POINT('Ctrl Pts',(0.151280408268379,0.101770634858819,-0.0730149029971793));
#4454=CARTESIAN_POINT('Ctrl Pts',(0.151596014704335,0.106221873641921,-0.0663731835004102));
#4455=CARTESIAN_POINT('Ctrl Pts',(0.152239568023044,0.113878793364092,-0.0521794330144785));
#4456=CARTESIAN_POINT('Ctrl Pts',(0.152560714871938,0.117032053979041,-0.0446599338814296));
#4457=CARTESIAN_POINT('Ctrl Pts',(0.153200922064978,0.121779119633202,-0.0292889736274639));
#4458=CARTESIAN_POINT('Ctrl Pts',(0.153518432462941,0.123396975068079,-0.021481285403438));
#4459=CARTESIAN_POINT('Ctrl Pts',(0.154156559430409,0.125142185417122,-0.00549048004878797));
#4460=CARTESIAN_POINT('Ctrl Pts',(0.15447954161794,0.125233886863756,0.00263890721261184));
#4461=CARTESIAN_POINT('Ctrl Pts',(0.155123023179652,0.123849319799031,0.0187314822124817));
#4462=CARTESIAN_POINT('Ctrl Pts',(0.155439989056226,0.122388711947992,0.0266558998920229));
#4463=CARTESIAN_POINT('Ctrl Pts',(0.155922386961471,0.119061411185302,0.0382817790427276));
#4464=CARTESIAN_POINT('Ctrl Pts',(0.156084082109442,0.117758883183685,0.042119147344565));
#4465=CARTESIAN_POINT('Ctrl Pts',(0.156560981429107,0.113357139195013,0.0532735729910566));
#4466=CARTESIAN_POINT('Ctrl Pts',(0.156874871170039,0.109743692993662,0.0603683168439355));
#4467=CARTESIAN_POINT('Ctrl Pts',(0.157516890030211,0.101109873970141,0.0739440212666797));
#4468=CARTESIAN_POINT('Ctrl Pts',(0.157838160093593,0.0960895718395618,
0.0803594839728007));
#4469=CARTESIAN_POINT('Ctrl Pts',(0.158478339939922,0.0849813103479317,
0.0920138241328374));
#4470=CARTESIAN_POINT('Ctrl Pts',(0.158797021422486,0.0789384915284419,
0.0972485360063024));
#4471=CARTESIAN_POINT('Ctrl Pts',(0.1592743180657,0.0691344391998583,0.104218876499418));
#4472=CARTESIAN_POINT('Ctrl Pts',(0.159434672828896,0.0657235668054277,
0.106403086827969));
#4473=CARTESIAN_POINT('Ctrl Pts',(0.159914025464655,0.0552845724763658,
0.112392788979711));
#4474=CARTESIAN_POINT('Ctrl Pts',(0.160232389742843,0.0479910631016529,
0.115696240757519));
#4475=CARTESIAN_POINT('Ctrl Pts',(0.160872490351301,0.0327216843921932,
0.120914484982846));
#4476=CARTESIAN_POINT('Ctrl Pts',(0.161196661201266,0.0247924829514564,
0.122784747876261));
#4477=CARTESIAN_POINT('Ctrl Pts',(0.161837663543795,0.00883379555532102,
0.124941848477754));
#4478=CARTESIAN_POINT('Ctrl Pts',(0.162152511613219,0.000843557979727929,
0.125251132996318));
#4479=CARTESIAN_POINT('Ctrl Pts',(0.162632915745263,-0.0111766027950665,
0.124564251932821));
#4480=CARTESIAN_POINT('Ctrl Pts',(0.162794791674466,-0.0152133902446316,
0.124136269280588));
#4481=CARTESIAN_POINT('Ctrl Pts',(0.163273282772361,-0.0271117425866191,
0.122284517587324));
#4482=CARTESIAN_POINT('Ctrl Pts',(0.163589258886107,-0.0348652652433002,
0.120303778344396));
#4483=CARTESIAN_POINT('Ctrl Pts',(0.164233061449336,-0.0500434780067349,
0.114833477110325));
#4484=CARTESIAN_POINT('Ctrl Pts',(0.164554147927757,-0.0574086665730571,
0.11133406055549));
#4485=CARTESIAN_POINT('Ctrl Pts',(0.165194746532149,-0.0712038981272923,
0.103044145590374));
#4486=CARTESIAN_POINT('Ctrl Pts',(0.165512411620668,-0.0776213819280328,
0.098301940785192));
#4487=CARTESIAN_POINT('Ctrl Pts',(0.166150937788179,-0.0895935873958987,
0.087542993267531));
#4488=CARTESIAN_POINT('Ctrl Pts',(0.166474185589157,-0.0950856899261969,
0.0815430378218442));
#4489=CARTESIAN_POINT('Ctrl Pts',(0.167117291259447,-0.104780262136852,
0.0686326766811771));
#4490=CARTESIAN_POINT('Ctrl Pts',(0.167433885931111,-0.108971191728482,
0.0617628010125675));
#4491=CARTESIAN_POINT('Ctrl Pts',(0.1679159516175,-0.114242595583618,0.0508896084863109));
#4492=CARTESIAN_POINT('Ctrl Pts',(0.168077690000258,-0.115832162072867,
0.0471604095738801));
#4493=CARTESIAN_POINT('Ctrl Pts',(0.168554889128543,-0.119995403274538,
0.0359045361970681));
#4494=CARTESIAN_POINT('Ctrl Pts',(0.168869168844657,-0.12203622046768,0.0282007130794211));
#4495=CARTESIAN_POINT('Ctrl Pts',(0.169511599371304,-0.124656647198796,
0.0123166058672665));
#4496=CARTESIAN_POINT('Ctrl Pts',(0.16983286581945,-0.125193355134667,0.00418546886299734));
#4497=CARTESIAN_POINT('Ctrl Pts',(0.170472647384879,-0.124686224600819,
-0.0118936382929745));
#4498=CARTESIAN_POINT('Ctrl Pts',(0.170790666834482,-0.123676716179903,
-0.0198092647458241));
#4499=CARTESIAN_POINT('Ctrl Pts',(0.171267453317311,-0.121024836504597,
-0.0315300896505828));
#4500=CARTESIAN_POINT('Ctrl Pts',(0.17142789506891,-0.119940162427906,-0.0354340826236809));
#4501=CARTESIAN_POINT('Ctrl Pts',(0.171907651323883,-0.116155244802128,
-0.0468677185310211));
#4502=CARTESIAN_POINT('Ctrl Pts',(0.172226178692273,-0.112921544032521,
-0.0541994549766648));
#4503=CARTESIAN_POINT('Ctrl Pts',(0.172866594020861,-0.105019962261637,
-0.0682777926446811));
#4504=CARTESIAN_POINT('Ctrl Pts',(0.173190917099725,-0.100357805759612,
-0.0749606361801047));
#4505=CARTESIAN_POINT('Ctrl Pts',(0.173831332363785,-0.0899121331365986,
-0.0872014661023811));
#4506=CARTESIAN_POINT('Ctrl Pts',(0.174145754121059,-0.0841743598408169,
-0.0927525445553773));
#4507=CARTESIAN_POINT('Ctrl Pts',(0.17462573262336,-0.0747701542462067,
-0.100252692580545));
#4508=CARTESIAN_POINT('Ctrl Pts',(0.174787628815984,-0.0714764599462768,
-0.1026274179401));
#4509=CARTESIAN_POINT('Ctrl Pts',(0.175108524500404,-0.0647025206240487,
-0.107025814497568));
#4510=CARTESIAN_POINT('Ctrl Pts',(0.175267656615102,-0.0612267896203756,
-0.109051468107467));
#4511=CARTESIAN_POINT('Ctrl Pts',(0.175746236436096,-0.0505408047704436,
-0.114607333018588));
#4512=CARTESIAN_POINT('Ctrl Pts',(0.176067121301977,-0.0430785690570358,
-0.117616137564537));
#4513=CARTESIAN_POINT('Ctrl Pts',(0.176546138125255,-0.0315021556323788,
-0.121031831038846));
#4514=CARTESIAN_POINT('Ctrl Pts',(0.176706158625507,-0.027572887403825,
-0.121987195495346));
#4515=CARTESIAN_POINT('Ctrl Pts',(0.177183943431401,-0.0157859839349352,
-0.12425355249915));
#4516=CARTESIAN_POINT('Ctrl Pts',(0.177501696135463,-0.00783879492155084,
-0.125007815279289));
#4517=CARTESIAN_POINT('Ctrl Pts',(0.178140439874318,0.00826309639983317,
-0.124990178370525));
#4518=CARTESIAN_POINT('Ctrl Pts',(0.178463827795106,0.0163597377635871,
-0.124189155831846));
#4519=CARTESIAN_POINT('Ctrl Pts',(0.179106705779742,0.0321921048578939,
-0.12104921862328));
#4520=CARTESIAN_POINT('Ctrl Pts',(0.179423087868599,0.0398928628783533,
-0.118734259854602));
#4521=CARTESIAN_POINT('Ctrl Pts',(0.179904959512814,0.0510720735346806,
-0.114161156527542));
#4522=CARTESIAN_POINT('Ctrl Pts',(0.180066720104889,0.0547460093496773,
-0.112445879675138));
#4523=CARTESIAN_POINT('Ctrl Pts',(0.180544086733753,0.0653651663779288,
-0.106843305889241));
#4524=CARTESIAN_POINT('Ctrl Pts',(0.180858584834595,0.0720313126175533,
-0.102467886001279));
#4525=CARTESIAN_POINT('Ctrl Pts',(0.181501233660776,0.0845905036694684,
-0.0923874982037838));
#4526=CARTESIAN_POINT('Ctrl Pts',(0.181822491525706,0.0904190536880539,
-0.0866908735758647));
#4527=CARTESIAN_POINT('Ctrl Pts',(0.182462035896948,0.10077019485598,-0.0743863874949194));
#4528=CARTESIAN_POINT('Ctrl Pts',(0.182779676350449,0.105298531168359,-0.0678264400541502));
#4529=CARTESIAN_POINT('Ctrl Pts',(0.183256171572095,0.111147070139421,-0.0573366521183176));
#4530=CARTESIAN_POINT('Ctrl Pts',(0.183416660664669,0.112946673096238,-0.0537054063086655));
#4531=CARTESIAN_POINT('Ctrl Pts',(0.183896636453316,0.117765025585957,-0.0426623579885987));
#4532=CARTESIAN_POINT('Ctrl Pts',(0.184215253407909,0.120253828152542,-0.0350417272168465));
#4533=CARTESIAN_POINT('Ctrl Pts',(0.18485583305342,0.123771129103563,-0.0192812508858773));
#4534=CARTESIAN_POINT('Ctrl Pts',(0.185180229514836,0.124761847144235,-0.0111926682629853));
#4535=CARTESIAN_POINT('Ctrl Pts',(0.185820305856288,0.125157013001441,0.00488748804589714));
#4536=CARTESIAN_POINT('Ctrl Pts',(0.186134489854821,0.124592448970937,0.0128438806104797));
#4537=CARTESIAN_POINT('Ctrl Pts',(0.186776570518159,0.121927450505317,0.0287126721569176));
#4538=CARTESIAN_POINT('Ctrl Pts',(0.187097771241124,0.119806026675396,0.0365677732824217));
#4539=CARTESIAN_POINT('Ctrl Pts',(0.187738891518543,0.114106564614277,0.0516597180598225));
#4540=CARTESIAN_POINT('Ctrl Pts',(0.188059322396517,0.110559876973893,0.0588699602249997));
#4541=CARTESIAN_POINT('Ctrl Pts',(0.188537980563948,0.104220727191399,0.0691313140765322));
#4542=CARTESIAN_POINT('Ctrl Pts',(0.188698076046448,0.101930585332168,0.0724659080128645));
#4543=CARTESIAN_POINT('Ctrl Pts',(0.189176216597483,0.094658598126827,0.0820242185414641));
#4544=CARTESIAN_POINT('Ctrl Pts',(0.189494104696735,0.0892382922430671,
0.0878920071072134));
#4545=CARTESIAN_POINT('Ctrl Pts',(0.190133173083922,0.0772251315059622,
0.0986263359744889));
#4546=CARTESIAN_POINT('Ctrl Pts',(0.19045676353,0.0706565383324077,0.103432518291582));
#4547=CARTESIAN_POINT('Ctrl Pts',(0.191099268908855,0.0567730309827385,
0.111650822151666));
#4548=CARTESIAN_POINT('Ctrl Pts',(0.191415318853364,0.0495008561778198,
0.115059873759933));
#4549=CARTESIAN_POINT('Ctrl Pts',(0.191896882274449,0.0381304666343662,
0.119110030889204));
#4550=CARTESIAN_POINT('Ctrl Pts',(0.192058674189055,0.034248334087946,0.120284096173229));
#4551=CARTESIAN_POINT('Ctrl Pts',(0.192536296552863,0.0225925099279901,
0.123198109599545));
#4552=CARTESIAN_POINT('Ctrl Pts',(0.192851128887683,0.0147012387163519,
0.124387058378812));
#4553=CARTESIAN_POINT('Ctrl Pts',(0.193494089030754,-0.00138742690659839,
0.125256171309652));
#4554=CARTESIAN_POINT('Ctrl Pts',(0.193815324667804,-0.0095313160991173,
0.124900333162406));
#4555=CARTESIAN_POINT('Ctrl Pts',(0.194454643244184,-0.0254424995990613,
0.122639629080586));
#4556=CARTESIAN_POINT('Ctrl Pts',(0.194771835920068,-0.0331828000919237,
0.12077649417222));
#4557=CARTESIAN_POINT('Ctrl Pts',(0.195248018612075,-0.0445312138320139,
0.116868056362348));
#4558=CARTESIAN_POINT('Ctrl Pts',(0.195408582179339,-0.0482957250688536,
0.115363564973623));
#4559=CARTESIAN_POINT('Ctrl Pts',(0.19588890290767,-0.0592594818031375,
0.110349800698498));
#4560=CARTESIAN_POINT('Ctrl Pts',(0.196207661765354,-0.0662025023745215,
0.106330681733049));
#4561=CARTESIAN_POINT('Ctrl Pts',(0.196848489338431,-0.0793416466576882,
0.0969328208983959));
#4562=CARTESIAN_POINT('Ctrl Pts',(0.197172987249732,-0.0854761775192833,
0.0915676012171291));
#4563=CARTESIAN_POINT('Ctrl Pts',(0.197812502003099,-0.0964897793175066,
0.0798604486397203));
#4564=CARTESIAN_POINT('Ctrl Pts',(0.198126303563319,-0.101370830136564,
0.0735664044979671));
#4565=CARTESIAN_POINT('Ctrl Pts',(0.198768083597963,-0.109971209308982,
0.0599758657373848));
#4566=CARTESIAN_POINT('Ctrl Pts',(0.199089311707956,-0.11363390841087,0.0527073219409845));
#4567=CARTESIAN_POINT('Ctrl Pts',(0.199730227808426,-0.119456433425022,
0.0376700556388064));
#4568=CARTESIAN_POINT('Ctrl Pts',(0.200050249774232,-0.121624242344619,
0.0299425645338632));
#4569=CARTESIAN_POINT('Ctrl Pts',(0.200528586835912,-0.123750974849823,
0.0180776352354204));
#4570=CARTESIAN_POINT('Ctrl Pts',(0.200688746661626,-0.124271258850502,
0.0140646595236611));
#4571=CARTESIAN_POINT('Ctrl Pts',(0.201149363229407,-0.125199589126293,
0.00253331374176417));
#4572=CARTESIAN_POINT('Ctrl Pts',(0.201449751356562,-0.125126007817112,
-0.00500841942856095));
#4573=CARTESIAN_POINT('Ctrl Pts',(0.202206838221668,-0.12321636829012,-0.0239959660023065));
#4574=CARTESIAN_POINT('Ctrl Pts',(0.202666530844025,-0.120476005907434,
-0.0352657944318646));
#4575=CARTESIAN_POINT('Ctrl Pts',(0.203582494020476,-0.111977965325539,
-0.0567356985741969));
#4576=CARTESIAN_POINT('Ctrl Pts',(0.204042074798287,-0.106265794605723,
-0.0668250133322534));
#4577=CARTESIAN_POINT('Ctrl Pts',(0.20449994375438,-0.099248942672342,-0.0759896552870067));
#4578=CARTESIAN_POINT('Ctrl Pts',(0.0606250038450775,-0.104998592929945,
-6.17059565995728E-8));
#4579=CARTESIAN_POINT('Ctrl Pts',(0.0610324502336744,-0.104998318644306,
-0.00860199976992542));
#4580=CARTESIAN_POINT('Ctrl Pts',(0.0614383155890861,-0.103944140505808,
-0.0171703118168158));
#4581=CARTESIAN_POINT('Ctrl Pts',(0.0622535230923912,-0.0997577307760558,
-0.033863830797358));
#4582=CARTESIAN_POINT('Ctrl Pts',(0.0626597962534832,-0.096651256934031,
-0.0419278039236335));
#4583=CARTESIAN_POINT('Ctrl Pts',(0.06371741819034,-0.086115764954774,-0.0616139907463448));
#4584=CARTESIAN_POINT('Ctrl Pts',(0.0643598473018042,-0.0773553798846531,
-0.0723055902243577));
#4585=CARTESIAN_POINT('Ctrl Pts',(0.0656572659853766,-0.0562233001289336,
-0.0897316745606521));
#4586=CARTESIAN_POINT('Ctrl Pts',(0.0662990222435927,-0.0440682177769528,
-0.0962845348228742));
#4587=CARTESIAN_POINT('Ctrl Pts',(0.0675968076586893,-0.0178892927253864,
-0.104366251880091));
#4588=CARTESIAN_POINT('Ctrl Pts',(0.0682398915153596,-0.0041276984606368,
-0.105810736213941));
#4589=CARTESIAN_POINT('Ctrl Pts',(0.0695384205380203,0.0231731323053175,
-0.103321589966723));
#4590=CARTESIAN_POINT('Ctrl Pts',(0.0701785704852058,0.0363871537985622,
-0.0994363343077685));
#4591=CARTESIAN_POINT('Ctrl Pts',(0.0714744049066006,0.0606498192693289,
-0.0867990154774004));
#4592=CARTESIAN_POINT('Ctrl Pts',(0.0721176688239211,0.0714580220835598,
-0.0781513087201752));
#4593=CARTESIAN_POINT('Ctrl Pts',(0.0734532172370141,0.0896192319321503,
-0.0565834523785351));
#4594=CARTESIAN_POINT('Ctrl Pts',(0.0740925600674504,0.0960085065947988,
-0.0444000440933038));
#4595=CARTESIAN_POINT('Ctrl Pts',(0.0753072040978185,0.103874886532471,
-0.0199941462584704));
#4596=CARTESIAN_POINT('Ctrl Pts',(0.0759516691768846,0.105825526311124,
-0.00626027375166222));
#4597=CARTESIAN_POINT('Ctrl Pts',(0.0773290715321263,0.103524978593676,
0.0227280204690778));
#4598=CARTESIAN_POINT('Ctrl Pts',(0.0779689521896851,0.0994985839254455,
0.0358950112460146));
#4599=CARTESIAN_POINT('Ctrl Pts',(0.0792240393267785,0.0875606755361604,
0.0595494115815986));
#4600=CARTESIAN_POINT('Ctrl Pts',(0.0798671521315226,0.0790517728594947,
0.0704641420555226));
#4601=CARTESIAN_POINT('Ctrl Pts',(0.0811678617369231,0.0582692217720282,
0.08841266193558));
#4602=CARTESIAN_POINT('Ctrl Pts',(0.08180838908221,0.0462907438579499,0.0952261161397409));
#4603=CARTESIAN_POINT('Ctrl Pts',(0.0831042097666563,0.0203521162196874,
0.103918169748579));
#4604=CARTESIAN_POINT('Ctrl Pts',(0.0837468924366937,0.00663579504210036,
0.105686937768476));
#4605=CARTESIAN_POINT('Ctrl Pts',(0.0850465511072361,-0.0207395794015467,
0.103836782331484));
#4606=CARTESIAN_POINT('Ctrl Pts',(0.0856886578331024,-0.0340812594656945,
0.100250838059118));
#4607=CARTESIAN_POINT('Ctrl Pts',(0.0869858117860889,-0.0586535367788189,
0.0881627082889907));
#4608=CARTESIAN_POINT('Ctrl Pts',(0.0876278941455108,-0.0696327543932173,
0.0797758390022379));
#4609=CARTESIAN_POINT('Ctrl Pts',(0.0889259941552945,-0.0877711195314091,
0.0592328683369056));
#4610=CARTESIAN_POINT('Ctrl Pts',(0.0895690161198749,-0.0947465678767851,
0.047284353013937));
#4611=CARTESIAN_POINT('Ctrl Pts',(0.0908673354521418,-0.103707872053768,
0.0213811307275267));
#4612=CARTESIAN_POINT('Ctrl Pts',(0.0915078592009409,-0.105603676877221,
0.00773050860367762));
#4613=CARTESIAN_POINT('Ctrl Pts',(0.0928042092580172,-0.10406031251776,
-0.0195933274454949));
#4614=CARTESIAN_POINT('Ctrl Pts',(0.0934474495055884,-0.10062133227592,
-0.0330005454812051));
#4615=CARTESIAN_POINT('Ctrl Pts',(0.0947464577063667,-0.088764551279421,
-0.0577292033844743));
#4616=CARTESIAN_POINT('Ctrl Pts',(0.0953851851736414,-0.0805354294679906,
-0.0687342746791963));
#4617=CARTESIAN_POINT('Ctrl Pts',(0.0966405520385619,-0.0608816089741893,
-0.0865129583054209));
#4618=CARTESIAN_POINT('Ctrl Pts',(0.0972849523314376,-0.0491539224865486,
-0.0939177642078454));
#4619=CARTESIAN_POINT('Ctrl Pts',(0.0986619176534276,-0.0217907546204842,
-0.103732568891763));
#4620=CARTESIAN_POINT('Ctrl Pts',(0.0993014634514527,-0.00813711005491514,
-0.105454751796773));
#4621=CARTESIAN_POINT('Ctrl Pts',(0.100553526399156,0.0182699699627722,
-0.104302877499608));
#4622=CARTESIAN_POINT('Ctrl Pts',(0.10119670491609,0.0317199144229349,-0.101036344314114));
#4623=CARTESIAN_POINT('Ctrl Pts',(0.102497557192126,0.0566294150702152,
-0.0894715516248173));
#4624=CARTESIAN_POINT('Ctrl Pts',(0.103137712531394,0.0677591897430443,
-0.0813592305857245));
#4625=CARTESIAN_POINT('Ctrl Pts',(0.104433121034779,0.0863459939063947,
-0.061299002730803));
#4626=CARTESIAN_POINT('Ctrl Pts',(0.105075917816169,0.0936024317236249,
-0.0495227158623549));
#4627=CARTESIAN_POINT('Ctrl Pts',(0.106375873533918,0.103177556633097,-0.0238031661045334));
#4628=CARTESIAN_POINT('Ctrl Pts',(0.107017646363377,0.105394718298561,-0.010174459214546));
#4629=CARTESIAN_POINT('Ctrl Pts',(0.108314580753323,0.104486801288783,0.0171903938208931));
#4630=CARTESIAN_POINT('Ctrl Pts',(0.108956808564666,0.101358918040455,0.0306511527679363));
#4631=CARTESIAN_POINT('Ctrl Pts',(0.110255270271951,0.0900910205932943,
0.0556405057023123));
#4632=CARTESIAN_POINT('Ctrl Pts',(0.110898220057895,0.082069395178919,0.0669111395668866));
#4633=CARTESIAN_POINT('Ctrl Pts',(0.112196291538484,0.0621502517558183,
0.0857317954806142));
#4634=CARTESIAN_POINT('Ctrl Pts',(0.112837179710153,0.0504812361482745,
0.0930795653942156));
#4635=CARTESIAN_POINT('Ctrl Pts',(0.114133999485192,0.0249305057610881,
0.102912054670632));
#4636=CARTESIAN_POINT('Ctrl Pts',(0.114777207409009,0.0112959061346376,
0.105289561048014));
#4637=CARTESIAN_POINT('Ctrl Pts',(0.11607612565704,-0.0161189679585076,
0.104652513215234));
#4638=CARTESIAN_POINT('Ctrl Pts',(0.116715279428922,-0.0295439206764762,
0.101675513402817));
#4639=CARTESIAN_POINT('Ctrl Pts',(0.118009599547713,-0.0545831817990704,
0.0907369233694928));
#4640=CARTESIAN_POINT('Ctrl Pts',(0.11865289621847,-0.0659583260157299,
0.0828480119924768));
#4641=CARTESIAN_POINT('Ctrl Pts',(0.119994295098471,-0.0856320873359072,
0.0624783881927672));
#4642=CARTESIAN_POINT('Ctrl Pts',(0.120633497737545,-0.092797046141652,
0.0507373471168349));
#4643=CARTESIAN_POINT('Ctrl Pts',(0.121843014030679,-0.102273963244648,
0.0270272217194085));
#4644=CARTESIAN_POINT('Ctrl Pts',(0.122487386709616,-0.105150338356591,
0.0134590872080833));
#4645=CARTESIAN_POINT('Ctrl Pts',(0.123826960715372,-0.104844436811887,
-0.0148199298471924));
#4646=CARTESIAN_POINT('Ctrl Pts',(0.124466742101302,-0.102028989134378,
-0.028293177782628));
#4647=CARTESIAN_POINT('Ctrl Pts',(0.125761700025997,-0.0913960305412803,
-0.0534784364991831));
#4648=CARTESIAN_POINT('Ctrl Pts',(0.126404599636123,-0.0836474385173017,
-0.0649396641003423));
#4649=CARTESIAN_POINT('Ctrl Pts',(0.127704811759951,-0.0641399191268394,
-0.0842511322092101));
#4650=CARTESIAN_POINT('Ctrl Pts',(0.128346247173084,-0.0526358025515916,
-0.0918740498855346));
#4651=CARTESIAN_POINT('Ctrl Pts',(0.129642924377829,-0.0273267068096701,
-0.102305094460786));
#4652=CARTESIAN_POINT('Ctrl Pts',(0.130285289233645,-0.0137682281836418,
-0.104994079787389));
#4653=CARTESIAN_POINT('Ctrl Pts',(0.131584065716921,0.0136507298858862,
-0.10500412837703));
#4654=CARTESIAN_POINT('Ctrl Pts',(0.13222693454188,0.0272213818288336,-0.102329099843032));
#4655=CARTESIAN_POINT('Ctrl Pts',(0.133524725770383,0.0525657948834072,
-0.0919213559029793));
#4656=CARTESIAN_POINT('Ctrl Pts',(0.134165961970613,0.0640706001468188,
-0.0843051238874118));
#4657=CARTESIAN_POINT('Ctrl Pts',(0.135463197052547,0.0835486195387514,
-0.0650539797595935));
#4658=CARTESIAN_POINT('Ctrl Pts',(0.136106364631615,0.0913226859449008,
-0.053604578271653));
#4659=CARTESIAN_POINT('Ctrl Pts',(0.137405160045524,0.102019477697685,-0.0283575195036222));
#4660=CARTESIAN_POINT('Ctrl Pts',(0.138044716465477,0.104830662840376,-0.0148876870863198));
#4661=CARTESIAN_POINT('Ctrl Pts',(0.139339672544058,0.105154843892206,0.0124481366092825));
#4662=CARTESIAN_POINT('Ctrl Pts',(0.13998296351425,0.102640091930025,0.0260605273700864));
#4663=CARTESIAN_POINT('Ctrl Pts',(0.141328564591647,0.0921297366612116,
0.0524525971347733));
#4664=CARTESIAN_POINT('Ctrl Pts',(0.141969226254547,0.0843198426736241,
0.0638124398885872));
#4665=CARTESIAN_POINT('Ctrl Pts',(0.143155777761211,0.0669443610393888,
0.0818554570574134));
#4666=CARTESIAN_POINT('Ctrl Pts',(0.143796439421163,0.0558868691010462,
0.0900878522941403));
#4667=CARTESIAN_POINT('Ctrl Pts',(0.145142040535976,0.0299095817946702,
0.101585217320342));
#4668=CARTESIAN_POINT('Ctrl Pts',(0.145785331545021,0.0164016165533355,
0.10461110914265));
#4669=CARTESIAN_POINT('Ctrl Pts',(0.147080287738371,-0.0109270083532608,
0.105317194350659));
#4670=CARTESIAN_POINT('Ctrl Pts',(0.147719844234633,-0.0244932020778213,
0.103015560049095));
#4671=CARTESIAN_POINT('Ctrl Pts',(0.149018639846158,-0.0501253940484721,
0.0932776952463133));
#4672=CARTESIAN_POINT('Ctrl Pts',(0.149661807541735,-0.0618595972710061,
0.0859405730190333));
#4673=CARTESIAN_POINT('Ctrl Pts',(0.15095904288445,-0.0818310167782304,
0.0672017865650557));
#4674=CARTESIAN_POINT('Ctrl Pts',(0.15160027922959,-0.0898753502656663,
0.055992138445582));
#4675=CARTESIAN_POINT('Ctrl Pts',(0.152898070826594,-0.101230701629064,
0.0310578977774207));
#4676=CARTESIAN_POINT('Ctrl Pts',(0.153540939848448,-0.104415184000397,
0.0175976812523604));
#4677=CARTESIAN_POINT('Ctrl Pts',(0.154839716733205,-0.105438312361099,
-0.00980218133249986));
#4678=CARTESIAN_POINT('Ctrl Pts',(0.155482081811595,-0.103262132161725,
-0.0234523534975849));
#4679=CARTESIAN_POINT('Ctrl Pts',(0.156778759556817,-0.0937921646428808,
-0.0491365256655566));
#4680=CARTESIAN_POINT('Ctrl Pts',(0.157420195276841,-0.0866081455961671,
-0.0609197105190926));
#4681=CARTESIAN_POINT('Ctrl Pts',(0.158720407940442,-0.0680454540558498,
-0.08114104740052));
#4682=CARTESIAN_POINT('Ctrl Pts',(0.159363307847269,-0.0568843407153564,
-0.0893160053316168));
#4683=CARTESIAN_POINT('Ctrl Pts',(0.160658266521931,-0.0321176270161555,
-0.100890415889632));
#4684=CARTESIAN_POINT('Ctrl Pts',(0.161298048322994,-0.0187600352493781,
-0.104211547967325));
#4685=CARTESIAN_POINT('Ctrl Pts',(0.162637621935,0.00948734606296711,-0.105582809115296));
#4686=CARTESIAN_POINT('Ctrl Pts',(0.163281994958585,0.0231542288666474,
-0.103219745977357));
#4687=CARTESIAN_POINT('Ctrl Pts',(0.164491513958896,0.0472046517536828,
-0.0946429643703902));
#4688=CARTESIAN_POINT('Ctrl Pts',(0.165130717111681,0.0592073349498432,
-0.0879255014994106));
#4689=CARTESIAN_POINT('Ctrl Pts',(0.166472116463911,0.0803038081604915,
-0.0690332640594432));
#4690=CARTESIAN_POINT('Ctrl Pts',(0.167115413600231,0.0886157412780281,
-0.0579634594303539));
#4691=CARTESIAN_POINT('Ctrl Pts',(0.168409734456813,0.100490060345981,-0.0333541617742742));
#4692=CARTESIAN_POINT('Ctrl Pts',(0.169048888584685,0.103970809581761,-0.0200509232519025));
#4693=CARTESIAN_POINT('Ctrl Pts',(0.170347807943356,0.105640423219376,0.00732047625288276));
#4694=CARTESIAN_POINT('Ctrl Pts',(0.170991016423759,0.103778369197338,0.0210349789486759));
#4695=CARTESIAN_POINT('Ctrl Pts',(0.172287837112036,0.0949156397835449,
0.0469380548982028));
#4696=CARTESIAN_POINT('Ctrl Pts',(0.172928725689744,0.0880127907593795,
0.0588756506415453));
#4697=CARTESIAN_POINT('Ctrl Pts',(0.174226798543255,0.0699560736015344,
0.079489830635269));
#4698=CARTESIAN_POINT('Ctrl Pts',(0.174869748989513,0.0589957062259061,
0.0879304473576211));
#4699=CARTESIAN_POINT('Ctrl Pts',(0.176168211754158,0.0344486916890532,
0.100131962654981));
#4700=CARTESIAN_POINT('Ctrl Pts',(0.176810440133888,0.0211153572658275,
0.103764839461632));
#4701=CARTESIAN_POINT('Ctrl Pts',(0.17810737607797,-0.00619585248251229,
0.105703248706888));
#4702=CARTESIAN_POINT('Ctrl Pts',(0.178749149849063,-0.0198984296347161,
0.104001203664113));
#4703=CARTESIAN_POINT('Ctrl Pts',(0.180049106761535,-0.0459605069577827,
0.0954020189177425));
#4704=CARTESIAN_POINT('Ctrl Pts',(0.18069190419209,-0.0580018583627058,
0.0885944792599287));
#4705=CARTESIAN_POINT('Ctrl Pts',(0.181987314615669,-0.0787482148971847,
0.0707767612596173));
#4706=CARTESIAN_POINT('Ctrl Pts',(0.18262747106552,-0.0872741585608709,
0.059960565160123));
#4707=CARTESIAN_POINT('Ctrl Pts',(0.183928324768357,-0.0997693480072264,
0.0355045317175401));
#4708=CARTESIAN_POINT('Ctrl Pts',(0.184571504042516,-0.103540368849114,
0.0221872277740105));
#4709=CARTESIAN_POINT('Ctrl Pts',(0.185823571941627,-0.105686473687603,
-0.00415776294104166));
#4710=CARTESIAN_POINT('Ctrl Pts',(0.186463118953701,-0.104479971847056,
-0.0178666089935291));
#4711=CARTESIAN_POINT('Ctrl Pts',(0.18784008695845,-0.0957031962635448,
-0.0455801874528682));
#4712=CARTESIAN_POINT('Ctrl Pts',(0.188484488231269,-0.088745533983108,
-0.0575785521331591));
#4713=CARTESIAN_POINT('Ctrl Pts',(0.189739852997117,-0.0717200990858276,
-0.0778882633812851));
#4714=CARTESIAN_POINT('Ctrl Pts',(0.190378580852567,-0.0610329351589313,
-0.0865262149712996));
#4715=CARTESIAN_POINT('Ctrl Pts',(0.191677591089377,-0.0367686144931225,
-0.0993063770872705));
#4716=CARTESIAN_POINT('Ctrl Pts',(0.192320832343402,-0.0235005016954726,
-0.103248110558965));
#4717=CARTESIAN_POINT('Ctrl Pts',(0.193617183658197,0.00374575650786473,
-0.105819964966487));
#4718=CARTESIAN_POINT('Ctrl Pts',(0.194257707865175,0.0174581072216219,
-0.104439879970487));
#4719=CARTESIAN_POINT('Ctrl Pts',(0.195556029664089,0.0436806125403509,
-0.0964610043915173));
#4720=CARTESIAN_POINT('Ctrl Pts',(0.196199052780322,0.0558834855960591,
-0.0899407413381266));
#4721=CARTESIAN_POINT('Ctrl Pts',(0.197497154253273,0.0770953276103099,
-0.0725893502290949));
#4722=CARTESIAN_POINT('Ctrl Pts',(0.198139237441029,0.0858899478988468,
-0.0619339640318343));
#4723=CARTESIAN_POINT('Ctrl Pts',(0.199436394022582,0.0988954128735273,
-0.0378346294392141));
#4724=CARTESIAN_POINT('Ctrl Pts',(0.200078502493818,0.102981542687593,-0.0246375346190481));
#4725=CARTESIAN_POINT('Ctrl Pts',(0.201378162800021,0.105861917426913,0.00264866589655046));
#4726=CARTESIAN_POINT('Ctrl Pts',(0.202020846396317,0.104611256122803,0.0164218890059962));
#4727=CARTESIAN_POINT('Ctrl Pts',(0.203316670322647,0.0969027723679935,
0.0426696386826977));
#4728=CARTESIAN_POINT('Ctrl Pts',(0.203957199663917,0.0905455095632703,
0.0548963616214375));
#4729=CARTESIAN_POINT('Ctrl Pts',(0.205257911297018,0.0733928500320499,
0.0763404618832236));
#4730=CARTESIAN_POINT('Ctrl Pts',(0.205901025179441,0.0628065009992307,
0.0852545996685875));
#4731=CARTESIAN_POINT('Ctrl Pts',(0.207156122639821,0.03961858847881,0.0980754312401434));
#4732=CARTESIAN_POINT('Ctrl Pts',(0.207796005370025,0.0266126339079796,
0.102595063571408));
#4733=CARTESIAN_POINT('Ctrl Pts',(0.209173410860954,-0.0022683932969554,
0.105986272703519));
#4734=CARTESIAN_POINT('Ctrl Pts',(0.209817877413097,-0.0160660120527271,
0.104554468398844));
#4735=CARTESIAN_POINT('Ctrl Pts',(0.21103250418756,-0.0407505826851985,
0.097613413669061));
#4736=CARTESIAN_POINT('Ctrl Pts',(0.211671847544164,-0.0531661191297273,
0.0916878560336018));
#4737=CARTESIAN_POINT('Ctrl Pts',(0.213007410477411,-0.0754031883615403,
0.0743520982246814));
#4738=CARTESIAN_POINT('Ctrl Pts',(0.213650675847188,-0.0844520173694748,
0.0638774242916748));
#4739=CARTESIAN_POINT('Ctrl Pts',(0.214946511506718,-0.0979945870315646,
0.0401082090066421));
#4740=CARTESIAN_POINT('Ctrl Pts',(0.215586661752496,-0.102375001785647,
0.0270499999539818));
#4741=CARTESIAN_POINT('Ctrl Pts',(0.216885194358478,-0.105891125551311,
-0.00013765793903072));
#4742=CARTESIAN_POINT('Ctrl Pts',(0.217528279868618,-0.104966221564609,
-0.013943912532611));
#4743=CARTESIAN_POINT('Ctrl Pts',(0.218826067163181,-0.0978767111841049,
-0.0404087513163674));
#4744=CARTESIAN_POINT('Ctrl Pts',(0.219467823797821,-0.0917865436862968,
-0.0528021024816373));
#4745=CARTESIAN_POINT('Ctrl Pts',(0.220765246486056,-0.0751691242465168,
-0.0745758380153894));
#4746=CARTESIAN_POINT('Ctrl Pts',(0.221407678284401,-0.064815203742702,
-0.0837328920011225));
#4747=CARTESIAN_POINT('Ctrl Pts',(0.222465288222676,-0.0455402590222313,
-0.0950025520036251));
#4748=CARTESIAN_POINT('Ctrl Pts',(0.222871548199622,-0.0375993660005256,
-0.0984105951591785));
#4749=CARTESIAN_POINT('Ctrl Pts',(0.223686726206364,-0.0210761353873159,
-0.103223028427223));
#4750=CARTESIAN_POINT('Ctrl Pts',(0.224092576193663,-0.0125540001852521,
-0.104599385295642));
#4751=CARTESIAN_POINT('Ctrl Pts',(0.224500006745912,-0.00395854388150184,
-0.10492394200005));
#4752=CARTESIAN_POINT('Origin',(-0.07659999999999,0.2125410194015,-0.07589184429595));
#4753=CARTESIAN_POINT('',(-0.07659999999999,-0.0728870578055574,0.126244087333409));
#4754=CARTESIAN_POINT('Origin',(-0.07949225299566,-0.02705476414956,0.1768602260938));
#4755=CARTESIAN_POINT('Origin',(-0.119288531945498,-0.0881235360286254,
0.152634441744244));
#4756=CARTESIAN_POINT('Origin',(-0.238568870351,-0.04058296033877,-0.1952917492283));
#4757=CARTESIAN_POINT('',(-0.234520910858106,-0.0436642766191711,-0.200628745580145));
#4758=CARTESIAN_POINT('Origin',(-0.235205781349431,-0.0945328106265133,
-0.163735630987468));
#4759=CARTESIAN_POINT('',(-0.234520910858099,-0.151917452092225,-0.138128745580153));
#4760=CARTESIAN_POINT('Origin',(-0.238568870351,-0.1488361358118,-0.1327917492283));
#4761=CARTESIAN_POINT('Origin',(-0.04278412605795,0.2218510013511,0.0898208443698));
#4762=CARTESIAN_POINT('',(-0.348074524064399,0.21677417601855,0.0843197357656908));
#4763=CARTESIAN_POINT('',(-0.198424524064396,0.219386326485061,0.08701635763045));
#4764=CARTESIAN_POINT('',(-0.348184474224928,0.223073216498012,0.0843197357656908));
#4765=CARTESIAN_POINT('Origin',(-0.347900000000019,0.206775699067048,-0.09187233789005));
#4766=CARTESIAN_POINT('',(-0.370499999999986,0.206775699066977,-0.0877712336478601));
#4767=CARTESIAN_POINT('',(-0.370499999999987,0.206775699067,0.0839276288249123));
#4768=CARTESIAN_POINT('',(-0.370499999999967,0.206775699067,-0.00204892779104875));
#4769=CARTESIAN_POINT('Ctrl Pts',(-0.370499999999943,0.206775699067,0.0839276288249123));
#4770=CARTESIAN_POINT('Ctrl Pts',(-0.370499999999949,0.209361982047874,
0.0839565159790303));
#4771=CARTESIAN_POINT('Ctrl Pts',(-0.370051739900787,0.211947669583442,
0.0839854031331483));
#4772=CARTESIAN_POINT('Ctrl Pts',(-0.369181177479635,0.214383030075861,
0.0840142902872662));
#4773=CARTESIAN_POINT('Ctrl Pts',(-0.368309440979535,0.216821675003051,
0.0840432163998767));
#4774=CARTESIAN_POINT('Ctrl Pts',(-0.367014654222608,0.219108456567053,
0.0840721425124871));
#4775=CARTESIAN_POINT('Ctrl Pts',(-0.365371994372217,0.221110600973041,
0.0841010686250976));
#4776=CARTESIAN_POINT('Ctrl Pts',(-0.363731169146726,0.223110509259373,
0.0841299624312226));
#4777=CARTESIAN_POINT('Ctrl Pts',(-0.361744012319222,0.224825498608225,
0.0841588562373477));
#4778=CARTESIAN_POINT('Ctrl Pts',(-0.359525647944579,0.226156212730667,
0.0841877500434727));
#4779=CARTESIAN_POINT('Ctrl Pts',(-0.357306091853288,0.227487641719517,
0.0842166593714977));
#4780=CARTESIAN_POINT('Ctrl Pts',(-0.354856101714401,0.228433764108286,
0.0842455686995227));
#4781=CARTESIAN_POINT('Ctrl Pts',(-0.352317765280723,0.228939709307101,
0.0842744780275477));
#4782=CARTESIAN_POINT('Ctrl Pts',(-0.350993171300365,0.229203729456617,
0.084289563940262));
#4783=CARTESIAN_POINT('Ctrl Pts',(-0.349644868833984,0.229348684881977,
0.0843046498529764));
#4784=CARTESIAN_POINT('Ctrl Pts',(-0.348294424385492,0.229372256977507,
0.0843197357656907));
#4785=CARTESIAN_POINT('Ctrl Pts',(-0.348294424385468,0.229372256977507,
-0.0884175913477905));
#4786=CARTESIAN_POINT('Ctrl Pts',(-0.350880313462918,0.229327120115767,
-0.0883699731279851));
#4787=CARTESIAN_POINT('Ctrl Pts',(-0.353457783968309,0.228833801818997,
-0.0883223549081797));
#4788=CARTESIAN_POINT('Ctrl Pts',(-0.355877580134326,0.227920869087582,
-0.0882747366883743));
#4789=CARTESIAN_POINT('Ctrl Pts',(-0.358300639744375,0.227006705134746,
-0.0882270542485336));
#4790=CARTESIAN_POINT('Ctrl Pts',(-0.360564475875736,0.225672205738824,
-0.0881793718086929));
#4791=CARTESIAN_POINT('Ctrl Pts',(-0.362537646978085,0.223994853835564,
-0.0881316893688522));
#4792=CARTESIAN_POINT('Ctrl Pts',(-0.364508614319969,0.222319375303449,
-0.0880840601837321));
#4793=CARTESIAN_POINT('Ctrl Pts',(-0.366188661799027,0.220302590438402,
-0.088036430998612));
#4794=CARTESIAN_POINT('Ctrl Pts',(-0.367480457450569,0.218061339767681,
-0.0879888018134919));
#4795=CARTESIAN_POINT('Ctrl Pts',(-0.368772947061318,0.215818885085677,
-0.0879411470417308));
#4796=CARTESIAN_POINT('Ctrl Pts',(-0.369676167127391,0.213352755979686,
-0.0878934922699697));
#4797=CARTESIAN_POINT('Ctrl Pts',(-0.370137735189185,0.210805976185697,
-0.0878458374982086));
#4798=CARTESIAN_POINT('Ctrl Pts',(-0.370378597774646,0.209476976160446,
-0.0878209695480925));
#4799=CARTESIAN_POINT('Ctrl Pts',(-0.370499999999948,0.208126349226046,
-0.0877961015979763));
#4800=CARTESIAN_POINT('Ctrl Pts',(-0.370499999999943,0.206775699066977,
-0.0877712336478601));
#4801=CARTESIAN_POINT('Origin',(-0.04278412605795,0.2218510013511,-0.09748573968851));
#4802=CARTESIAN_POINT('',(-0.348074524064399,0.216774176018549,-0.0884175913477901));
#4803=CARTESIAN_POINT('',(-0.348184474224928,0.223073216498012,-0.0884175913477908));
#4804=CARTESIAN_POINT('',(-0.198424524064396,0.219386326485061,-0.092862762103045));
#4805=CARTESIAN_POINT('Ctrl Pts',(0.05703499925317,-0.08269832611081,0.06404800291038));
#4806=CARTESIAN_POINT('Ctrl Pts',(0.05747882738909,-0.0884138026179,0.05666822027647));
#4807=CARTESIAN_POINT('Ctrl Pts',(0.05836648366093,-0.09785669944804,0.04037012956491));
#4808=CARTESIAN_POINT('Ctrl Pts',(0.05969796806869,-0.1050499148301,0.01304633539266));
#4809=CARTESIAN_POINT('Ctrl Pts',(0.06102945247645,-0.1047589664866,-0.01520675297198));
#4810=CARTESIAN_POINT('Ctrl Pts',(0.06236093688421,-0.09700474057071,-0.04237650771828));
#4811=CARTESIAN_POINT('Ctrl Pts',(0.06369242129197,-0.08233963188663,-0.06652723079893));
#4812=CARTESIAN_POINT('Ctrl Pts',(0.06502390569973,-0.06180843634553,-0.08593837721511));
#4813=CARTESIAN_POINT('Ctrl Pts',(0.06635539010749,-0.03687385010931,-0.09922704525847));
#4814=CARTESIAN_POINT('Ctrl Pts',(0.06768687451525,-0.009312280581492,-0.1054465204338));
#4815=CARTESIAN_POINT('Ctrl Pts',(0.06901835892301,0.01891271450835,-0.1041537150856));
#4816=CARTESIAN_POINT('Ctrl Pts',(0.07034984333078,0.04579031483432,-0.09544073607424));
#4817=CARTESIAN_POINT('Ctrl Pts',(0.07168132773854,0.06940569369579,-0.07992832174153));
#4818=CARTESIAN_POINT('Ctrl Pts',(0.0730128121463,0.08807643475727,-0.05872161845358));
#4819=CARTESIAN_POINT('Ctrl Pts',(0.07434429655406,0.1004723912153,-0.03333144666916));
#4820=CARTESIAN_POINT('Ctrl Pts',(0.07567578096182,0.105710448227,-0.005566665980537));
#4821=CARTESIAN_POINT('Ctrl Pts',(0.07700726536958,0.1034174375902,0.02259469270414));
#4822=CARTESIAN_POINT('Ctrl Pts',(0.07833874977734,0.09375672253604,0.04914634694248));
#4823=CARTESIAN_POINT('Ctrl Pts',(0.0796702341851,0.07741655874093,0.07219669503757));
#4824=CARTESIAN_POINT('Ctrl Pts',(0.08100171859286,0.05556106081365,0.0901035779913));
#4825=CARTESIAN_POINT('Ctrl Pts',(0.08233320300062,0.0297472675807,0.1015912704016));
#4826=CARTESIAN_POINT('Ctrl Pts',(0.08366468740838,0.00181421468167,0.1058413656422));
#4827=CARTESIAN_POINT('Ctrl Pts',(0.08499617181614,-0.02624808276516,0.1025510805089));
#4828=CARTESIAN_POINT('Ctrl Pts',(0.0863276562239,-0.05244040343266,0.0919548256349));
#4829=CARTESIAN_POINT('Ctrl Pts',(0.08765914063167,-0.07489674873836,0.07480750501391));
#4830=CARTESIAN_POINT('Ctrl Pts',(0.08899062503943,-0.09201728053626,0.05233073446729));
#4831=CARTESIAN_POINT('Ctrl Pts',(0.09032210944719,-0.1025822967985,0.02612581062608));
#4832=CARTESIAN_POINT('Ctrl Pts',(0.09165359385495,-0.1058391254482,-0.001940369249492));
#4833=CARTESIAN_POINT('Ctrl Pts',(0.09298507826271,-0.1015557458859,-0.02986830926167));
#4834=CARTESIAN_POINT('Ctrl Pts',(0.09431656267047,-0.09003731815078,-0.05566836331331));
#4835=CARTESIAN_POINT('Ctrl Pts',(0.09564804707823,-0.0721044421971,-0.07750248165985));
#4836=CARTESIAN_POINT('Ctrl Pts',(0.09697953148599,-0.04903469619497,-0.0938151572634));
#4837=CARTESIAN_POINT('Ctrl Pts',(0.09831101589375,-0.02247161883379,-0.1034442430814));
#4838=CARTESIAN_POINT('Ctrl Pts',(0.09964250030152,0.005692380044236,-0.1057037454712));
#4839=CARTESIAN_POINT('Ctrl Pts',(0.1009739847093,0.03345083876768,-0.1004326953817));
#4840=CARTESIAN_POINT('Ctrl Pts',(0.102305469117,0.0588261882996,-0.08800661569382));
#4841=CARTESIAN_POINT('Ctrl Pts',(0.1036369535248,0.08001063818838,-0.06931076780322));
#4842=CARTESIAN_POINT('Ctrl Pts',(0.1049684379326,0.09549496701977,-0.04567708345483));
#4843=CARTESIAN_POINT('Ctrl Pts',(0.1062999223403,0.1041760421047,-0.01878927497137));
#4844=CARTESIAN_POINT('Ctrl Pts',(0.1076314067481,0.1054354085196,0.009437115959507));
#4845=CARTESIAN_POINT('Ctrl Pts',(0.1089628911558,0.09918334869895,0.03699118535887));
#4846=CARTESIAN_POINT('Ctrl Pts',(0.1102943755636,0.08586527373008,0.0619099277017));
#4847=CARTESIAN_POINT('Ctrl Pts',(0.1116258599714,0.06642999106164,0.08241808416263));
#4848=CARTESIAN_POINT('Ctrl Pts',(0.1129573443791,0.04226210933299,0.09705461531681));
#4849=CARTESIAN_POINT('Ctrl Pts',(0.1142888287869,0.01508339596484,0.1047767881604));
#4850=CARTESIAN_POINT('Ctrl Pts',(0.1156203131947,-0.01316988499243,0.1050344621217));
#4851=CARTESIAN_POINT('Ctrl Pts',(0.1169517976024,-0.04048491605473,0.09780928182059));
#4852=CARTESIAN_POINT('Ctrl Pts',(0.1182832820102,-0.0649157232074,0.08361598444343));
#4853=CARTESIAN_POINT('Ctrl Pts',(0.1196147664179,-0.08472181065665,0.06346572862806));
#4854=CARTESIAN_POINT('Ctrl Pts',(0.1209462508257,-0.0984921568449,0.03879405740601));
#4855=CARTESIAN_POINT('Ctrl Pts',(0.1222777352335,-0.1052457380448,0.01135862727948));
#4856=CARTESIAN_POINT('Ctrl Pts',(0.1236092196412,-0.1045014180704,-0.01688601058163));
#4857=CARTESIAN_POINT('Ctrl Pts',(0.124940704049,-0.09631222506302,-0.04392765619642));
#4858=CARTESIAN_POINT('Ctrl Pts',(0.1262721884567,-0.08126157343694,-0.06783981355415));
#4859=CARTESIAN_POINT('Ctrl Pts',(0.1276036728645,-0.06042170016829,-0.0869189376138));
#4860=CARTESIAN_POINT('Ctrl Pts',(0.1289351572723,-0.03527727652142,-0.09980579781078));
#4861=CARTESIAN_POINT('Ctrl Pts',(0.13026664168,-0.007619637268254,-0.1055823119337));
#4862=CARTESIAN_POINT('Ctrl Pts',(0.1315981260878,0.02058083728893,-0.1038369517729));
#4863=CARTESIAN_POINT('Ctrl Pts',(0.1329296104956,0.04731509475454,-0.09469406094753));
#4864=CARTESIAN_POINT('Ctrl Pts',(0.1342610949033,0.0706785390853,-0.07880499627711));
#4865=CARTESIAN_POINT('Ctrl Pts',(0.1355925793111,0.08900671732759,-0.05730172382137));
#4866=CARTESIAN_POINT('Ctrl Pts',(0.1369240637188,0.1009938980954,-0.03171617550221));
#4867=CARTESIAN_POINT('Ctrl Pts',(0.1382555481266,0.1057860940637,-0.003871111494416));
#4868=CARTESIAN_POINT('Ctrl Pts',(0.1395870325344,0.1030419014073,0.02424973645484));
#4869=CARTESIAN_POINT('Ctrl Pts',(0.1409185169421,0.09295682189227,0.05064298956051));
#4870=CARTESIAN_POINT('Ctrl Pts',(0.1422500013499,0.07624933488532,0.07342834618548));
#4871=CARTESIAN_POINT('Ctrl Pts',(0.1435814857576,0.05410971154705,0.09098253776546));
#4872=CARTESIAN_POINT('Ctrl Pts',(0.1449129701654,0.02811521778138,0.1020549732299));
#4873=CARTESIAN_POINT('Ctrl Pts',(0.1462444545732,0.0001177470346893,0.1058568332198));
#4874=CARTESIAN_POINT('Ctrl Pts',(0.1475759389809,-0.02788811182159,0.1021172668873));
#4875=CARTESIAN_POINT('Ctrl Pts',(0.1489074233887,-0.05390717245589,0.09110268772738));
#4876=CARTESIAN_POINT('Ctrl Pts',(0.1502389077964,-0.07608579158986,0.07359779378039));
#4877=CARTESIAN_POINT('Ctrl Pts',(0.1515703922042,-0.09284392573167,0.05084966436306));
#4878=CARTESIAN_POINT('Ctrl Pts',(0.152901876612,-0.1029876961869,0.02447891597267));
#4879=CARTESIAN_POINT('Ctrl Pts',(0.1542333610197,-0.105794443028,-0.003635753230432));
#4880=CARTESIAN_POINT('Ctrl Pts',(0.1555648454275,-0.1010642086354,-0.03149140511716));
#4881=CARTESIAN_POINT('Ctrl Pts',(0.1568963298353,-0.08913398303619,-0.05710355435358));
#4882=CARTESIAN_POINT('Ctrl Pts',(0.158227814243,-0.07085369617661,-0.07864754656271));
#4883=CARTESIAN_POINT('Ctrl Pts',(0.1595592986508,-0.04752566747752,-0.09458854986595));
#4884=CARTESIAN_POINT('Ctrl Pts',(0.1608907830585,-0.02081182638358,-0.1037908989865));
#4885=CARTESIAN_POINT('Ctrl Pts',(0.1622222674663,0.00738468633281,-0.1055990020539));
#4886=CARTESIAN_POINT('Ctrl Pts',(0.1635537518741,0.035055101594,-0.09988404616693));
#4887=CARTESIAN_POINT('Ctrl Pts',(0.1648852362818,0.06022813020528,-0.08705317432543));
#4888=CARTESIAN_POINT('Ctrl Pts',(0.1662167206896,0.08111040094023,-0.06802047994171));
#4889=CARTESIAN_POINT('Ctrl Pts',(0.1675482050973,0.09621422347423,-0.0441418853222));
#4890=CARTESIAN_POINT('Ctrl Pts',(0.1688796895051,0.1044635741132,-0.01711854347697));
#4891=CARTESIAN_POINT('Ctrl Pts',(0.1702111739129,0.1052707537054,0.0111243549327));
#4892=CARTESIAN_POINT('Ctrl Pts',(0.1715426583206,0.09857825648556,0.03857473551624));
#4893=CARTESIAN_POINT('Ctrl Pts',(0.1728741427284,0.08486286702787,0.06327698386958));
#4894=CARTESIAN_POINT('Ctrl Pts',(0.1742056271361,0.06510169341943,0.08347126703326));
#4895=CARTESIAN_POINT('Ctrl Pts',(0.1755371115439,0.040702556492,0.09771890718843));
#4896=CARTESIAN_POINT('Ctrl Pts',(0.1768685959517,0.01340369428763,0.1050048757435));
#4897=CARTESIAN_POINT('Ctrl Pts',(0.1782000803594,-0.01485007302817,0.1048101059412));
#4898=CARTESIAN_POINT('Ctrl Pts',(0.1795315647672,-0.04204589558898,0.09714847229331));
#4899=CARTESIAN_POINT('Ctrl Pts',(0.1808630491749,-0.06624629287498,0.08256580234059));
#4900=CARTESIAN_POINT('Ctrl Pts',(0.1821945335827,-0.08572718338538,0.0621009911213));
#4901=CARTESIAN_POINT('Ctrl Pts',(0.1835260179905,-0.09910071145229,0.03721198859673));
#4902=CARTESIAN_POINT('Ctrl Pts',(0.1848575023982,-0.1054141207831,0.009671932799974));
#4903=CARTESIAN_POINT('Ctrl Pts',(0.186188986806,-0.1042176307848,-0.01855717165149));
#4904=CARTESIAN_POINT('Ctrl Pts',(0.1875204712137,-0.09559648001581,-0.04546423032366));
#4905=CARTESIAN_POINT('Ctrl Pts',(0.1888519556215,-0.08016485390259,-0.06913233307263));
#4906=CARTESIAN_POINT('Ctrl Pts',(0.1901834400293,-0.05902212929262,-0.08787531838204));
#4907=CARTESIAN_POINT('Ctrl Pts',(0.191514924437,-0.03367455303076,-0.1003578988302));
#4908=CARTESIAN_POINT('Ctrl Pts',(0.1928464088448,-0.005927934293462,-0.1056907897108));
#4909=CARTESIAN_POINT('Ctrl Pts',(0.1941778932525,0.02224100454588,-0.1034940636438));
#4910=CARTESIAN_POINT('Ctrl Pts',(0.1955093776603,0.04882545333321,-0.09392421764599));
#4911=CARTESIAN_POINT('Ctrl Pts',(0.1968408620681,0.07193148317331,-0.07766302431552));
#4912=CARTESIAN_POINT('Ctrl Pts',(0.1981723464758,0.08991297370668,-0.05586896135771));
#4913=CARTESIAN_POINT('Ctrl Pts',(0.1995038308836,0.1014888861366,-0.03009467966667));
#4914=CARTESIAN_POINT('Ctrl Pts',(0.2008353152913,0.1058345272299,-0.00217638966202));
#4915=CARTESIAN_POINT('Ctrl Pts',(0.2021667996991,0.1026403024372,0.02589695381627));
#4916=CARTESIAN_POINT('Ctrl Pts',(0.2034982841069,0.09213377240817,0.05212534855113));
#4917=CARTESIAN_POINT('Ctrl Pts',(0.2048297685146,0.07506344151131,0.07464022916362));
#4918=CARTESIAN_POINT('Ctrl Pts',(0.2061612529224,0.0526454332494,0.09183758763985));
#4919=CARTESIAN_POINT('Ctrl Pts',(0.2074927373301,0.02647685147886,0.1024922463835));
#4920=CARTESIAN_POINT('Ctrl Pts',(0.2088242217379,-0.001578000285998,0.1058451427256));
#4921=CARTESIAN_POINT('Ctrl Pts',(0.2101557061457,-0.02952043554757,0.101657406529));
#4922=CARTESIAN_POINT('Ctrl Pts',(0.2114871905534,-0.05535977536847,0.09022737824524));
#4923=CARTESIAN_POINT('Ctrl Pts',(0.2128186749612,-0.07725516859592,0.07236935497117));
#4924=CARTESIAN_POINT('Ctrl Pts',(0.2141501593689,-0.09364673819828,0.04935557862784));
#4925=CARTESIAN_POINT('Ctrl Pts',(0.2154816437767,-0.1033667105409,0.02282559910507));
#4926=CARTESIAN_POINT('Ctrl Pts',(0.2168131281844,-0.1057226105369,-0.005330530548043));
#4927=CARTESIAN_POINT('Ctrl Pts',(0.2181446125922,-0.1005465954346,-0.03310690535732));
#4928=CARTESIAN_POINT('Ctrl Pts',(0.219476097,-0.08820741327208,-0.05852467378275));
#4929=CARTESIAN_POINT('Ctrl Pts',(0.2208075814077,-0.06958413127639,-0.07977301437467));
#4930=CARTESIAN_POINT('Ctrl Pts',(0.2221390658155,-0.04600351594765,-0.09533814750123));
#4931=CARTESIAN_POINT('Ctrl Pts',(0.2234705502232,-0.01914548805979,-0.1041111639166));
#4932=CARTESIAN_POINT('Ctrl Pts',(0.224802034631,0.009076470445961,-0.1054670894201));
#4933=CARTESIAN_POINT('Ctrl Pts',(0.2261335190387,0.03665196544519,-0.09930917499057));
#4934=CARTESIAN_POINT('Ctrl Pts',(0.2270211753106,0.05329444881021,-0.09048750303347));
#4935=CARTESIAN_POINT('Ctrl Pts',(0.2274650034465,0.06088445668712,-0.08505434751443));
#4936=CARTESIAN_POINT('Ctrl Pts',(0.06245167746703,-0.08817993498292,0.06829338631179));
#4937=CARTESIAN_POINT('Ctrl Pts',(0.06289550560295,-0.09427425841719,0.06042443921878));
#4938=CARTESIAN_POINT('Ctrl Pts',(0.06378316187479,-0.1043430719917,0.04304603935412));
#4939=CARTESIAN_POINT('Ctrl Pts',(0.06511464628255,-0.1120130853346,0.01391110389767));
#4940=CARTESIAN_POINT('Ctrl Pts',(0.06644613069031,-0.1117028516549,-0.01621472345854));
#4941=CARTESIAN_POINT('Ctrl Pts',(0.06777761509807,-0.1034346415319,-0.04518540907822));
#4942=CARTESIAN_POINT('Ctrl Pts',(0.06910909950583,-0.08779746492756,-0.07093694833174));
#4943=CARTESIAN_POINT('Ctrl Pts',(0.07044058391359,-0.06590537142241,-0.09163475092848));
#4944=CARTESIAN_POINT('Ctrl Pts',(0.07177206832135,-0.03931801111491,-0.105804250351));
#4945=CARTESIAN_POINT('Ctrl Pts',(0.07310355272911,-0.009929539506258,-0.1124359797025));
#4946=CARTESIAN_POINT('Ctrl Pts',(0.07443503713687,0.02016633242929,-0.1110574815284));
#4947=CARTESIAN_POINT('Ctrl Pts',(0.07576652154463,0.04882549834839,-0.1017669679368));
#4948=CARTESIAN_POINT('Ctrl Pts',(0.07709800595239,0.07400620841272,-0.08522632253788));
#4949=CARTESIAN_POINT('Ctrl Pts',(0.07842949036015,0.09391452833056,-0.06261394566065));
#4950=CARTESIAN_POINT('Ctrl Pts',(0.07976097476791,0.1071321433165,-0.03554080159054));
#4951=CARTESIAN_POINT('Ctrl Pts',(0.08109245917567,0.1127174017909,-0.005935649091345));
#4952=CARTESIAN_POINT('Ctrl Pts',(0.08242394358343,0.1102724003214,0.02409236833815));
#4953=CARTESIAN_POINT('Ctrl Pts',(0.08375542799119,0.09997133057279,0.05240398302898));
#4954=CARTESIAN_POINT('Ctrl Pts',(0.08508691239895,0.08254806883551,0.07698220960198));
#4955=CARTESIAN_POINT('Ctrl Pts',(0.08641839680671,0.059243892356,0.09607603953623));
#4956=CARTESIAN_POINT('Ctrl Pts',(0.08774988121447,0.0317190473441,0.1083251867377));
#4957=CARTESIAN_POINT('Ctrl Pts',(0.08908136562223,0.001934468812106,0.1128569969884));
#4958=CARTESIAN_POINT('Ctrl Pts',(0.09041285003,-0.02798792116489,0.1093486172814));
#4959=CARTESIAN_POINT('Ctrl Pts',(0.09174433443776,-0.05591638407499,0.0980499960179));
#4960=CARTESIAN_POINT('Ctrl Pts',(0.09307581884552,-0.07986123474049,0.07976607554937));
#4961=CARTESIAN_POINT('Ctrl Pts',(0.09440730325328,-0.09811659070488,0.05579944576812));
#4962=CARTESIAN_POINT('Ctrl Pts',(0.09573878766104,-0.109381902724,0.02785754429052));
#4963=CARTESIAN_POINT('Ctrl Pts',(0.0970702720688,-0.1128546083045,-0.002068985459679));
#4964=CARTESIAN_POINT('Ctrl Pts',(0.09840175647656,-0.1082873075008,-0.03184811220018));
#4965=CARTESIAN_POINT('Ctrl Pts',(0.09973324088432,-0.09600538770198,-0.0593583073374));
#4966=CARTESIAN_POINT('Ctrl Pts',(0.1010647252921,-0.07688384183739,-0.08263968710351));
#4967=CARTESIAN_POINT('Ctrl Pts',(0.1023962096998,-0.05228493157874,-0.100033638611));
#4968=CARTESIAN_POINT('Ctrl Pts',(0.1037276941076,-0.02396113659023,-0.1103009825985));
#4969=CARTESIAN_POINT('Ctrl Pts',(0.1050591785154,0.006069696036244,-0.1127102547471));
#4970=CARTESIAN_POINT('Ctrl Pts',(0.1063906629231,0.03566810752259,-0.1070898162685));
#4971=CARTESIAN_POINT('Ctrl Pts',(0.1077221473309,0.0627254468561,-0.09384008135244));
#4972=CARTESIAN_POINT('Ctrl Pts',(0.1090536317387,0.08531409528096,-0.07390499041438));
#4973=CARTESIAN_POINT('Ctrl Pts',(0.1103851161464,0.101824793548,-0.04870476149493));
#4974=CARTESIAN_POINT('Ctrl Pts',(0.1117166005542,0.1110812884805,-0.02003471077675));
#4975=CARTESIAN_POINT('Ctrl Pts',(0.1130480849619,0.1124241312418,0.01006264952232));
#4976=CARTESIAN_POINT('Ctrl Pts',(0.1143795693697,0.1057576573913,0.03944312386101));
#4977=CARTESIAN_POINT('Ctrl Pts',(0.1157110537775,0.09155680182286,0.06601359007217));
#4978=CARTESIAN_POINT('Ctrl Pts',(0.1170425381852,0.07083326311688,0.08788111736555));
#4979=CARTESIAN_POINT('Ctrl Pts',(0.118374022593,0.04506342786469,0.1034878221956));
#4980=CARTESIAN_POINT('Ctrl Pts',(0.1197055070007,0.01608318980627,0.1117218546276));
#4981=CARTESIAN_POINT('Ctrl Pts',(0.1210369914085,-0.01404284290844,0.1119966083527));
#4982=CARTESIAN_POINT('Ctrl Pts',(0.1223684758163,-0.04316843439747,0.1042925113153));
#4983=CARTESIAN_POINT('Ctrl Pts',(0.123699960224,-0.06921862292749,0.08915841974693));
#4984=CARTESIAN_POINT('Ctrl Pts',(0.1250314446318,-0.09033754498645,0.06767251632841));
#4985=CARTESIAN_POINT('Ctrl Pts',(0.1263629290395,-0.1050206503004,0.04136549819887));
#4986=CARTESIAN_POINT('Ctrl Pts',(0.1276944134473,-0.1122218885735,0.01211152706595));
#4987=CARTESIAN_POINT('Ctrl Pts',(0.1290258978551,-0.1114282317967,-0.01800528965017));
#4988=CARTESIAN_POINT('Ctrl Pts',(0.1303573822628,-0.1026962230498,-0.04683937450152));
#4989=CARTESIAN_POINT('Ctrl Pts',(0.1316888666706,-0.08664794802108,-0.07233653484646));
#4990=CARTESIAN_POINT('Ctrl Pts',(0.1330203510784,-0.06442671627064,-0.09268030718422));
#4991=CARTESIAN_POINT('Ctrl Pts',(0.1343518354861,-0.03761560960576,-0.1064213651686));
#4992=CARTESIAN_POINT('Ctrl Pts',(0.1356833198939,-0.008124700347718,-0.1125807720604));
#4993=CARTESIAN_POINT('Ctrl Pts',(0.1370148043016,0.0219450257264,-0.1107197217498));
#4994=CARTESIAN_POINT('Ctrl Pts',(0.1383462887094,0.05045134738974,-0.1009707998979));
#4995=CARTESIAN_POINT('Ctrl Pts',(0.1396777731172,0.07536342359432,-0.0840285381198));
#4996=CARTESIAN_POINT('Ctrl Pts',(0.1410092575249,0.09490647412228,-0.06109993416563));
#4997=CARTESIAN_POINT('Ctrl Pts',(0.1423407419327,0.107688217967,-0.03381846314452));
#4998=CARTESIAN_POINT('Ctrl Pts',(0.1436722263404,0.1127980617666,-0.004127705794575));
#4999=CARTESIAN_POINT('Ctrl Pts',(0.1450037107482,0.1098719719483,0.02585711566974));
#5000=CARTESIAN_POINT('Ctrl Pts',(0.146335195156,0.09911840899533,0.05399982970397));
#5001=CARTESIAN_POINT('Ctrl Pts',(0.1476666795637,0.08130347624776,0.07829550000642));
#5002=CARTESIAN_POINT('Ctrl Pts',(0.1489981639715,0.05769634127505,0.09701326063106));
#5003=CARTESIAN_POINT('Ctrl Pts',(0.1503296483793,0.02997881810414,0.1088196258294));
#5004=CARTESIAN_POINT('Ctrl Pts',(0.151661132787,0.0001255518261565,0.1128734898251));
#5005=CARTESIAN_POINT('Ctrl Pts',(0.1529926171948,-0.02973665856223,0.1088860485845));
#5006=CARTESIAN_POINT('Ctrl Pts',(0.1543241016025,-0.05748037700189,0.09714137466104));
#5007=CARTESIAN_POINT('Ctrl Pts',(0.1556555860103,-0.0811290925832,0.07847617933339));
#5008=CARTESIAN_POINT('Ctrl Pts',(0.1569870704181,-0.09899802958054,0.05422020382166));
#5009=CARTESIAN_POINT('Ctrl Pts',(0.1583185548258,-0.1098141737674,0.02610148621425));
#5010=CARTESIAN_POINT('Ctrl Pts',(0.1596500392336,-0.1128069641369,-0.003876746949436));
#5011=CARTESIAN_POINT('Ctrl Pts',(0.1609815236413,-0.1077631889989,-0.03357879398951));
#5012=CARTESIAN_POINT('Ctrl Pts',(0.1623130080491,-0.09504217556193,-0.0608886291537));
#5013=CARTESIAN_POINT('Ctrl Pts',(0.1636444924569,-0.07555019086822,-0.08386065194566));
#5014=CARTESIAN_POINT('Ctrl Pts',(0.1649759768646,-0.05067587779919,-0.1008582950776));
#5015=CARTESIAN_POINT('Ctrl Pts',(0.1663074612724,-0.02219132579445,-0.1106706163821));
#5016=CARTESIAN_POINT('Ctrl Pts',(0.1676389456801,0.007874175830646,-0.1125985684752));
#5017=CARTESIAN_POINT('Ctrl Pts',(0.1689704300879,0.03737870794673,-0.1065048001701));
#5018=CARTESIAN_POINT('Ctrl Pts',(0.1703019144957,0.06422031563891,-0.09282344169565));
#5019=CARTESIAN_POINT('Ctrl Pts',(0.1716333989034,0.08648675514624,-0.07252917659701));
#5020=CARTESIAN_POINT('Ctrl Pts',(0.1729648833112,0.1025917254845,-0.04706780367622));
#5021=CARTESIAN_POINT('Ctrl Pts',(0.174296367719,0.1113878793755,-0.01825323584881));
#5022=CARTESIAN_POINT('Ctrl Pts',(0.1756278521267,0.1122485623821,0.01186172611738));
#5023=CARTESIAN_POINT('Ctrl Pts',(0.1769593365345,0.105112457004,0.04113163868937));
#5024=CARTESIAN_POINT('Ctrl Pts',(0.1782908209422,0.09048795119452,0.067471260737));
#5025=CARTESIAN_POINT('Ctrl Pts',(0.17962230535,0.06941692006332,0.08900410983015));
#5026=CARTESIAN_POINT('Ctrl Pts',(0.1809537897578,0.04340050100041,0.1041961462549));
#5027=CARTESIAN_POINT('Ctrl Pts',(0.1822852741655,0.01429215011233,0.1119650608592));
#5028=CARTESIAN_POINT('Ctrl Pts',(0.1836167585733,-0.0158344011989,0.1117573808576));
#5029=CARTESIAN_POINT('Ctrl Pts',(0.184948242981,-0.04483288252253,0.1035879004254));
#5030=CARTESIAN_POINT('Ctrl Pts',(0.1862797273888,-0.07063738860626,0.08803862695421));
#5031=CARTESIAN_POINT('Ctrl Pts',(0.1876112117966,-0.09140955824262,0.06621731801578));
#5032=CARTESIAN_POINT('Ctrl Pts',(0.1889426962043,-0.1056695425844,0.03967856290887));
#5033=CARTESIAN_POINT('Ctrl Pts',(0.1902741806121,-0.1124014324604,0.01031303105601));
#5034=CARTESIAN_POINT('Ctrl Pts',(0.1916056650198,-0.1111256338413,-0.01978722262773));
#5035=CARTESIAN_POINT('Ctrl Pts',(0.1929371494276,-0.101933035272,-0.04847779952182));
#5036=CARTESIAN_POINT('Ctrl Pts',(0.1942686338354,-0.08547853309117,-0.07371472824486));
#5037=CARTESIAN_POINT('Ctrl Pts',(0.1956001182431,-0.06293437568016,-0.09370008107722));
#5038=CARTESIAN_POINT('Ctrl Pts',(0.1969316026509,-0.03590665055122,-0.1070100618725));
#5039=CARTESIAN_POINT('Ctrl Pts',(0.1982630870586,-0.006320863857391,-0.1126964402218));
#5040=CARTESIAN_POINT('Ctrl Pts',(0.1995945714664,0.02371523617277,-0.110354105487));
#5041=CARTESIAN_POINT('Ctrl Pts',(0.2009260558742,0.05206181917958,-0.1001499279955));
#5042=CARTESIAN_POINT('Ctrl Pts',(0.2022575402819,0.07669941832861,-0.08281087123268));
#5043=CARTESIAN_POINT('Ctrl Pts',(0.2035890246897,0.0958728011611,-0.05957220190268));
#5044=CARTESIAN_POINT('Ctrl Pts',(0.2049205090974,0.1082160159932,-0.03208948743151));
#5045=CARTESIAN_POINT('Ctrl Pts',(0.2062519935052,0.1128497052961,-0.002320650343482));
#5046=CARTESIAN_POINT('Ctrl Pts',(0.207583477913,0.1094437532316,0.02761351784454));
#5047=CARTESIAN_POINT('Ctrl Pts',(0.2089149623207,0.09824080417056,0.05558044596988));
#5048=CARTESIAN_POINT('Ctrl Pts',(0.2102464467285,0.08003897664378,0.07958771191983));
#5049=CARTESIAN_POINT('Ctrl Pts',(0.2115779311362,0.05613500416998,0.09792498697278));
#5050=CARTESIAN_POINT('Ctrl Pts',(0.212909415544,0.02823185367537,0.1092858833714));
#5051=CARTESIAN_POINT('Ctrl Pts',(0.2142408999517,-0.001682597087103,0.1128610244335));
#5052=CARTESIAN_POINT('Ctrl Pts',(0.2155723843595,-0.0314771798859,0.1083957066586));
#5053=CARTESIAN_POINT('Ctrl Pts',(0.2169038687673,-0.059029264826,0.09620804581564));
#5054=CARTESIAN_POINT('Ctrl Pts',(0.218235353175,-0.08237598104169,0.07716631419557));
#5055=CARTESIAN_POINT('Ctrl Pts',(0.2195668375828,-0.09985405598927,0.05262708351093));
#5056=CARTESIAN_POINT('Ctrl Pts',(0.2208983219905,-0.1102183108601,0.02433858023117));
#5057=CARTESIAN_POINT('Ctrl Pts',(0.2222298063983,-0.1127303702723,-0.005683861563549));
#5058=CARTESIAN_POINT('Ctrl Pts',(0.2235612908061,-0.107211266118,-0.03530137669271));
#5059=CARTESIAN_POINT('Ctrl Pts',(0.2248927752138,-0.09405418867756,-0.06240394663062));
#5060=CARTESIAN_POINT('Ctrl Pts',(0.2262242596216,-0.07419647362117,-0.0850607207155));
#5061=CARTESIAN_POINT('Ctrl Pts',(0.2275557440293,-0.04905283136946,-0.1016575793419));
#5062=CARTESIAN_POINT('Ctrl Pts',(0.2288872284371,-0.02041453523577,-0.1110121098807));
#5063=CARTESIAN_POINT('Ctrl Pts',(0.2302187128448,0.009678098837538,-0.1124579120917));
#5064=CARTESIAN_POINT('Ctrl Pts',(0.2315501972526,0.03908141895911,-0.1058918240031));
#5065=CARTESIAN_POINT('Ctrl Pts',(0.2324378535244,0.0568270393374,-0.09648541281921));
#5066=CARTESIAN_POINT('Ctrl Pts',(0.2328816816604,0.06492014632736,-0.09069212385011));
#5067=CARTESIAN_POINT('Ctrl Pts',(0.06786835568088,-0.09366154385504,0.07253876971319));
#5068=CARTESIAN_POINT('Ctrl Pts',(0.0683121838168,-0.1001347142165,0.06418065816108));
#5069=CARTESIAN_POINT('Ctrl Pts',(0.06919984008864,-0.1108294445353,0.04572194914334));
#5070=CARTESIAN_POINT('Ctrl Pts',(0.0705313244964,-0.1189762558391,0.01477587240267));
#5071=CARTESIAN_POINT('Ctrl Pts',(0.07186280890416,-0.1186467368232,-0.01722269394509));
#5072=CARTESIAN_POINT('Ctrl Pts',(0.07319429331192,-0.1098645424931,-0.04799431043817));
#5073=CARTESIAN_POINT('Ctrl Pts',(0.07452577771968,-0.09325529796848,-0.07534666586455));
#5074=CARTESIAN_POINT('Ctrl Pts',(0.07585726212744,-0.0700023064993,-0.09733112464185));
#5075=CARTESIAN_POINT('Ctrl Pts',(0.0771887465352,-0.0417621721205,-0.1123814554436));
#5076=CARTESIAN_POINT('Ctrl Pts',(0.07852023094296,-0.01054679843102,-0.1194254389712));
#5077=CARTESIAN_POINT('Ctrl Pts',(0.07985171535072,0.02141995035024,-0.1179612479711));
#5078=CARTESIAN_POINT('Ctrl Pts',(0.08118319975848,0.05186068186246,-0.1080931997994));
#5079=CARTESIAN_POINT('Ctrl Pts',(0.08251468416624,0.07860672312965,-0.09052432333423));
#5080=CARTESIAN_POINT('Ctrl Pts',(0.083846168574,0.09975262190386,-0.06650627286772));
#5081=CARTESIAN_POINT('Ctrl Pts',(0.08517765298176,0.1137918954178,-0.03775015651191));
#5082=CARTESIAN_POINT('Ctrl Pts',(0.08650913738952,0.1197243553549,-0.006304632202154));
#5083=CARTESIAN_POINT('Ctrl Pts',(0.08784062179728,0.1171273630527,0.02559004397216));
#5084=CARTESIAN_POINT('Ctrl Pts',(0.08917210620504,0.1061859386095,0.05566161911548));
#5085=CARTESIAN_POINT('Ctrl Pts',(0.0905035906128,0.0876795789301,0.08176772416638));
#5086=CARTESIAN_POINT('Ctrl Pts',(0.09183507502056,0.06292672389835,0.1020485010812));
#5087=CARTESIAN_POINT('Ctrl Pts',(0.09316655942833,0.03369082710749,0.1150591030737));
#5088=CARTESIAN_POINT('Ctrl Pts',(0.09449804383609,0.002054722942543,0.1198726283346));
#5089=CARTESIAN_POINT('Ctrl Pts',(0.09582952824385,-0.02972775956463,0.1161461540539));
#5090=CARTESIAN_POINT('Ctrl Pts',(0.09716101265161,-0.05939236471731,0.1041451664009));
#5091=CARTESIAN_POINT('Ctrl Pts',(0.09849249705937,-0.08482572074262,0.08472464608483));
#5092=CARTESIAN_POINT('Ctrl Pts',(0.09982398146713,-0.1042159008735,0.05926815706895));
#5093=CARTESIAN_POINT('Ctrl Pts',(0.1011554658749,-0.1161815086495,0.02958927795497));
#5094=CARTESIAN_POINT('Ctrl Pts',(0.1024869502827,-0.1198700911607,-0.002197601669865));
#5095=CARTESIAN_POINT('Ctrl Pts',(0.1038184346904,-0.1150188691157,-0.03382791513869));
#5096=CARTESIAN_POINT('Ctrl Pts',(0.1051499190982,-0.1019734572532,-0.06304825136148));
#5097=CARTESIAN_POINT('Ctrl Pts',(0.1064814035059,-0.08166324147768,-0.08777689254716));
#5098=CARTESIAN_POINT('Ctrl Pts',(0.1078128879137,-0.05553516696251,-0.1062521199585));
#5099=CARTESIAN_POINT('Ctrl Pts',(0.1091443723215,-0.02545065434668,-0.1171577221156));
#5100=CARTESIAN_POINT('Ctrl Pts',(0.1104758567292,0.006447012028252,-0.1197167640229));
#5101=CARTESIAN_POINT('Ctrl Pts',(0.111807341137,0.03788537627749,-0.1137469371553));
#5102=CARTESIAN_POINT('Ctrl Pts',(0.1131388255447,0.0666247054126,-0.09967354701105));
#5103=CARTESIAN_POINT('Ctrl Pts',(0.1144703099525,0.09061755237355,-0.07849921302554));
#5104=CARTESIAN_POINT('Ctrl Pts',(0.1158017943603,0.1081546200763,-0.05173243953503));
#5105=CARTESIAN_POINT('Ctrl Pts',(0.117133278768,0.1179865348564,-0.02128014658213));
#5106=CARTESIAN_POINT('Ctrl Pts',(0.1184647631758,0.1194128539639,0.01068818308513));
#5107=CARTESIAN_POINT('Ctrl Pts',(0.1197962475835,0.1123319660837,0.04189506236314));
#5108=CARTESIAN_POINT('Ctrl Pts',(0.1211277319913,0.09724832991564,0.07011725244264));
#5109=CARTESIAN_POINT('Ctrl Pts',(0.1224592163991,0.07523653517211,0.09334415056846));
#5110=CARTESIAN_POINT('Ctrl Pts',(0.1237907008068,0.04786474639638,0.1099210290744));
#5111=CARTESIAN_POINT('Ctrl Pts',(0.1251221852146,0.01708298364771,0.1186669210949));
#5112=CARTESIAN_POINT('Ctrl Pts',(0.1264536696224,-0.01491580082445,0.1189587545838));
#5113=CARTESIAN_POINT('Ctrl Pts',(0.1277851540301,-0.04585195274021,0.11077574081));
#5114=CARTESIAN_POINT('Ctrl Pts',(0.1291166384379,-0.07352152264757,0.09470085505041));
#5115=CARTESIAN_POINT('Ctrl Pts',(0.1304481228456,-0.09595327931625,0.07187930402877));
#5116=CARTESIAN_POINT('Ctrl Pts',(0.1317796072534,-0.1115491437559,0.04393693899173));
#5117=CARTESIAN_POINT('Ctrl Pts',(0.1331110916612,-0.1191980391021,0.01286442685242));
#5118=CARTESIAN_POINT('Ctrl Pts',(0.1344425760689,-0.118355045523,-0.01912456871871));
#5119=CARTESIAN_POINT('Ctrl Pts',(0.1357740604767,-0.1090802210365,-0.04975109280661));
#5120=CARTESIAN_POINT('Ctrl Pts',(0.1371055448844,-0.09203432260522,-0.07683325613877));
#5121=CARTESIAN_POINT('Ctrl Pts',(0.1384370292922,-0.06843173237299,-0.09844167675463));
#5122=CARTESIAN_POINT('Ctrl Pts',(0.1397685137,-0.03995394269009,-0.1130369325265));
#5123=CARTESIAN_POINT('Ctrl Pts',(0.1410999981077,-0.008629763427182,-0.1195792321872));
#5124=CARTESIAN_POINT('Ctrl Pts',(0.1424314825155,0.02330921416387,-0.1176024917266));
#5125=CARTESIAN_POINT('Ctrl Pts',(0.1437629669233,0.05358760002494,-0.1072475388482));
#5126=CARTESIAN_POINT('Ctrl Pts',(0.145094451331,0.08004830810334,-0.08925207996248));
#5127=CARTESIAN_POINT('Ctrl Pts',(0.1464259357388,0.100806230917,-0.06489814450989));
#5128=CARTESIAN_POINT('Ctrl Pts',(0.1477574201465,0.1143825378386,-0.03592075078683));
#5129=CARTESIAN_POINT('Ctrl Pts',(0.1490889045543,0.1198100294694,-0.004384300094737));
#5130=CARTESIAN_POINT('Ctrl Pts',(0.1504203889621,0.1167020424892,0.02746449488463));
#5131=CARTESIAN_POINT('Ctrl Pts',(0.1517518733698,0.1052799960984,0.05735666984743));
#5132=CARTESIAN_POINT('Ctrl Pts',(0.1530833577776,0.08635761761019,0.08316265382735));
#5133=CARTESIAN_POINT('Ctrl Pts',(0.1544148421853,0.06128297100304,0.1030439834967));
#5134=CARTESIAN_POINT('Ctrl Pts',(0.1557463265931,0.03184241842691,0.1155842784289));
#5135=CARTESIAN_POINT('Ctrl Pts',(0.1570778110009,0.0001333566176265,0.1198901464304));
#5136=CARTESIAN_POINT('Ctrl Pts',(0.1584092954086,-0.03158520530285,0.1156548302817));
#5137=CARTESIAN_POINT('Ctrl Pts',(0.1597407798164,-0.06105358154788,0.1031800615947));
#5138=CARTESIAN_POINT('Ctrl Pts',(0.1610722642242,-0.08617239357652,0.08335456488637));
#5139=CARTESIAN_POINT('Ctrl Pts',(0.1624037486319,-0.1051521334294,0.05759074328027));
#5140=CARTESIAN_POINT('Ctrl Pts',(0.1637352330397,-0.1166406513478,0.02772405645583));
#5141=CARTESIAN_POINT('Ctrl Pts',(0.1650667174474,-0.1198194852458,-0.004117740668436));
#5142=CARTESIAN_POINT('Ctrl Pts',(0.1663982018552,-0.1144621693624,-0.03566618286186));
#5143=CARTESIAN_POINT('Ctrl Pts',(0.167729686263,-0.1009503680877,-0.06467370395382));
#5144=CARTESIAN_POINT('Ctrl Pts',(0.1690611706707,-0.08024668555983,-0.0890737573286));
#5145=CARTESIAN_POINT('Ctrl Pts',(0.1703926550785,-0.05382608812085,-0.1071280402893));
#5146=CARTESIAN_POINT('Ctrl Pts',(0.1717241394862,-0.02357082520531,-0.1175503337777));
#5147=CARTESIAN_POINT('Ctrl Pts',(0.173055623894,0.008363665328477,-0.1195981348966));
#5148=CARTESIAN_POINT('Ctrl Pts',(0.1743871083018,0.03970231429945,-0.1131255541732));
#5149=CARTESIAN_POINT('Ctrl Pts',(0.1757185927095,0.06821250107253,-0.09859370906586));
#5150=CARTESIAN_POINT('Ctrl Pts',(0.1770500771173,0.09186310935223,-0.07703787325231));
#5151=CARTESIAN_POINT('Ctrl Pts',(0.178381561525,0.1089692274948,-0.04999372203024));
#5152=CARTESIAN_POINT('Ctrl Pts',(0.1797130459328,0.1183121846377,-0.01938792822064));
#5153=CARTESIAN_POINT('Ctrl Pts',(0.1810445303406,0.1192263710588,0.01259909730206));
#5154=CARTESIAN_POINT('Ctrl Pts',(0.1823760147483,0.1116466575225,0.0436885418625));
#5155=CARTESIAN_POINT('Ctrl Pts',(0.1837074991561,0.09611303536116,0.07166553760441));
#5156=CARTESIAN_POINT('Ctrl Pts',(0.1850389835638,0.0737321467072,0.09453695262703));
#5157=CARTESIAN_POINT('Ctrl Pts',(0.1863704679716,0.04609844550881,0.1106733853214));
#5158=CARTESIAN_POINT('Ctrl Pts',(0.1877019523794,0.01518060593704,0.1189252459749));
#5159=CARTESIAN_POINT('Ctrl Pts',(0.1890334367871,-0.01681872936962,0.118704655774));
#5160=CARTESIAN_POINT('Ctrl Pts',(0.1903649211949,-0.04761986945607,0.1100273285575));
#5161=CARTESIAN_POINT('Ctrl Pts',(0.1916964056026,-0.07502848433753,0.09351145156782));
#5162=CARTESIAN_POINT('Ctrl Pts',(0.1930278900104,-0.09709193309984,0.07033364491025));
#5163=CARTESIAN_POINT('Ctrl Pts',(0.1943593744182,-0.1122383737165,0.042145137221));
#5164=CARTESIAN_POINT('Ctrl Pts',(0.1956908588259,-0.1193887441378,0.01095412931205));
#5165=CARTESIAN_POINT('Ctrl Pts',(0.1970223432337,-0.1180336368978,-0.02101727360397));
#5166=CARTESIAN_POINT('Ctrl Pts',(0.1983538276414,-0.1082695905283,-0.05149136871997));
#5167=CARTESIAN_POINT('Ctrl Pts',(0.1996853120492,-0.09079221227974,-0.07829712341708));
#5168=CARTESIAN_POINT('Ctrl Pts',(0.201016796457,-0.06684662206769,-0.09952484377238));
#5169=CARTESIAN_POINT('Ctrl Pts',(0.2023482808647,-0.03813874807168,-0.1136622249148));
#5170=CARTESIAN_POINT('Ctrl Pts',(0.2036797652725,-0.006713793421323,-0.1197020907328));
#5171=CARTESIAN_POINT('Ctrl Pts',(0.2050112496802,0.02518946779966,-0.1172141473302));
#5172=CARTESIAN_POINT('Ctrl Pts',(0.206342734088,0.05529818502594,-0.106375638345));
#5173=CARTESIAN_POINT('Ctrl Pts',(0.2076742184958,0.0814673534839,-0.08795871814984));
#5174=CARTESIAN_POINT('Ctrl Pts',(0.2090057029035,0.1018326286155,-0.06327544244765));
#5175=CARTESIAN_POINT('Ctrl Pts',(0.2103371873113,0.1149431458498,-0.03408429519634));
#5176=CARTESIAN_POINT('Ctrl Pts',(0.211668671719,0.1198648833623,-0.002464911024948));
#5177=CARTESIAN_POINT('Ctrl Pts',(0.2130001561268,0.116247204026,0.02933008187281));
#5178=CARTESIAN_POINT('Ctrl Pts',(0.2143316405346,0.1043478359329,0.05903554338863));
#5179=CARTESIAN_POINT('Ctrl Pts',(0.2156631249423,0.08501451177624,0.08453519467603));
#5180=CARTESIAN_POINT('Ctrl Pts',(0.2169946093501,0.05962457509056,0.1040123863057));
#5181=CARTESIAN_POINT('Ctrl Pts',(0.2183260937578,0.02998685587189,0.1160795203592));
#5182=CARTESIAN_POINT('Ctrl Pts',(0.2196575781656,-0.001787193888206,0.1198769061414));
#5183=CARTESIAN_POINT('Ctrl Pts',(0.2209890625734,-0.03343392422422,0.1151340067881));
#5184=CARTESIAN_POINT('Ctrl Pts',(0.2223205469811,-0.06269875428351,0.102188713386));
#5185=CARTESIAN_POINT('Ctrl Pts',(0.2236520313889,-0.08749679348746,0.08196327341996));
#5186=CARTESIAN_POINT('Ctrl Pts',(0.2249835157966,-0.1060613737803,0.05589858839402));
#5187=CARTESIAN_POINT('Ctrl Pts',(0.2263150002044,-0.1170699111794,0.02585156135727));
#5188=CARTESIAN_POINT('Ctrl Pts',(0.2276464846121,-0.1197381300077,-0.006037192579051));
#5189=CARTESIAN_POINT('Ctrl Pts',(0.2289779690199,-0.1138759368014,-0.0374958480281));
#5190=CARTESIAN_POINT('Ctrl Pts',(0.2303094534277,-0.09990096408304,-0.06628321947848));
#5191=CARTESIAN_POINT('Ctrl Pts',(0.2316409378354,-0.07880881596595,-0.09034842705632));
#5192=CARTESIAN_POINT('Ctrl Pts',(0.2329724222432,-0.05210214679127,-0.1079770111826));
#5193=CARTESIAN_POINT('Ctrl Pts',(0.2343039066509,-0.02168358241176,-0.1179130558447));
#5194=CARTESIAN_POINT('Ctrl Pts',(0.2356353910587,0.01027972722911,-0.1194487347634));
#5195=CARTESIAN_POINT('Ctrl Pts',(0.2369668754665,0.04151087247302,-0.1124744730156));
#5196=CARTESIAN_POINT('Ctrl Pts',(0.2378545317383,0.06035962986457,-0.1024833226049));
#5197=CARTESIAN_POINT('Ctrl Pts',(0.2382983598742,0.0689558359676,-0.09632990018578));
#5198=CARTESIAN_POINT('Ctrl Pts',(0.07328503389473,-0.09914315272716,0.0767841531146));
#5199=CARTESIAN_POINT('Ctrl Pts',(0.07372886203065,-0.1059951700158,0.06793687710339));
#5200=CARTESIAN_POINT('Ctrl Pts',(0.07461651830249,-0.117315817079,0.04839785893255));
#5201=CARTESIAN_POINT('Ctrl Pts',(0.07594800271025,-0.1259394263436,0.01564064090767));
#5202=CARTESIAN_POINT('Ctrl Pts',(0.07727948711801,-0.1255906219916,-0.01823066443165));
#5203=CARTESIAN_POINT('Ctrl Pts',(0.07861097152577,-0.1162944434543,-0.05080321179811));
#5204=CARTESIAN_POINT('Ctrl Pts',(0.07994245593353,-0.0987131310094,-0.07975638339736));
#5205=CARTESIAN_POINT('Ctrl Pts',(0.08127394034129,-0.07409924157619,-0.1030274983552));
#5206=CARTESIAN_POINT('Ctrl Pts',(0.08260542474905,-0.0442063331261,-0.1189586605362));
#5207=CARTESIAN_POINT('Ctrl Pts',(0.08393690915681,-0.01116405735579,-0.1264148982399));
#5208=CARTESIAN_POINT('Ctrl Pts',(0.08526839356457,0.02267356827118,-0.1248650144139));
#5209=CARTESIAN_POINT('Ctrl Pts',(0.08659987797233,0.05489586537653,-0.114419431662));
#5210=CARTESIAN_POINT('Ctrl Pts',(0.08793136238009,0.08320723784658,-0.09582232413057));
#5211=CARTESIAN_POINT('Ctrl Pts',(0.08926284678785,0.1055907154772,-0.07039860007479));
#5212=CARTESIAN_POINT('Ctrl Pts',(0.09059433119561,0.1204516475191,-0.03995951143328));
#5213=CARTESIAN_POINT('Ctrl Pts',(0.09192581560337,0.1267313089189,-0.006673615312963));
#5214=CARTESIAN_POINT('Ctrl Pts',(0.09325730001113,0.1239823257839,0.02708771960617));
#5215=CARTESIAN_POINT('Ctrl Pts',(0.09458878441889,0.1124005466463,0.05891925520199));
#5216=CARTESIAN_POINT('Ctrl Pts',(0.09592026882666,0.09281108902469,0.08655323873079));
#5217=CARTESIAN_POINT('Ctrl Pts',(0.09725175323442,0.0666095554407,0.1080209626261));
#5218=CARTESIAN_POINT('Ctrl Pts',(0.09858323764218,0.03566260687088,0.1217930194098));
#5219=CARTESIAN_POINT('Ctrl Pts',(0.09991472204994,0.002174977072979,0.1268882596808));
#5220=CARTESIAN_POINT('Ctrl Pts',(0.1012462064577,-0.03146759796436,0.1229436908264));
#5221=CARTESIAN_POINT('Ctrl Pts',(0.1025776908655,-0.06286834535964,0.1102403367839));
#5222=CARTESIAN_POINT('Ctrl Pts',(0.1039091752732,-0.08979020674476,0.0896832166203));
#5223=CARTESIAN_POINT('Ctrl Pts',(0.105240659681,-0.1103152110421,0.06273686836978));
#5224=CARTESIAN_POINT('Ctrl Pts',(0.1065721440887,-0.122981114575,0.03132101161941));
#5225=CARTESIAN_POINT('Ctrl Pts',(0.1079036284965,-0.126885574017,-0.002326217880053));
#5226=CARTESIAN_POINT('Ctrl Pts',(0.1092351129043,-0.1217504307306,-0.0358077180772));
#5227=CARTESIAN_POINT('Ctrl Pts',(0.110566597312,-0.1079415268044,-0.06673819538557));
#5228=CARTESIAN_POINT('Ctrl Pts',(0.1118980817198,-0.08644264111797,-0.09291409799082));
#5229=CARTESIAN_POINT('Ctrl Pts',(0.1132295661275,-0.05878540234628,-0.1124706013061));
#5230=CARTESIAN_POINT('Ctrl Pts',(0.1145610505353,-0.02694017210312,-0.1240144616328));
#5231=CARTESIAN_POINT('Ctrl Pts',(0.1158925349431,0.006824328020261,-0.1267232732987));
#5232=CARTESIAN_POINT('Ctrl Pts',(0.1172240193508,0.0401026450324,-0.1204040580421));
#5233=CARTESIAN_POINT('Ctrl Pts',(0.1185555037586,0.0705239639691,-0.1055070126697));
#5234=CARTESIAN_POINT('Ctrl Pts',(0.1198869881664,0.09592100946613,-0.0830934356367));
#5235=CARTESIAN_POINT('Ctrl Pts',(0.1212184725741,0.1144844466045,-0.05476011757512));
#5236=CARTESIAN_POINT('Ctrl Pts',(0.1225499569819,0.1248917812322,-0.02252558238752));
#5237=CARTESIAN_POINT('Ctrl Pts',(0.1238814413896,0.1264015766861,0.01131371664795));
#5238=CARTESIAN_POINT('Ctrl Pts',(0.1252129257974,0.1189062747761,0.04434700086528));
#5239=CARTESIAN_POINT('Ctrl Pts',(0.1265444102052,0.1029398580084,0.07422091481311));
#5240=CARTESIAN_POINT('Ctrl Pts',(0.1278758946129,0.07963980722734,0.09880718377138));
#5241=CARTESIAN_POINT('Ctrl Pts',(0.1292073790207,0.05066606492807,0.1163542359532));
#5242=CARTESIAN_POINT('Ctrl Pts',(0.1305388634284,0.01808277748914,0.1256119875622));
#5243=CARTESIAN_POINT('Ctrl Pts',(0.1318703478362,-0.01578875874046,0.1259209008148));
#5244=CARTESIAN_POINT('Ctrl Pts',(0.133201832244,-0.04853547108296,0.1172589703047));
#5245=CARTESIAN_POINT('Ctrl Pts',(0.1345333166517,-0.07782442236766,0.1002432903539));
#5246=CARTESIAN_POINT('Ctrl Pts',(0.1358648010595,-0.101569013646,0.07608609172913));
#5247=CARTESIAN_POINT('Ctrl Pts',(0.1371962854673,-0.1180776372114,0.04650837978459));
#5248=CARTESIAN_POINT('Ctrl Pts',(0.138527769875,-0.1261741896308,0.01361732663889));
#5249=CARTESIAN_POINT('Ctrl Pts',(0.1398592542828,-0.1252818592492,-0.02024384778725));
#5250=CARTESIAN_POINT('Ctrl Pts',(0.1411907386905,-0.1154642190233,-0.05266281111171));
#5251=CARTESIAN_POINT('Ctrl Pts',(0.1425222230983,-0.09742069718937,-0.08132997743109));
#5252=CARTESIAN_POINT('Ctrl Pts',(0.1438537075061,-0.07243674847534,-0.104203046325));
#5253=CARTESIAN_POINT('Ctrl Pts',(0.1451851919138,-0.04229227577443,-0.1196524998844));
#5254=CARTESIAN_POINT('Ctrl Pts',(0.1465166763216,-0.009134826506645,-0.1265776923139));
#5255=CARTESIAN_POINT('Ctrl Pts',(0.1478481607293,0.02467340260134,-0.1244852617035));
#5256=CARTESIAN_POINT('Ctrl Pts',(0.1491796451371,0.05672385266014,-0.1135242777985));
#5257=CARTESIAN_POINT('Ctrl Pts',(0.1505111295449,0.08473319261236,-0.09447562180517));
#5258=CARTESIAN_POINT('Ctrl Pts',(0.1518426139526,0.1067059877116,-0.06869635485416));
#5259=CARTESIAN_POINT('Ctrl Pts',(0.1531740983604,0.1210768577101,-0.03802303842914));
#5260=CARTESIAN_POINT('Ctrl Pts',(0.1545055827682,0.1268219971722,-0.004640894394896));
#5261=CARTESIAN_POINT('Ctrl Pts',(0.1558370671759,0.1235321130302,0.02907187409953));
#5262=CARTESIAN_POINT('Ctrl Pts',(0.1571685515837,0.1114415832014,0.06071350999089));
#5263=CARTESIAN_POINT('Ctrl Pts',(0.1585000359914,0.09141175897263,0.0880298076483));
#5264=CARTESIAN_POINT('Ctrl Pts',(0.1598315203992,0.06486960073104,0.1090747063623));
#5265=CARTESIAN_POINT('Ctrl Pts',(0.161163004807,0.03370601874967,0.1223489310284));
#5266=CARTESIAN_POINT('Ctrl Pts',(0.1624944892147,0.0001411614090937,0.1269068030357));
#5267=CARTESIAN_POINT('Ctrl Pts',(0.1638259736225,-0.03343375204349,0.1224236119789));
#5268=CARTESIAN_POINT('Ctrl Pts',(0.1651574580302,-0.06462678609387,0.1092187485284));
#5269=CARTESIAN_POINT('Ctrl Pts',(0.166488942438,-0.09121569456986,0.08823295043936));
#5270=CARTESIAN_POINT('Ctrl Pts',(0.1678204268458,-0.1113062372783,0.06096128273887));
#5271=CARTESIAN_POINT('Ctrl Pts',(0.1691519112535,-0.1234671289283,0.02934662669741));
#5272=CARTESIAN_POINT('Ctrl Pts',(0.1704833956613,-0.1268320063548,-0.00435873438744));
#5273=CARTESIAN_POINT('Ctrl Pts',(0.171814880069,-0.1211611497259,-0.03775357173421));
#5274=CARTESIAN_POINT('Ctrl Pts',(0.1731463644768,-0.1068585606134,-0.06845877875394));
#5275=CARTESIAN_POINT('Ctrl Pts',(0.1744778488846,-0.08494318025144,-0.09428686271155));
#5276=CARTESIAN_POINT('Ctrl Pts',(0.1758093332923,-0.05697629844251,-0.113397785501));
#5277=CARTESIAN_POINT('Ctrl Pts',(0.1771408177001,-0.02495032461618,-0.1244300511733));
#5278=CARTESIAN_POINT('Ctrl Pts',(0.1784723021079,0.008853154826313,-0.1265977013179));
#5279=CARTESIAN_POINT('Ctrl Pts',(0.1798037865156,0.04202592065217,-0.1197463081764));
#5280=CARTESIAN_POINT('Ctrl Pts',(0.1811352709234,0.07220468650615,-0.1043639764361));
#5281=CARTESIAN_POINT('Ctrl Pts',(0.1824667553311,0.09723946355824,-0.08154656990761));
#5282=CARTESIAN_POINT('Ctrl Pts',(0.1837982397389,0.1153467295052,-0.05291964038427));
#5283=CARTESIAN_POINT('Ctrl Pts',(0.1851297241467,0.1252364899001,-0.02052262059247));
#5284=CARTESIAN_POINT('Ctrl Pts',(0.1864612085544,0.1262041797356,0.01333646848675));
#5285=CARTESIAN_POINT('Ctrl Pts',(0.1877926929622,0.118180858041,0.04624544503564));
#5286=CARTESIAN_POINT('Ctrl Pts',(0.1891241773699,0.1017381195278,0.07585981447183));
#5287=CARTESIAN_POINT('Ctrl Pts',(0.1904556617777,0.07804737335109,0.1000697954239));
#5288=CARTESIAN_POINT('Ctrl Pts',(0.1917871461855,0.04879639001721,0.1171506243879));
#5289=CARTESIAN_POINT('Ctrl Pts',(0.1931186305932,0.01606906176174,0.1258854310906));
#5290=CARTESIAN_POINT('Ctrl Pts',(0.194450115001,-0.01780305754035,0.1256519306904));
#5291=CARTESIAN_POINT('Ctrl Pts',(0.1957815994087,-0.05040685638962,0.1164667566896));
#5292=CARTESIAN_POINT('Ctrl Pts',(0.1971130838165,-0.0794195800688,0.09898427618144));
#5293=CARTESIAN_POINT('Ctrl Pts',(0.1984445682243,-0.1027743079571,0.07444997180473));
#5294=CARTESIAN_POINT('Ctrl Pts',(0.199776052632,-0.1188072048486,0.04461171153313));
#5295=CARTESIAN_POINT('Ctrl Pts',(0.2011075370398,-0.1263760558151,0.01159522756809));
#5296=CARTESIAN_POINT('Ctrl Pts',(0.2024390214475,-0.1249416399543,-0.02224732458022));
#5297=CARTESIAN_POINT('Ctrl Pts',(0.2037705058553,-0.1146061457845,-0.05450493791813));
#5298=CARTESIAN_POINT('Ctrl Pts',(0.2051019902631,-0.09610589146832,-0.08287951858931));
#5299=CARTESIAN_POINT('Ctrl Pts',(0.2064334746708,-0.07075886845523,-0.1053496064676));
#5300=CARTESIAN_POINT('Ctrl Pts',(0.2077649590786,-0.04037084559215,-0.1203143879571));
#5301=CARTESIAN_POINT('Ctrl Pts',(0.2090964434863,-0.007106722985252,-0.1267077412439));
#5302=CARTESIAN_POINT('Ctrl Pts',(0.2104279278941,0.02666369942655,-0.1240741891734));
#5303=CARTESIAN_POINT('Ctrl Pts',(0.2117594123019,0.05853455087232,-0.1126013486945));
#5304=CARTESIAN_POINT('Ctrl Pts',(0.2130908967096,0.0862352886392,-0.093106565067));
#5305=CARTESIAN_POINT('Ctrl Pts',(0.2144223811174,0.1077924560699,-0.06697868299262));
#5306=CARTESIAN_POINT('Ctrl Pts',(0.2157538655251,0.1216702757063,-0.03607910296118));
#5307=CARTESIAN_POINT('Ctrl Pts',(0.2170853499329,0.1268800614284,-0.00260917170641));
#5308=CARTESIAN_POINT('Ctrl Pts',(0.2184168343407,0.1230506548205,0.03104664590108));
#5309=CARTESIAN_POINT('Ctrl Pts',(0.2197483187484,0.1104548676953,0.06249064080738));
#5310=CARTESIAN_POINT('Ctrl Pts',(0.2210798031562,0.08999004690871,0.08948267743224));
#5311=CARTESIAN_POINT('Ctrl Pts',(0.2224112875639,0.06311414601113,0.1100997856386));
#5312=CARTESIAN_POINT('Ctrl Pts',(0.2237427719717,0.0317418580684,0.1228731573471));
#5313=CARTESIAN_POINT('Ctrl Pts',(0.2250742563795,-0.001891790689311,0.1268927878493));
#5314=CARTESIAN_POINT('Ctrl Pts',(0.2264057407872,-0.03539066856255,0.1218723069177));
#5315=CARTESIAN_POINT('Ctrl Pts',(0.227737225195,-0.06636824374104,0.1081693809564));
#5316=CARTESIAN_POINT('Ctrl Pts',(0.2290687096027,-0.09261760593323,0.08676023264437));
#5317=CARTESIAN_POINT('Ctrl Pts',(0.2304001940105,-0.1122686915713,0.05917009327712));
#5318=CARTESIAN_POINT('Ctrl Pts',(0.2317316784182,-0.1239215114987,0.02736454248337));
#5319=CARTESIAN_POINT('Ctrl Pts',(0.233063162826,-0.1267458897431,-0.006390523594556));
#5320=CARTESIAN_POINT('Ctrl Pts',(0.2343946472338,-0.1205406074847,-0.03969031936349));
#5321=CARTESIAN_POINT('Ctrl Pts',(0.2357261316415,-0.1057477394885,-0.07016249232635));
#5322=CARTESIAN_POINT('Ctrl Pts',(0.2370576160493,-0.08342115831073,-0.09563613339715));
#5323=CARTESIAN_POINT('Ctrl Pts',(0.238389100457,-0.05515146221308,-0.1142964430232));
#5324=CARTESIAN_POINT('Ctrl Pts',(0.2397205848648,-0.02295262958775,-0.1248140018088));
#5325=CARTESIAN_POINT('Ctrl Pts',(0.2410520692725,0.01088135562069,-0.126439557435));
#5326=CARTESIAN_POINT('Ctrl Pts',(0.2423835536803,0.04394032598694,-0.1190571220282));
#5327=CARTESIAN_POINT('Ctrl Pts',(0.2432712099521,0.06389222039176,-0.1084812323907));
#5328=CARTESIAN_POINT('Ctrl Pts',(0.2437150380881,0.07299152560783,-0.1019676765215));
#5329=CARTESIAN_POINT('Origin',(-0.0866000000000101,-0.0165954065595752,
0.15874408733345));
#5330=CARTESIAN_POINT('',(-0.0842655463614225,-0.0777489074075448,0.134665057862838));
#5331=CARTESIAN_POINT('Origin',(-0.122145903199066,-0.0821726321158651,
0.142327173816358));
#5332=CARTESIAN_POINT('Origin',(-0.122089876311723,-0.0822893165063492,
0.142529277109127));
#5333=CARTESIAN_POINT('Ctrl Pts',(-0.347767301402,0.2165227223112,0.0843275776449));
#5334=CARTESIAN_POINT('Ctrl Pts',(-0.3477078448195,0.2208903633791,0.0843275776449));
#5335=CARTESIAN_POINT('Ctrl Pts',(-0.3476483882369,0.2252580044469,0.0843275776449));
#5336=CARTESIAN_POINT('Ctrl Pts',(-0.3475889316544,0.2296256455148,0.0843275776449));
#5337=CARTESIAN_POINT('Ctrl Pts',(-0.3478682407305,0.2165241474824,0.08432496368517));
#5338=CARTESIAN_POINT('Ctrl Pts',(-0.3478540110487,0.2208923987686,0.08432496368517));
#5339=CARTESIAN_POINT('Ctrl Pts',(-0.3478397813669,0.2252606500548,0.08432496368517));
#5340=CARTESIAN_POINT('Ctrl Pts',(-0.3478255516852,0.2296289013411,0.08432496368517));
#5341=CARTESIAN_POINT('Ctrl Pts',(-0.3486002030739,0.2165228894023,0.08430601193623));
#5342=CARTESIAN_POINT('Ctrl Pts',(-0.3489139516833,0.2208904881272,0.08430601193623));
#5343=CARTESIAN_POINT('Ctrl Pts',(-0.3492277002926,0.2252580868521,0.08430601193623));
#5344=CARTESIAN_POINT('Ctrl Pts',(-0.349541448902,0.229625685577,0.08430601193623));
#5345=CARTESIAN_POINT('Ctrl Pts',(-0.3499602736258,0.2163650945634,0.08427072239809));
#5346=CARTESIAN_POINT('Ctrl Pts',(-0.3508835919489,0.2206630198083,0.08427072239809));
#5347=CARTESIAN_POINT('Ctrl Pts',(-0.3518069102719,0.2249609450532,0.08427072239809));
#5348=CARTESIAN_POINT('Ctrl Pts',(-0.3527302285949,0.2292588702981,0.08427072239809));
#5349=CARTESIAN_POINT('Ctrl Pts',(-0.3517724372956,0.2157890857612,0.0842217090305));
#5350=CARTESIAN_POINT('Ctrl Pts',(-0.3535074872654,0.2198275075783,0.0842217090305));
#5351=CARTESIAN_POINT('Ctrl Pts',(-0.3552425372352,0.2238659293953,0.0842217090305));
#5352=CARTESIAN_POINT('Ctrl Pts',(-0.356977587205,0.2279043512124,0.0842217090305));
#5353=CARTESIAN_POINT('Ctrl Pts',(-0.3534377507887,0.2148710052801,0.0841726956629));
#5354=CARTESIAN_POINT('Ctrl Pts',(-0.3559197675445,0.218499277558,0.0841726956629));
#5355=CARTESIAN_POINT('Ctrl Pts',(-0.3584017843002,0.2221275498359,0.0841726956629));
#5356=CARTESIAN_POINT('Ctrl Pts',(-0.3608838010559,0.2257558221138,0.0841726956629));
#5357=CARTESIAN_POINT('Ctrl Pts',(-0.3548970279937,0.2136516593264,0.0841236822953));
#5358=CARTESIAN_POINT('Ctrl Pts',(-0.3580320212753,0.216732408644,0.0841236822953));
#5359=CARTESIAN_POINT('Ctrl Pts',(-0.3611670145568,0.2198131579617,0.0841236822953));
#5360=CARTESIAN_POINT('Ctrl Pts',(-0.3643020078383,0.2228939072793,0.0841236822953));
#5361=CARTESIAN_POINT('Ctrl Pts',(-0.3560907203362,0.2121713238552,0.08407466892771));
#5362=CARTESIAN_POINT('Ctrl Pts',(-0.3597617571759,0.2145896405053,0.08407466892771));
#5363=CARTESIAN_POINT('Ctrl Pts',(-0.3634327940156,0.2170079571554,0.08407466892771));
#5364=CARTESIAN_POINT('Ctrl Pts',(-0.3671038308553,0.2194262738055,0.08407466892771));
#5365=CARTESIAN_POINT('Ctrl Pts',(-0.3569795972614,0.2104902412837,0.08402565556011));
#5366=CARTESIAN_POINT('Ctrl Pts',(-0.3610476848045,0.2121545468181,0.08402565556011));
#5367=CARTESIAN_POINT('Ctrl Pts',(-0.3651157723476,0.2138188523524,0.08402565556011));
#5368=CARTESIAN_POINT('Ctrl Pts',(-0.3691838598907,0.2154831578868,0.08402565556011));
#5369=CARTESIAN_POINT('Ctrl Pts',(-0.3575238917178,0.2086683008755,0.08397664219251));
#5370=CARTESIAN_POINT('Ctrl Pts',(-0.3618372764945,0.2095164694344,0.08397664219251));
#5371=CARTESIAN_POINT('Ctrl Pts',(-0.3661506612712,0.2103646379934,0.08397664219251));
#5372=CARTESIAN_POINT('Ctrl Pts',(-0.3704640460479,0.2112128065524,0.08397664219251));
#5373=CARTESIAN_POINT('Ctrl Pts',(-0.3576579260197,0.2073056835692,0.08394135265437));
#5374=CARTESIAN_POINT('Ctrl Pts',(-0.3620303352064,0.2075431592851,0.08394135265437));
#5375=CARTESIAN_POINT('Ctrl Pts',(-0.366402744393,0.2077806350009,0.08394135265437));
#5376=CARTESIAN_POINT('Ctrl Pts',(-0.3707751535797,0.2080181107167,0.08394135265437));
#5377=CARTESIAN_POINT('Ctrl Pts',(-0.3576464094038,0.2065738107507,0.08392240090544));
#5378=CARTESIAN_POINT('Ctrl Pts',(-0.362013747042,0.2064833467393,0.08392240090544));
#5379=CARTESIAN_POINT('Ctrl Pts',(-0.3663810846802,0.2063928827279,0.08392240090544));
#5380=CARTESIAN_POINT('Ctrl Pts',(-0.3707484223184,0.2063024187165,0.08392240090544));
#5381=CARTESIAN_POINT('Ctrl Pts',(-0.3576432228155,0.2064729116684,0.0839197869457));
#5382=CARTESIAN_POINT('Ctrl Pts',(-0.36200916101,0.2063372382943,0.0839197869457));
#5383=CARTESIAN_POINT('Ctrl Pts',(-0.3663750992046,0.2062015649202,0.0839197869457));
#5384=CARTESIAN_POINT('Ctrl Pts',(-0.3707410373991,0.2060658915461,0.0839197869457));
#5385=CARTESIAN_POINT('',(-0.357900000000027,0.206775699067,0.0839276288249136));
#5386=CARTESIAN_POINT('Ctrl Pts',(-0.357900000000036,0.206775699067,0.0839276288249136));
#5387=CARTESIAN_POINT('Ctrl Pts',(-0.357900000000021,0.208182802558681,
0.0839631480266164));
#5388=CARTESIAN_POINT('Ctrl Pts',(-0.357598676952284,0.209589167675623,
0.0839986672283193));
#5389=CARTESIAN_POINT('Ctrl Pts',(-0.357022179107408,0.210872752682997,
0.0840341864300222));
#5390=CARTESIAN_POINT('Ctrl Pts',(-0.35644670452881,0.212154059365713,0.0840696425862138));
#5391=CARTESIAN_POINT('Ctrl Pts',(-0.355597646149505,0.2133116887826,0.0841050987424054));
#5392=CARTESIAN_POINT('Ctrl Pts',(-0.354548429119285,0.214245531076182,
0.084140554898597));
#5393=CARTESIAN_POINT('Ctrl Pts',(-0.353498001562076,0.215180450783938,
0.0841760519620869));
#5394=CARTESIAN_POINT('Ctrl Pts',(-0.352248044521817,0.215890082301682,
0.0842115490255767));
#5395=CARTESIAN_POINT('Ctrl Pts',(-0.350906895276898,0.216312919877765,
0.0842470460890666));
#5396=CARTESIAN_POINT('Ctrl Pts',(-0.349991442040925,0.21660154400277,0.0842712759812746));
#5397=CARTESIAN_POINT('Ctrl Pts',(-0.349034252088077,0.216757423903575,
0.0842955058734827));
#5398=CARTESIAN_POINT('Ctrl Pts',(-0.348074524064399,0.21677417601855,0.0843197357656908));
#5399=CARTESIAN_POINT('',(-0.3642,0.206775699067,0.0839276288249165));
#5400=CARTESIAN_POINT('Origin',(-0.04278852406437,0.2221029629702,-0.1010483511054));
#5401=CARTESIAN_POINT('',(-0.048774524064369,0.22199847695154,-0.00379747668156001));
#5402=CARTESIAN_POINT('',(-0.348074524064399,0.21677417601856,-0.00379747668156001));
#5403=CARTESIAN_POINT('Origin',(-0.3705,0.2091112130483,-0.09120521089732));
#5404=CARTESIAN_POINT('',(-0.370500000000008,0.0900000000000011,-0.0843030822090885));
#5405=CARTESIAN_POINT('',(-0.370500000000011,0.0900000000000001,0.0818237067227004));
#5406=CARTESIAN_POINT('',(-0.3705,0.09,-0.001921802411475));
#5407=CARTESIAN_POINT('',(-0.3705,0.09,0.0818237067227));
#5408=CARTESIAN_POINT('',(-0.3705,0.206775699067,-0.08777123364786));
#5409=CARTESIAN_POINT('Ctrl Pts',(-0.3477673013911,0.2165227223111,-0.08843051807432));
#5410=CARTESIAN_POINT('Ctrl Pts',(-0.3477078448036,0.2208903633789,-0.08843051807432));
#5411=CARTESIAN_POINT('Ctrl Pts',(-0.3476483882162,0.2252580044466,-0.08843051807432));
#5412=CARTESIAN_POINT('Ctrl Pts',(-0.3475889316287,0.2296256455144,-0.08843051807432));
#5413=CARTESIAN_POINT('Ctrl Pts',(-0.3478682407232,0.2165241474824,-0.08842620916548));
#5414=CARTESIAN_POINT('Ctrl Pts',(-0.3478540110381,0.2208923987686,-0.08842620916548));
#5415=CARTESIAN_POINT('Ctrl Pts',(-0.3478397813531,0.2252606500548,-0.08842620916548));
#5416=CARTESIAN_POINT('Ctrl Pts',(-0.3478255516681,0.2296289013411,-0.08842620916548));
#5417=CARTESIAN_POINT('Ctrl Pts',(-0.3486002030703,0.2165228894028,-0.0883949686858));
#5418=CARTESIAN_POINT('Ctrl Pts',(-0.348913951678,0.2208904881278,-0.0883949686858));
#5419=CARTESIAN_POINT('Ctrl Pts',(-0.3492277002857,0.2252580868529,-0.0883949686858));
#5420=CARTESIAN_POINT('Ctrl Pts',(-0.3495414488935,0.2296256855779,-0.0883949686858));
#5421=CARTESIAN_POINT('Ctrl Pts',(-0.3499602736258,0.2163650945634,-0.0883367966353));
#5422=CARTESIAN_POINT('Ctrl Pts',(-0.3508835919489,0.2206630198083,-0.0883367966353));
#5423=CARTESIAN_POINT('Ctrl Pts',(-0.3518069102719,0.2249609450532,-0.0883367966353));
#5424=CARTESIAN_POINT('Ctrl Pts',(-0.3527302285949,0.2292588702981,-0.0883367966353));
#5425=CARTESIAN_POINT('Ctrl Pts',(-0.3517724372956,0.2157890857612,-0.0882560019228));
#5426=CARTESIAN_POINT('Ctrl Pts',(-0.3535074872654,0.2198275075783,-0.0882560019228));
#5427=CARTESIAN_POINT('Ctrl Pts',(-0.3552425372352,0.2238659293953,-0.0882560019228));
#5428=CARTESIAN_POINT('Ctrl Pts',(-0.356977587205,0.2279043512124,-0.0882560019228));
#5429=CARTESIAN_POINT('Ctrl Pts',(-0.3534377507887,0.2148710052801,-0.08817520721031));
#5430=CARTESIAN_POINT('Ctrl Pts',(-0.3559197675445,0.218499277558,-0.08817520721031));
#5431=CARTESIAN_POINT('Ctrl Pts',(-0.3584017843002,0.2221275498359,-0.08817520721031));
#5432=CARTESIAN_POINT('Ctrl Pts',(-0.3608838010559,0.2257558221138,-0.08817520721031));
#5433=CARTESIAN_POINT('Ctrl Pts',(-0.3548970279937,0.2136516593264,-0.08809441249782));
#5434=CARTESIAN_POINT('Ctrl Pts',(-0.3580320212753,0.216732408644,-0.08809441249782));
#5435=CARTESIAN_POINT('Ctrl Pts',(-0.3611670145568,0.2198131579617,-0.08809441249782));
#5436=CARTESIAN_POINT('Ctrl Pts',(-0.3643020078383,0.2228939072793,-0.08809441249782));
#5437=CARTESIAN_POINT('Ctrl Pts',(-0.3560907203362,0.2121713238552,-0.08801361778533));
#5438=CARTESIAN_POINT('Ctrl Pts',(-0.3597617571759,0.2145896405053,-0.08801361778533));
#5439=CARTESIAN_POINT('Ctrl Pts',(-0.3634327940156,0.2170079571554,-0.08801361778533));
#5440=CARTESIAN_POINT('Ctrl Pts',(-0.3671038308553,0.2194262738055,-0.08801361778533));
#5441=CARTESIAN_POINT('Ctrl Pts',(-0.3569795972614,0.2104902412837,-0.08793282307284));
#5442=CARTESIAN_POINT('Ctrl Pts',(-0.3610476848045,0.2121545468181,-0.08793282307284));
#5443=CARTESIAN_POINT('Ctrl Pts',(-0.3651157723476,0.2138188523524,-0.08793282307284));
#5444=CARTESIAN_POINT('Ctrl Pts',(-0.3691838598907,0.2154831578868,-0.08793282307284));
#5445=CARTESIAN_POINT('Ctrl Pts',(-0.3575238917178,0.2086683008755,-0.08785202836035));
#5446=CARTESIAN_POINT('Ctrl Pts',(-0.3618372764945,0.2095164694344,-0.08785202836035));
#5447=CARTESIAN_POINT('Ctrl Pts',(-0.3661506612712,0.2103646379934,-0.08785202836035));
#5448=CARTESIAN_POINT('Ctrl Pts',(-0.3704640460479,0.2112128065524,-0.08785202836035));
#5449=CARTESIAN_POINT('Ctrl Pts',(-0.35765792602,0.2073056835656,-0.08779385630985));
#5450=CARTESIAN_POINT('Ctrl Pts',(-0.3620303352069,0.2075431592798,-0.08779385630985));
#5451=CARTESIAN_POINT('Ctrl Pts',(-0.3664027443937,0.207780634994,-0.08779385630985));
#5452=CARTESIAN_POINT('Ctrl Pts',(-0.3707751535806,0.2080181107082,-0.08779385630985));
#5453=CARTESIAN_POINT('Ctrl Pts',(-0.3576464094037,0.2065738107434,-0.08776261583017));
#5454=CARTESIAN_POINT('Ctrl Pts',(-0.3620137470418,0.2064833467287,-0.08776261583017));
#5455=CARTESIAN_POINT('Ctrl Pts',(-0.36638108468,0.2063928827141,-0.08776261583017));
#5456=CARTESIAN_POINT('Ctrl Pts',(-0.3707484223182,0.2063024186994,-0.08776261583017));
#5457=CARTESIAN_POINT('Ctrl Pts',(-0.3576432228152,0.2064729116575,-0.08775830692133));
#5458=CARTESIAN_POINT('Ctrl Pts',(-0.3620091610095,0.2063372382785,-0.08775830692133));
#5459=CARTESIAN_POINT('Ctrl Pts',(-0.3663750992039,0.2062015648995,-0.08775830692133));
#5460=CARTESIAN_POINT('Ctrl Pts',(-0.3707410373983,0.2060658915204,-0.08775830692133));
#5461=CARTESIAN_POINT('',(-0.357900000000024,0.206775699067011,-0.0877712336478614));
#5462=CARTESIAN_POINT('',(-0.364200053570462,0.206775699066991,-0.0877712336478606));
#5463=CARTESIAN_POINT('Ctrl Pts',(-0.348074524064399,0.21677417601855,-0.0884175913477901));
#5464=CARTESIAN_POINT('Ctrl Pts',(-0.349481413247402,0.216749618676503,
-0.0883590407149692));
#5465=CARTESIAN_POINT('Ctrl Pts',(-0.350882305355828,0.216423797066109,
-0.0883004900821483));
#5466=CARTESIAN_POINT('Ctrl Pts',(-0.35215563359229,0.215824985377404,-0.0882419394493274));
#5467=CARTESIAN_POINT('Ctrl Pts',(-0.353426701709555,0.215227236561378,
-0.088183492742113));
#5468=CARTESIAN_POINT('Ctrl Pts',(-0.354569336701952,0.214358104078691,
-0.0881250460348986));
#5469=CARTESIAN_POINT('Ctrl Pts',(-0.35548472540478,0.213292749054053,-0.0880665993276842));
#5470=CARTESIAN_POINT('Ctrl Pts',(-0.356401170231076,0.212226164883326,
-0.0880080851879802));
#5471=CARTESIAN_POINT('Ctrl Pts',(-0.357088878910211,0.210964013439911,
-0.0879495710482763));
#5472=CARTESIAN_POINT('Ctrl Pts',(-0.357488245804371,0.209615688925285,
-0.0878910569085723));
#5473=CARTESIAN_POINT('Ctrl Pts',(-0.357760849108576,0.20869533793174,-0.0878511158216687));
#5474=CARTESIAN_POINT('Ctrl Pts',(-0.357900000000025,0.207735573284178,
-0.087811174734765));
#5475=CARTESIAN_POINT('Ctrl Pts',(-0.357900000000036,0.206775699067011,
-0.0877712336478614));
#5476=CARTESIAN_POINT('Origin',(0.228,-0.10556,0.1055775306974));
#5477=CARTESIAN_POINT('Origin',(-0.08229359736193,-0.02122054462718,0.1667550614586));
#5478=CARTESIAN_POINT('Origin',(-0.347899999999948,0.2067756990669,-0.09187233789005));
#5479=CARTESIAN_POINT('',(-0.357900000000044,0.206775699067,-0.00204892779104875));
#5480=CARTESIAN_POINT('Origin',(-0.0486000000000312,0.212000000000049,-0.1017304697159));
#5481=CARTESIAN_POINT('Origin',(-0.357648,0.2091112130483,0.08396970726696));
#5482=CARTESIAN_POINT('',(-0.357900000000008,0.0900000000000001,0.0818237067227012));
#5483=CARTESIAN_POINT('',(-0.3579,0.14838784953348,0.08287566777381));
#5484=CARTESIAN_POINT('',(-0.3642,0.0899999999999999,0.0818237067227042));
#5485=CARTESIAN_POINT('Origin',(-0.347899999999961,0.0900000000000578,-0.08762561798773));
#5486=CARTESIAN_POINT('',(-0.34789999999997,0.0673999999999983,-0.083649462063101));
#5487=CARTESIAN_POINT('',(-0.347899999999992,0.0673999999999983,0.0814271940859609));
#5488=CARTESIAN_POINT('',(-0.3479,0.0673999999999957,-0.00123968774319125));
#5489=CARTESIAN_POINT('Ctrl Pts',(-0.347899999999992,0.0673999999999907,
0.081427194085961));
#5490=CARTESIAN_POINT('Ctrl Pts',(-0.350486338127906,0.0673999999999943,
0.0814560818560364));
#5491=CARTESIAN_POINT('Ctrl Pts',(-0.35307208074717,0.0678482793973759,
0.0814849696261119));
#5492=CARTESIAN_POINT('Ctrl Pts',(-0.355507486795455,0.0687188782096208,
0.0815138573961873));
#5493=CARTESIAN_POINT('Ctrl Pts',(-0.357946287813089,0.0695906906413708,
0.0815427854359723));
#5494=CARTESIAN_POINT('Ctrl Pts',(-0.360233201829582,0.0708856090876426,
0.0815717134757572));
#5495=CARTESIAN_POINT('Ctrl Pts',(-0.362235429974434,0.0725284388949358,
0.0816006415155421));
#5496=CARTESIAN_POINT('Ctrl Pts',(-0.364235384072405,0.0741694028449304,
0.0816295367000709));
#5497=CARTESIAN_POINT('Ctrl Pts',(-0.365950381255528,0.0761567230899154,
0.0816584318845996));
#5498=CARTESIAN_POINT('Ctrl Pts',(-0.367281055465725,0.0783752553131412,
0.0816873270691284));
#5499=CARTESIAN_POINT('Ctrl Pts',(-0.36861253531157,0.0805951307116005,
0.0817162397477894));
#5500=CARTESIAN_POINT('Ctrl Pts',(-0.369558607539411,0.0830454759459121,
0.0817451524264505));
#5501=CARTESIAN_POINT('Ctrl Pts',(-0.370064391970541,0.0855841502995464,
0.0817740651051115));
#5502=CARTESIAN_POINT('Ctrl Pts',(-0.370353860795008,0.0870370757666428,
0.0817906123109745));
#5503=CARTESIAN_POINT('Ctrl Pts',(-0.370500000000024,0.0885185194522792,
0.0818071595168375));
#5504=CARTESIAN_POINT('Ctrl Pts',(-0.370500000000028,0.0900000000000001,
0.0818237067227004));
#5505=CARTESIAN_POINT('Ctrl Pts',(-0.370500000000028,0.0900000000000011,
-0.0843030822090885));
#5506=CARTESIAN_POINT('Ctrl Pts',(-0.370500000000021,0.0874136618720866,
-0.0842554629739255));
#5507=CARTESIAN_POINT('Ctrl Pts',(-0.370051720602637,0.0848279192528232,
-0.0842078437387626));
#5508=CARTESIAN_POINT('Ctrl Pts',(-0.369181121790389,0.0823925132045394,
-0.0841602245035997));
#5509=CARTESIAN_POINT('Ctrl Pts',(-0.368309309358636,0.0799537121869063,
-0.0841125388869625));
#5510=CARTESIAN_POINT('Ctrl Pts',(-0.367014390912362,0.0776667981704146,
-0.0840648532703254));
#5511=CARTESIAN_POINT('Ctrl Pts',(-0.365371561105067,0.0756645700255649,
-0.0840171676536883));
#5512=CARTESIAN_POINT('Ctrl Pts',(-0.36373059715507,0.0736646159275951,
-0.0839695361963776));
#5513=CARTESIAN_POINT('Ctrl Pts',(-0.361743276910083,0.071949618744475,
-0.0839219047390669));
#5514=CARTESIAN_POINT('Ctrl Pts',(-0.359524744686855,0.0706189445342802,
-0.0838742732817562));
#5515=CARTESIAN_POINT('Ctrl Pts',(-0.357304869288394,0.0692874646884383,
-0.0838266129867333));
#5516=CARTESIAN_POINT('Ctrl Pts',(-0.354854524054082,0.0683413924606,-0.0837789526917104));
#5517=CARTESIAN_POINT('Ctrl Pts',(-0.352315849700447,0.0678356080294725,
-0.0837312923966875));
#5518=CARTESIAN_POINT('Ctrl Pts',(-0.350862924233343,0.0675461392050059,
-0.0837040156188253));
#5519=CARTESIAN_POINT('Ctrl Pts',(-0.349381480547699,0.0673999999999914,
-0.0836767388409631));
#5520=CARTESIAN_POINT('Ctrl Pts',(-0.34789999999997,0.0673999999999907,
-0.083649462063101));
#5521=CARTESIAN_POINT('Origin',(-0.357648,0.2091112130483,-0.08784059667664));
#5522=CARTESIAN_POINT('',(-0.357900000000008,0.0900000000000002,-0.0843030822090876));
#5523=CARTESIAN_POINT('',(-0.3642,0.0900000000000001,-0.0843030822090856));
#5524=CARTESIAN_POINT('',(-0.3579,0.14838784953348,-0.086037157928475));
#5525=CARTESIAN_POINT('Origin',(-0.3579,0.2091112130483,-0.09120521089732));
#5526=CARTESIAN_POINT('',(-0.3579,0.09,-0.001921802411475));
#5527=CARTESIAN_POINT('Ctrl Pts',(-0.3576431131718,0.09030618821974,0.08183163670075));
#5528=CARTESIAN_POINT('Ctrl Pts',(-0.3620090058465,0.09044338528702,0.08183163670075));
#5529=CARTESIAN_POINT('Ctrl Pts',(-0.3663748985211,0.09058058235431,0.08183163670075));
#5530=CARTESIAN_POINT('Ctrl Pts',(-0.3707407911958,0.0907177794216,0.08183163670075));
#5531=CARTESIAN_POINT('Ctrl Pts',(-0.357646372938,0.09020415649671,0.08182899337473));
#5532=CARTESIAN_POINT('Ctrl Pts',(-0.3620136965433,0.0902956368312,0.08182899337473));
#5533=CARTESIAN_POINT('Ctrl Pts',(-0.3663810201486,0.09038711716569,0.08182899337473));
#5534=CARTESIAN_POINT('Ctrl Pts',(-0.370748343754,0.09047859750018,0.08182899337473));
#5535=CARTESIAN_POINT('Ctrl Pts',(-0.3576581532428,0.08946405991641,0.08180982868885));
#5536=CARTESIAN_POINT('Ctrl Pts',(-0.3620306624748,0.08922391590606,0.08180982868885));
#5537=CARTESIAN_POINT('Ctrl Pts',(-0.3664031717069,0.08898377189572,0.08180982868885));
#5538=CARTESIAN_POINT('Ctrl Pts',(-0.3707756809389,0.08874362788538,0.08180982868885));
#5539=CARTESIAN_POINT('Ctrl Pts',(-0.3575210498153,0.08808613987325,0.08177414264311));
#5540=CARTESIAN_POINT('Ctrl Pts',(-0.3618332068576,0.08722843930082,0.08177414264311));
#5541=CARTESIAN_POINT('Ctrl Pts',(-0.3661453638998,0.08637073872839,0.08177414264311));
#5542=CARTESIAN_POINT('Ctrl Pts',(-0.370457520942,0.08551303815596,0.08177414264311));
#5543=CARTESIAN_POINT('Ctrl Pts',(-0.3569646155707,0.08624533351353,0.08172457856352));
#5544=CARTESIAN_POINT('Ctrl Pts',(-0.3610259720801,0.08456305717576,0.08172457856352));
#5545=CARTESIAN_POINT('Ctrl Pts',(-0.3650873285896,0.08288078083799,0.08172457856352));
#5546=CARTESIAN_POINT('Ctrl Pts',(-0.3691486850991,0.08119850450022,0.08172457856352));
#5547=CARTESIAN_POINT('Ctrl Pts',(-0.3560563415775,0.08455014262585,0.08167501448392));
#5548=CARTESIAN_POINT('Ctrl Pts',(-0.359712008602,0.08210749196689,0.08167501448392));
#5549=CARTESIAN_POINT('Ctrl Pts',(-0.3633676756265,0.07966484130792,0.08167501448392));
#5550=CARTESIAN_POINT('Ctrl Pts',(-0.367023342651,0.07722219064896,0.08167501448392));
#5551=CARTESIAN_POINT('Ctrl Pts',(-0.3548377632397,0.08306223676026,0.08162545040433));
#5552=CARTESIAN_POINT('Ctrl Pts',(-0.3579461886483,0.07995381135175,0.08162545040433));
#5553=CARTESIAN_POINT('Ctrl Pts',(-0.3610546140568,0.07684538594323,0.08162545040433));
#5554=CARTESIAN_POINT('Ctrl Pts',(-0.3641630394653,0.07373696053472,0.08162545040433));
#5555=CARTESIAN_POINT('Ctrl Pts',(-0.3533498573741,0.0818436584225,0.08157588632474));
#5556=CARTESIAN_POINT('Ctrl Pts',(-0.3557925080331,0.07818799139799,0.08157588632474));
#5557=CARTESIAN_POINT('Ctrl Pts',(-0.3582351586921,0.07453232437349,0.08157588632474));
#5558=CARTESIAN_POINT('Ctrl Pts',(-0.360677809351,0.07087665734899,0.08157588632474));
#5559=CARTESIAN_POINT('Ctrl Pts',(-0.3516546664865,0.08093538442934,0.08152632224515));
#5560=CARTESIAN_POINT('Ctrl Pts',(-0.3533369428242,0.07687402791986,0.08152632224515));
#5561=CARTESIAN_POINT('Ctrl Pts',(-0.355019219162,0.07281267141039,0.08152632224515));
#5562=CARTESIAN_POINT('Ctrl Pts',(-0.3567014954998,0.06875131490091,0.08152632224515));
#5563=CARTESIAN_POINT('Ctrl Pts',(-0.3498138601267,0.08037895018468,0.08147675816555));
#5564=CARTESIAN_POINT('Ctrl Pts',(-0.3506715606992,0.07606679314245,0.08147675816555));
#5565=CARTESIAN_POINT('Ctrl Pts',(-0.3515292612716,0.07175463610021,0.08147675816555));
#5566=CARTESIAN_POINT('Ctrl Pts',(-0.352386961844,0.06744247905797,0.08147675816555));
#5567=CARTESIAN_POINT('Ctrl Pts',(-0.3484359400836,0.0802418467572,0.08144107211981));
#5568=CARTESIAN_POINT('Ctrl Pts',(-0.3486760840939,0.07586933752517,0.08144107211981));
#5569=CARTESIAN_POINT('Ctrl Pts',(-0.3489162281043,0.07149682829314,0.08144107211981));
#5570=CARTESIAN_POINT('Ctrl Pts',(-0.3491563721146,0.0671243190611,0.08144107211981));
#5571=CARTESIAN_POINT('Ctrl Pts',(-0.3476958435033,0.08025362706204,0.08142190743393));
#5572=CARTESIAN_POINT('Ctrl Pts',(-0.3476043631688,0.0758863034567,0.08142190743393));
#5573=CARTESIAN_POINT('Ctrl Pts',(-0.3475128828343,0.07151897985136,0.08142190743393));
#5574=CARTESIAN_POINT('Ctrl Pts',(-0.3474214024998,0.06715165624603,0.08142190743393));
#5575=CARTESIAN_POINT('Ctrl Pts',(-0.3475938117803,0.08025688682819,0.08141926410791));
#5576=CARTESIAN_POINT('Ctrl Pts',(-0.347456614713,0.07589099415352,0.08141926410791));
#5577=CARTESIAN_POINT('Ctrl Pts',(-0.3473194176457,0.07152510147886,0.08141926410791));
#5578=CARTESIAN_POINT('Ctrl Pts',(-0.3471822205784,0.0671592088042,0.08141926410791));
#5579=CARTESIAN_POINT('',(-0.347900000000003,0.0799999999999966,0.0814271940859617));
#5580=CARTESIAN_POINT('Ctrl Pts',(-0.357900000000065,0.0900000000000002,
0.0818237067227012));
#5581=CARTESIAN_POINT('Ctrl Pts',(-0.35790000000005,0.0885927760952681,
0.0817881844814387));
#5582=CARTESIAN_POINT('Ctrl Pts',(-0.357598624650323,0.087186290880187,
0.0817526622401761));
#5583=CARTESIAN_POINT('Ctrl Pts',(-0.357022031099865,0.085902616857851,
0.0817171399989135));
#5584=CARTESIAN_POINT('Ctrl Pts',(-0.356446474443743,0.0846212512802075,
0.0816816816376764));
#5585=CARTESIAN_POINT('Ctrl Pts',(-0.355597304001752,0.0834635885753242,
0.0816462232764394));
#5586=CARTESIAN_POINT('Ctrl Pts',(-0.354547963511968,0.0825297536089205,
0.0816107649152023));
#5587=CARTESIAN_POINT('Ctrl Pts',(-0.353497312977731,0.0815947528004178,
0.0815752622861323));
#5588=CARTESIAN_POINT('Ctrl Pts',(-0.352247083806386,0.0808851244969043,
0.0815397596570623));
#5589=CARTESIAN_POINT('Ctrl Pts',(-0.3509056699615,0.0804623929582835,0.0815042570279923));
#5590=CARTESIAN_POINT('Ctrl Pts',(-0.349935100550396,0.0801565288865367,
0.0814785693806487));
#5591=CARTESIAN_POINT('Ctrl Pts',(-0.348917623610262,0.0800000000000166,
0.0814528817333052));
#5592=CARTESIAN_POINT('Ctrl Pts',(-0.347900000000003,0.0800000000000134,
0.0814271940859617));
#5593=CARTESIAN_POINT('',(-0.347899999999986,0.0736999439766734,0.0814271940859622));
#5594=CARTESIAN_POINT('Origin',(-0.3487049276152,0.0674,-0.08695099518608));
#5595=CARTESIAN_POINT('',(-0.307653619241606,0.067399999999991,-0.0824541744780301));
#5596=CARTESIAN_POINT('',(-0.3076536192416,0.0673999999999998,0.080702083890191));
#5597=CARTESIAN_POINT('',(-0.3076536192416,0.0674,-0.00111113398857));
#5598=CARTESIAN_POINT('',(-0.3076536192416,0.0674,0.08070208389019));
#5599=CARTESIAN_POINT('',(-0.3479,0.0674,-0.0836494620631));
#5600=CARTESIAN_POINT('Ctrl Pts',(-0.3576431131714,0.09030618823132,-0.08431615415971));
#5601=CARTESIAN_POINT('Ctrl Pts',(-0.3620090058459,0.0904433853038,-0.08431615415971));
#5602=CARTESIAN_POINT('Ctrl Pts',(-0.3663748985204,0.09058058237627,-0.08431615415971));
#5603=CARTESIAN_POINT('Ctrl Pts',(-0.3707407911949,0.09071777944875,-0.08431615415971));
#5604=CARTESIAN_POINT('Ctrl Pts',(-0.3576463729378,0.09020415650443,-0.08431179684283));
#5605=CARTESIAN_POINT('Ctrl Pts',(-0.3620136965431,0.09029563684239,-0.08431179684283));
#5606=CARTESIAN_POINT('Ctrl Pts',(-0.3663810201484,0.09038711718034,-0.08431179684283));
#5607=CARTESIAN_POINT('Ctrl Pts',(-0.3707483437537,0.0904785975183,-0.08431179684283));
#5608=CARTESIAN_POINT('Ctrl Pts',(-0.3576581532432,0.08946405992027,-0.08428020535321));
#5609=CARTESIAN_POINT('Ctrl Pts',(-0.3620306624754,0.08922391591166,-0.08428020535321));
#5610=CARTESIAN_POINT('Ctrl Pts',(-0.3664031717076,0.08898377190304,-0.08428020535321));
#5611=CARTESIAN_POINT('Ctrl Pts',(-0.3707756809398,0.08874362789443,-0.08428020535321));
#5612=CARTESIAN_POINT('Ctrl Pts',(-0.3575210498153,0.08808613987325,-0.08422137969084));
#5613=CARTESIAN_POINT('Ctrl Pts',(-0.3618332068576,0.08722843930082,-0.08422137969084));
#5614=CARTESIAN_POINT('Ctrl Pts',(-0.3661453638998,0.08637073872839,-0.08422137969084));
#5615=CARTESIAN_POINT('Ctrl Pts',(-0.370457520942,0.08551303815596,-0.08422137969084));
#5616=CARTESIAN_POINT('Ctrl Pts',(-0.3569646155707,0.08624533351353,-0.08413967717259));
#5617=CARTESIAN_POINT('Ctrl Pts',(-0.3610259720801,0.08456305717576,-0.08413967717259));
#5618=CARTESIAN_POINT('Ctrl Pts',(-0.3650873285896,0.08288078083799,-0.08413967717259));
#5619=CARTESIAN_POINT('Ctrl Pts',(-0.3691486850991,0.08119850450022,-0.08413967717259));
#5620=CARTESIAN_POINT('Ctrl Pts',(-0.3560563415775,0.08455014262585,-0.08405797465434));
#5621=CARTESIAN_POINT('Ctrl Pts',(-0.359712008602,0.08210749196689,-0.08405797465434));
#5622=CARTESIAN_POINT('Ctrl Pts',(-0.3633676756265,0.07966484130792,-0.08405797465434));
#5623=CARTESIAN_POINT('Ctrl Pts',(-0.367023342651,0.07722219064896,-0.08405797465434));
#5624=CARTESIAN_POINT('Ctrl Pts',(-0.3548377632397,0.08306223676026,-0.08397627213609));
#5625=CARTESIAN_POINT('Ctrl Pts',(-0.3579461886483,0.07995381135175,-0.08397627213609));
#5626=CARTESIAN_POINT('Ctrl Pts',(-0.3610546140568,0.07684538594323,-0.08397627213609));
#5627=CARTESIAN_POINT('Ctrl Pts',(-0.3641630394653,0.07373696053472,-0.08397627213609));
#5628=CARTESIAN_POINT('Ctrl Pts',(-0.3533498573741,0.0818436584225,-0.08389456961785));
#5629=CARTESIAN_POINT('Ctrl Pts',(-0.3557925080331,0.07818799139799,-0.08389456961785));
#5630=CARTESIAN_POINT('Ctrl Pts',(-0.3582351586921,0.07453232437349,-0.08389456961785));
#5631=CARTESIAN_POINT('Ctrl Pts',(-0.360677809351,0.07087665734898,-0.08389456961785));
#5632=CARTESIAN_POINT('Ctrl Pts',(-0.3516546664865,0.08093538442934,-0.0838128670996));
#5633=CARTESIAN_POINT('Ctrl Pts',(-0.3533369428242,0.07687402791986,-0.0838128670996));
#5634=CARTESIAN_POINT('Ctrl Pts',(-0.355019219162,0.07281267141039,-0.0838128670996));
#5635=CARTESIAN_POINT('Ctrl Pts',(-0.3567014954998,0.06875131490091,-0.0838128670996));
#5636=CARTESIAN_POINT('Ctrl Pts',(-0.3498138601267,0.08037895018468,-0.08373116458135));
#5637=CARTESIAN_POINT('Ctrl Pts',(-0.3506715606992,0.07606679314245,-0.08373116458135));
#5638=CARTESIAN_POINT('Ctrl Pts',(-0.3515292612716,0.07175463610021,-0.08373116458135));
#5639=CARTESIAN_POINT('Ctrl Pts',(-0.352386961844,0.06744247905797,-0.08373116458135));
#5640=CARTESIAN_POINT('Ctrl Pts',(-0.3484359400797,0.08024184675681,-0.08367233891898));
#5641=CARTESIAN_POINT('Ctrl Pts',(-0.3486760840883,0.07586933752461,-0.08367233891898));
#5642=CARTESIAN_POINT('Ctrl Pts',(-0.348916228097,0.07149682829241,-0.08367233891898));
#5643=CARTESIAN_POINT('Ctrl Pts',(-0.3491563721056,0.06712431906021,-0.08367233891898));
#5644=CARTESIAN_POINT('Ctrl Pts',(-0.3476958434956,0.08025362706216,-0.08364074742936));
#5645=CARTESIAN_POINT('Ctrl Pts',(-0.3476043631576,0.07588630345688,-0.08364074742936));
#5646=CARTESIAN_POINT('Ctrl Pts',(-0.3475128828197,0.07151897985159,-0.08364074742936));
#5647=CARTESIAN_POINT('Ctrl Pts',(-0.3474214024817,0.06715165624631,-0.08364074742936));
#5648=CARTESIAN_POINT('Ctrl Pts',(-0.3475938117687,0.08025688682856,-0.08363639011248));
#5649=CARTESIAN_POINT('Ctrl Pts',(-0.3474566146962,0.07589099415406,-0.08363639011248));
#5650=CARTESIAN_POINT('Ctrl Pts',(-0.3473194176237,0.07152510147955,-0.08363639011248));
#5651=CARTESIAN_POINT('Ctrl Pts',(-0.3471822205512,0.06715920880505,-0.08363639011248));
#5652=CARTESIAN_POINT('',(-0.347900000000014,0.0799999999999858,-0.0836494620631008));
#5653=CARTESIAN_POINT('',(-0.347899999999987,0.0736999439766716,-0.0836494620631028));
#5654=CARTESIAN_POINT('Ctrl Pts',(-0.357900000000065,0.0900000000000002,
-0.0843030822090876));
#5655=CARTESIAN_POINT('Ctrl Pts',(-0.35790000000005,0.0885927760952681,
-0.0842445265657901));
#5656=CARTESIAN_POINT('Ctrl Pts',(-0.357598624650323,0.0871862908801871,
-0.0841859709224927));
#5657=CARTESIAN_POINT('Ctrl Pts',(-0.357022031099865,0.085902616857851,
-0.0841274152791953));
#5658=CARTESIAN_POINT('Ctrl Pts',(-0.356446474443743,0.0846212512802075,
-0.084068964937136));
#5659=CARTESIAN_POINT('Ctrl Pts',(-0.355597304001752,0.0834635885753243,
-0.0840105145950768));
#5660=CARTESIAN_POINT('Ctrl Pts',(-0.354547963511969,0.0825297536089206,
-0.0839520642530175));
#5661=CARTESIAN_POINT('Ctrl Pts',(-0.353497312977731,0.0815947528004179,
-0.0838935409388894));
#5662=CARTESIAN_POINT('Ctrl Pts',(-0.352247083806386,0.0808851244969043,
-0.0838350176247613));
#5663=CARTESIAN_POINT('Ctrl Pts',(-0.3509056699615,0.0804623929582836,-0.0837764943106332));
#5664=CARTESIAN_POINT('Ctrl Pts',(-0.349935100550399,0.0801565288865378,
-0.0837341502281224));
#5665=CARTESIAN_POINT('Ctrl Pts',(-0.34891762361027,0.0800000000000177,
-0.0836918061456116));
#5666=CARTESIAN_POINT('Ctrl Pts',(-0.347900000000014,0.0800000000000134,
-0.0836494620631008));
#5667=CARTESIAN_POINT('Origin',(-0.347899999999972,0.090000000000106,-0.08762561798773));
#5668=CARTESIAN_POINT('',(-0.3479,0.0799999999999877,-0.00123968774319125));
#5669=CARTESIAN_POINT('Origin',(-0.3487049276152,0.08025199999999,0.08144169628988));
#5670=CARTESIAN_POINT('',(-0.307653619241602,0.0799999999999898,0.0807020838901913));
#5671=CARTESIAN_POINT('',(-0.32777680962085,0.07999999999999,0.08106463898808));
#5672=CARTESIAN_POINT('',(-0.3076536192416,0.073699999999995,0.0807020838901942));
#5673=CARTESIAN_POINT('Origin',(-0.307653619241686,0.0644000000002163,-0.0857172996454));
#5674=CARTESIAN_POINT('',(-0.305647710809269,0.066630769230769,-0.0823016850836288));
#5675=CARTESIAN_POINT('Ctrl Pts',(-0.305647710809303,0.0666307692307316,
-0.0823016850836287));
#5676=CARTESIAN_POINT('Ctrl Pts',(-0.306071664265832,0.0670119883195363,
-0.0823412555144022));
#5677=CARTESIAN_POINT('Ctrl Pts',(-0.306606406607258,0.0672685205638846,
-0.0823808259451757));
#5678=CARTESIAN_POINT('Ctrl Pts',(-0.307169064768232,0.0673606092215044,
-0.0824203963759491));
#5679=CARTESIAN_POINT('Ctrl Pts',(-0.307329163478528,0.0673868121211342,
-0.0824316557433094));
#5680=CARTESIAN_POINT('Ctrl Pts',(-0.307491390424845,0.0674000000000321,
-0.0824429151106698));
#5681=CARTESIAN_POINT('Ctrl Pts',(-0.307653619241606,0.0674000000000365,
-0.0824541744780301));
#5682=CARTESIAN_POINT('',(-0.3056477108093,0.0666307692307842,0.0806095776046679));
#5683=CARTESIAN_POINT('',(-0.305647710809295,0.0666307692307752,-0.000876045293921245));
#5684=CARTESIAN_POINT('Ctrl Pts',(-0.3076536192416,0.0674000000000365,0.080702083890191));
#5685=CARTESIAN_POINT('Ctrl Pts',(-0.307083474937961,0.06740000000002,0.0806780788531074));
#5686=CARTESIAN_POINT('Ctrl Pts',(-0.306514319286724,0.0672332066884964,
0.0806540738160237));
#5687=CARTESIAN_POINT('Ctrl Pts',(-0.306034358644156,0.0669254692865481,
0.0806300687789401));
#5688=CARTESIAN_POINT('Ctrl Pts',(-0.305897790679463,0.0668379057096283,
0.080623238387516));
#5689=CARTESIAN_POINT('Ctrl Pts',(-0.30576834249357,0.0667392412812553,
0.0806164079960919));
#5690=CARTESIAN_POINT('Ctrl Pts',(-0.305647710809327,0.0666307692307536,
0.0806095776046678));
#5691=CARTESIAN_POINT('Origin',(-0.3487049276152,0.08025199999999,-0.0836733678148));
#5692=CARTESIAN_POINT('',(-0.307653619241602,0.0799999999999898,-0.0824541744780301));
#5693=CARTESIAN_POINT('',(-0.3076536192416,0.073699999999995,-0.0824541744780294));
#5694=CARTESIAN_POINT('',(-0.32777680962085,0.07999999999999,-0.083051818270565));
#5695=CARTESIAN_POINT('Origin',(-0.3487049276152,0.07999999999999,-0.08695099518608));
#5696=CARTESIAN_POINT('',(-0.3076536192416,0.07999999999999,-0.00111113398857));
#5697=CARTESIAN_POINT('Ctrl Pts',(-0.3083501194102,0.08023723901259,0.08070763506268));
#5698=CARTESIAN_POINT('Ctrl Pts',(-0.3081581974493,0.07587325734425,0.08070763506268));
#5699=CARTESIAN_POINT('Ctrl Pts',(-0.3079662754883,0.07150927567591,0.08070763506268));
#5700=CARTESIAN_POINT('Ctrl Pts',(-0.3077743535273,0.06714529400756,0.08070763506268));
#5701=CARTESIAN_POINT('Ctrl Pts',(-0.3081180957213,0.08024760221332,0.08070578467185));
#5702=CARTESIAN_POINT('Ctrl Pts',(-0.307990108334,0.07588076494508,0.08070578467185));
#5703=CARTESIAN_POINT('Ctrl Pts',(-0.3078621209468,0.07151392767685,0.08070578467185));
#5704=CARTESIAN_POINT('Ctrl Pts',(-0.3077341335595,0.06714709040862,0.08070578467185));
#5705=CARTESIAN_POINT('Ctrl Pts',(-0.3059507954582,0.08029576523178,0.08068851656677));
#5706=CARTESIAN_POINT('Ctrl Pts',(-0.3064200118266,0.07591565655119,0.08068851656677));
#5707=CARTESIAN_POINT('Ctrl Pts',(-0.306889228195,0.07153554787059,0.08068851656677));
#5708=CARTESIAN_POINT('Ctrl Pts',(-0.3073584445635,0.06715543918999,0.08068851656677));
#5709=CARTESIAN_POINT('Ctrl Pts',(-0.3018491648148,0.07953616530403,0.08065583074743));
#5710=CARTESIAN_POINT('Ctrl Pts',(-0.3034485933953,0.0753653658444,0.08065583074743));
#5711=CARTESIAN_POINT('Ctrl Pts',(-0.3050480219759,0.07119456638476,0.08065583074743));
#5712=CARTESIAN_POINT('Ctrl Pts',(-0.3066474505564,0.06702376692513,0.08065583074743));
#5713=CARTESIAN_POINT('Ctrl Pts',(-0.2982913383696,0.07735849752153,0.08062314492809));
#5714=CARTESIAN_POINT('Ctrl Pts',(-0.3008711328696,0.07378775860749,0.08062314492809));
#5715=CARTESIAN_POINT('Ctrl Pts',(-0.3034509273696,0.07021701969345,0.08062314492809));
#5716=CARTESIAN_POINT('Ctrl Pts',(-0.3060307218695,0.06664628077941,0.08062314492809));
#5717=CARTESIAN_POINT('Ctrl Pts',(-0.2967119596577,0.07587354870391,0.080605876823));
#5718=CARTESIAN_POINT('Ctrl Pts',(-0.2997269549992,0.07271199029244,0.080605876823));
#5719=CARTESIAN_POINT('Ctrl Pts',(-0.3027419503407,0.06955043188097,0.080605876823));
#5720=CARTESIAN_POINT('Ctrl Pts',(-0.3057569456823,0.0663888734695,0.080605876823));
#5721=CARTESIAN_POINT('Ctrl Pts',(-0.2965463584329,0.07571070330941,0.08060402643217));
#5722=CARTESIAN_POINT('Ctrl Pts',(-0.2996069855104,0.07259401725958,0.08060402643217));
#5723=CARTESIAN_POINT('Ctrl Pts',(-0.3026676125879,0.06947733120976,0.08060402643217));
#5724=CARTESIAN_POINT('Ctrl Pts',(-0.3057282396654,0.06636064515993,0.08060402643217));
#5725=CARTESIAN_POINT('',(-0.297222895393295,0.0759999999999916,0.080609577604667));
#5726=CARTESIAN_POINT('Ctrl Pts',(-0.307653619241602,0.0800000000000036,
0.0807020838901908));
#5727=CARTESIAN_POINT('Ctrl Pts',(-0.305690316390094,0.079999999999996,
0.0806861873890584));
#5728=CARTESIAN_POINT('Ctrl Pts',(-0.303727673962171,0.0796250291214629,
0.0806702908879261));
#5729=CARTESIAN_POINT('Ctrl Pts',(-0.301902651311617,0.0789012540101881,
0.0806543943867937));
#5730=CARTESIAN_POINT('Ctrl Pts',(-0.300187564412404,0.0782210776787072,
0.0806394554594182));
#5731=CARTESIAN_POINT('Ctrl Pts',(-0.298594846261599,0.0772336586759302,
0.0806245165320426));
#5732=CARTESIAN_POINT('Ctrl Pts',(-0.297222895393285,0.076000000000003,
0.080609577604667));
#5733=CARTESIAN_POINT('',(-0.301435477770004,0.0713151903664755,0.0806095776046647));
#5734=CARTESIAN_POINT('Ctrl Pts',(-0.3083490641834,0.08023728610774,-0.08246331128061));
#5735=CARTESIAN_POINT('Ctrl Pts',(-0.3081574329922,0.07587329146224,-0.08246331128061));
#5736=CARTESIAN_POINT('Ctrl Pts',(-0.307965801801,0.07150929681674,-0.08246331128061));
#5737=CARTESIAN_POINT('Ctrl Pts',(-0.3077741706098,0.06714530217124,-0.08246331128061));
#5738=CARTESIAN_POINT('Ctrl Pts',(-0.3081173915805,0.08024761784928,-0.08246026567975));
#5739=CARTESIAN_POINT('Ctrl Pts',(-0.3079895982206,0.07588077627253,-0.08246026567975));
#5740=CARTESIAN_POINT('Ctrl Pts',(-0.3078618048607,0.07151393469578,-0.08246026567975));
#5741=CARTESIAN_POINT('Ctrl Pts',(-0.3077340115008,0.06714709311902,-0.08246026567975));
#5742=CARTESIAN_POINT('Ctrl Pts',(-0.3059504434504,0.08029570004184,-0.08243180517982));
#5743=CARTESIAN_POINT('Ctrl Pts',(-0.3064197568153,0.07591560932445,-0.08243180517982));
#5744=CARTESIAN_POINT('Ctrl Pts',(-0.3068890701801,0.07153551860707,-0.08243180517982));
#5745=CARTESIAN_POINT('Ctrl Pts',(-0.3073583835449,0.06715542788968,-0.08243180517982));
#5746=CARTESIAN_POINT('Ctrl Pts',(-0.3018491648148,0.07953616530403,-0.08237792978083));
#5747=CARTESIAN_POINT('Ctrl Pts',(-0.3034485933953,0.0753653658444,-0.08237792978083));
#5748=CARTESIAN_POINT('Ctrl Pts',(-0.3050480219759,0.07119456638476,-0.08237792978083));
#5749=CARTESIAN_POINT('Ctrl Pts',(-0.3066474505564,0.06702376692513,-0.08237792978083));
#5750=CARTESIAN_POINT('Ctrl Pts',(-0.2982916437074,0.07735868441208,-0.08232405438184));
#5751=CARTESIAN_POINT('Ctrl Pts',(-0.3008713540709,0.07378789399999,-0.08232405438184));
#5752=CARTESIAN_POINT('Ctrl Pts',(-0.3034510644345,0.0702171035879,-0.08232405438184));
#5753=CARTESIAN_POINT('Ctrl Pts',(-0.306030774798,0.06664631317581,-0.08232405438184));
#5754=CARTESIAN_POINT('Ctrl Pts',(-0.2967124727948,0.07587403114462,-0.08229559388191));
#5755=CARTESIAN_POINT('Ctrl Pts',(-0.2997273267404,0.07271233979568,-0.08229559388191));
#5756=CARTESIAN_POINT('Ctrl Pts',(-0.302742180686,0.06955064844675,-0.08229559388191));
#5757=CARTESIAN_POINT('Ctrl Pts',(-0.3057570346316,0.06638895709782,-0.08229559388191));
#5758=CARTESIAN_POINT('Ctrl Pts',(-0.2965471115992,0.07571144389168,-0.08229254828105));
#5759=CARTESIAN_POINT('Ctrl Pts',(-0.2996075311403,0.07259455377299,-0.08229254828105));
#5760=CARTESIAN_POINT('Ctrl Pts',(-0.3026679506814,0.06947766365429,-0.08229254828105));
#5761=CARTESIAN_POINT('Ctrl Pts',(-0.3057283702224,0.06636077353559,-0.08229254828105));
#5762=CARTESIAN_POINT('',(-0.302673687353716,0.0699381784370611,-0.0823016850836284));
#5763=CARTESIAN_POINT('',(-0.301435479487611,0.0713151884562791,-0.0823016850836284));
#5764=CARTESIAN_POINT('',(-0.297222895393302,0.075999999999994,-0.0823016850836291));
#5765=CARTESIAN_POINT('Ctrl Pts',(-0.307653619241602,0.0800000000000018,
-0.0824541744780293));
#5766=CARTESIAN_POINT('Ctrl Pts',(-0.305690316390094,0.0799999999999942,
-0.0824279703361483));
#5767=CARTESIAN_POINT('Ctrl Pts',(-0.303727673962171,0.079625029121461,
-0.0824017661942672));
#5768=CARTESIAN_POINT('Ctrl Pts',(-0.301902651311617,0.0789012540101861,
-0.0823755620523861));
#5769=CARTESIAN_POINT('Ctrl Pts',(-0.300187564412407,0.0782210776787062,
-0.0823509363961338));
#5770=CARTESIAN_POINT('Ctrl Pts',(-0.298594846261603,0.077233658675931,
-0.0823263107398815));
#5771=CARTESIAN_POINT('Ctrl Pts',(-0.297222895393291,0.0760000000000063,
-0.0823016850836291));
#5772=CARTESIAN_POINT('',(-0.301435479487611,0.0713151884562791,-0.0823016850836284));
#5773=CARTESIAN_POINT('Origin',(-0.255499999999938,0.122400000000054,-0.08555991033739));
#5774=CARTESIAN_POINT('',(-0.18105903862688,0.113259799244604,0.05344636227949));
#5775=CARTESIAN_POINT('',(-0.189389993066707,0.0869815445948883,0.0784423057124396));
#5776=CARTESIAN_POINT('Ctrl Pts',(-0.181059038626814,0.113259799244565,
0.05344636227949));
#5777=CARTESIAN_POINT('Ctrl Pts',(-0.181059038626814,0.113259799244566,
0.055110916245131));
#5778=CARTESIAN_POINT('Ctrl Pts',(-0.181081287752821,0.11307302681724,0.0567699587950922));
#5779=CARTESIAN_POINT('Ctrl Pts',(-0.181177473321565,0.112335122967641,
0.0600332368111546));
#5780=CARTESIAN_POINT('Ctrl Pts',(-0.18125168503621,0.111783479377088,0.0616257166619823));
#5781=CARTESIAN_POINT('Ctrl Pts',(-0.181574391951855,0.109672046650355,
0.0661179622686304));
#5782=CARTESIAN_POINT('Ctrl Pts',(-0.181917932429302,0.10768046848158,0.0687584113413878));
#5783=CARTESIAN_POINT('Ctrl Pts',(-0.183064161604403,0.10278603380141,0.0732904789956948));
#5784=CARTESIAN_POINT('Ctrl Pts',(-0.183886564173357,0.0998816052196118,
0.0751001043968713));
#5785=CARTESIAN_POINT('Ctrl Pts',(-0.186167103035758,0.09359426105349,0.0776865403210687));
#5786=CARTESIAN_POINT('Ctrl Pts',(-0.187647637997953,0.0902337221490708,
0.0783834454338399));
#5787=CARTESIAN_POINT('Ctrl Pts',(-0.189389993066672,0.0869815445948694,
0.0784423057124411));
#5788=CARTESIAN_POINT('Ctrl Pts',(-0.189389993066671,0.0869815445948694,
0.0784423057124396));
#5789=CARTESIAN_POINT('Ctrl Pts',(-0.192394038270301,0.0813743703980314,
0.0785437884358928));
#5790=CARTESIAN_POINT('Ctrl Pts',(-0.196115063780533,0.0761518212220528,
0.0786452711593461));
#5791=CARTESIAN_POINT('Ctrl Pts',(-0.200433771984438,0.071481334148025,
0.0787467538827993));
#5792=CARTESIAN_POINT('Ctrl Pts',(-0.204751032773328,0.0668124123876973,
0.0788482025943187));
#5793=CARTESIAN_POINT('Ctrl Pts',(-0.209664972712111,0.0626958305924398,
0.0789496513058381));
#5794=CARTESIAN_POINT('Ctrl Pts',(-0.215018153427753,0.0592634804720371,
0.0790511000173575));
#5795=CARTESIAN_POINT('Ctrl Pts',(-0.22036981205946,0.0558321062807606,
0.0791525198836983));
#5796=CARTESIAN_POINT('Ctrl Pts',(-0.226159716474863,0.053085049652927,
0.0792539397500391));
#5797=CARTESIAN_POINT('Ctrl Pts',(-0.232202467620244,0.0511102743376369,
0.0793553596163799));
#5798=CARTESIAN_POINT('Ctrl Pts',(-0.238429820191566,0.0490751711467903,
0.0794598777820705));
#5799=CARTESIAN_POINT('Ctrl Pts',(-0.244924858209384,0.0478608294844103,
0.0795643959477612));
#5800=CARTESIAN_POINT('Ctrl Pts',(-0.251466833755334,0.0475085213789921,
0.0796689141134518));
#5801=CARTESIAN_POINT('Ctrl Pts',(-0.257816806938023,0.047166553267718,
0.0797703647447753));
#5802=CARTESIAN_POINT('Ctrl Pts',(-0.264210064114466,0.047636547132116,
0.0798718153760989));
#5803=CARTESIAN_POINT('Ctrl Pts',(-0.270441763192482,0.0489034442120204,
0.0799732660074224));
#5804=CARTESIAN_POINT('Ctrl Pts',(-0.276956101483849,0.0502278015109726,
0.0800793179402966));
#5805=CARTESIAN_POINT('Ctrl Pts',(-0.283292792864986,0.0524232096307055,
0.0801853698731709));
#5806=CARTESIAN_POINT('Ctrl Pts',(-0.289230170760555,0.0554128700386564,
0.0802914218060451));
#5807=CARTESIAN_POINT('Ctrl Pts',(-0.295167548656124,0.0584025304466073,
0.0803974737389194));
#5808=CARTESIAN_POINT('Ctrl Pts',(-0.300704626992814,0.0621859466232039,
0.0805035256717936));
#5809=CARTESIAN_POINT('Ctrl Pts',(-0.305647710809256,0.0666307692308332,
0.0806095776046678));
#5810=CARTESIAN_POINT('',(-0.189235003538064,0.0872723720712422,-0.0787204399850583));
#5811=CARTESIAN_POINT('Ctrl Pts',(-0.305647710809231,0.0666307692308113,
-0.0823016850836288));
#5812=CARTESIAN_POINT('Ctrl Pts',(-0.300917568492172,0.0623774236900739,
-0.082134397688662));
#5813=CARTESIAN_POINT('Ctrl Pts',(-0.295643725065457,0.0587293903555864,
-0.0819671102936952));
#5814=CARTESIAN_POINT('Ctrl Pts',(-0.289995264213083,0.0558036281253722,
-0.0817998228987285));
#5815=CARTESIAN_POINT('Ctrl Pts',(-0.284348701404224,0.0528788490344899,
-0.0816325917170849));
#5816=CARTESIAN_POINT('Ctrl Pts',(-0.278328560114177,0.050676260224433,
-0.0814653605354412));
#5817=CARTESIAN_POINT('Ctrl Pts',(-0.272127722493941,0.049266431478697,
-0.0812981293537976));
#5818=CARTESIAN_POINT('Ctrl Pts',(-0.265928653408637,0.0478570048288613,
-0.0811309458679985));
#5819=CARTESIAN_POINT('Ctrl Pts',(-0.259549853336368,0.0472400796371064,
-0.0809637623821993));
#5820=CARTESIAN_POINT('Ctrl Pts',(-0.25319558022428,0.047435410696149,-0.0807965788964002));
#5821=CARTESIAN_POINT('Ctrl Pts',(-0.24661979434535,0.0476375510821714,
-0.080623567320455));
#5822=CARTESIAN_POINT('Ctrl Pts',(-0.240071281950946,0.0487098617179779,
-0.0804505557445098));
#5823=CARTESIAN_POINT('Ctrl Pts',(-0.233774457267022,0.0506155950574354,
-0.0802775441685647));
#5824=CARTESIAN_POINT('Ctrl Pts',(-0.227687880347083,0.0524576969328638,
-0.0801103093608816));
#5825=CARTESIAN_POINT('Ctrl Pts',(-0.221837268776522,0.0550779361241787,
-0.0799430745531985));
#5826=CARTESIAN_POINT('Ctrl Pts',(-0.216410081114421,0.0583923579443645,
-0.0797758397455155));
#5827=CARTESIAN_POINT('Ctrl Pts',(-0.210701687590874,0.0618785141693965,
-0.0795999397854393));
#5828=CARTESIAN_POINT('Ctrl Pts',(-0.205462900768854,0.0661325338905048,
-0.0794240398253631));
#5829=CARTESIAN_POINT('Ctrl Pts',(-0.200879231505176,0.0710037778718935,
-0.0792481398652869));
#5830=CARTESIAN_POINT('Ctrl Pts',(-0.196295562241498,0.0758750218532822,
-0.0790722399052107));
#5831=CARTESIAN_POINT('Ctrl Pts',(-0.192367790769766,0.0813626609102892,
-0.0788963399451345));
#5832=CARTESIAN_POINT('Ctrl Pts',(-0.189235003538015,0.0872723720712159,
-0.0787204399850583));
#5833=CARTESIAN_POINT('',(-0.181059038626876,0.113259799244613,-0.05373145826957));
#5834=CARTESIAN_POINT('Ctrl Pts',(-0.189235003538015,0.0872723720712158,
-0.0787204399850558));
#5835=CARTESIAN_POINT('Ctrl Pts',(-0.187531912705362,0.0904850942119951,
-0.0786248147199849));
#5836=CARTESIAN_POINT('Ctrl Pts',(-0.186086515822021,0.0937958208050764,
-0.0779092850776554));
#5837=CARTESIAN_POINT('Ctrl Pts',(-0.183842970898284,0.100022507619712,
-0.0753065797024396));
#5838=CARTESIAN_POINT('Ctrl Pts',(-0.183030186864995,0.102914237725606,
-0.0734825897967281));
#5839=CARTESIAN_POINT('Ctrl Pts',(-0.181899245232696,0.107777010057269,
-0.0689285763683879));
#5840=CARTESIAN_POINT('Ctrl Pts',(-0.181561377476495,0.109750084962533,
-0.0662808617509329));
#5841=CARTESIAN_POINT('Ctrl Pts',(-0.181246215503982,0.11182309296578,-0.0618029493251422));
#5842=CARTESIAN_POINT('Ctrl Pts',(-0.181174146311074,0.112360092881661,
-0.0602300600444327));
#5843=CARTESIAN_POINT('Ctrl Pts',(-0.181080704652997,0.113078072252687,
-0.0570098580332948));
#5844=CARTESIAN_POINT('Ctrl Pts',(-0.181059038626814,0.113259799244564,
-0.0553732454123055));
#5845=CARTESIAN_POINT('Ctrl Pts',(-0.181059038626808,0.113259799244615,
-0.05373145826957));
#5846=CARTESIAN_POINT('',(-0.181059038626856,0.113259799244594,-0.000846053739479997));
#5847=CARTESIAN_POINT('Origin',(-0.307653619241663,0.0643999999998655,-0.0857172996453998));
#5848=CARTESIAN_POINT('',(-0.297222895393279,0.0760000000000128,-0.000876045293921177));
#5849=CARTESIAN_POINT('Ctrl Pts',(-0.2987007222526,0.07772292421749,0.08065292253477));
#5850=CARTESIAN_POINT('Ctrl Pts',(-0.301737161254,0.07458271710287,0.08065292253477));
#5851=CARTESIAN_POINT('Ctrl Pts',(-0.3047736002554,0.07144250998825,0.08065292253477));
#5852=CARTESIAN_POINT('Ctrl Pts',(-0.3078100392568,0.06830230287363,0.08065292253477));
#5853=CARTESIAN_POINT('Ctrl Pts',(-0.2981613386748,0.0772011178612,0.08063847422473));
#5854=CARTESIAN_POINT('Ctrl Pts',(-0.3011598661496,0.07402423466598,0.08063847422473));
#5855=CARTESIAN_POINT('Ctrl Pts',(-0.3041583936243,0.07084735147075,0.08063847422473));
#5856=CARTESIAN_POINT('Ctrl Pts',(-0.3071569210991,0.06767046827553,0.08063847422473));
#5857=CARTESIAN_POINT('Ctrl Pts',(-0.2941816971998,0.07348952066686,0.08053372291919));
#5858=CARTESIAN_POINT('Ctrl Pts',(-0.2969005085505,0.07005176131285,0.08053372291919));
#5859=CARTESIAN_POINT('Ctrl Pts',(-0.2996193199011,0.06661400195883,0.08053372291919));
#5860=CARTESIAN_POINT('Ctrl Pts',(-0.3023381312518,0.06317624260481,0.08053372291919));
#5861=CARTESIAN_POINT('Ctrl Pts',(-0.2858781446527,0.06757201768538,0.08033866861814));
#5862=CARTESIAN_POINT('Ctrl Pts',(-0.288013326159,0.06371833619148,0.08033866861814));
#5863=CARTESIAN_POINT('Ctrl Pts',(-0.2901485076653,0.05986465469758,0.08033866861814));
#5864=CARTESIAN_POINT('Ctrl Pts',(-0.2922836891716,0.05601097320367,0.08033866861814));
#5865=CARTESIAN_POINT('Ctrl Pts',(-0.2727946041001,0.06215186838471,0.08006775963161));
#5866=CARTESIAN_POINT('Ctrl Pts',(-0.2740101858697,0.05791722213208,0.08006775963161));
#5867=CARTESIAN_POINT('Ctrl Pts',(-0.2752257676393,0.05368257587945,0.08006775963161));
#5868=CARTESIAN_POINT('Ctrl Pts',(-0.2764413494089,0.04944792962681,0.08006775963161));
#5869=CARTESIAN_POINT('Ctrl Pts',(-0.2588282841035,0.05980716858834,0.07979685064508));
#5870=CARTESIAN_POINT('Ctrl Pts',(-0.2590622184253,0.05540772097274,0.07979685064508));
#5871=CARTESIAN_POINT('Ctrl Pts',(-0.259296152747,0.05100827335714,0.07979685064508));
#5872=CARTESIAN_POINT('Ctrl Pts',(-0.2595300870688,0.04660882574154,0.07979685064508));
#5873=CARTESIAN_POINT('Ctrl Pts',(-0.2446920594281,0.06065756110517,0.07952594165855));
#5874=CARTESIAN_POINT('Ctrl Pts',(-0.2439324042519,0.05631788482833,0.07952594165855));
#5875=CARTESIAN_POINT('Ctrl Pts',(-0.2431727490756,0.0519782085515,0.07952594165855));
#5876=CARTESIAN_POINT('Ctrl Pts',(-0.2424130938994,0.04763853227466,0.07952594165855));
#5877=CARTESIAN_POINT('Ctrl Pts',(-0.2311075359183,0.06465965262293,0.07925503267203));
#5878=CARTESIAN_POINT('Ctrl Pts',(-0.229393068534,0.06060127041105,0.07925503267203));
#5879=CARTESIAN_POINT('Ctrl Pts',(-0.2276786011498,0.05654288819918,0.07925503267203));
#5880=CARTESIAN_POINT('Ctrl Pts',(-0.2259641337656,0.05248450598731,0.07925503267203));
#5881=CARTESIAN_POINT('Ctrl Pts',(-0.2187681514226,0.07160913473667,0.0789841236855));
#5882=CARTESIAN_POINT('Ctrl Pts',(-0.2161863886233,0.06803920913916,0.0789841236855));
#5883=CARTESIAN_POINT('Ctrl Pts',(-0.213604625824,0.06446928354166,0.0789841236855));
#5884=CARTESIAN_POINT('Ctrl Pts',(-0.2110228630247,0.06089935794415,0.0789841236855));
#5885=CARTESIAN_POINT('Ctrl Pts',(-0.2083037503267,0.0811513232454,0.07871321469897));
#5886=CARTESIAN_POINT('Ctrl Pts',(-0.2049864786295,0.07825208720668,0.07871321469897));
#5887=CARTESIAN_POINT('Ctrl Pts',(-0.2016692069323,0.07535285116795,0.07871321469897));
#5888=CARTESIAN_POINT('Ctrl Pts',(-0.198351935235,0.07245361512923,0.07871321469897));
#5889=CARTESIAN_POINT('Ctrl Pts',(-0.2025040544703,0.08953758310374,0.07851816039792));
#5890=CARTESIAN_POINT('Ctrl Pts',(-0.1987791409149,0.08722779013869,0.07851816039792));
#5891=CARTESIAN_POINT('Ctrl Pts',(-0.1950542273595,0.08491799717365,0.07851816039792));
#5892=CARTESIAN_POINT('Ctrl Pts',(-0.191329313804,0.0826082042086,0.07851816039792));
#5893=CARTESIAN_POINT('Ctrl Pts',(-0.2000218391292,0.09438032065635,0.07841340909237));
#5894=CARTESIAN_POINT('Ctrl Pts',(-0.1961224586881,0.09241090804634,0.07841340909237));
#5895=CARTESIAN_POINT('Ctrl Pts',(-0.192223078247,0.09044149543633,0.07841340909237));
#5896=CARTESIAN_POINT('Ctrl Pts',(-0.1883236978059,0.08847208282632,0.07841340909237));
#5897=CARTESIAN_POINT('Ctrl Pts',(-0.1996917802479,0.09505432188213,0.07839896078234));
#5898=CARTESIAN_POINT('Ctrl Pts',(-0.1957692010359,0.09313228263771,0.07839896078234));
#5899=CARTESIAN_POINT('Ctrl Pts',(-0.1918466218238,0.09121024339329,0.07839896078234));
#5900=CARTESIAN_POINT('Ctrl Pts',(-0.1879240426117,0.08928820414887,0.07839896078234));
#5901=CARTESIAN_POINT('',(-0.200496474231498,0.0929318451029514,0.0784423057124396));
#5902=CARTESIAN_POINT('Ctrl Pts',(-0.297222895393357,0.0759999999999224,
0.080609577604667));
#5903=CARTESIAN_POINT('Ctrl Pts',(-0.293102261838636,0.0722947249404997,
0.0805033196915686));
#5904=CARTESIAN_POINT('Ctrl Pts',(-0.288485494086265,0.0691418939122555,
0.0803970617784703));
#5905=CARTESIAN_POINT('Ctrl Pts',(-0.2835347146586,0.0666522218019404,0.0802908038653719));
#5906=CARTESIAN_POINT('Ctrl Pts',(-0.278585666356944,0.064163420248718,
0.0801845831071983));
#5907=CARTESIAN_POINT('Ctrl Pts',(-0.273303668879601,0.0623377274264782,
0.0800783623490247));
#5908=CARTESIAN_POINT('Ctrl Pts',(-0.267874076644549,0.0612392100508761,
0.0799721415908511));
#5909=CARTESIAN_POINT('Ctrl Pts',(-0.262446080495685,0.0601410155961003,
0.0798659520573953));
#5910=CARTESIAN_POINT('Ctrl Pts',(-0.256871483405657,0.0597697500681616,
0.0797597625239395));
#5911=CARTESIAN_POINT('Ctrl Pts',(-0.251345793834616,0.060138434237979,
0.0796535729904836));
#5912=CARTESIAN_POINT('Ctrl Pts',(-0.245814775278124,0.0605074739675057,
0.0795472810476413));
#5913=CARTESIAN_POINT('Ctrl Pts',(-0.240333684751734,0.0616178378273238,
0.079440989104799));
#5914=CARTESIAN_POINT('Ctrl Pts',(-0.23509511835828,0.0634305095393587,
0.0793346971619567));
#5915=CARTESIAN_POINT('Ctrl Pts',(-0.229860391279216,0.0652418527549951,
0.0792284831198519));
#5916=CARTESIAN_POINT('Ctrl Pts',(-0.224868706569732,0.0677541658072215,
0.079122269077747));
#5917=CARTESIAN_POINT('Ctrl Pts',(-0.220295209154285,0.0708792983208935,
0.0790160550356422));
#5918=CARTESIAN_POINT('Ctrl Pts',(-0.215719109997746,0.0740062086393696,
0.0789097805711926));
#5919=CARTESIAN_POINT('Ctrl Pts',(-0.211562442554283,0.0777461166601215,
0.0788035061067431));
#5920=CARTESIAN_POINT('Ctrl Pts',(-0.207971217450518,0.0819676512015366,
0.0786972316422934));
#5921=CARTESIAN_POINT('Ctrl Pts',(-0.205099733055112,0.0853431206333013,
0.0786122563323422));
#5922=CARTESIAN_POINT('Ctrl Pts',(-0.202589287275133,0.0890255232930857,
0.0785272810223909));
#5923=CARTESIAN_POINT('Ctrl Pts',(-0.200496474231546,0.0929318451029776,
0.0784423057124396));
#5924=CARTESIAN_POINT('',(-0.1949430033824,0.089956571483455,0.0784423057124385));
#5925=CARTESIAN_POINT('Ctrl Pts',(-0.193816625452,0.1148154867464,0.05269307861445));
#5926=CARTESIAN_POINT('Ctrl Pts',(-0.1894811566616,0.1142824027389,0.05269307861445));
#5927=CARTESIAN_POINT('Ctrl Pts',(-0.1851456878712,0.1137493187314,0.05269307861445));
#5928=CARTESIAN_POINT('Ctrl Pts',(-0.1808102190808,0.1132162347239,0.05269307861445));
#5929=CARTESIAN_POINT('Ctrl Pts',(-0.1938157950572,0.1148225530616,0.05294409799025));
#5930=CARTESIAN_POINT('Ctrl Pts',(-0.1894802679017,0.1142899657161,0.05294409799025));
#5931=CARTESIAN_POINT('Ctrl Pts',(-0.1851447407463,0.1137573783706,0.05294409799025));
#5932=CARTESIAN_POINT('Ctrl Pts',(-0.1808092135909,0.113224791025,0.05294409799025));
#5933=CARTESIAN_POINT('Ctrl Pts',(-0.1938126671797,0.1148487988986,0.05481271457221));
#5934=CARTESIAN_POINT('Ctrl Pts',(-0.1894769201787,0.1143180562642,0.05481271457221));
#5935=CARTESIAN_POINT('Ctrl Pts',(-0.1851411731778,0.1137873136298,0.05481271457221));
#5936=CARTESIAN_POINT('Ctrl Pts',(-0.1808054261768,0.1132565709954,0.05481271457221));
#5937=CARTESIAN_POINT('Ctrl Pts',(-0.1938502515031,0.1145334310359,0.05829876007357));
#5938=CARTESIAN_POINT('Ctrl Pts',(-0.1895171461485,0.1139805225013,0.05829876007357));
#5939=CARTESIAN_POINT('Ctrl Pts',(-0.1851840407938,0.1134276139667,0.05829876007357));
#5940=CARTESIAN_POINT('Ctrl Pts',(-0.1808509354392,0.1128747054321,0.05829876007357));
#5941=CARTESIAN_POINT('Ctrl Pts',(-0.1940237834059,0.113235274082,0.06296893552763));
#5942=CARTESIAN_POINT('Ctrl Pts',(-0.1897028748896,0.1125911234745,0.06296893552763));
#5943=CARTESIAN_POINT('Ctrl Pts',(-0.1853819663733,0.1119469728669,0.06296893552763));
#5944=CARTESIAN_POINT('Ctrl Pts',(-0.1810610578571,0.1113028222594,0.06296893552763));
#5945=CARTESIAN_POINT('Ctrl Pts',(-0.1943647415875,0.1111344460407,0.06728147378372));
#5946=CARTESIAN_POINT('Ctrl Pts',(-0.1900677976089,0.1103426369357,0.06728147378372));
#5947=CARTESIAN_POINT('Ctrl Pts',(-0.1857708536304,0.1095508278307,0.06728147378372));
#5948=CARTESIAN_POINT('Ctrl Pts',(-0.1814739096518,0.1087590187256,0.06728147378372));
#5949=CARTESIAN_POINT('Ctrl Pts',(-0.1949388215886,0.1083252803067,0.07107442612886));
#5950=CARTESIAN_POINT('Ctrl Pts',(-0.1906822273144,0.1073360265829,0.07107442612886));
#5951=CARTESIAN_POINT('Ctrl Pts',(-0.1864256330402,0.1063467728592,0.07107442612886));
#5952=CARTESIAN_POINT('Ctrl Pts',(-0.182169038766,0.1053575191354,0.07107442612886));
#5953=CARTESIAN_POINT('Ctrl Pts',(-0.1958160236085,0.1049383740901,0.07420534205405));
#5954=CARTESIAN_POINT('Ctrl Pts',(-0.1916210842293,0.1037110687632,0.07420534205405));
#5955=CARTESIAN_POINT('Ctrl Pts',(-0.1874261448501,0.1024837634364,0.07420534205405));
#5956=CARTESIAN_POINT('Ctrl Pts',(-0.1832312054709,0.1012564581095,0.07420534205405));
#5957=CARTESIAN_POINT('Ctrl Pts',(-0.1970529524193,0.1011356841753,0.0765566383652));
#5958=CARTESIAN_POINT('Ctrl Pts',(-0.1929449516405,0.09964110353206,0.0765566383652));
#5959=CARTESIAN_POINT('Ctrl Pts',(-0.1888369508618,0.09814652288885,0.0765566383652));
#5960=CARTESIAN_POINT('Ctrl Pts',(-0.1847289500831,0.09665194224563,0.0765566383652));
#5961=CARTESIAN_POINT('Ctrl Pts',(-0.1986759052169,0.09710108726805,0.07804001027195));
#5962=CARTESIAN_POINT('Ctrl Pts',(-0.194681975065,0.09532293152699,0.07804001027195));
#5963=CARTESIAN_POINT('Ctrl Pts',(-0.1906880449131,0.09354477578592,0.07804001027195));
#5964=CARTESIAN_POINT('Ctrl Pts',(-0.1866941147613,0.09176662004486,0.07804001027195));
#5965=CARTESIAN_POINT('Ctrl Pts',(-0.2000541165331,0.09428248149326,0.07842724428395));
#5966=CARTESIAN_POINT('Ctrl Pts',(-0.1961570551435,0.09230621763216,0.07842724428395));
#5967=CARTESIAN_POINT('Ctrl Pts',(-0.192259993754,0.09032995377106,0.07842724428395));
#5968=CARTESIAN_POINT('Ctrl Pts',(-0.1883629323644,0.08835368990996,0.07842724428395));
#5969=CARTESIAN_POINT('Ctrl Pts',(-0.2008268451969,0.0928497726651,0.07844580589856));
#5970=CARTESIAN_POINT('Ctrl Pts',(-0.1969840957031,0.0907728096374,0.07844580589856));
#5971=CARTESIAN_POINT('Ctrl Pts',(-0.1931413462093,0.08869584660969,0.07844580589856));
#5972=CARTESIAN_POINT('Ctrl Pts',(-0.1892985967154,0.08661888358199,0.07844580589856));
#5973=CARTESIAN_POINT('Ctrl Pts',(-0.2008813345219,0.09274942033749,0.07844621041738));
#5974=CARTESIAN_POINT('Ctrl Pts',(-0.1970424148569,0.09066540396053,0.07844621041738));
#5975=CARTESIAN_POINT('Ctrl Pts',(-0.193203495192,0.08858138758357,0.07844621041738));
#5976=CARTESIAN_POINT('Ctrl Pts',(-0.189364575527,0.0864973712066,0.07844621041738));
#5977=CARTESIAN_POINT('',(-0.193565120137586,0.114795352971531,0.0534463622794897));
#5978=CARTESIAN_POINT('',(-0.187312039634291,0.114027571227653,0.05344636227949));
#5979=CARTESIAN_POINT('Ctrl Pts',(-0.193565120137612,0.114795352971535,
0.0534463622794897));
#5980=CARTESIAN_POINT('Ctrl Pts',(-0.193565120137613,0.114795352971528,
0.0550638430041385));
#5981=CARTESIAN_POINT('Ctrl Pts',(-0.193582642225896,0.114648436347812,
0.0566813015388532));
#5982=CARTESIAN_POINT('Ctrl Pts',(-0.193620423191724,0.114357738251926,
0.0582683933818876));
#5983=CARTESIAN_POINT('Ctrl Pts',(-0.193658204157551,0.11406704015604,0.0598554852249219));
#5984=CARTESIAN_POINT('Ctrl Pts',(-0.193716319878823,0.113632570965268,
0.061412210376276));
#5985=CARTESIAN_POINT('Ctrl Pts',(-0.193802391959036,0.113063771531319,
0.062909329327968));
#5986=CARTESIAN_POINT('Ctrl Pts',(-0.193888464039248,0.112494972097371,
0.06440644827966));
#5987=CARTESIAN_POINT('Ctrl Pts',(-0.194002634001428,0.111791864679567,
0.06584396103169));
#5988=CARTESIAN_POINT('Ctrl Pts',(-0.194155727086055,0.110970206447392,
0.067194876131895));
#5989=CARTESIAN_POINT('Ctrl Pts',(-0.194308820170682,0.110148548215216,
0.0685457912321));
#5990=CARTESIAN_POINT('Ctrl Pts',(-0.194501023736294,0.109208374918445,
0.06981010868048));
#5991=CARTESIAN_POINT('Ctrl Pts',(-0.194743850161615,0.108171498434076,
0.070964086725535));
#5992=CARTESIAN_POINT('Ctrl Pts',(-0.194986676586936,0.107134621949707,
0.07211806477059));
#5993=CARTESIAN_POINT('Ctrl Pts',(-0.195280331623734,0.106001090898119,
0.07316170341232));
#5994=CARTESIAN_POINT('Ctrl Pts',(-0.195634083393413,0.104797953844826,
0.07407540545171));
#5995=CARTESIAN_POINT('Ctrl Pts',(-0.195987835163093,0.103594816791533,
0.0749891074911));
#5996=CARTESIAN_POINT('Ctrl Pts',(-0.196401876123131,0.102322130040505,
0.07577287292815));
#5997=CARTESIAN_POINT('Ctrl Pts',(-0.196880431072124,0.101010606864484,
0.0764119842977999));
#5998=CARTESIAN_POINT('Ctrl Pts',(-0.197358986021117,0.0996990836884626,
0.0770510956674498));
#5999=CARTESIAN_POINT('Ctrl Pts',(-0.197902204846462,0.0983487775861763,
0.0775455529696995));
#6000=CARTESIAN_POINT('Ctrl Pts',(-0.198507155980095,0.0969918176463078,
0.0778860712144314));
#6001=CARTESIAN_POINT('Ctrl Pts',(-0.199112107113728,0.0956348577064393,
0.0782265894591633));
#6002=CARTESIAN_POINT('Ctrl Pts',(-0.199778872472446,0.094271278365296,
0.0784131686463773));
#6003=CARTESIAN_POINT('Ctrl Pts',(-0.200496474231547,0.0929318451029776,
0.0784423057124396));
#6004=CARTESIAN_POINT('Origin',(-0.1938152417678,0.1148260640461,0.05558991869047));
#6005=CARTESIAN_POINT('',(-0.193565120137584,0.114795352971526,-0.0537314582695698));
#6006=CARTESIAN_POINT('',(-0.18731207938225,0.1140275761081,-0.05373145826957));
#6007=CARTESIAN_POINT('',(-0.193565120137592,0.114795352971562,-0.00014254799504));
#6008=CARTESIAN_POINT('Ctrl Pts',(-0.2007502469308,0.09299216775863,-0.07872857427797));
#6009=CARTESIAN_POINT('Ctrl Pts',(-0.1969021171301,0.09092521495468,-0.07872857427797));
#6010=CARTESIAN_POINT('Ctrl Pts',(-0.1930539873294,0.08885826215072,-0.07872857427797));
#6011=CARTESIAN_POINT('Ctrl Pts',(-0.1892058575287,0.08679130934677,-0.07872857427797));
#6012=CARTESIAN_POINT('Ctrl Pts',(-0.200696641685,0.09309194613489,-0.07872674540767));
#6013=CARTESIAN_POINT('Ctrl Pts',(-0.196844744197,0.09103200633321,-0.07872674540767));
#6014=CARTESIAN_POINT('Ctrl Pts',(-0.1929928467091,0.08897206653154,-0.07872674540767));
#6015=CARTESIAN_POINT('Ctrl Pts',(-0.1891409492212,0.08691212672987,-0.07872674540767));
#6016=CARTESIAN_POINT('Ctrl Pts',(-0.1999361861812,0.09451693154589,-0.07868806783599));
#6017=CARTESIAN_POINT('Ctrl Pts',(-0.1960308394753,0.09255714797357,-0.07868806783599));
#6018=CARTESIAN_POINT('Ctrl Pts',(-0.1921254927694,0.09059736440126,-0.07868806783599));
#6019=CARTESIAN_POINT('Ctrl Pts',(-0.1882201460635,0.08863758082894,-0.07868806783599));
#6020=CARTESIAN_POINT('Ctrl Pts',(-0.1985818576777,0.09731598794276,-0.07826740748335));
#6021=CARTESIAN_POINT('Ctrl Pts',(-0.1945813209192,0.09555293826842,-0.07826740748335));
#6022=CARTESIAN_POINT('Ctrl Pts',(-0.1905807841608,0.09378988859408,-0.07826740748335));
#6023=CARTESIAN_POINT('Ctrl Pts',(-0.1865802474023,0.09202683891974,-0.07826740748335));
#6024=CARTESIAN_POINT('Ctrl Pts',(-0.196989855408,0.101313068371,-0.07675163716031));
#6025=CARTESIAN_POINT('Ctrl Pts',(-0.1928774235078,0.09983095666347,-0.07675163716031));
#6026=CARTESIAN_POINT('Ctrl Pts',(-0.1887649916076,0.09834884495596,-0.07675163716031));
#6027=CARTESIAN_POINT('Ctrl Pts',(-0.1846525597075,0.09686673324845,-0.07675163716031));
#6028=CARTESIAN_POINT('Ctrl Pts',(-0.1957777131417,0.105073265641,-0.07438423858228));
#6029=CARTESIAN_POINT('Ctrl Pts',(-0.1915800848613,0.1038554423797,-0.07438423858228));
#6030=CARTESIAN_POINT('Ctrl Pts',(-0.187382456581,0.1026376191185,-0.07438423858228));
#6031=CARTESIAN_POINT('Ctrl Pts',(-0.1831848283006,0.1014197958572,-0.07438423858228));
#6032=CARTESIAN_POINT('Ctrl Pts',(-0.1949182199244,0.1084174755029,-0.07125279322626));
#6033=CARTESIAN_POINT('Ctrl Pts',(-0.1906601814819,0.1074347026831,-0.07125279322626));
#6034=CARTESIAN_POINT('Ctrl Pts',(-0.1864021430393,0.1064519298633,-0.07125279322626));
#6035=CARTESIAN_POINT('Ctrl Pts',(-0.1821441045968,0.1054691570435,-0.07125279322626));
#6036=CARTESIAN_POINT('Ctrl Pts',(-0.1943553211539,0.1111882855079,-0.06747314775923));
#6037=CARTESIAN_POINT('Ctrl Pts',(-0.1900577189249,0.110400261266,-0.06747314775923));
#6038=CARTESIAN_POINT('Ctrl Pts',(-0.185760116696,0.1096122370242,-0.06747314775923));
#6039=CARTESIAN_POINT('Ctrl Pts',(-0.1814625144671,0.1088242127823,-0.06747314775923));
#6040=CARTESIAN_POINT('Ctrl Pts',(-0.194020488118,0.1132589143808,-0.06318513274946));
#6041=CARTESIAN_POINT('Ctrl Pts',(-0.1896993518837,0.1126164259309,-0.06318513274946));
#6042=CARTESIAN_POINT('Ctrl Pts',(-0.1853782156494,0.111973937481,-0.06318513274946));
#6043=CARTESIAN_POINT('Ctrl Pts',(-0.1810570794151,0.1113314490311,-0.06318513274946));
#6044=CARTESIAN_POINT('Ctrl Pts',(-0.1938497387364,0.1145378303367,-0.05854737115408));
#6045=CARTESIAN_POINT('Ctrl Pts',(-0.1895166012464,0.1139852315087,-0.05854737115408));
#6046=CARTESIAN_POINT('Ctrl Pts',(-0.1851834637564,0.1134326326807,-0.05854737115408));
#6047=CARTESIAN_POINT('Ctrl Pts',(-0.1808503262665,0.1128800338527,-0.05854737115408));
#6048=CARTESIAN_POINT('Ctrl Pts',(-0.1938127019934,0.1148484622242,-0.0550874766392));
#6049=CARTESIAN_POINT('Ctrl Pts',(-0.1894769613466,0.1143176964047,-0.0550874766392));
#6050=CARTESIAN_POINT('Ctrl Pts',(-0.1851412206998,0.1137869305852,-0.0550874766392));
#6051=CARTESIAN_POINT('Ctrl Pts',(-0.180805480053,0.1132561647656,-0.0550874766392));
#6052=CARTESIAN_POINT('Ctrl Pts',(-0.1938157850869,0.1148226039257,-0.05323285077852));
#6053=CARTESIAN_POINT('Ctrl Pts',(-0.1894802611377,0.1142900206352,-0.05323285077852));
#6054=CARTESIAN_POINT('Ctrl Pts',(-0.1851447371886,0.1137574373447,-0.05323285077852));
#6055=CARTESIAN_POINT('Ctrl Pts',(-0.1808092132395,0.1132248540542,-0.05323285077852));
#6056=CARTESIAN_POINT('Ctrl Pts',(-0.1938166039171,0.1148156406705,-0.05298365737545));
#6057=CARTESIAN_POINT('Ctrl Pts',(-0.1894811375202,0.114282567962,-0.05298365737545));
#6058=CARTESIAN_POINT('Ctrl Pts',(-0.1851456711232,0.1137494952536,-0.05298365737545));
#6059=CARTESIAN_POINT('Ctrl Pts',(-0.1808102047262,0.1132164225451,-0.05298365737545));
#6060=CARTESIAN_POINT('',(-0.200367522943693,0.0931738135632521,-0.0787204399850584));
#6061=CARTESIAN_POINT('',(-0.194801229102203,0.0902230747200454,-0.0787204399850563));
#6062=CARTESIAN_POINT('Ctrl Pts',(-0.200367522943721,0.0931738135632668,
-0.0787204399850584));
#6063=CARTESIAN_POINT('Ctrl Pts',(-0.199661361771618,0.0945059208056299,
-0.0786727842306545));
#6064=CARTESIAN_POINT('Ctrl Pts',(-0.19900613876561,0.0958600659348612,
-0.0784700958570017));
#6065=CARTESIAN_POINT('Ctrl Pts',(-0.198412138659485,0.0972060307303154,
-0.0781161232830022));
#6066=CARTESIAN_POINT('Ctrl Pts',(-0.197818138553359,0.0985519955257697,
-0.0777621507090027));
#6067=CARTESIAN_POINT('Ctrl Pts',(-0.197285278744696,0.0998897455406346,
-0.0772568939346563));
#6068=CARTESIAN_POINT('Ctrl Pts',(-0.196816050419158,0.101187879370772,
-0.0766096991178115));
#6069=CARTESIAN_POINT('Ctrl Pts',(-0.196346822093621,0.10248601320091,-0.0759625043009667));
#6070=CARTESIAN_POINT('Ctrl Pts',(-0.195941078504554,0.103744478880707,
-0.0751733714416233));
#6071=CARTESIAN_POINT('Ctrl Pts',(-0.195594437012979,0.104933359704749,
-0.074256897452615));
#6072=CARTESIAN_POINT('Ctrl Pts',(-0.195247795521403,0.106122240528791,
-0.0733404234636066));
#6073=CARTESIAN_POINT('Ctrl Pts',(-0.194960069759388,0.107241482400058,
-0.0722966083449333));
#6074=CARTESIAN_POINT('Ctrl Pts',(-0.194722076552511,0.1082647949641,-0.071144759874425));
#6075=CARTESIAN_POINT('Ctrl Pts',(-0.194484083345635,0.109288107528143,
-0.0699929114039167));
#6076=CARTESIAN_POINT('Ctrl Pts',(-0.194295624644278,0.110215444293564,
-0.0687330295815733));
#6077=CARTESIAN_POINT('Ctrl Pts',(-0.194145426350335,0.111025630027835,
-0.0673884195021067));
#6078=CARTESIAN_POINT('Ctrl Pts',(-0.193995228056392,0.111835815762106,
-0.06604380942264));
#6079=CARTESIAN_POINT('Ctrl Pts',(-0.193883110459635,0.112528816347367,
-0.06461447108605));
#6080=CARTESIAN_POINT('Ctrl Pts',(-0.193798527976803,0.113089342119567,
-0.0631268416518583));
#6081=CARTESIAN_POINT('Ctrl Pts',(-0.193713945493971,0.113649867891766,
-0.0616392122176666));
#6082=CARTESIAN_POINT('Ctrl Pts',(-0.19365676265982,0.114077897611347,-0.0600932916858731));
#6083=CARTESIAN_POINT('Ctrl Pts',(-0.19361957445855,0.114364271358179,-0.0585176828336705));
#6084=CARTESIAN_POINT('Ctrl Pts',(-0.19358238625728,0.114650645105011,-0.0569420739814678));
#6085=CARTESIAN_POINT('Ctrl Pts',(-0.193565120137614,0.114795352971521,
-0.0553367768088559));
#6086=CARTESIAN_POINT('Ctrl Pts',(-0.193565120137613,0.114795352971529,
-0.0537314582695698));
#6087=CARTESIAN_POINT('Ctrl Pts',(-0.2987046465945,0.077726722526,-0.08237330913874));
#6088=CARTESIAN_POINT('Ctrl Pts',(-0.3017413626684,0.07458678109672,-0.08237330913874));
#6089=CARTESIAN_POINT('Ctrl Pts',(-0.3047780787423,0.07144683966744,-0.08237330913874));
#6090=CARTESIAN_POINT('Ctrl Pts',(-0.3078147948162,0.06830689823816,-0.08237330913874));
#6091=CARTESIAN_POINT('Ctrl Pts',(-0.2981640013852,0.07720360186636,-0.0823494344537));
#6092=CARTESIAN_POINT('Ctrl Pts',(-0.3011627172409,0.0740268919633,-0.0823494344537));
#6093=CARTESIAN_POINT('Ctrl Pts',(-0.3041614330966,0.07085018206024,-0.0823494344537));
#6094=CARTESIAN_POINT('Ctrl Pts',(-0.3071601489524,0.06767347215717,-0.0823494344537));
#6095=CARTESIAN_POINT('Ctrl Pts',(-0.2941748681722,0.0734828203914,-0.08217634122289));
#6096=CARTESIAN_POINT('Ctrl Pts',(-0.2968932006455,0.07004458868911,-0.08217634122289));
#6097=CARTESIAN_POINT('Ctrl Pts',(-0.2996115331188,0.06660635698681,-0.08217634122289));
#6098=CARTESIAN_POINT('Ctrl Pts',(-0.3023298655921,0.06316812528452,-0.08217634122289));
#6099=CARTESIAN_POINT('Ctrl Pts',(-0.2858492856701,0.06755306492959,-0.08185402944631));
#6100=CARTESIAN_POINT('Ctrl Pts',(-0.2879824396452,0.06369804972958,-0.08185402944631));
#6101=CARTESIAN_POINT('Ctrl Pts',(-0.2901155936203,0.05984303452957,-0.08185402944631));
#6102=CARTESIAN_POINT('Ctrl Pts',(-0.2922487475954,0.05598801932956,-0.08185402944631));
#6103=CARTESIAN_POINT('Ctrl Pts',(-0.2727291262448,0.06213040540078,-0.08140637380898));
#6104=CARTESIAN_POINT('Ctrl Pts',(-0.2739401062835,0.05789424885018,-0.08140637380898));
#6105=CARTESIAN_POINT('Ctrl Pts',(-0.2751510863223,0.05365809229959,-0.08140637380898));
#6106=CARTESIAN_POINT('Ctrl Pts',(-0.276362066361,0.049421935749,-0.08140637380898));
#6107=CARTESIAN_POINT('Ctrl Pts',(-0.258725276471,0.05979917148042,-0.08095871817166));
#6108=CARTESIAN_POINT('Ctrl Pts',(-0.2589519708124,0.05539915997264,-0.08095871817166));
#6109=CARTESIAN_POINT('Ctrl Pts',(-0.2591786651537,0.05099914846486,-0.08095871817166));
#6110=CARTESIAN_POINT('Ctrl Pts',(-0.259405359495,0.04659913695708,-0.08095871817166));
#6111=CARTESIAN_POINT('Ctrl Pts',(-0.2445559837101,0.06067889362198,-0.08051106253434));
#6112=CARTESIAN_POINT('Ctrl Pts',(-0.2437867638969,0.05634071496271,-0.08051106253434));
#6113=CARTESIAN_POINT('Ctrl Pts',(-0.2430175440838,0.05200253630345,-0.08051106253434));
#6114=CARTESIAN_POINT('Ctrl Pts',(-0.2422483242706,0.04766435764418,-0.08051106253434));
#6115=CARTESIAN_POINT('Ctrl Pts',(-0.2309480402293,0.0647244643625,-0.08006340689702));
#6116=CARTESIAN_POINT('Ctrl Pts',(-0.2292223617026,0.06067063589851,-0.08006340689702));
#6117=CARTESIAN_POINT('Ctrl Pts',(-0.2274966831759,0.05661680743452,-0.08006340689702));
#6118=CARTESIAN_POINT('Ctrl Pts',(-0.2257710046492,0.05256297897052,-0.08006340689702));
#6119=CARTESIAN_POINT('Ctrl Pts',(-0.218599439053,0.07172835678497,-0.0796157512597));
#6120=CARTESIAN_POINT('Ctrl Pts',(-0.2160058169453,0.06816680946145,-0.0796157512597));
#6121=CARTESIAN_POINT('Ctrl Pts',(-0.2134121948376,0.06460526213792,-0.0796157512597));
#6122=CARTESIAN_POINT('Ctrl Pts',(-0.2108185727299,0.0610437148144,-0.0796157512597));
#6123=CARTESIAN_POINT('Ctrl Pts',(-0.208143543706,0.08133138090251,-0.07916809562238));
#6124=CARTESIAN_POINT('Ctrl Pts',(-0.204815010241,0.07844479935222,-0.07916809562238));
#6125=CARTESIAN_POINT('Ctrl Pts',(-0.2014864767761,0.07555821780193,-0.07916809562238));
#6126=CARTESIAN_POINT('Ctrl Pts',(-0.1981579433111,0.07267163625164,-0.07916809562238));
#6127=CARTESIAN_POINT('Ctrl Pts',(-0.2023642785348,0.08976212333236,-0.07884578384579));
#6128=CARTESIAN_POINT('Ctrl Pts',(-0.1986295390521,0.08746811163439,-0.07884578384579));
#6129=CARTESIAN_POINT('Ctrl Pts',(-0.1948947995694,0.08517409993641,-0.07884578384579));
#6130=CARTESIAN_POINT('Ctrl Pts',(-0.1911600600867,0.08288008823843,-0.07884578384579));
#6131=CARTESIAN_POINT('Ctrl Pts',(-0.1998976106502,0.09462760872667,-0.07867269061499));
#6132=CARTESIAN_POINT('Ctrl Pts',(-0.1959894969912,0.09267557639593,-0.07867269061499));
#6133=CARTESIAN_POINT('Ctrl Pts',(-0.1920813833322,0.09072354406519,-0.07867269061499));
#6134=CARTESIAN_POINT('Ctrl Pts',(-0.1881732696733,0.08877151173445,-0.07867269061499));
#6135=CARTESIAN_POINT('Ctrl Pts',(-0.1995697836619,0.09530472166602,-0.07864881592995));
#6136=CARTESIAN_POINT('Ctrl Pts',(-0.1956386280951,0.09340028143263,-0.07864881592995));
#6137=CARTESIAN_POINT('Ctrl Pts',(-0.1917074725283,0.09149584119925,-0.07864881592995));
#6138=CARTESIAN_POINT('Ctrl Pts',(-0.1877763169615,0.08959140096586,-0.07864881592995));
#6139=CARTESIAN_POINT('Ctrl Pts',(-0.297222895393362,0.075999999999927,
-0.0823016850836291));
#6140=CARTESIAN_POINT('Ctrl Pts',(-0.293102236147858,0.0722947018393429,
-0.0821265261120134));
#6141=CARTESIAN_POINT('Ctrl Pts',(-0.288485436488767,0.0691418546442692,
-0.0819513671403976));
#6142=CARTESIAN_POINT('Ctrl Pts',(-0.283534622059165,0.0666521752351813,
-0.0817762081687819));
#6143=CARTESIAN_POINT('Ctrl Pts',(-0.278585543321253,0.0641633686755853,
-0.0816011106056426));
#6144=CARTESIAN_POINT('Ctrl Pts',(-0.273303512956173,0.0623376784924894,
-0.0814260130425033));
#6145=CARTESIAN_POINT('Ctrl Pts',(-0.267873888485439,0.0612391719827475,
-0.0812509154793641));
#6146=CARTESIAN_POINT('Ctrl Pts',(-0.262445865092117,0.0601409893985311,
-0.0810758695486636));
#6147=CARTESIAN_POINT('Ctrl Pts',(-0.25687124170334,0.059769742622741,-0.0809008236179631));
#6148=CARTESIAN_POINT('Ctrl Pts',(-0.251345529402747,0.0601384518819236,
-0.0807257776872626));
#6149=CARTESIAN_POINT('Ctrl Pts',(-0.245814435294569,0.0605075202481643,
-0.0805505612693079));
#6150=CARTESIAN_POINT('Ctrl Pts',(-0.240333273784717,0.0616179333240122,
-0.0803753448513532));
#6151=CARTESIAN_POINT('Ctrl Pts',(-0.235094648784503,0.0634306720254294,
-0.0802001284333985));
#6152=CARTESIAN_POINT('Ctrl Pts',(-0.229859882405667,0.0652420755153541,
-0.0800250410748471));
#6153=CARTESIAN_POINT('Ctrl Pts',(-0.224868169009323,0.0677544613733055,
-0.0798499537162955));
#6154=CARTESIAN_POINT('Ctrl Pts',(-0.220294658083686,0.0708796748791947,
-0.079674866357744));
#6155=CARTESIAN_POINT('Ctrl Pts',(-0.215718471392403,0.07400671681385,-0.079499676563067));
#6156=CARTESIAN_POINT('Ctrl Pts',(-0.211561745308008,0.0777467845445247,
-0.07932448676839));
#6157=CARTESIAN_POINT('Ctrl Pts',(-0.207970500156235,0.0819684944059952,
-0.079149296973713));
#6158=CARTESIAN_POINT('Ctrl Pts',(-0.205040096239824,0.0854133483742335,
-0.0790063446441615));
#6159=CARTESIAN_POINT('Ctrl Pts',(-0.202485785173576,0.08917790927245,-0.0788633923146099));
#6160=CARTESIAN_POINT('Ctrl Pts',(-0.200367522943721,0.0931738135632668,
-0.0787204399850584));
#6161=CARTESIAN_POINT('Origin',(-0.25550000000009,0.122400000000031,-0.08555991033739));
#6162=CARTESIAN_POINT('Origin',(0.087692125984252,-1.26886869408847E-14,
3.09464003649837E-17));
#6163=CARTESIAN_POINT('',(0.087992125984252,-1.2704610482618E-14,0.130999999999992));
#6164=CARTESIAN_POINT('Origin',(0.0879921259842521,1.26885676095492E-14,
-3.08193253994455E-17));
#6165=CARTESIAN_POINT('',(0.102992125984252,-1.26986439158398E-14,0.130999999999992));
#6166=CARTESIAN_POINT('',(0.087692125984252,-1.27047298139536E-14,0.130999999999992));
#6167=CARTESIAN_POINT('Origin',(0.102992125984252,-1.26826010427709E-14,
2.44655771225371E-17));
#6168=CARTESIAN_POINT('Origin',(0.087692125984252,2.93662988037683E-14,
-6.18928007299592E-17));
#6169=CARTESIAN_POINT('',(0.102992125984252,2.93358386157943E-14,0.21899999999999));
#6170=CARTESIAN_POINT('Origin',(0.102992125984252,2.93626583806957E-14,
-5.80161439045697E-17));
#6171=CARTESIAN_POINT('',(0.0879921259842518,2.93394076580224E-14,0.21899999999999));
#6172=CARTESIAN_POINT('',(0.0876921259842519,2.9339479038867E-14,0.21899999999999));
#6173=CARTESIAN_POINT('Origin',(0.087992125984252,-2.93662274229237E-14,
6.18167878510299E-17));
#6174=CARTESIAN_POINT('Origin',(0.0879921259842521,0.2277826264353,-0.22776));
#6175=CARTESIAN_POINT('Origin',(0.102992125984252,0.2277826264353,-0.22776));
#6176=UNCERTAINTY_MEASURE_WITH_UNIT(LENGTH_MEASURE(0.000393700787401575),
#6182,'DISTANCE_ACCURACY_VALUE',
'Maximum model space distance between geometric entities at asserted c
onnectivities');
#6177=UNCERTAINTY_MEASURE_WITH_UNIT(LENGTH_MEASURE(0.000393700787401575),
#6182,'DISTANCE_ACCURACY_VALUE',
'Maximum model space distance between geometric entities at asserted c
onnectivities');
#6178=(
GEOMETRIC_REPRESENTATION_CONTEXT(3)
GLOBAL_UNCERTAINTY_ASSIGNED_CONTEXT((#6176))
GLOBAL_UNIT_ASSIGNED_CONTEXT((#6182,#6186,#6187))
REPRESENTATION_CONTEXT('','3D')
);
#6179=(
GEOMETRIC_REPRESENTATION_CONTEXT(3)
GLOBAL_UNCERTAINTY_ASSIGNED_CONTEXT((#6177))
GLOBAL_UNIT_ASSIGNED_CONTEXT((#6182,#6186,#6187))
REPRESENTATION_CONTEXT('','3D')
);
#6180=DIMENSIONAL_EXPONENTS(1.,0.,0.,0.,0.,0.,0.);
#6181=DIMENSIONAL_EXPONENTS(0.,1.,0.,0.,0.,0.,0.);
#6182=(
CONVERSION_BASED_UNIT('inch',#6185)
LENGTH_UNIT()
NAMED_UNIT(#6180)
);
#6183=(
LENGTH_UNIT()
NAMED_UNIT(*)
SI_UNIT(.MILLI.,.METRE.)
);
#6184=(
LENGTH_UNIT()
NAMED_UNIT(*)
SI_UNIT(.CENTI.,.METRE.)
);
#6185=LENGTH_MEASURE_WITH_UNIT(LENGTH_MEASURE(25.4),#6183);
#6186=(
NAMED_UNIT(*)
PLANE_ANGLE_UNIT()
SI_UNIT($,.RADIAN.)
);
#6187=(
NAMED_UNIT(*)
SI_UNIT($,.STERADIAN.)
SOLID_ANGLE_UNIT()
);
#6188=SHAPE_DEFINITION_REPRESENTATION(#6189,#6190);
#6189=PRODUCT_DEFINITION_SHAPE('',$,#6192);
#6190=SHAPE_REPRESENTATION('',(#1729),#6178);
#6191=PRODUCT_DEFINITION_CONTEXT('part definition',#6196,'design');
#6192=PRODUCT_DEFINITION('41','41--3DModel-STEP-1',#6193,#6191);
#6193=PRODUCT_DEFINITION_FORMATION('ANY',$,#6198);
#6194=PRODUCT_RELATED_PRODUCT_CATEGORY('41--3DModel-STEP-1',
'41--3DModel-STEP-1',(#6198));
#6195=APPLICATION_PROTOCOL_DEFINITION('international standard',
'automotive_design',2009,#6196);
#6196=APPLICATION_CONTEXT(
'Core Data for Automotive Mechanical Design Process');
#6197=PRODUCT_CONTEXT('part definition',#6196,'mechanical');
#6198=PRODUCT('41','41--3DModel-STEP-1','STEP AP214',(#6197));
#6199=PRESENTATION_STYLE_ASSIGNMENT((#6200));
#6200=SURFACE_STYLE_USAGE(.BOTH.,#6203);
#6201=SURFACE_STYLE_RENDERING_WITH_PROPERTIES($,#6207,(#6202));
#6202=SURFACE_STYLE_TRANSPARENT(0.);
#6203=SURFACE_SIDE_STYLE('',(#6204,#6201));
#6204=SURFACE_STYLE_FILL_AREA(#6205);
#6205=FILL_AREA_STYLE('',(#6206));
#6206=FILL_AREA_STYLE_COLOUR('',#6207);
#6207=COLOUR_RGB('',0.631372549019608,0.666666666666667,0.643137254901961);
ENDSEC;
END-ISO-10303-21;
