ISO-10303-21;
HEADER;
/* Generated by software containing ST-Developer
 * from STEP Tools, Inc. (www.steptools.com) 
 */

FILE_DESCRIPTION(
/* description */ (''),
/* implementation_level */ '2;1');

FILE_NAME(
/* name */ 'Spacebar_8u.stp',
/* time_stamp */ '2026-07-10T09:31:45-04:00',
/* author */ ('jwheatley'),
/* organization */ (''),
/* preprocessor_version */ 'ST-DEVELOPER v20.1',
/* originating_system */ 'Autodesk Inventor 2026',
/* authorisation */ '');

FILE_SCHEMA (('AUTOMOTIVE_DESIGN { 1 0 10303 214 3 1 1 }'));
ENDSEC;

DATA;
#10=MECHANICAL_DESIGN_GEOMETRIC_PRESENTATION_REPRESENTATION('',(#13),#7228);
#11=SHAPE_REPRESENTATION_RELATIONSHIP('SRR','None',#7235,#12);
#12=ADVANCED_BREP_SHAPE_REPRESENTATION('',(#14),#7227);
#13=STYLED_ITEM('',(#7244),#14);
#14=MANIFOLD_SOLID_BREP('Solid1',#3306);
#15=(
BOUNDED_SURFACE()
B_SPLINE_SURFACE(3,2,((#5148,#5149,#5150),(#5151,#5152,#5153),(#5154,#5155,
#5156),(#5157,#5158,#5159)),.UNSPECIFIED.,.F.,.F.,.F.)
B_SPLINE_SURFACE_WITH_KNOTS((4,4),(3,3),(0.,9.937731546),(-18.1,0.),
 .UNSPECIFIED.)
GEOMETRIC_REPRESENTATION_ITEM()
RATIONAL_B_SPLINE_SURFACE(((1.,0.977003513,1.),(1.,0.984669008,1.),(1.,
0.992334504,1.),(1.,1.,1.)))
REPRESENTATION_ITEM('')
SURFACE()
);
#16=(
BOUNDED_SURFACE()
B_SPLINE_SURFACE(3,2,((#5214,#5215,#5216),(#5217,#5218,#5219),(#5220,#5221,
#5222),(#5223,#5224,#5225)),.UNSPECIFIED.,.F.,.F.,.F.)
B_SPLINE_SURFACE_WITH_KNOTS((4,4),(3,3),(0.,9.937731546),(-54.3,-36.2),
 .UNSPECIFIED.)
GEOMETRIC_REPRESENTATION_ITEM()
RATIONAL_B_SPLINE_SURFACE(((1.,0.977003513,1.),(1.,0.984669008,1.),(1.,
0.992334504,1.),(1.,1.,1.)))
REPRESENTATION_ITEM('')
SURFACE()
);
#17=CYLINDRICAL_SURFACE('',#3404,34.5743620369222);
#18=CYLINDRICAL_SURFACE('',#3496,2.75000000025269);
#19=CYLINDRICAL_SURFACE('',#3518,2.75000000025269);
#20=CYLINDRICAL_SURFACE('',#3520,2.75000000025267);
#21=B_SPLINE_SURFACE_WITH_KNOTS('',3,1,((#4847,#4848),(#4849,#4850),(#4851,
#4852),(#4853,#4854)),.UNSPECIFIED.,.F.,.F.,.F.,(4,4),(2,2),(-0.873788213,
8.671431924),(-17.244339391,0.),.UNSPECIFIED.);
#22=B_SPLINE_SURFACE_WITH_KNOTS('',3,1,((#4893,#4894),(#4895,#4896),(#4897,
#4898),(#4899,#4900),(#4901,#4902),(#4903,#4904),(#4905,#4906),(#4907,#4908),
(#4909,#4910),(#4911,#4912)),.UNSPECIFIED.,.F.,.F.,.F.,(4,2,2,2,4),(2,2),
(-1.368650674,-1.0352997,-0.302698141107246,8.38269243900969,9.38269139090596),
(-3.94141980112712E-6,1.00001495552741),.UNSPECIFIED.);
#23=B_SPLINE_SURFACE_WITH_KNOTS('',3,1,((#4931,#4932),(#4933,#4934),(#4935,
#4936),(#4937,#4938),(#4939,#4940),(#4941,#4942),(#4943,#4944),(#4945,#4946),
(#4947,#4948),(#4949,#4950)),.UNSPECIFIED.,.F.,.F.,.F.,(4,2,2,2,4),(2,2),
(-0.711162984,0.317567743,8.97423663319234,9.70683895372487,10.0401902741218),
(0.,1.00001415326541),.UNSPECIFIED.);
#24=B_SPLINE_SURFACE_WITH_KNOTS('',3,1,((#4964,#4965),(#4966,#4967),(#4968,
#4969),(#4970,#4971),(#4972,#4973),(#4974,#4975),(#4976,#4977),(#4978,#4979),
(#4980,#4981),(#4982,#4983),(#4984,#4985),(#4986,#4987)),.UNSPECIFIED.,
 .F.,.F.,.F.,(4,2,2,2,2,4),(2,2),(-1.420218495,-0.827219117,-0.42021826526948,
5.82890364233267,6.23597249898508,7.23597496069151),(0.,1.00000122617441),
 .UNSPECIFIED.);
#25=B_SPLINE_SURFACE_WITH_KNOTS('',3,1,((#4999,#5000),(#5001,#5002),(#5003,
#5004),(#5005,#5006),(#5007,#5008),(#5009,#5010),(#5011,#5012),(#5013,#5014),
(#5015,#5016),(#5017,#5018),(#5019,#5020),(#5021,#5022)),.UNSPECIFIED.,
 .F.,.F.,.F.,(4,2,2,2,2,4),(2,2),(-0.961258323,0.038741677,0.445809532624157,
6.69491609217773,7.10191594387062,7.69491386196009),(0.,1.00000122630132),
 .UNSPECIFIED.);
#26=B_SPLINE_SURFACE_WITH_KNOTS('',3,5,((#5267,#5268,#5269,#5270,#5271,
#5272),(#5273,#5274,#5275,#5276,#5277,#5278),(#5279,#5280,#5281,#5282,#5283,
#5284),(#5285,#5286,#5287,#5288,#5289,#5290),(#5291,#5292,#5293,#5294,#5295,
#5296),(#5297,#5298,#5299,#5300,#5301,#5302),(#5303,#5304,#5305,#5306,#5307,
#5308),(#5309,#5310,#5311,#5312,#5313,#5314)),.UNSPECIFIED.,.F.,.F.,.F.,
(4,2,2,4),(6,6),(-2.993859696,-0.66284174,10.0052881558585,10.526711095448),
(0.,6.26014094778468),.UNSPECIFIED.);
#27=B_SPLINE_SURFACE_WITH_KNOTS('',3,5,((#5352,#5353,#5354,#5355,#5356,
#5357),(#5358,#5359,#5360,#5361,#5362,#5363),(#5364,#5365,#5366,#5367,#5368,
#5369),(#5370,#5371,#5372,#5373,#5374,#5375),(#5376,#5377,#5378,#5379,#5380,
#5381),(#5382,#5383,#5384,#5385,#5386,#5387),(#5388,#5389,#5390,#5391,#5392,
#5393),(#5394,#5395,#5396,#5397,#5398,#5399)),.UNSPECIFIED.,.F.,.F.,.F.,
(4,2,2,4),(6,6),(-2.993859696,-0.66284174,10.0052881570957,10.5267110967456),
(-0.000134756967405621,6.260123192),.UNSPECIFIED.);
#28=B_SPLINE_SURFACE_WITH_KNOTS('',3,5,((#5437,#5438,#5439,#5440,#5441,
#5442),(#5443,#5444,#5445,#5446,#5447,#5448),(#5449,#5450,#5451,#5452,#5453,
#5454),(#5455,#5456,#5457,#5458,#5459,#5460),(#5461,#5462,#5463,#5464,#5465,
#5466),(#5467,#5468,#5469,#5470,#5471,#5472),(#5473,#5474,#5475,#5476,#5477,
#5478),(#5479,#5480,#5481,#5482,#5483,#5484),(#5485,#5486,#5487,#5488,#5489,
#5490),(#5491,#5492,#5493,#5494,#5495,#5496)),.UNSPECIFIED.,.F.,.F.,.F.,
(4,2,2,2,4),(6,6),(-3.20888682,-0.918509341,7.32508400867991,7.5460345519013,
8.00209459949103),(-0.00786991268176127,7.37603072149307),.UNSPECIFIED.);
#29=B_SPLINE_SURFACE_WITH_KNOTS('',3,5,((#5537,#5538,#5539,#5540,#5541,
#5542),(#5543,#5544,#5545,#5546,#5547,#5548),(#5549,#5550,#5551,#5552,#5553,
#5554),(#5555,#5556,#5557,#5558,#5559,#5560),(#5561,#5562,#5563,#5564,#5565,
#5566),(#5567,#5568,#5569,#5570,#5571,#5572),(#5573,#5574,#5575,#5576,#5577,
#5578),(#5579,#5580,#5581,#5582,#5583,#5584),(#5585,#5586,#5587,#5588,#5589,
#5590),(#5591,#5592,#5593,#5594,#5595,#5596)),.UNSPECIFIED.,.F.,.F.,.F.,
(4,2,2,2,4),(6,6),(-0.437728186,0.018664503,0.239776203289803,8.48938227110171,
10.7814303072984),(-0.00786991268487346,7.37603199410554),.UNSPECIFIED.);
#30=B_SPLINE_SURFACE_WITH_KNOTS('',3,5,((#5613,#5614,#5615,#5616,#5617,
#5618),(#5619,#5620,#5621,#5622,#5623,#5624),(#5625,#5626,#5627,#5628,#5629,
#5630),(#5631,#5632,#5633,#5634,#5635,#5636),(#5637,#5638,#5639,#5640,#5641,
#5642)),.UNSPECIFIED.,.F.,.F.,.F.,(4,1,4),(6,6),(-0.184118155916287,4.955337134,
10.4024727609163),(-0.000362570755051701,0.62031415),.UNSPECIFIED.);
#31=B_SPLINE_SURFACE_WITH_KNOTS('',5,1,((#5726,#5727),(#5728,#5729),(#5730,
#5731),(#5732,#5733),(#5734,#5735),(#5736,#5737)),.UNSPECIFIED.,.F.,.F.,
 .F.,(6,6),(2,2),(0.,0.606308247),(0.,16.9744988358),.UNSPECIFIED.);
#32=B_SPLINE_SURFACE_WITH_KNOTS('',3,5,((#5818,#5819,#5820,#5821,#5822,
#5823),(#5824,#5825,#5826,#5827,#5828,#5829),(#5830,#5831,#5832,#5833,#5834,
#5835),(#5836,#5837,#5838,#5839,#5840,#5841),(#5842,#5843,#5844,#5845,#5846,
#5847)),.UNSPECIFIED.,.F.,.F.,.F.,(4,1,4),(6,6),(-0.170047574815009,5.277088051,
10.416543340815),(-0.000362570653756627,0.62031415),.UNSPECIFIED.);
#33=B_SPLINE_SURFACE_WITH_KNOTS('',5,1,((#5931,#5932),(#5933,#5934),(#5935,
#5936),(#5937,#5938),(#5939,#5940),(#5941,#5942)),.UNSPECIFIED.,.F.,.F.,
 .F.,(6,6),(2,2),(0.,0.607397701),(0.,16.95221623692),.UNSPECIFIED.);
#34=B_SPLINE_SURFACE_WITH_KNOTS('',3,5,((#6023,#6024,#6025,#6026,#6027,
#6028),(#6029,#6030,#6031,#6032,#6033,#6034),(#6035,#6036,#6037,#6038,#6039,
#6040),(#6041,#6042,#6043,#6044,#6045,#6046),(#6047,#6048,#6049,#6050,#6051,
#6052),(#6053,#6054,#6055,#6056,#6057,#6058),(#6059,#6060,#6061,#6062,#6063,
#6064),(#6065,#6066,#6067,#6068,#6069,#6070),(#6071,#6072,#6073,#6074,#6075,
#6076),(#6077,#6078,#6079,#6080,#6081,#6082),(#6083,#6084,#6085,#6086,#6087,
#6088),(#6089,#6090,#6091,#6092,#6093,#6094),(#6095,#6096,#6097,#6098,#6099,
#6100),(#6101,#6102,#6103,#6104,#6105,#6106),(#6107,#6108,#6109,#6110,#6111,
#6112)),.UNSPECIFIED.,.F.,.F.,.F.,(4,1,1,1,1,1,1,1,1,1,1,1,4),(6,6),(0.169723676,
0.587373922,0.960259755,1.290321734,1.44046526,1.590608785,1.738146974,
1.885685163,2.204674447,2.385660262,2.566646077,2.770417703,2.974189329),
(0.,0.617894262),.UNSPECIFIED.);
#35=B_SPLINE_SURFACE_WITH_KNOTS('',3,5,((#6113,#6114,#6115,#6116,#6117,
#6118),(#6119,#6120,#6121,#6122,#6123,#6124),(#6125,#6126,#6127,#6128,#6129,
#6130),(#6131,#6132,#6133,#6134,#6135,#6136),(#6137,#6138,#6139,#6140,#6141,
#6142),(#6143,#6144,#6145,#6146,#6147,#6148),(#6149,#6150,#6151,#6152,#6153,
#6154),(#6155,#6156,#6157,#6158,#6159,#6160),(#6161,#6162,#6163,#6164,#6165,
#6166),(#6167,#6168,#6169,#6170,#6171,#6172),(#6173,#6174,#6175,#6176,#6177,
#6178),(#6179,#6180,#6181,#6182,#6183,#6184),(#6185,#6186,#6187,#6188,#6189,
#6190),(#6191,#6192,#6193,#6194,#6195,#6196),(#6197,#6198,#6199,#6200,#6201,
#6202)),.UNSPECIFIED.,.F.,.F.,.F.,(4,1,1,1,1,1,1,1,1,1,1,1,4),(6,6),(0.152503877,
0.560047126,0.922018757,1.241008042,1.388546231,1.53608442,1.686227945,
1.83637147,2.166433448,2.352876364,2.539319279,2.748155948,2.956969484),
(0.,0.617845531),.UNSPECIFIED.);
#36=B_SPLINE_SURFACE_WITH_KNOTS('',3,5,((#6203,#6204,#6205,#6206,#6207,
#6208),(#6209,#6210,#6211,#6212,#6213,#6214),(#6215,#6216,#6217,#6218,#6219,
#6220),(#6221,#6222,#6223,#6224,#6225,#6226),(#6227,#6228,#6229,#6230,#6231,
#6232),(#6233,#6234,#6235,#6236,#6237,#6238),(#6239,#6240,#6241,#6242,#6243,
#6244),(#6245,#6246,#6247,#6248,#6249,#6250),(#6251,#6252,#6253,#6254,#6255,
#6256),(#6257,#6258,#6259,#6260,#6261,#6262),(#6263,#6264,#6265,#6266,#6267,
#6268),(#6269,#6270,#6271,#6272,#6273,#6274),(#6275,#6276,#6277,#6278,#6279,
#6280),(#6281,#6282,#6283,#6284,#6285,#6286),(#6287,#6288,#6289,#6290,#6291,
#6292),(#6293,#6294,#6295,#6296,#6297,#6298)),.UNSPECIFIED.,.F.,.F.,.F.,
(4,1,1,1,1,1,1,1,1,1,1,1,1,4),(6,6),(0.183786325,0.613951029,0.995847028,
1.162560484,1.32927394,1.479346692,1.629419445,1.780077452,1.93073546,2.100003111,
2.269270762,2.664083771,2.891270828,3.118457884),(0.,0.607682548),
 .UNSPECIFIED.);
#37=B_SPLINE_SURFACE_WITH_KNOTS('',3,5,((#6299,#6300,#6301,#6302,#6303,
#6304),(#6305,#6306,#6307,#6308,#6309,#6310),(#6311,#6312,#6313,#6314,#6315,
#6316),(#6317,#6318,#6319,#6320,#6321,#6322),(#6323,#6324,#6325,#6326,#6327,
#6328),(#6329,#6330,#6331,#6332,#6333,#6334),(#6335,#6336,#6337,#6338,#6339,
#6340),(#6341,#6342,#6343,#6344,#6345,#6346),(#6347,#6348,#6349,#6350,#6351,
#6352),(#6353,#6354,#6355,#6356,#6357,#6358),(#6359,#6360,#6361,#6362,#6363,
#6364),(#6365,#6366,#6367,#6368,#6369,#6370),(#6371,#6372,#6373,#6374,#6375,
#6376),(#6377,#6378,#6379,#6380,#6381,#6382),(#6383,#6384,#6385,#6386,#6387,
#6388),(#6389,#6390,#6391,#6392,#6393,#6394)),.UNSPECIFIED.,.F.,.F.,.F.,
(4,1,1,1,1,1,1,1,1,1,1,1,1,4),(6,6),(0.220941625,0.67531574,1.070128745,
1.239396395,1.408664045,1.559322051,1.709980057,1.860052809,2.01012556,
2.176839016,2.343552472,2.725448482,2.940530823,3.155613164),(0.,0.607739124),
 .UNSPECIFIED.);
#38=B_SPLINE_SURFACE_WITH_KNOTS('',1,3,((#6518,#6519,#6520,#6521,#6522,
#6523),(#6524,#6525,#6526,#6527,#6528,#6529)),.UNSPECIFIED.,.F.,.F.,.F.,
(2,2),(4,2,4),(0.,1.),(-12.813306346,-6.405876754,0.),.UNSPECIFIED.);
#39=B_SPLINE_SURFACE_WITH_KNOTS('',1,3,((#6578,#6579,#6580,#6581,#6582,
#6583),(#6584,#6585,#6586,#6587,#6588,#6589)),.UNSPECIFIED.,.F.,.F.,.F.,
(2,2),(4,2,4),(0.,1.),(-12.813306346,-6.405876754,0.),.UNSPECIFIED.);
#40=B_SPLINE_SURFACE_WITH_KNOTS('',1,3,((#6638,#6639,#6640,#6641,#6642,
#6643),(#6644,#6645,#6646,#6647,#6648,#6649)),.UNSPECIFIED.,.F.,.F.,.F.,
(2,2),(4,2,4),(0.,1.),(-12.813306346,-6.405876754,0.),.UNSPECIFIED.);
#41=B_SPLINE_SURFACE_WITH_KNOTS('',3,1,((#6674,#6675),(#6676,#6677),(#6678,
#6679),(#6680,#6681)),.UNSPECIFIED.,.F.,.F.,.F.,(4,4),(2,2),(-0.873788213,
8.671431924),(-48.522909526,-31.278570135),.UNSPECIFIED.);
#42=B_SPLINE_SURFACE_WITH_KNOTS('',1,3,((#6712,#6713,#6714,#6715,#6716,
#6717),(#6718,#6719,#6720,#6721,#6722,#6723)),.UNSPECIFIED.,.F.,.F.,.F.,
(2,2),(4,2,4),(0.,1.),(-12.813306346,-6.405876754,0.),.UNSPECIFIED.);
#43=B_SPLINE_SURFACE_WITH_KNOTS('',1,3,((#6865,#6866,#6867,#6868,#6869,
#6870),(#6871,#6872,#6873,#6874,#6875,#6876)),.UNSPECIFIED.,.F.,.F.,.F.,
(2,2),(4,2,4),(0.,1.),(-12.813306346,-6.405876754,0.),.UNSPECIFIED.);
#44=B_SPLINE_SURFACE_WITH_KNOTS('',1,3,((#6878,#6879,#6880,#6881,#6882,
#6883),(#6884,#6885,#6886,#6887,#6888,#6889)),.UNSPECIFIED.,.F.,.F.,.F.,
(2,2),(4,2,4),(0.,1.),(-12.813306346,-6.405876754,0.),.UNSPECIFIED.);
#45=B_SPLINE_SURFACE_WITH_KNOTS('',1,3,((#6904,#6905,#6906,#6907,#6908,
#6909),(#6910,#6911,#6912,#6913,#6914,#6915)),.UNSPECIFIED.,.F.,.F.,.F.,
(2,2),(4,2,4),(0.,1.),(-12.813306346,-6.405876754,0.),.UNSPECIFIED.);
#46=B_SPLINE_SURFACE_WITH_KNOTS('',1,3,((#6917,#6918,#6919,#6920,#6921,
#6922),(#6923,#6924,#6925,#6926,#6927,#6928)),.UNSPECIFIED.,.F.,.F.,.F.,
(2,2),(4,2,4),(0.,1.),(-12.813306346,-6.405876754,0.),.UNSPECIFIED.);
#47=B_SPLINE_SURFACE_WITH_KNOTS('',1,3,((#6930,#6931,#6932,#6933,#6934,
#6935),(#6936,#6937,#6938,#6939,#6940,#6941)),.UNSPECIFIED.,.F.,.F.,.F.,
(2,2),(4,2,4),(0.,1.),(-12.813306346,-6.405876754,0.),.UNSPECIFIED.);
#48=B_SPLINE_SURFACE_WITH_KNOTS('',1,3,((#6943,#6944,#6945,#6946,#6947,
#6948),(#6949,#6950,#6951,#6952,#6953,#6954)),.UNSPECIFIED.,.F.,.F.,.F.,
(2,2),(4,2,4),(0.,1.),(-12.813306346,-6.405876754,0.),.UNSPECIFIED.);
#49=B_SPLINE_SURFACE_WITH_KNOTS('',1,3,((#7022,#7023,#7024,#7025,#7026,
#7027),(#7028,#7029,#7030,#7031,#7032,#7033)),.UNSPECIFIED.,.F.,.F.,.F.,
(2,2),(4,2,4),(0.,1.),(-12.813306346,-6.405876754,0.),.UNSPECIFIED.);
#50=B_SPLINE_SURFACE_WITH_KNOTS('',1,3,((#7040,#7041,#7042,#7043,#7044,
#7045),(#7046,#7047,#7048,#7049,#7050,#7051)),.UNSPECIFIED.,.F.,.F.,.F.,
(2,2),(4,2,4),(0.,1.),(-12.813306346,-6.405876754,0.),.UNSPECIFIED.);
#51=B_SPLINE_SURFACE_WITH_KNOTS('',1,3,((#7062,#7063,#7064,#7065,#7066,
#7067),(#7068,#7069,#7070,#7071,#7072,#7073)),.UNSPECIFIED.,.F.,.F.,.F.,
(2,2),(4,2,4),(0.,1.),(-12.813306346,-6.405876754,0.),.UNSPECIFIED.);
#52=B_SPLINE_SURFACE_WITH_KNOTS('',1,3,((#7106,#7107,#7108,#7109,#7110,
#7111),(#7112,#7113,#7114,#7115,#7116,#7117)),.UNSPECIFIED.,.F.,.F.,.F.,
(2,2),(4,2,4),(0.,1.),(-12.813306346,-6.405876754,0.),.UNSPECIFIED.);
#53=B_SPLINE_SURFACE_WITH_KNOTS('',1,3,((#7119,#7120,#7121,#7122,#7123,
#7124),(#7125,#7126,#7127,#7128,#7129,#7130)),.UNSPECIFIED.,.F.,.F.,.F.,
(2,2),(4,2,4),(0.,1.),(-12.813306346,-6.405876754,0.),.UNSPECIFIED.);
#54=B_SPLINE_SURFACE_WITH_KNOTS('',1,3,((#7135,#7136,#7137,#7138,#7139,
#7140),(#7141,#7142,#7143,#7144,#7145,#7146)),.UNSPECIFIED.,.F.,.F.,.F.,
(2,2),(4,2,4),(0.,1.),(-12.813306346,-6.405876754,0.),.UNSPECIFIED.);
#55=B_SPLINE_SURFACE_WITH_KNOTS('',1,3,((#7157,#7158,#7159,#7160,#7161,
#7162),(#7163,#7164,#7165,#7166,#7167,#7168)),.UNSPECIFIED.,.F.,.F.,.F.,
(2,2),(4,2,4),(0.,1.),(-12.813306346,-6.405876754,0.),.UNSPECIFIED.);
#56=B_SPLINE_SURFACE_WITH_KNOTS('',1,3,((#7201,#7202,#7203,#7204,#7205,
#7206),(#7207,#7208,#7209,#7210,#7211,#7212)),.UNSPECIFIED.,.F.,.F.,.F.,
(2,2),(4,2,4),(0.,1.),(-12.813306346,-6.405876754,0.),.UNSPECIFIED.);
#57=B_SPLINE_SURFACE_WITH_KNOTS('',1,3,((#7213,#7214,#7215,#7216,#7217,
#7218),(#7219,#7220,#7221,#7222,#7223,#7224)),.UNSPECIFIED.,.F.,.F.,.F.,
(2,2),(4,2,4),(0.,1.),(-12.813306346,-6.405876754,0.),.UNSPECIFIED.);
#58=FACE_BOUND('',#404,.T.);
#59=FACE_BOUND('',#418,.T.);
#60=FACE_BOUND('',#432,.T.);
#61=FACE_BOUND('',#468,.T.);
#62=B_SPLINE_CURVE_WITH_KNOTS('',3,(#4283,#4284,#4285,#4286,#4287,#4288),
 .UNSPECIFIED.,.F.,.F.,(4,2,4),(0.,0.108505112059488,0.21701016083345),
 .UNSPECIFIED.);
#63=B_SPLINE_CURVE_WITH_KNOTS('',3,(#4300,#4301,#4302,#4303,#4304,#4305),
 .UNSPECIFIED.,.F.,.F.,(4,2,4),(1.00005380829216E-6,0.108506068043581,0.217011199315463),
 .UNSPECIFIED.);
#64=B_SPLINE_CURVE_WITH_KNOTS('',3,(#4314,#4315,#4316,#4317,#4318,#4319),
 .UNSPECIFIED.,.F.,.F.,(4,2,4),(0.,0.108505112059488,0.217010160833448),
 .UNSPECIFIED.);
#65=B_SPLINE_CURVE_WITH_KNOTS('',3,(#4331,#4332,#4333,#4334,#4335,#4336),
 .UNSPECIFIED.,.F.,.F.,(4,2,4),(1.00005380918033E-6,0.10850606804358,0.21701119931546),
 .UNSPECIFIED.);
#66=B_SPLINE_CURVE_WITH_KNOTS('',3,(#4364,#4365,#4366,#4367,#4368,#4369),
 .UNSPECIFIED.,.F.,.F.,(4,2,4),(3.90175604003673E-6,1.10253442867186,2.20506467557189),
 .UNSPECIFIED.);
#67=B_SPLINE_CURVE_WITH_KNOTS('',3,(#4408,#4409,#4410,#4411,#4412,#4413),
 .UNSPECIFIED.,.F.,.F.,(4,2,4),(0.,0.108505112059487,0.217010160836873),
 .UNSPECIFIED.);
#68=B_SPLINE_CURVE_WITH_KNOTS('',3,(#4426,#4427,#4428,#4429,#4430,#4431),
 .UNSPECIFIED.,.F.,.F.,(4,2,4),(1.00005723681351E-6,0.10850606804358,0.217011199315462),
 .UNSPECIFIED.);
#69=B_SPLINE_CURVE_WITH_KNOTS('',3,(#4462,#4463,#4464,#4465,#4466,#4467),
 .UNSPECIFIED.,.F.,.F.,(4,2,4),(9.999999992516E-7,0.720031248850031,1.44006177771584),
 .UNSPECIFIED.);
#70=B_SPLINE_CURVE_WITH_KNOTS('',3,(#4491,#4492,#4493,#4494,#4495,#4496,
#4497),.UNSPECIFIED.,.F.,.F.,(4,3,4),(5.288533761,6.400577663,12.797819563),
 .UNSPECIFIED.);
#71=B_SPLINE_CURVE_WITH_KNOTS('',3,(#4521,#4522,#4523,#4524,#4525,#4526),
 .UNSPECIFIED.,.F.,.F.,(4,2,4),(9.99999996309509E-7,0.162404507597977,0.32480551533043),
 .UNSPECIFIED.);
#72=B_SPLINE_CURVE_WITH_KNOTS('',3,(#4528,#4529,#4530,#4531,#4532,#4533),
 .UNSPECIFIED.,.F.,.F.,(4,2,4),(3.90168527664159E-6,0.113490807116794,0.226977434363826),
 .UNSPECIFIED.);
#73=B_SPLINE_CURVE_WITH_KNOTS('',3,(#4541,#4542,#4543,#4544),
 .UNSPECIFIED.,.F.,.F.,(4,4),(0.,0.750386365),.UNSPECIFIED.);
#74=B_SPLINE_CURVE_WITH_KNOTS('',3,(#4555,#4556,#4557,#4558),
 .UNSPECIFIED.,.F.,.F.,(4,4),(0.,0.750386365),.UNSPECIFIED.);
#75=B_SPLINE_CURVE_WITH_KNOTS('',3,(#4713,#4714,#4715,#4716,#4717,#4718,
#4719,#4720,#4721,#4722,#4723,#4724),.UNSPECIFIED.,.F.,.F.,(4,2,2,2,2,4),
(-0.114926885583489,-0.082584142946523,-0.0613348335898707,-0.0415306244794405,
-0.0244820994199521,-1.30305484735693E-7),.UNSPECIFIED.);
#76=B_SPLINE_CURVE_WITH_KNOTS('',3,(#4728,#4729,#4730,#4731,#4732,#4733,
#4734,#4735,#4736,#4737,#4738,#4739,#4740,#4741),.UNSPECIFIED.,.F.,.F.,
(4,2,2,2,2,2,4),(-0.0829892140037257,-0.0667981204007319,-0.0518611188824751,
-0.0400856890448013,-0.0282250491704682,-0.0148283901893433,-3.51785305358066E-7),
 .UNSPECIFIED.);
#77=B_SPLINE_CURVE_WITH_KNOTS('',3,(#4745,#4746,#4747,#4748,#4749,#4750,
#4751,#4752,#4753,#4754,#4755,#4756,#4757,#4758),.UNSPECIFIED.,.F.,.F.,
(4,2,2,2,2,2,4),(-0.0726328928296115,-0.0596552077442461,-0.0479302838684814,
-0.0375497031296459,-0.0272436992892072,-0.0141706482978946,0.),
 .UNSPECIFIED.);
#78=B_SPLINE_CURVE_WITH_KNOTS('',3,(#4762,#4763,#4764,#4765,#4766,#4767,
#4768,#4769,#4770,#4771,#4772,#4773),.UNSPECIFIED.,.F.,.F.,(4,2,2,2,2,4),
(-0.05106882276752,-0.040190021733595,-0.0326143438469529,-0.0238141509567171,
-0.0143718137194257,-1.53134727814974E-9),.UNSPECIFIED.);
#79=B_SPLINE_CURVE_WITH_KNOTS('',3,(#4785,#4786,#4787,#4788,#4789,#4790),
 .UNSPECIFIED.,.F.,.F.,(4,2,4),(3.97018590367641E-8,0.066372236428732,0.132813390085814),
 .UNSPECIFIED.);
#80=B_SPLINE_CURVE_WITH_KNOTS('',3,(#4794,#4795,#4796,#4797,#4798,#4799,
#4800,#4801,#4802,#4803,#4804,#4805,#4806,#4807,#4808,#4809,#4810,#4811,
#4812,#4813,#4814,#4815,#4816,#4817,#4818,#4819,#4820,#4821,#4822,#4823,
#4824,#4825,#4826,#4827,#4828,#4829,#4830,#4831,#4832,#4833,#4834,#4835,
#4836,#4837,#4838,#4839,#4840,#4841,#4842,#4843,#4844,#4845),
 .UNSPECIFIED.,.F.,.F.,(4,3,3,3,3,3,3,3,3,3,3,3,3,3,3,3,3,4),(-1.327441116,
-1.249350906,-1.171261382,-1.093172538,-1.015084375,-0.93699689,-0.858910085,
-0.78082396,-0.702738513,-0.624653744,-0.546569655,-0.468486243,-0.390403509,
-0.312321453,-0.234240074,-0.156159372,-0.078079348,0.),.UNSPECIFIED.);
#81=B_SPLINE_CURVE_WITH_KNOTS('',3,(#4856,#4857,#4858,#4859,#4860,#4861),
 .UNSPECIFIED.,.F.,.F.,(4,2,4),(9.9999999533784E-7,0.162405007589387,0.324805515350471),
 .UNSPECIFIED.);
#82=B_SPLINE_CURVE_WITH_KNOTS('',3,(#4863,#4864,#4865,#4866),
 .UNSPECIFIED.,.F.,.F.,(4,4),(-4.53746122550907,-1.004301129),
 .UNSPECIFIED.);
#83=B_SPLINE_CURVE_WITH_KNOTS('',3,(#4867,#4868,#4869,#4870,#4871,#4872),
 .UNSPECIFIED.,.F.,.F.,(4,2,4),(-0.829948394722929,-0.420547658113812,0.),
 .UNSPECIFIED.);
#84=B_SPLINE_CURVE_WITH_KNOTS('',3,(#4874,#4875,#4876,#4877,#4878,#4879),
 .UNSPECIFIED.,.F.,.F.,(4,2,4),(-0.655197568656875,-0.326903161096217,-5.3821331835735E-9),
 .UNSPECIFIED.);
#85=B_SPLINE_CURVE_WITH_KNOTS('',3,(#4881,#4882,#4883,#4884,#4885,#4886),
 .UNSPECIFIED.,.F.,.F.,(4,2,4),(-11.815452973,-6.405876754,-5.293701969),
 .UNSPECIFIED.);
#86=B_SPLINE_CURVE_WITH_KNOTS('',3,(#4887,#4888,#4889,#4890,#4891,#4892),
 .UNSPECIFIED.,.F.,.F.,(4,2,4),(5.05213423964194E-6,0.158210586086796,0.316416989969637),
 .UNSPECIFIED.);
#87=B_SPLINE_CURVE_WITH_KNOTS('',3,(#4915,#4916,#4917,#4918,#4919,#4920),
 .UNSPECIFIED.,.F.,.F.,(4,2,4),(1.10994787835126E-7,0.0681832920832439,
0.136358476682106),.UNSPECIFIED.);
#88=B_SPLINE_CURVE_WITH_KNOTS('',3,(#4921,#4922,#4923,#4924,#4925,#4926),
 .UNSPECIFIED.,.F.,.F.,(4,2,4),(-0.889180400105152,-0.43604445685203,0.),
 .UNSPECIFIED.);
#89=B_SPLINE_CURVE_WITH_KNOTS('',3,(#4927,#4928,#4929,#4930),
 .UNSPECIFIED.,.F.,.F.,(4,4),(-0.302698059,8.38269751779574),
 .UNSPECIFIED.);
#90=B_SPLINE_CURVE_WITH_KNOTS('',3,(#4952,#4953,#4954,#4955,#4956,#4957),
 .UNSPECIFIED.,.F.,.F.,(4,2,4),(0.,0.0681753129279966,0.136358623283333),
 .UNSPECIFIED.);
#91=B_SPLINE_CURVE_WITH_KNOTS('',3,(#4958,#4959,#4960,#4961,#4962,#4963),
 .UNSPECIFIED.,.F.,.F.,(4,2,4),(-0.821518202382917,-0.417491953904727,-9.4160538421928E-7),
 .UNSPECIFIED.);
#92=B_SPLINE_CURVE_WITH_KNOTS('',3,(#4989,#4990,#4991,#4992,#4993,#4994),
 .UNSPECIFIED.,.F.,.F.,(4,2,4),(0.,0.0680937262006259,0.136193113070548),
 .UNSPECIFIED.);
#93=B_SPLINE_CURVE_WITH_KNOTS('',3,(#4995,#4996,#4997,#4998),
 .UNSPECIFIED.,.F.,.F.,(4,4),(-0.420217976725958,5.828894438),
 .UNSPECIFIED.);
#94=B_SPLINE_CURVE_WITH_KNOTS('',3,(#5024,#5025,#5026,#5027,#5028,#5029),
 .UNSPECIFIED.,.F.,.F.,(4,2,4),(-0.659088501663491,-0.330245839052824,-5.3704695740513E-6),
 .UNSPECIFIED.);
#95=B_SPLINE_CURVE_WITH_KNOTS('',3,(#5031,#5032,#5033,#5034,#5035,#5036),
 .UNSPECIFIED.,.F.,.F.,(4,2,4),(0.,0.0680778534281309,0.136150040857014),
 .UNSPECIFIED.);
#96=B_SPLINE_CURVE_WITH_KNOTS('',3,(#5037,#5038,#5039,#5040),
 .UNSPECIFIED.,.F.,.F.,(4,4),(0.445809613,6.69492202447187),
 .UNSPECIFIED.);
#97=B_SPLINE_CURVE_WITH_KNOTS('',3,(#5043,#5044,#5045,#5046,#5047,#5048,
#5049,#5050,#5051,#5052),.UNSPECIFIED.,.F.,.F.,(4,3,3,4),(-0.610195914,
3.12203415890754,6.97205952995772,7.328609316),.UNSPECIFIED.);
#98=B_SPLINE_CURVE_WITH_KNOTS('',3,(#5054,#5055,#5056,#5057,#5058,#5059,
#5060,#5061,#5062,#5063),.UNSPECIFIED.,.F.,.F.,(4,3,3,4),(0.239775904,4.2091785195,
7.94140859349457,8.178581135),.UNSPECIFIED.);
#99=B_SPLINE_CURVE_WITH_KNOTS('',3,(#5068,#5069,#5070,#5071,#5072),
 .UNSPECIFIED.,.F.,.F.,(4,1,4),(-0.183754255,4.955337134,10.40210886),
 .UNSPECIFIED.);
#100=B_SPLINE_CURVE_WITH_KNOTS('',3,(#5074,#5075,#5076,#5077,#5078,#5079,
#5080,#5081,#5082,#5083,#5084,#5085,#5086,#5087,#5088),.UNSPECIFIED.,.F.,
 .F.,(4,1,1,1,1,1,1,1,1,1,1,1,4),(0.169723676,0.587373922,0.960259755,1.290321734,
1.44046526,1.590608785,1.738146974,1.885685163,2.204674447,2.385660262,
2.566646077,2.770417703,2.974189329),.UNSPECIFIED.);
#101=B_SPLINE_CURVE_WITH_KNOTS('',3,(#5092,#5093,#5094,#5095,#5096,#5097,
#5098,#5099,#5100,#5101,#5102,#5103,#5104,#5105,#5106),.UNSPECIFIED.,.F.,
 .F.,(4,1,1,1,1,1,1,1,1,1,1,1,4),(0.152503877,0.560047126,0.922018757,1.241008042,
1.388546231,1.53608442,1.686227945,1.83637147,2.166433448,2.352876364,2.539319279,
2.748155948,2.956969484),.UNSPECIFIED.);
#102=B_SPLINE_CURVE_WITH_KNOTS('',3,(#5108,#5109,#5110,#5111,#5112),
 .UNSPECIFIED.,.F.,.F.,(4,1,4),(-0.169683674,5.277088051,10.41617944),
 .UNSPECIFIED.);
#103=B_SPLINE_CURVE_WITH_KNOTS('',3,(#5114,#5115,#5116,#5117,#5118,#5119,
#5120,#5121,#5122,#5123,#5124,#5125,#5126,#5127,#5128,#5129),
 .UNSPECIFIED.,.F.,.F.,(4,1,1,1,1,1,1,1,1,1,1,1,1,4),(0.183786325,0.613951029,
0.995847028,1.162560484,1.32927394,1.479346692,1.629419445,1.780077452,
1.93073546,2.100003111,2.269270762,2.664083771,2.891270828,3.118457884),
 .UNSPECIFIED.);
#104=B_SPLINE_CURVE_WITH_KNOTS('',3,(#5132,#5133,#5134,#5135,#5136,#5137,
#5138,#5139,#5140,#5141,#5142,#5143,#5144,#5145,#5146,#5147),
 .UNSPECIFIED.,.F.,.F.,(4,1,1,1,1,1,1,1,1,1,1,1,1,4),(0.220941625,0.67531574,
1.070128745,1.239396395,1.408664045,1.559322051,1.709980057,1.860052809,
2.01012556,2.176839016,2.343552472,2.725448482,2.940530823,3.155613164),
 .UNSPECIFIED.);
#105=B_SPLINE_CURVE_WITH_KNOTS('',3,(#5161,#5162,#5163,#5164,#5165,#5166,
#5167),.UNSPECIFIED.,.F.,.F.,(4,3,4),(0.018664503,0.239775904,8.103120384),
 .UNSPECIFIED.);
#106=B_SPLINE_CURVE_WITH_KNOTS('',3,(#5169,#5170,#5171,#5172),
 .UNSPECIFIED.,.F.,.F.,(4,4),(-0.442287697,10.0065865486429),
 .UNSPECIFIED.);
#107=B_SPLINE_CURVE_WITH_KNOTS('',3,(#5173,#5174,#5175,#5176,#5177,#5178,
#5179,#5180,#5181,#5182,#5183,#5184,#5185,#5186,#5187,#5188,#5189,#5190,
#5191,#5192,#5193,#5194,#5195,#5196,#5197),.UNSPECIFIED.,.F.,.F.,(4,3,3,
3,3,3,3,3,4),(-0.183752839124106,1.10101965415692,2.35265672916429,3.65399693158214,
4.955337134,6.39636559974042,7.84753784418391,9.31852345694023,10.4021063907724),
 .UNSPECIFIED.);
#108=B_SPLINE_CURVE_WITH_KNOTS('',3,(#5200,#5201,#5202,#5203,#5204,#5205),
 .UNSPECIFIED.,.F.,.F.,(4,2,4),(-0.310311479130525,10.006589378,10.024246322),
 .UNSPECIFIED.);
#109=B_SPLINE_CURVE_WITH_KNOTS('',3,(#5207,#5208,#5209,#5210,#5211,#5212),
 .UNSPECIFIED.,.F.,.F.,(4,2,4),(-0.310311475394475,10.006589378,10.024246322),
 .UNSPECIFIED.);
#110=B_SPLINE_CURVE_WITH_KNOTS('',3,(#5227,#5228,#5229,#5230),
 .UNSPECIFIED.,.F.,.F.,(4,4),(-0.442287694,10.0065865486428),
 .UNSPECIFIED.);
#111=B_SPLINE_CURVE_WITH_KNOTS('',3,(#5232,#5233,#5234,#5235,#5236,#5237,
#5238),.UNSPECIFIED.,.F.,.F.,(4,3,4),(-0.534735163,7.328609316,7.549720717),
 .UNSPECIFIED.);
#112=B_SPLINE_CURVE_WITH_KNOTS('',3,(#5239,#5240,#5241,#5242,#5243,#5244,
#5245,#5246,#5247,#5248,#5249,#5250,#5251,#5252,#5253,#5254,#5255,#5256,
#5257,#5258,#5259,#5260,#5261,#5262,#5263,#5264,#5265,#5266),
 .UNSPECIFIED.,.F.,.F.,(4,3,3,3,3,3,3,3,3,4),(-0.169681203814524,1.30028081845982,
2.75717622774802,4.19726957635561,5.277088051,6.56643641374585,7.83195448857738,
9.12406622640063,10.3462096124509,10.4161779642239),.UNSPECIFIED.);
#113=B_SPLINE_CURVE_WITH_KNOTS('',3,(#5315,#5316,#5317,#5318,#5319,#5320,
#5321,#5322,#5323,#5324,#5325,#5326,#5327,#5328,#5329,#5330,#5331,#5332,
#5333,#5334,#5335,#5336,#5337,#5338,#5339,#5340,#5341,#5342,#5343,#5344,
#5345,#5346,#5347,#5348,#5349,#5350,#5351),.UNSPECIFIED.,.F.,.F.,(4,3,3,
3,3,3,3,3,3,3,3,3,4),(0.169723676,0.587373922,0.960259755,1.290321734,1.44046526,
1.590608785,1.738146974,1.885685163,2.204674447,2.385660262,2.566646077,
2.770417703,2.974189329),.UNSPECIFIED.);
#114=B_SPLINE_CURVE_WITH_KNOTS('',3,(#5400,#5401,#5402,#5403,#5404,#5405,
#5406,#5407,#5408,#5409,#5410,#5411,#5412,#5413,#5414,#5415,#5416,#5417,
#5418,#5419,#5420,#5421,#5422,#5423,#5424,#5425,#5426,#5427,#5428,#5429,
#5430,#5431,#5432,#5433,#5434,#5435,#5436),.UNSPECIFIED.,.F.,.F.,(4,3,3,
3,3,3,3,3,3,3,3,3,4),(0.152503877,0.560047126,0.922018757,1.241008042,1.388546231,
1.53608442,1.686227945,1.83637147,2.166433448,2.352876364,2.539319279,2.748155948,
2.956969484),.UNSPECIFIED.);
#115=B_SPLINE_CURVE_WITH_KNOTS('',3,(#5497,#5498,#5499,#5500,#5501,#5502,
#5503,#5504,#5505,#5506,#5507,#5508,#5509,#5510,#5511,#5512,#5513,#5514,
#5515,#5516,#5517,#5518,#5519,#5520,#5521,#5522,#5523,#5524,#5525,#5526,
#5527,#5528,#5529,#5530,#5531,#5532,#5533,#5534,#5535,#5536),
 .UNSPECIFIED.,.F.,.F.,(4,3,3,3,3,3,3,3,3,3,3,3,3,4),(0.183786325,0.613951029,
0.995847028,1.162560484,1.32927394,1.479346692,1.629419445,1.780077452,
1.93073546,2.100003111,2.2692652199737,2.66407835984899,2.89126554200521,
3.11841762274769),.UNSPECIFIED.);
#116=B_SPLINE_CURVE_WITH_KNOTS('',3,(#5597,#5598,#5599,#5600,#5601,#5602,
#5603,#5604,#5605,#5606,#5607,#5608,#5609,#5610,#5611,#5612),
 .UNSPECIFIED.,.F.,.F.,(4,1,1,1,1,1,1,1,1,1,1,1,1,4),(0.221021575146836,
0.67531574,1.070128745,1.239396395,1.408664045,1.559322051,1.709980057,
1.860052809,2.01012556,2.176839016,2.343552472,2.725448482,2.940530823,
3.155613164),.UNSPECIFIED.);
#117=B_SPLINE_CURVE_WITH_KNOTS('',3,(#5643,#5644,#5645,#5646,#5647,#5648,
#5649,#5650,#5651,#5652,#5653,#5654,#5655,#5656,#5657,#5658,#5659,#5660,
#5661,#5662,#5663,#5664,#5665,#5666,#5667,#5668,#5669,#5670,#5671,#5672,
#5673,#5674,#5675,#5676,#5677,#5678,#5679,#5680,#5681,#5682,#5683,#5684,
#5685),.UNSPECIFIED.,.F.,.F.,(4,3,3,3,3,3,3,3,3,3,3,3,3,3,4),(4.80093469520076E-9,
0.045175250363235,0.0910367374174434,0.137557556661501,0.184675981226882,
0.232286420343444,0.280789886550514,0.328879634582083,0.376817797425702,
0.424434680819298,0.473404548114473,0.519710348794675,0.565473833538425,
0.610454264645413,0.62031415),.UNSPECIFIED.);
#118=B_SPLINE_CURVE_WITH_KNOTS('',3,(#5686,#5687,#5688,#5689,#5690,#5691,
#5692,#5693,#5694,#5695,#5696,#5697,#5698,#5699,#5700,#5701,#5702,#5703,
#5704,#5705,#5706,#5707,#5708,#5709,#5710,#5711,#5712,#5713,#5714,#5715,
#5716,#5717,#5718,#5719,#5720,#5721,#5722,#5723,#5724,#5725),
 .UNSPECIFIED.,.F.,.F.,(4,3,3,3,3,3,3,3,3,3,3,3,3,4),(2.53297625541682E-8,
0.0473302676533388,0.0948208585236975,0.142443083971968,0.190165502913438,
0.237954470892653,0.285776962255758,0.33357897749999,0.38132952348076,0.428998604617367,
0.476487767614295,0.523850198700806,0.570976638010986,0.607739124),
 .UNSPECIFIED.);
#119=B_SPLINE_CURVE_WITH_KNOTS('',3,(#5738,#5739,#5740,#5741,#5742,#5743,
#5744,#5745,#5746,#5747,#5748,#5749,#5750,#5751,#5752,#5753,#5754,#5755,
#5756,#5757,#5758,#5759,#5760,#5761,#5762,#5763,#5764,#5765,#5766,#5767,
#5768,#5769,#5770,#5771,#5772,#5773,#5774,#5775,#5776,#5777),
 .UNSPECIFIED.,.F.,.F.,(4,3,3,3,3,3,3,3,3,3,3,3,3,4),(0.,0.0485069183590892,
0.0971204273196128,0.145810879900933,0.194547091204572,0.243296921667523,
0.292005791030038,0.340653069369615,0.389212218533835,0.437658160746218,
0.485886148195274,0.533971219109012,0.581803463072838,0.617845531),
 .UNSPECIFIED.);
#120=B_SPLINE_CURVE_WITH_KNOTS('',3,(#5778,#5779,#5780,#5781,#5782,#5783,
#5784,#5785,#5786,#5787,#5788,#5789,#5790,#5791,#5792,#5793,#5794,#5795,
#5796,#5797,#5798,#5799,#5800,#5801,#5802,#5803,#5804,#5805,#5806,#5807,
#5808,#5809,#5810,#5811,#5812,#5813,#5814,#5815,#5816,#5817),
 .UNSPECIFIED.,.F.,.F.,(4,3,3,3,3,3,3,3,3,3,3,3,3,4),(0.,0.0476011286914859,
0.0953068575741923,0.143088093277767,0.190914233232179,0.238753738029735,
0.286553046610338,0.334291914282538,0.381944298451767,0.429485589629192,
0.476812996002308,0.524000154579435,0.57093920734829,0.606308247),
 .UNSPECIFIED.);
#121=B_SPLINE_CURVE_WITH_KNOTS('',3,(#5848,#5849,#5850,#5851,#5852,#5853,
#5854,#5855,#5856,#5857,#5858,#5859,#5860,#5861,#5862,#5863,#5864,#5865,
#5866,#5867,#5868,#5869,#5870,#5871,#5872,#5873,#5874,#5875,#5876,#5877,
#5878,#5879,#5880,#5881,#5882,#5883,#5884,#5885,#5886,#5887),
 .UNSPECIFIED.,.F.,.F.,(4,3,3,3,3,3,3,3,3,3,3,3,3,4),(0.,0.0471040233094951,
0.0943982192057702,0.1418575629529,0.189453892317193,0.237156238868043,
0.284955315317445,0.332773526170737,0.38057950028565,0.428342082296472,
0.475979341126462,0.5235176314912,0.570859445347735,0.607682524126859),
 .UNSPECIFIED.);
#122=B_SPLINE_CURVE_WITH_KNOTS('',3,(#5888,#5889,#5890,#5891,#5892,#5893,
#5894,#5895,#5896,#5897,#5898,#5899,#5900,#5901,#5902,#5903,#5904,#5905,
#5906,#5907,#5908,#5909,#5910,#5911,#5912,#5913,#5914,#5915,#5916,#5917,
#5918,#5919,#5920,#5921,#5922,#5923,#5924,#5925,#5926,#5927,#5928,#5929,
#5930),.UNSPECIFIED.,.F.,.F.,(4,3,3,3,3,3,3,3,3,3,3,3,3,3,4),(0.,0.0451673489914117,
0.091021100734279,0.137534680354155,0.184646809553595,0.232252427344339,
0.280760142076044,0.328850588788892,0.376791618075836,0.424413232510484,
0.473388460682358,0.519701701117115,0.56547296192707,0.610461333000443,
0.62031414519798),.UNSPECIFIED.);
#123=B_SPLINE_CURVE_WITH_KNOTS('',3,(#5943,#5944,#5945,#5946,#5947,#5948,
#5949,#5950,#5951,#5952,#5953,#5954,#5955,#5956,#5957,#5958,#5959,#5960,
#5961,#5962,#5963,#5964,#5965,#5966,#5967,#5968,#5969,#5970,#5971,#5972,
#5973,#5974,#5975,#5976,#5977,#5978,#5979,#5980,#5981,#5982),
 .UNSPECIFIED.,.F.,.F.,(4,3,3,3,3,3,3,3,3,3,3,3,3,4),(1.99405173175273E-5,
0.0467907038766532,0.0938048407721026,0.14103843387953,0.188463227840994,
0.23604678235304,0.283801123184095,0.331614413799681,0.379449781601409,
0.427269780518345,0.474994036906594,0.52262868076967,0.570071131251804,
0.607397701),.UNSPECIFIED.);
#124=B_SPLINE_CURVE_WITH_KNOTS('',3,(#5983,#5984,#5985,#5986,#5987,#5988,
#5989,#5990,#5991,#5992,#5993,#5994,#5995,#5996,#5997,#5998,#5999,#6000,
#6001,#6002,#6003,#6004,#6005,#6006,#6007,#6008,#6009,#6010,#6011,#6012,
#6013,#6014,#6015,#6016,#6017,#6018,#6019,#6020,#6021,#6022),
 .UNSPECIFIED.,.F.,.F.,(4,3,3,3,3,3,3,3,3,3,3,3,3,4),(0.,0.0474251039711417,
0.0950089076689433,0.142715174228944,0.190504525925956,0.238335328040475,
0.286147321381992,0.333899126488802,0.38155518697897,0.429082092042412,
0.476351809790737,0.523451109849555,0.57024512107686,0.60734343603803),
 .UNSPECIFIED.);
#125=B_SPLINE_CURVE_WITH_KNOTS('',3,(#6652,#6653,#6654,#6655,#6656,#6657),
 .UNSPECIFIED.,.F.,.F.,(4,2,4),(3.90175629048917E-6,0.113490805679628,0.22697743148958),
 .UNSPECIFIED.);
#126=B_SPLINE_CURVE_WITH_KNOTS('',3,(#6665,#6666,#6667,#6668,#6669,#6670),
 .UNSPECIFIED.,.F.,.F.,(4,2,4),(5.05212335427663E-6,0.158211086084887,0.316416989922047),
 .UNSPECIFIED.);
#127=B_SPLINE_CURVE_WITH_KNOTS('',3,(#6682,#6683,#6684,#6685,#6686,#6687),
 .UNSPECIFIED.,.F.,.F.,(4,2,4),(-11.815452973,-6.405876754,-5.293701969),
 .UNSPECIFIED.);
#128=B_SPLINE_CURVE_WITH_KNOTS('',3,(#6688,#6689,#6690,#6691),
 .UNSPECIFIED.,.F.,.F.,(4,4),(-4.53746122550422,-1.004301129),
 .UNSPECIFIED.);
#129=B_SPLINE_CURVE_WITH_KNOTS('',3,(#6705,#6706,#6707,#6708,#6709,#6710,
#6711),.UNSPECIFIED.,.F.,.F.,(4,3,4),(5.288533761,6.400577663,12.797819563),
 .UNSPECIFIED.);
#130=B_SPLINE_CURVE_WITH_KNOTS('',3,(#6731,#6732,#6733,#6734,#6735,#6736),
 .UNSPECIFIED.,.F.,.F.,(4,2,4),(3.90168503017208E-6,1.10253442862194,2.20506467547196),
 .UNSPECIFIED.);
#131=B_SPLINE_CURVE_WITH_KNOTS('',3,(#6781,#6782,#6783,#6784,#6785,#6786),
 .UNSPECIFIED.,.F.,.F.,(4,2,4),(0.,0.374968179837173,0.74964394807768),
 .UNSPECIFIED.);
#132=B_SPLINE_CURVE_WITH_KNOTS('',3,(#6800,#6801,#6802,#6803,#6804,#6805),
 .UNSPECIFIED.,.F.,.F.,(4,2,4),(0.,0.37496817983717,0.749643948077672),
 .UNSPECIFIED.);
#133=B_SPLINE_CURVE_WITH_KNOTS('',3,(#6812,#6813,#6814,#6815,#6816,#6817,
#6818,#6819,#6820,#6821),.UNSPECIFIED.,.F.,.F.,(4,2,2,2,4),(1.00002263674897E-6,
0.0761748256197747,0.179269781471328,0.272807057053844,0.358109153153044),
 .UNSPECIFIED.);
#134=B_SPLINE_CURVE_WITH_KNOTS('',3,(#6822,#6823,#6824,#6825,#6826,#6827,
#6828,#6829,#6830,#6831),.UNSPECIFIED.,.F.,.F.,(4,2,2,2,4),(4.53694359137113E-6,
0.0853038789382163,0.178870019306642,0.282081877412078,0.358165364986895),
 .UNSPECIFIED.);
#135=B_SPLINE_CURVE_WITH_KNOTS('',3,(#6832,#6833,#6834,#6835,#6836,#6837,
#6838,#6839,#6840,#6841),.UNSPECIFIED.,.F.,.F.,(4,2,2,2,4),(1.00000459077321E-6,
0.0763643386886041,0.179753330439926,0.274705264531007,0.359596080945351),
 .UNSPECIFIED.);
#136=B_SPLINE_CURVE_WITH_KNOTS('',3,(#6842,#6843,#6844,#6845,#6846,#6847,
#6848,#6849,#6850,#6851),.UNSPECIFIED.,.F.,.F.,(4,2,2,2,4),(2.03517744606819E-6,
0.0849207821772562,0.179889898741193,0.283195801257142,0.359686933217198),
 .UNSPECIFIED.);
#137=B_SPLINE_CURVE_WITH_KNOTS('',3,(#6854,#6855,#6856,#6857,#6858,#6859),
 .UNSPECIFIED.,.F.,.F.,(4,2,4),(0.,0.374968179830511,0.749643948064364),
 .UNSPECIFIED.);
#138=B_SPLINE_CURVE_WITH_KNOTS('',3,(#6893,#6894,#6895,#6896,#6897,#6898),
 .UNSPECIFIED.,.F.,.F.,(4,2,4),(0.,0.374968179830506,0.749643948064355),
 .UNSPECIFIED.);
#139=B_SPLINE_CURVE_WITH_KNOTS('',3,(#6964,#6965,#6966,#6967,#6968,#6969),
 .UNSPECIFIED.,.F.,.F.,(4,2,4),(9.999999992516E-7,0.720031248850036,1.44006177778694),
 .UNSPECIFIED.);
#140=B_SPLINE_CURVE_WITH_KNOTS('',3,(#6988,#6989,#6990,#6991,#6992,#6993,
#6994),.UNSPECIFIED.,.F.,.F.,(4,3,4),(5.288533761,6.400577663,12.797819563),
 .UNSPECIFIED.);
#141=B_SPLINE_CURVE_WITH_KNOTS('',3,(#7011,#7012,#7013,#7014,#7015,#7016,
#7017),.UNSPECIFIED.,.F.,.F.,(4,3,4),(5.288533761,6.400577663,12.797819563),
 .UNSPECIFIED.);
#142=B_SPLINE_CURVE_WITH_KNOTS('',3,(#7052,#7053,#7054,#7055,#7056,#7057,
#7058,#7059,#7060,#7061),.UNSPECIFIED.,.F.,.F.,(4,2,2,2,4),(9.99898607394991E-7,
0.0764737469188986,0.179753469137091,0.274698518112174,0.359595744606927),
 .UNSPECIFIED.);
#143=B_SPLINE_CURVE_WITH_KNOTS('',3,(#7074,#7075,#7076,#7077,#7078,#7079,
#7080,#7081,#7082,#7083),.UNSPECIFIED.,.F.,.F.,(4,2,2,2,4),(2.03517744501311E-6,
0.0849139136881618,0.179889406158831,0.283304049559357,0.359687335001955),
 .UNSPECIFIED.);
#144=B_SPLINE_CURVE_WITH_KNOTS('',3,(#7086,#7087,#7088,#7089,#7090,#7091,
#7092,#7093,#7094,#7095),.UNSPECIFIED.,.F.,.F.,(4,2,2,2,4),(1.00002264366731E-6,
0.0760733856036293,0.179270182988241,0.272822670176215,0.358109565241932),
 .UNSPECIFIED.);
#145=B_SPLINE_CURVE_WITH_KNOTS('',3,(#7096,#7097,#7098,#7099,#7100,#7101,
#7102,#7103,#7104,#7105),.UNSPECIFIED.,.F.,.F.,(4,2,2,2,4),(4.5369435902054E-6,
0.0853190786044393,0.178870001261263,0.281979998674831,0.358164937947866),
 .UNSPECIFIED.);
#146=B_SPLINE_CURVE_WITH_KNOTS('',3,(#7147,#7148,#7149,#7150,#7151,#7152,
#7153,#7154,#7155,#7156),.UNSPECIFIED.,.F.,.F.,(4,2,2,2,4),(-0.358165151307171,
-0.282031010349109,-0.178870010291657,-0.0853115369110959,-4.53694350552446E-6),
 .UNSPECIFIED.);
#147=B_SPLINE_CURVE_WITH_KNOTS('',3,(#7169,#7170,#7171,#7172,#7173,#7174,
#7175,#7176,#7177,#7178),.UNSPECIFIED.,.F.,.F.,(4,2,2,2,4),(-0.358109359022796,
-0.272814805368344,-0.179269982105823,-0.0761240332166973,-1.00002264670098E-6),
 .UNSPECIFIED.);
#148=B_SPLINE_CURVE_WITH_KNOTS('',3,(#7181,#7182,#7183,#7184,#7185,#7186,
#7187,#7188,#7189,#7190),.UNSPECIFIED.,.F.,.F.,(4,2,2,2,4),(-0.359595912630945,
-0.274701998477177,-0.179753649730391,-0.0764193354678966,-9.99827478920245E-7),
 .UNSPECIFIED.);
#149=B_SPLINE_CURVE_WITH_KNOTS('',3,(#7191,#7192,#7193,#7194,#7195,#7196,
#7197,#7198,#7199,#7200),.UNSPECIFIED.,.F.,.F.,(4,2,2,2,4),(-0.359687134117823,
-0.28324963271054,-0.179889402327313,-0.0849172406167574,-2.03517744580531E-6),
 .UNSPECIFIED.);
#150=CIRCLE('',#3328,2.74999999874741);
#151=CIRCLE('',#3332,2.74999999874529);
#152=CIRCLE('',#3336,2.74999999874668);
#153=CIRCLE('',#3342,2.74999999874737);
#154=CIRCLE('',#3346,2.74999999874716);
#155=CIRCLE('',#3347,2.74999999884779);
#156=CIRCLE('',#3348,2.74999999884779);
#157=CIRCLE('',#3352,2.74999999874692);
#158=CIRCLE('',#3358,2.74999999874701);
#159=CIRCLE('',#3368,2.74999999884426);
#160=CIRCLE('',#3369,2.74999999884426);
#161=CIRCLE('',#3371,2.74999999875048);
#162=CIRCLE('',#3373,2.74999999995003);
#163=CIRCLE('',#3387,2.74999999995003);
#164=CIRCLE('',#3401,494.414555192857);
#165=CIRCLE('',#3402,494.41456851876);
#166=CIRCLE('',#3408,33.2982836782901);
#167=CIRCLE('',#3411,33.3799057242822);
#168=CIRCLE('',#3414,33.4150228555948);
#169=CIRCLE('',#3417,33.4150228556009);
#170=CIRCLE('',#3420,33.3799057243129);
#171=CIRCLE('',#3423,33.2982837570771);
#172=CIRCLE('',#3425,2.74999999995003);
#173=CIRCLE('',#3440,33.2982837570654);
#174=CIRCLE('',#3443,33.3799059388299);
#175=CIRCLE('',#3446,33.4150218857168);
#176=CIRCLE('',#3449,33.4150213314531);
#177=CIRCLE('',#3452,33.379904085491);
#178=CIRCLE('',#3455,33.298283678254);
#179=CIRCLE('',#3458,33.2982837570642);
#180=CIRCLE('',#3461,33.3799059388299);
#181=CIRCLE('',#3464,33.4150218857168);
#182=CIRCLE('',#3467,33.4150213314531);
#183=CIRCLE('',#3470,33.3799040854811);
#184=CIRCLE('',#3473,33.2982836782571);
#185=CIRCLE('',#3485,2.7499999988483);
#186=CIRCLE('',#3486,2.7499999988483);
#187=CIRCLE('',#3487,2.74999999874776);
#188=FACE_OUTER_BOUND('',#373,.T.);
#189=FACE_OUTER_BOUND('',#374,.T.);
#190=FACE_OUTER_BOUND('',#375,.T.);
#191=FACE_OUTER_BOUND('',#376,.T.);
#192=FACE_OUTER_BOUND('',#377,.T.);
#193=FACE_OUTER_BOUND('',#378,.T.);
#194=FACE_OUTER_BOUND('',#379,.T.);
#195=FACE_OUTER_BOUND('',#380,.T.);
#196=FACE_OUTER_BOUND('',#381,.T.);
#197=FACE_OUTER_BOUND('',#382,.T.);
#198=FACE_OUTER_BOUND('',#383,.T.);
#199=FACE_OUTER_BOUND('',#384,.T.);
#200=FACE_OUTER_BOUND('',#385,.T.);
#201=FACE_OUTER_BOUND('',#386,.T.);
#202=FACE_OUTER_BOUND('',#387,.T.);
#203=FACE_OUTER_BOUND('',#388,.T.);
#204=FACE_OUTER_BOUND('',#389,.T.);
#205=FACE_OUTER_BOUND('',#390,.T.);
#206=FACE_OUTER_BOUND('',#391,.T.);
#207=FACE_OUTER_BOUND('',#392,.T.);
#208=FACE_OUTER_BOUND('',#393,.T.);
#209=FACE_OUTER_BOUND('',#394,.T.);
#210=FACE_OUTER_BOUND('',#395,.T.);
#211=FACE_OUTER_BOUND('',#396,.T.);
#212=FACE_OUTER_BOUND('',#397,.T.);
#213=FACE_OUTER_BOUND('',#398,.T.);
#214=FACE_OUTER_BOUND('',#399,.T.);
#215=FACE_OUTER_BOUND('',#400,.T.);
#216=FACE_OUTER_BOUND('',#401,.T.);
#217=FACE_OUTER_BOUND('',#402,.T.);
#218=FACE_OUTER_BOUND('',#403,.T.);
#219=FACE_OUTER_BOUND('',#405,.T.);
#220=FACE_OUTER_BOUND('',#406,.T.);
#221=FACE_OUTER_BOUND('',#407,.T.);
#222=FACE_OUTER_BOUND('',#408,.T.);
#223=FACE_OUTER_BOUND('',#409,.T.);
#224=FACE_OUTER_BOUND('',#410,.T.);
#225=FACE_OUTER_BOUND('',#411,.T.);
#226=FACE_OUTER_BOUND('',#412,.T.);
#227=FACE_OUTER_BOUND('',#413,.T.);
#228=FACE_OUTER_BOUND('',#414,.T.);
#229=FACE_OUTER_BOUND('',#415,.T.);
#230=FACE_OUTER_BOUND('',#416,.T.);
#231=FACE_OUTER_BOUND('',#417,.T.);
#232=FACE_OUTER_BOUND('',#419,.T.);
#233=FACE_OUTER_BOUND('',#420,.T.);
#234=FACE_OUTER_BOUND('',#421,.T.);
#235=FACE_OUTER_BOUND('',#422,.T.);
#236=FACE_OUTER_BOUND('',#423,.T.);
#237=FACE_OUTER_BOUND('',#424,.T.);
#238=FACE_OUTER_BOUND('',#425,.T.);
#239=FACE_OUTER_BOUND('',#426,.T.);
#240=FACE_OUTER_BOUND('',#427,.T.);
#241=FACE_OUTER_BOUND('',#428,.T.);
#242=FACE_OUTER_BOUND('',#429,.T.);
#243=FACE_OUTER_BOUND('',#430,.T.);
#244=FACE_OUTER_BOUND('',#431,.T.);
#245=FACE_OUTER_BOUND('',#433,.T.);
#246=FACE_OUTER_BOUND('',#434,.T.);
#247=FACE_OUTER_BOUND('',#435,.T.);
#248=FACE_OUTER_BOUND('',#436,.T.);
#249=FACE_OUTER_BOUND('',#437,.T.);
#250=FACE_OUTER_BOUND('',#438,.T.);
#251=FACE_OUTER_BOUND('',#439,.T.);
#252=FACE_OUTER_BOUND('',#440,.T.);
#253=FACE_OUTER_BOUND('',#441,.T.);
#254=FACE_OUTER_BOUND('',#442,.T.);
#255=FACE_OUTER_BOUND('',#443,.T.);
#256=FACE_OUTER_BOUND('',#444,.T.);
#257=FACE_OUTER_BOUND('',#445,.T.);
#258=FACE_OUTER_BOUND('',#446,.T.);
#259=FACE_OUTER_BOUND('',#447,.T.);
#260=FACE_OUTER_BOUND('',#448,.T.);
#261=FACE_OUTER_BOUND('',#449,.T.);
#262=FACE_OUTER_BOUND('',#450,.T.);
#263=FACE_OUTER_BOUND('',#451,.T.);
#264=FACE_OUTER_BOUND('',#452,.T.);
#265=FACE_OUTER_BOUND('',#453,.T.);
#266=FACE_OUTER_BOUND('',#454,.T.);
#267=FACE_OUTER_BOUND('',#455,.T.);
#268=FACE_OUTER_BOUND('',#456,.T.);
#269=FACE_OUTER_BOUND('',#457,.T.);
#270=FACE_OUTER_BOUND('',#458,.T.);
#271=FACE_OUTER_BOUND('',#459,.T.);
#272=FACE_OUTER_BOUND('',#460,.T.);
#273=FACE_OUTER_BOUND('',#461,.T.);
#274=FACE_OUTER_BOUND('',#462,.T.);
#275=FACE_OUTER_BOUND('',#463,.T.);
#276=FACE_OUTER_BOUND('',#464,.T.);
#277=FACE_OUTER_BOUND('',#465,.T.);
#278=FACE_OUTER_BOUND('',#466,.T.);
#279=FACE_OUTER_BOUND('',#467,.T.);
#280=FACE_OUTER_BOUND('',#469,.T.);
#281=FACE_OUTER_BOUND('',#470,.T.);
#282=FACE_OUTER_BOUND('',#471,.T.);
#283=FACE_OUTER_BOUND('',#472,.T.);
#284=FACE_OUTER_BOUND('',#473,.T.);
#285=FACE_OUTER_BOUND('',#474,.T.);
#286=FACE_OUTER_BOUND('',#475,.T.);
#287=FACE_OUTER_BOUND('',#476,.T.);
#288=FACE_OUTER_BOUND('',#477,.T.);
#289=FACE_OUTER_BOUND('',#478,.T.);
#290=FACE_OUTER_BOUND('',#479,.T.);
#291=FACE_OUTER_BOUND('',#480,.T.);
#292=FACE_OUTER_BOUND('',#481,.T.);
#293=FACE_OUTER_BOUND('',#482,.T.);
#294=FACE_OUTER_BOUND('',#483,.T.);
#295=FACE_OUTER_BOUND('',#484,.T.);
#296=FACE_OUTER_BOUND('',#485,.T.);
#297=FACE_OUTER_BOUND('',#486,.T.);
#298=FACE_OUTER_BOUND('',#487,.T.);
#299=FACE_OUTER_BOUND('',#488,.T.);
#300=FACE_OUTER_BOUND('',#489,.T.);
#301=FACE_OUTER_BOUND('',#490,.T.);
#302=FACE_OUTER_BOUND('',#491,.T.);
#303=FACE_OUTER_BOUND('',#492,.T.);
#304=FACE_OUTER_BOUND('',#493,.T.);
#305=FACE_OUTER_BOUND('',#494,.T.);
#306=FACE_OUTER_BOUND('',#495,.T.);
#307=FACE_OUTER_BOUND('',#496,.T.);
#308=FACE_OUTER_BOUND('',#497,.T.);
#309=FACE_OUTER_BOUND('',#498,.T.);
#310=FACE_OUTER_BOUND('',#499,.T.);
#311=FACE_OUTER_BOUND('',#500,.T.);
#312=FACE_OUTER_BOUND('',#501,.T.);
#313=FACE_OUTER_BOUND('',#502,.T.);
#314=FACE_OUTER_BOUND('',#503,.T.);
#315=FACE_OUTER_BOUND('',#504,.T.);
#316=FACE_OUTER_BOUND('',#505,.T.);
#317=FACE_OUTER_BOUND('',#506,.T.);
#318=FACE_OUTER_BOUND('',#507,.T.);
#319=FACE_OUTER_BOUND('',#508,.T.);
#320=FACE_OUTER_BOUND('',#509,.T.);
#321=FACE_OUTER_BOUND('',#510,.T.);
#322=FACE_OUTER_BOUND('',#511,.T.);
#323=FACE_OUTER_BOUND('',#512,.T.);
#324=FACE_OUTER_BOUND('',#513,.T.);
#325=FACE_OUTER_BOUND('',#514,.T.);
#326=FACE_OUTER_BOUND('',#515,.T.);
#327=FACE_OUTER_BOUND('',#516,.T.);
#328=FACE_OUTER_BOUND('',#517,.T.);
#329=FACE_OUTER_BOUND('',#518,.T.);
#330=FACE_OUTER_BOUND('',#519,.T.);
#331=FACE_OUTER_BOUND('',#520,.T.);
#332=FACE_OUTER_BOUND('',#521,.T.);
#333=FACE_OUTER_BOUND('',#522,.T.);
#334=FACE_OUTER_BOUND('',#523,.T.);
#335=FACE_OUTER_BOUND('',#524,.T.);
#336=FACE_OUTER_BOUND('',#525,.T.);
#337=FACE_OUTER_BOUND('',#526,.T.);
#338=FACE_OUTER_BOUND('',#527,.T.);
#339=FACE_OUTER_BOUND('',#528,.T.);
#340=FACE_OUTER_BOUND('',#529,.T.);
#341=FACE_OUTER_BOUND('',#530,.T.);
#342=FACE_OUTER_BOUND('',#531,.T.);
#343=FACE_OUTER_BOUND('',#532,.T.);
#344=FACE_OUTER_BOUND('',#533,.T.);
#345=FACE_OUTER_BOUND('',#534,.T.);
#346=FACE_OUTER_BOUND('',#535,.T.);
#347=FACE_OUTER_BOUND('',#536,.T.);
#348=FACE_OUTER_BOUND('',#537,.T.);
#349=FACE_OUTER_BOUND('',#538,.T.);
#350=FACE_OUTER_BOUND('',#539,.T.);
#351=FACE_OUTER_BOUND('',#540,.T.);
#352=FACE_OUTER_BOUND('',#541,.T.);
#353=FACE_OUTER_BOUND('',#542,.T.);
#354=FACE_OUTER_BOUND('',#543,.T.);
#355=FACE_OUTER_BOUND('',#544,.T.);
#356=FACE_OUTER_BOUND('',#545,.T.);
#357=FACE_OUTER_BOUND('',#546,.T.);
#358=FACE_OUTER_BOUND('',#547,.T.);
#359=FACE_OUTER_BOUND('',#548,.T.);
#360=FACE_OUTER_BOUND('',#549,.T.);
#361=FACE_OUTER_BOUND('',#550,.T.);
#362=FACE_OUTER_BOUND('',#551,.T.);
#363=FACE_OUTER_BOUND('',#552,.T.);
#364=FACE_OUTER_BOUND('',#553,.T.);
#365=FACE_OUTER_BOUND('',#554,.T.);
#366=FACE_OUTER_BOUND('',#555,.T.);
#367=FACE_OUTER_BOUND('',#556,.T.);
#368=FACE_OUTER_BOUND('',#557,.T.);
#369=FACE_OUTER_BOUND('',#558,.T.);
#370=FACE_OUTER_BOUND('',#559,.T.);
#371=FACE_OUTER_BOUND('',#560,.T.);
#372=FACE_OUTER_BOUND('',#561,.T.);
#373=EDGE_LOOP('',(#2025,#2026,#2027,#2028));
#374=EDGE_LOOP('',(#2029,#2030,#2031,#2032));
#375=EDGE_LOOP('',(#2033,#2034,#2035,#2036));
#376=EDGE_LOOP('',(#2037,#2038,#2039,#2040));
#377=EDGE_LOOP('',(#2041,#2042,#2043,#2044));
#378=EDGE_LOOP('',(#2045,#2046,#2047,#2048));
#379=EDGE_LOOP('',(#2049,#2050,#2051,#2052));
#380=EDGE_LOOP('',(#2053,#2054,#2055,#2056));
#381=EDGE_LOOP('',(#2057,#2058,#2059,#2060));
#382=EDGE_LOOP('',(#2061,#2062,#2063,#2064));
#383=EDGE_LOOP('',(#2065,#2066,#2067,#2068));
#384=EDGE_LOOP('',(#2069,#2070,#2071,#2072));
#385=EDGE_LOOP('',(#2073,#2074,#2075,#2076));
#386=EDGE_LOOP('',(#2077,#2078,#2079,#2080));
#387=EDGE_LOOP('',(#2081,#2082,#2083,#2084,#2085,#2086,#2087,#2088,#2089,
#2090,#2091,#2092,#2093));
#388=EDGE_LOOP('',(#2094,#2095,#2096,#2097));
#389=EDGE_LOOP('',(#2098,#2099,#2100,#2101));
#390=EDGE_LOOP('',(#2102,#2103,#2104,#2105));
#391=EDGE_LOOP('',(#2106,#2107,#2108,#2109));
#392=EDGE_LOOP('',(#2110,#2111,#2112,#2113));
#393=EDGE_LOOP('',(#2114,#2115,#2116,#2117));
#394=EDGE_LOOP('',(#2118,#2119,#2120,#2121));
#395=EDGE_LOOP('',(#2122,#2123,#2124,#2125));
#396=EDGE_LOOP('',(#2126,#2127,#2128,#2129));
#397=EDGE_LOOP('',(#2130,#2131,#2132,#2133));
#398=EDGE_LOOP('',(#2134,#2135,#2136,#2137));
#399=EDGE_LOOP('',(#2138,#2139,#2140,#2141));
#400=EDGE_LOOP('',(#2142,#2143,#2144,#2145));
#401=EDGE_LOOP('',(#2146,#2147,#2148,#2149,#2150));
#402=EDGE_LOOP('',(#2151,#2152,#2153,#2154));
#403=EDGE_LOOP('',(#2155));
#404=EDGE_LOOP('',(#2156,#2157,#2158,#2159,#2160,#2161,#2162,#2163,#2164,
#2165,#2166,#2167));
#405=EDGE_LOOP('',(#2168,#2169,#2170,#2171));
#406=EDGE_LOOP('',(#2172,#2173,#2174,#2175));
#407=EDGE_LOOP('',(#2176,#2177,#2178,#2179));
#408=EDGE_LOOP('',(#2180,#2181,#2182,#2183));
#409=EDGE_LOOP('',(#2184,#2185,#2186,#2187));
#410=EDGE_LOOP('',(#2188,#2189,#2190,#2191));
#411=EDGE_LOOP('',(#2192,#2193,#2194,#2195));
#412=EDGE_LOOP('',(#2196,#2197,#2198,#2199));
#413=EDGE_LOOP('',(#2200,#2201,#2202,#2203));
#414=EDGE_LOOP('',(#2204,#2205,#2206,#2207));
#415=EDGE_LOOP('',(#2208,#2209,#2210,#2211));
#416=EDGE_LOOP('',(#2212,#2213,#2214,#2215));
#417=EDGE_LOOP('',(#2216));
#418=EDGE_LOOP('',(#2217,#2218,#2219,#2220,#2221,#2222,#2223,#2224,#2225,
#2226,#2227,#2228));
#419=EDGE_LOOP('',(#2229,#2230,#2231,#2232));
#420=EDGE_LOOP('',(#2233,#2234,#2235,#2236));
#421=EDGE_LOOP('',(#2237,#2238,#2239,#2240));
#422=EDGE_LOOP('',(#2241,#2242,#2243,#2244));
#423=EDGE_LOOP('',(#2245,#2246,#2247,#2248));
#424=EDGE_LOOP('',(#2249,#2250,#2251,#2252));
#425=EDGE_LOOP('',(#2253,#2254,#2255,#2256));
#426=EDGE_LOOP('',(#2257,#2258,#2259,#2260));
#427=EDGE_LOOP('',(#2261,#2262,#2263,#2264));
#428=EDGE_LOOP('',(#2265,#2266,#2267,#2268));
#429=EDGE_LOOP('',(#2269,#2270,#2271,#2272));
#430=EDGE_LOOP('',(#2273,#2274,#2275,#2276));
#431=EDGE_LOOP('',(#2277,#2278,#2279,#2280,#2281,#2282,#2283,#2284));
#432=EDGE_LOOP('',(#2285,#2286,#2287,#2288,#2289,#2290,#2291,#2292));
#433=EDGE_LOOP('',(#2293,#2294,#2295,#2296,#2297,#2298,#2299,#2300));
#434=EDGE_LOOP('',(#2301,#2302,#2303,#2304));
#435=EDGE_LOOP('',(#2305,#2306,#2307,#2308));
#436=EDGE_LOOP('',(#2309,#2310,#2311,#2312));
#437=EDGE_LOOP('',(#2313,#2314,#2315,#2316));
#438=EDGE_LOOP('',(#2317,#2318,#2319,#2320));
#439=EDGE_LOOP('',(#2321,#2322,#2323,#2324,#2325,#2326,#2327,#2328));
#440=EDGE_LOOP('',(#2329,#2330,#2331,#2332));
#441=EDGE_LOOP('',(#2333,#2334,#2335,#2336));
#442=EDGE_LOOP('',(#2337,#2338,#2339,#2340));
#443=EDGE_LOOP('',(#2341,#2342,#2343,#2344));
#444=EDGE_LOOP('',(#2345,#2346,#2347,#2348));
#445=EDGE_LOOP('',(#2349,#2350,#2351,#2352));
#446=EDGE_LOOP('',(#2353,#2354,#2355,#2356));
#447=EDGE_LOOP('',(#2357,#2358,#2359,#2360));
#448=EDGE_LOOP('',(#2361,#2362,#2363,#2364));
#449=EDGE_LOOP('',(#2365,#2366,#2367,#2368));
#450=EDGE_LOOP('',(#2369,#2370,#2371,#2372));
#451=EDGE_LOOP('',(#2373,#2374,#2375,#2376));
#452=EDGE_LOOP('',(#2377,#2378,#2379,#2380));
#453=EDGE_LOOP('',(#2381,#2382,#2383,#2384));
#454=EDGE_LOOP('',(#2385,#2386,#2387,#2388));
#455=EDGE_LOOP('',(#2389,#2390,#2391,#2392));
#456=EDGE_LOOP('',(#2393,#2394,#2395,#2396));
#457=EDGE_LOOP('',(#2397,#2398,#2399,#2400));
#458=EDGE_LOOP('',(#2401,#2402,#2403,#2404));
#459=EDGE_LOOP('',(#2405,#2406,#2407,#2408));
#460=EDGE_LOOP('',(#2409,#2410,#2411,#2412));
#461=EDGE_LOOP('',(#2413,#2414,#2415,#2416));
#462=EDGE_LOOP('',(#2417,#2418,#2419,#2420));
#463=EDGE_LOOP('',(#2421,#2422,#2423,#2424));
#464=EDGE_LOOP('',(#2425,#2426,#2427,#2428));
#465=EDGE_LOOP('',(#2429,#2430,#2431,#2432));
#466=EDGE_LOOP('',(#2433,#2434,#2435,#2436));
#467=EDGE_LOOP('',(#2437));
#468=EDGE_LOOP('',(#2438,#2439,#2440,#2441,#2442,#2443,#2444,#2445,#2446,
#2447,#2448,#2449));
#469=EDGE_LOOP('',(#2450,#2451,#2452,#2453));
#470=EDGE_LOOP('',(#2454,#2455,#2456,#2457));
#471=EDGE_LOOP('',(#2458,#2459,#2460,#2461));
#472=EDGE_LOOP('',(#2462,#2463,#2464,#2465));
#473=EDGE_LOOP('',(#2466,#2467,#2468,#2469));
#474=EDGE_LOOP('',(#2470,#2471,#2472,#2473));
#475=EDGE_LOOP('',(#2474,#2475,#2476,#2477));
#476=EDGE_LOOP('',(#2478,#2479,#2480,#2481));
#477=EDGE_LOOP('',(#2482,#2483,#2484,#2485));
#478=EDGE_LOOP('',(#2486,#2487,#2488,#2489));
#479=EDGE_LOOP('',(#2490,#2491,#2492,#2493));
#480=EDGE_LOOP('',(#2494,#2495,#2496,#2497));
#481=EDGE_LOOP('',(#2498,#2499,#2500,#2501,#2502,#2503,#2504,#2505,#2506,
#2507,#2508,#2509));
#482=EDGE_LOOP('',(#2510,#2511,#2512,#2513));
#483=EDGE_LOOP('',(#2514,#2515,#2516,#2517));
#484=EDGE_LOOP('',(#2518,#2519,#2520,#2521));
#485=EDGE_LOOP('',(#2522,#2523,#2524,#2525));
#486=EDGE_LOOP('',(#2526,#2527,#2528,#2529));
#487=EDGE_LOOP('',(#2530,#2531,#2532,#2533));
#488=EDGE_LOOP('',(#2534,#2535,#2536,#2537));
#489=EDGE_LOOP('',(#2538,#2539,#2540,#2541));
#490=EDGE_LOOP('',(#2542,#2543,#2544,#2545));
#491=EDGE_LOOP('',(#2546,#2547,#2548,#2549));
#492=EDGE_LOOP('',(#2550,#2551,#2552,#2553));
#493=EDGE_LOOP('',(#2554,#2555,#2556,#2557));
#494=EDGE_LOOP('',(#2558,#2559,#2560,#2561,#2562,#2563,#2564,#2565,#2566,
#2567,#2568,#2569));
#495=EDGE_LOOP('',(#2570,#2571,#2572,#2573));
#496=EDGE_LOOP('',(#2574,#2575,#2576,#2577));
#497=EDGE_LOOP('',(#2578,#2579,#2580,#2581));
#498=EDGE_LOOP('',(#2582,#2583,#2584,#2585));
#499=EDGE_LOOP('',(#2586,#2587,#2588,#2589));
#500=EDGE_LOOP('',(#2590,#2591,#2592,#2593));
#501=EDGE_LOOP('',(#2594,#2595,#2596,#2597));
#502=EDGE_LOOP('',(#2598,#2599,#2600,#2601));
#503=EDGE_LOOP('',(#2602,#2603,#2604,#2605));
#504=EDGE_LOOP('',(#2606,#2607,#2608,#2609));
#505=EDGE_LOOP('',(#2610,#2611,#2612,#2613));
#506=EDGE_LOOP('',(#2614,#2615,#2616,#2617));
#507=EDGE_LOOP('',(#2618,#2619,#2620,#2621,#2622,#2623,#2624,#2625,#2626,
#2627,#2628,#2629));
#508=EDGE_LOOP('',(#2630,#2631,#2632,#2633));
#509=EDGE_LOOP('',(#2634,#2635,#2636,#2637));
#510=EDGE_LOOP('',(#2638,#2639,#2640,#2641));
#511=EDGE_LOOP('',(#2642,#2643,#2644,#2645,#2646,#2647,#2648,#2649));
#512=EDGE_LOOP('',(#2650,#2651,#2652,#2653));
#513=EDGE_LOOP('',(#2654,#2655,#2656,#2657));
#514=EDGE_LOOP('',(#2658,#2659,#2660,#2661));
#515=EDGE_LOOP('',(#2662,#2663,#2664,#2665));
#516=EDGE_LOOP('',(#2666,#2667,#2668,#2669));
#517=EDGE_LOOP('',(#2670,#2671,#2672,#2673));
#518=EDGE_LOOP('',(#2674,#2675,#2676,#2677));
#519=EDGE_LOOP('',(#2678,#2679,#2680,#2681,#2682,#2683,#2684,#2685,#2686,
#2687,#2688,#2689,#2690));
#520=EDGE_LOOP('',(#2691,#2692,#2693,#2694));
#521=EDGE_LOOP('',(#2695,#2696,#2697,#2698));
#522=EDGE_LOOP('',(#2699,#2700,#2701,#2702));
#523=EDGE_LOOP('',(#2703,#2704,#2705,#2706));
#524=EDGE_LOOP('',(#2707,#2708,#2709,#2710));
#525=EDGE_LOOP('',(#2711,#2712,#2713,#2714));
#526=EDGE_LOOP('',(#2715,#2716,#2717,#2718,#2719,#2720,#2721,#2722,#2723,
#2724,#2725,#2726,#2727,#2728,#2729,#2730,#2731,#2732,#2733,#2734));
#527=EDGE_LOOP('',(#2735,#2736,#2737,#2738));
#528=EDGE_LOOP('',(#2739,#2740,#2741,#2742));
#529=EDGE_LOOP('',(#2743,#2744,#2745,#2746,#2747));
#530=EDGE_LOOP('',(#2748,#2749,#2750,#2751,#2752));
#531=EDGE_LOOP('',(#2753,#2754,#2755,#2756));
#532=EDGE_LOOP('',(#2757,#2758,#2759,#2760));
#533=EDGE_LOOP('',(#2761,#2762,#2763,#2764));
#534=EDGE_LOOP('',(#2765,#2766,#2767,#2768));
#535=EDGE_LOOP('',(#2769,#2770,#2771,#2772,#2773,#2774));
#536=EDGE_LOOP('',(#2775,#2776,#2777,#2778,#2779,#2780));
#537=EDGE_LOOP('',(#2781,#2782,#2783,#2784));
#538=EDGE_LOOP('',(#2785,#2786,#2787,#2788));
#539=EDGE_LOOP('',(#2789,#2790,#2791,#2792));
#540=EDGE_LOOP('',(#2793,#2794,#2795,#2796));
#541=EDGE_LOOP('',(#2797,#2798,#2799,#2800));
#542=EDGE_LOOP('',(#2801,#2802,#2803,#2804));
#543=EDGE_LOOP('',(#2805,#2806,#2807,#2808));
#544=EDGE_LOOP('',(#2809,#2810,#2811,#2812));
#545=EDGE_LOOP('',(#2813,#2814,#2815,#2816));
#546=EDGE_LOOP('',(#2817,#2818,#2819,#2820));
#547=EDGE_LOOP('',(#2821,#2822,#2823,#2824));
#548=EDGE_LOOP('',(#2825,#2826,#2827,#2828));
#549=EDGE_LOOP('',(#2829,#2830,#2831,#2832));
#550=EDGE_LOOP('',(#2833,#2834,#2835,#2836,#2837,#2838,#2839,#2840,#2841,
#2842,#2843,#2844,#2845,#2846,#2847,#2848,#2849,#2850,#2851,#2852,#2853,
#2854,#2855,#2856,#2857,#2858,#2859,#2860,#2861,#2862,#2863,#2864));
#551=EDGE_LOOP('',(#2865,#2866,#2867,#2868,#2869));
#552=EDGE_LOOP('',(#2870,#2871,#2872,#2873,#2874,#2875));
#553=EDGE_LOOP('',(#2876,#2877,#2878,#2879,#2880,#2881,#2882,#2883,#2884,
#2885,#2886,#2887,#2888,#2889,#2890,#2891,#2892,#2893,#2894,#2895));
#554=EDGE_LOOP('',(#2896,#2897,#2898,#2899,#2900));
#555=EDGE_LOOP('',(#2901,#2902,#2903,#2904,#2905,#2906));
#556=EDGE_LOOP('',(#2907,#2908,#2909,#2910,#2911,#2912,#2913,#2914,#2915,
#2916,#2917,#2918,#2919,#2920,#2921,#2922,#2923,#2924,#2925,#2926,#2927,
#2928,#2929,#2930,#2931,#2932,#2933,#2934,#2935,#2936,#2937,#2938));
#557=EDGE_LOOP('',(#2939,#2940,#2941,#2942,#2943));
#558=EDGE_LOOP('',(#2944,#2945,#2946,#2947,#2948));
#559=EDGE_LOOP('',(#2949,#2950,#2951,#2952,#2953,#2954,#2955,#2956,#2957,
#2958,#2959,#2960,#2961,#2962,#2963,#2964,#2965,#2966,#2967,#2968));
#560=EDGE_LOOP('',(#2969,#2970,#2971,#2972,#2973));
#561=EDGE_LOOP('',(#2974,#2975,#2976,#2977,#2978));
#562=ELLIPSE('',#3324,27.4288484158818,22.4929629042719);
#563=ELLIPSE('',#3326,27.4288484146526,22.4929629022527);
#564=ELLIPSE('',#3338,27.4315706968371,22.4974041348447);
#565=ELLIPSE('',#3340,27.4315705438054,22.4974038836956);
#566=ELLIPSE('',#3354,27.4315706968371,22.4974041348447);
#567=ELLIPSE('',#3356,27.4315705438054,22.4974038836956);
#568=ELLIPSE('',#3362,29.3906281079331,25.8478152479363);
#569=ELLIPSE('',#3478,29.3906281079331,25.8478152479363);
#570=ELLIPSE('',#3491,29.3906281077598,25.8478152476329);
#571=ELLIPSE('',#3495,29.3906281077598,25.8478152476329);
#572=ELLIPSE('',#3499,29.3906281077598,25.8478152476329);
#573=ELLIPSE('',#3502,29.3906281077598,25.8478152476329);
#574=ELLIPSE('',#3513,29.3906281079331,25.8478152479363);
#575=ELLIPSE('',#3516,29.3906281079331,25.8478152479363);
#576=LINE('',#4260,#913);
#577=LINE('',#4262,#914);
#578=LINE('',#4264,#915);
#579=LINE('',#4269,#916);
#580=LINE('',#4273,#917);
#581=LINE('',#4274,#918);
#582=LINE('',#4277,#919);
#583=LINE('',#4281,#920);
#584=LINE('',#4290,#921);
#585=LINE('',#4291,#922);
#586=LINE('',#4295,#923);
#587=LINE('',#4297,#924);
#588=LINE('',#4299,#925);
#589=LINE('',#4308,#926);
#590=LINE('',#4312,#927);
#591=LINE('',#4321,#928);
#592=LINE('',#4322,#929);
#593=LINE('',#4326,#930);
#594=LINE('',#4328,#931);
#595=LINE('',#4330,#932);
#596=LINE('',#4339,#933);
#597=LINE('',#4343,#934);
#598=LINE('',#4345,#935);
#599=LINE('',#4347,#936);
#600=LINE('',#4352,#937);
#601=LINE('',#4356,#938);
#602=LINE('',#4357,#939);
#603=LINE('',#4360,#940);
#604=LINE('',#4371,#941);
#605=LINE('',#4373,#942);
#606=LINE('',#4374,#943);
#607=LINE('',#4378,#944);
#608=LINE('',#4380,#945);
#609=LINE('',#4382,#946);
#610=LINE('',#4383,#947);
#611=LINE('',#4387,#948);
#612=LINE('',#4389,#949);
#613=LINE('',#4390,#950);
#614=LINE('',#4393,#951);
#615=LINE('',#4395,#952);
#616=LINE('',#4397,#953);
#617=LINE('',#4399,#954);
#618=LINE('',#4404,#955);
#619=LINE('',#4415,#956);
#620=LINE('',#4417,#957);
#621=LINE('',#4418,#958);
#622=LINE('',#4422,#959);
#623=LINE('',#4424,#960);
#624=LINE('',#4432,#961);
#625=LINE('',#4435,#962);
#626=LINE('',#4439,#963);
#627=LINE('',#4441,#964);
#628=LINE('',#4444,#965);
#629=LINE('',#4450,#966);
#630=LINE('',#4452,#967);
#631=LINE('',#4453,#968);
#632=LINE('',#4456,#969);
#633=LINE('',#4460,#970);
#634=LINE('',#4469,#971);
#635=LINE('',#4470,#972);
#636=LINE('',#4474,#973);
#637=LINE('',#4476,#974);
#638=LINE('',#4478,#975);
#639=LINE('',#4479,#976);
#640=LINE('',#4482,#977);
#641=LINE('',#4484,#978);
#642=LINE('',#4487,#979);
#643=LINE('',#4499,#980);
#644=LINE('',#4500,#981);
#645=LINE('',#4501,#982);
#646=LINE('',#4504,#983);
#647=LINE('',#4506,#984);
#648=LINE('',#4508,#985);
#649=LINE('',#4509,#986);
#650=LINE('',#4512,#987);
#651=LINE('',#4514,#988);
#652=LINE('',#4516,#989);
#653=LINE('',#4517,#990);
#654=LINE('',#4535,#991);
#655=LINE('',#4536,#992);
#656=LINE('',#4540,#993);
#657=LINE('',#4553,#994);
#658=LINE('',#4559,#995);
#659=LINE('',#4565,#996);
#660=LINE('',#4567,#997);
#661=LINE('',#4569,#998);
#662=LINE('',#4571,#999);
#663=LINE('',#4573,#1000);
#664=LINE('',#4575,#1001);
#665=LINE('',#4577,#1002);
#666=LINE('',#4579,#1003);
#667=LINE('',#4581,#1004);
#668=LINE('',#4583,#1005);
#669=LINE('',#4585,#1006);
#670=LINE('',#4586,#1007);
#671=LINE('',#4589,#1008);
#672=LINE('',#4591,#1009);
#673=LINE('',#4592,#1010);
#674=LINE('',#4595,#1011);
#675=LINE('',#4596,#1012);
#676=LINE('',#4599,#1013);
#677=LINE('',#4600,#1014);
#678=LINE('',#4603,#1015);
#679=LINE('',#4604,#1016);
#680=LINE('',#4607,#1017);
#681=LINE('',#4608,#1018);
#682=LINE('',#4611,#1019);
#683=LINE('',#4612,#1020);
#684=LINE('',#4615,#1021);
#685=LINE('',#4616,#1022);
#686=LINE('',#4619,#1023);
#687=LINE('',#4620,#1024);
#688=LINE('',#4623,#1025);
#689=LINE('',#4624,#1026);
#690=LINE('',#4627,#1027);
#691=LINE('',#4628,#1028);
#692=LINE('',#4631,#1029);
#693=LINE('',#4632,#1030);
#694=LINE('',#4634,#1031);
#695=LINE('',#4640,#1032);
#696=LINE('',#4642,#1033);
#697=LINE('',#4644,#1034);
#698=LINE('',#4646,#1035);
#699=LINE('',#4648,#1036);
#700=LINE('',#4650,#1037);
#701=LINE('',#4652,#1038);
#702=LINE('',#4654,#1039);
#703=LINE('',#4656,#1040);
#704=LINE('',#4658,#1041);
#705=LINE('',#4660,#1042);
#706=LINE('',#4661,#1043);
#707=LINE('',#4664,#1044);
#708=LINE('',#4666,#1045);
#709=LINE('',#4667,#1046);
#710=LINE('',#4670,#1047);
#711=LINE('',#4671,#1048);
#712=LINE('',#4674,#1049);
#713=LINE('',#4675,#1050);
#714=LINE('',#4678,#1051);
#715=LINE('',#4679,#1052);
#716=LINE('',#4682,#1053);
#717=LINE('',#4683,#1054);
#718=LINE('',#4686,#1055);
#719=LINE('',#4687,#1056);
#720=LINE('',#4690,#1057);
#721=LINE('',#4691,#1058);
#722=LINE('',#4694,#1059);
#723=LINE('',#4695,#1060);
#724=LINE('',#4698,#1061);
#725=LINE('',#4699,#1062);
#726=LINE('',#4702,#1063);
#727=LINE('',#4703,#1064);
#728=LINE('',#4706,#1065);
#729=LINE('',#4707,#1066);
#730=LINE('',#4709,#1067);
#731=LINE('',#4726,#1068);
#732=LINE('',#4743,#1069);
#733=LINE('',#4760,#1070);
#734=LINE('',#4774,#1071);
#735=LINE('',#4779,#1072);
#736=LINE('',#4783,#1073);
#737=LINE('',#4792,#1074);
#738=LINE('',#4846,#1075);
#739=LINE('',#5064,#1076);
#740=LINE('',#5090,#1077);
#741=LINE('',#5131,#1078);
#742=LINE('',#5213,#1079);
#743=LINE('',#6398,#1080);
#744=LINE('',#6400,#1081);
#745=LINE('',#6402,#1082);
#746=LINE('',#6403,#1083);
#747=LINE('',#6408,#1084);
#748=LINE('',#6409,#1085);
#749=LINE('',#6412,#1086);
#750=LINE('',#6414,#1087);
#751=LINE('',#6415,#1088);
#752=LINE('',#6420,#1089);
#753=LINE('',#6421,#1090);
#754=LINE('',#6424,#1091);
#755=LINE('',#6426,#1092);
#756=LINE('',#6427,#1093);
#757=LINE('',#6432,#1094);
#758=LINE('',#6433,#1095);
#759=LINE('',#6436,#1096);
#760=LINE('',#6438,#1097);
#761=LINE('',#6439,#1098);
#762=LINE('',#6444,#1099);
#763=LINE('',#6445,#1100);
#764=LINE('',#6448,#1101);
#765=LINE('',#6450,#1102);
#766=LINE('',#6451,#1103);
#767=LINE('',#6456,#1104);
#768=LINE('',#6457,#1105);
#769=LINE('',#6460,#1106);
#770=LINE('',#6462,#1107);
#771=LINE('',#6463,#1108);
#772=LINE('',#6466,#1109);
#773=LINE('',#6472,#1110);
#774=LINE('',#6474,#1111);
#775=LINE('',#6476,#1112);
#776=LINE('',#6478,#1113);
#777=LINE('',#6480,#1114);
#778=LINE('',#6482,#1115);
#779=LINE('',#6484,#1116);
#780=LINE('',#6486,#1117);
#781=LINE('',#6488,#1118);
#782=LINE('',#6490,#1119);
#783=LINE('',#6492,#1120);
#784=LINE('',#6493,#1121);
#785=LINE('',#6495,#1122);
#786=LINE('',#6496,#1123);
#787=LINE('',#6498,#1124);
#788=LINE('',#6500,#1125);
#789=LINE('',#6502,#1126);
#790=LINE('',#6504,#1127);
#791=LINE('',#6506,#1128);
#792=LINE('',#6508,#1129);
#793=LINE('',#6510,#1130);
#794=LINE('',#6512,#1131);
#795=LINE('',#6514,#1132);
#796=LINE('',#6516,#1133);
#797=LINE('',#6532,#1134);
#798=LINE('',#6534,#1135);
#799=LINE('',#6535,#1136);
#800=LINE('',#6538,#1137);
#801=LINE('',#6542,#1138);
#802=LINE('',#6543,#1139);
#803=LINE('',#6546,#1140);
#804=LINE('',#6550,#1141);
#805=LINE('',#6551,#1142);
#806=LINE('',#6554,#1143);
#807=LINE('',#6558,#1144);
#808=LINE('',#6559,#1145);
#809=LINE('',#6562,#1146);
#810=LINE('',#6566,#1147);
#811=LINE('',#6567,#1148);
#812=LINE('',#6570,#1149);
#813=LINE('',#6574,#1150);
#814=LINE('',#6575,#1151);
#815=LINE('',#6592,#1152);
#816=LINE('',#6594,#1153);
#817=LINE('',#6595,#1154);
#818=LINE('',#6598,#1155);
#819=LINE('',#6602,#1156);
#820=LINE('',#6603,#1157);
#821=LINE('',#6606,#1158);
#822=LINE('',#6610,#1159);
#823=LINE('',#6611,#1160);
#824=LINE('',#6614,#1161);
#825=LINE('',#6618,#1162);
#826=LINE('',#6619,#1163);
#827=LINE('',#6622,#1164);
#828=LINE('',#6626,#1165);
#829=LINE('',#6627,#1166);
#830=LINE('',#6630,#1167);
#831=LINE('',#6634,#1168);
#832=LINE('',#6635,#1169);
#833=LINE('',#6658,#1170);
#834=LINE('',#6661,#1171);
#835=LINE('',#6662,#1172);
#836=LINE('',#6672,#1173);
#837=LINE('',#6673,#1174);
#838=LINE('',#6696,#1175);
#839=LINE('',#6697,#1176);
#840=LINE('',#6700,#1177);
#841=LINE('',#6702,#1178);
#842=LINE('',#6704,#1179);
#843=LINE('',#6724,#1180);
#844=LINE('',#6725,#1181);
#845=LINE('',#6729,#1182);
#846=LINE('',#6738,#1183);
#847=LINE('',#6739,#1184);
#848=LINE('',#6743,#1185);
#849=LINE('',#6744,#1186);
#850=LINE('',#6746,#1187);
#851=LINE('',#6747,#1188);
#852=LINE('',#6751,#1189);
#853=LINE('',#6753,#1190);
#854=LINE('',#6755,#1191);
#855=LINE('',#6756,#1192);
#856=LINE('',#6759,#1193);
#857=LINE('',#6761,#1194);
#858=LINE('',#6763,#1195);
#859=LINE('',#6764,#1196);
#860=LINE('',#6769,#1197);
#861=LINE('',#6771,#1198);
#862=LINE('',#6774,#1199);
#863=LINE('',#6776,#1200);
#864=LINE('',#6777,#1201);
#865=LINE('',#6780,#1202);
#866=LINE('',#6790,#1203);
#867=LINE('',#6793,#1204);
#868=LINE('',#6795,#1205);
#869=LINE('',#6796,#1206);
#870=LINE('',#6799,#1207);
#871=LINE('',#6809,#1208);
#872=LINE('',#6811,#1209);
#873=LINE('',#6860,#1210);
#874=LINE('',#6863,#1211);
#875=LINE('',#6877,#1212);
#876=LINE('',#6890,#1213);
#877=LINE('',#6899,#1214);
#878=LINE('',#6902,#1215);
#879=LINE('',#6916,#1216);
#880=LINE('',#6929,#1217);
#881=LINE('',#6942,#1218);
#882=LINE('',#6955,#1219);
#883=LINE('',#6958,#1220);
#884=LINE('',#6960,#1221);
#885=LINE('',#6961,#1222);
#886=LINE('',#6970,#1223);
#887=LINE('',#6974,#1224);
#888=LINE('',#6975,#1225);
#889=LINE('',#6976,#1226);
#890=LINE('',#6980,#1227);
#891=LINE('',#6981,#1228);
#892=LINE('',#6984,#1229);
#893=LINE('',#6985,#1230);
#894=LINE('',#6995,#1231);
#895=LINE('',#6998,#1232);
#896=LINE('',#6999,#1233);
#897=LINE('',#7002,#1234);
#898=LINE('',#7003,#1235);
#899=LINE('',#7006,#1236);
#900=LINE('',#7010,#1237);
#901=LINE('',#7021,#1238);
#902=LINE('',#7034,#1239);
#903=LINE('',#7036,#1240);
#904=LINE('',#7037,#1241);
#905=LINE('',#7038,#1242);
#906=LINE('',#7039,#1243);
#907=LINE('',#7085,#1244);
#908=LINE('',#7118,#1245);
#909=LINE('',#7131,#1246);
#910=LINE('',#7133,#1247);
#911=LINE('',#7134,#1248);
#912=LINE('',#7180,#1249);
#913=VECTOR('',#3525,10.);
#914=VECTOR('',#3526,10.);
#915=VECTOR('',#3527,10.);
#916=VECTOR('',#3532,10.);
#917=VECTOR('',#3535,10.);
#918=VECTOR('',#3536,10.);
#919=VECTOR('',#3541,10.);
#920=VECTOR('',#3544,10.);
#921=VECTOR('',#3545,10.);
#922=VECTOR('',#3546,10.);
#923=VECTOR('',#3549,10.);
#924=VECTOR('',#3550,10.);
#925=VECTOR('',#3551,10.);
#926=VECTOR('',#3556,10.);
#927=VECTOR('',#3559,10.);
#928=VECTOR('',#3560,10.);
#929=VECTOR('',#3561,10.);
#930=VECTOR('',#3564,10.);
#931=VECTOR('',#3565,10.);
#932=VECTOR('',#3566,10.);
#933=VECTOR('',#3571,10.);
#934=VECTOR('',#3574,10.);
#935=VECTOR('',#3575,10.);
#936=VECTOR('',#3576,10.);
#937=VECTOR('',#3581,10.);
#938=VECTOR('',#3584,10.);
#939=VECTOR('',#3585,10.);
#940=VECTOR('',#3590,10.);
#941=VECTOR('',#3593,10.);
#942=VECTOR('',#3594,10.);
#943=VECTOR('',#3595,10.);
#944=VECTOR('',#3598,10.);
#945=VECTOR('',#3599,10.);
#946=VECTOR('',#3600,10.);
#947=VECTOR('',#3601,10.);
#948=VECTOR('',#3604,10.);
#949=VECTOR('',#3605,10.);
#950=VECTOR('',#3606,10.);
#951=VECTOR('',#3609,10.);
#952=VECTOR('',#3610,10.);
#953=VECTOR('',#3611,10.);
#954=VECTOR('',#3612,10.);
#955=VECTOR('',#3617,10.);
#956=VECTOR('',#3620,10.);
#957=VECTOR('',#3621,10.);
#958=VECTOR('',#3622,10.);
#959=VECTOR('',#3625,10.);
#960=VECTOR('',#3626,10.);
#961=VECTOR('',#3627,10.);
#962=VECTOR('',#3632,10.);
#963=VECTOR('',#3635,10.);
#964=VECTOR('',#3636,10.);
#965=VECTOR('',#3639,10.);
#966=VECTOR('',#3644,10.);
#967=VECTOR('',#3645,10.);
#968=VECTOR('',#3646,10.);
#969=VECTOR('',#3651,10.);
#970=VECTOR('',#3654,10.);
#971=VECTOR('',#3655,10.);
#972=VECTOR('',#3656,10.);
#973=VECTOR('',#3659,10.);
#974=VECTOR('',#3660,10.);
#975=VECTOR('',#3661,10.);
#976=VECTOR('',#3662,10.);
#977=VECTOR('',#3665,10.);
#978=VECTOR('',#3666,10.);
#979=VECTOR('',#3669,10.);
#980=VECTOR('',#3672,10.);
#981=VECTOR('',#3673,10.);
#982=VECTOR('',#3674,10.);
#983=VECTOR('',#3677,10.);
#984=VECTOR('',#3678,10.);
#985=VECTOR('',#3679,10.);
#986=VECTOR('',#3680,10.);
#987=VECTOR('',#3683,10.);
#988=VECTOR('',#3684,10.);
#989=VECTOR('',#3685,10.);
#990=VECTOR('',#3686,10.);
#991=VECTOR('',#3689,10.);
#992=VECTOR('',#3690,10.);
#993=VECTOR('',#3693,10.);
#994=VECTOR('',#3702,10.);
#995=VECTOR('',#3703,10.);
#996=VECTOR('',#3708,1.);
#997=VECTOR('',#3709,1.);
#998=VECTOR('',#3710,1.);
#999=VECTOR('',#3711,1.);
#1000=VECTOR('',#3712,1.);
#1001=VECTOR('',#3713,1.);
#1002=VECTOR('',#3714,1.);
#1003=VECTOR('',#3715,1.);
#1004=VECTOR('',#3716,1.);
#1005=VECTOR('',#3717,1.);
#1006=VECTOR('',#3718,1.);
#1007=VECTOR('',#3719,1.);
#1008=VECTOR('',#3722,10.);
#1009=VECTOR('',#3723,10.);
#1010=VECTOR('',#3724,10.);
#1011=VECTOR('',#3727,10.);
#1012=VECTOR('',#3728,10.);
#1013=VECTOR('',#3731,10.);
#1014=VECTOR('',#3732,10.);
#1015=VECTOR('',#3735,10.);
#1016=VECTOR('',#3736,10.);
#1017=VECTOR('',#3739,10.);
#1018=VECTOR('',#3740,10.);
#1019=VECTOR('',#3743,10.);
#1020=VECTOR('',#3744,10.);
#1021=VECTOR('',#3747,10.);
#1022=VECTOR('',#3748,10.);
#1023=VECTOR('',#3751,10.);
#1024=VECTOR('',#3752,10.);
#1025=VECTOR('',#3755,10.);
#1026=VECTOR('',#3756,10.);
#1027=VECTOR('',#3759,10.);
#1028=VECTOR('',#3760,10.);
#1029=VECTOR('',#3763,10.);
#1030=VECTOR('',#3764,10.);
#1031=VECTOR('',#3767,10.);
#1032=VECTOR('',#3772,1.);
#1033=VECTOR('',#3773,1.);
#1034=VECTOR('',#3774,1.);
#1035=VECTOR('',#3775,1.);
#1036=VECTOR('',#3776,1.);
#1037=VECTOR('',#3777,1.);
#1038=VECTOR('',#3778,1.);
#1039=VECTOR('',#3779,1.);
#1040=VECTOR('',#3780,1.);
#1041=VECTOR('',#3781,1.);
#1042=VECTOR('',#3782,1.);
#1043=VECTOR('',#3783,1.);
#1044=VECTOR('',#3786,10.);
#1045=VECTOR('',#3787,10.);
#1046=VECTOR('',#3788,10.);
#1047=VECTOR('',#3791,10.);
#1048=VECTOR('',#3792,10.);
#1049=VECTOR('',#3795,10.);
#1050=VECTOR('',#3796,10.);
#1051=VECTOR('',#3799,10.);
#1052=VECTOR('',#3800,10.);
#1053=VECTOR('',#3803,10.);
#1054=VECTOR('',#3804,10.);
#1055=VECTOR('',#3807,10.);
#1056=VECTOR('',#3808,10.);
#1057=VECTOR('',#3811,10.);
#1058=VECTOR('',#3812,10.);
#1059=VECTOR('',#3815,10.);
#1060=VECTOR('',#3816,10.);
#1061=VECTOR('',#3819,10.);
#1062=VECTOR('',#3820,10.);
#1063=VECTOR('',#3823,10.);
#1064=VECTOR('',#3824,10.);
#1065=VECTOR('',#3827,10.);
#1066=VECTOR('',#3828,10.);
#1067=VECTOR('',#3831,10.);
#1068=VECTOR('',#3834,10.);
#1069=VECTOR('',#3835,10.);
#1070=VECTOR('',#3836,10.);
#1071=VECTOR('',#3837,10.);
#1072=VECTOR('',#3840,10.);
#1073=VECTOR('',#3843,10.);
#1074=VECTOR('',#3844,10.);
#1075=VECTOR('',#3845,10.);
#1076=VECTOR('',#3848,10.);
#1077=VECTOR('',#3851,10.);
#1078=VECTOR('',#3852,10.);
#1079=VECTOR('',#3855,10.);
#1080=VECTOR('',#3858,10.);
#1081=VECTOR('',#3859,10.);
#1082=VECTOR('',#3860,10.);
#1083=VECTOR('',#3861,10.);
#1084=VECTOR('',#3866,10.);
#1085=VECTOR('',#3867,10.);
#1086=VECTOR('',#3870,10.);
#1087=VECTOR('',#3871,10.);
#1088=VECTOR('',#3872,10.);
#1089=VECTOR('',#3877,10.);
#1090=VECTOR('',#3878,10.);
#1091=VECTOR('',#3881,10.);
#1092=VECTOR('',#3882,10.);
#1093=VECTOR('',#3883,10.);
#1094=VECTOR('',#3888,10.);
#1095=VECTOR('',#3889,10.);
#1096=VECTOR('',#3892,10.);
#1097=VECTOR('',#3893,10.);
#1098=VECTOR('',#3894,10.);
#1099=VECTOR('',#3899,10.);
#1100=VECTOR('',#3900,10.);
#1101=VECTOR('',#3903,10.);
#1102=VECTOR('',#3904,10.);
#1103=VECTOR('',#3905,10.);
#1104=VECTOR('',#3910,10.);
#1105=VECTOR('',#3911,10.);
#1106=VECTOR('',#3914,10.);
#1107=VECTOR('',#3915,10.);
#1108=VECTOR('',#3916,10.);
#1109=VECTOR('',#3921,10.);
#1110=VECTOR('',#3926,1.);
#1111=VECTOR('',#3927,1.);
#1112=VECTOR('',#3928,1.);
#1113=VECTOR('',#3929,1.);
#1114=VECTOR('',#3930,1.);
#1115=VECTOR('',#3931,1.);
#1116=VECTOR('',#3932,1.);
#1117=VECTOR('',#3933,1.);
#1118=VECTOR('',#3934,1.);
#1119=VECTOR('',#3935,1.);
#1120=VECTOR('',#3936,1.);
#1121=VECTOR('',#3937,1.);
#1122=VECTOR('',#3940,10.);
#1123=VECTOR('',#3941,10.);
#1124=VECTOR('',#3944,10.);
#1125=VECTOR('',#3947,10.);
#1126=VECTOR('',#3950,10.);
#1127=VECTOR('',#3953,10.);
#1128=VECTOR('',#3956,10.);
#1129=VECTOR('',#3959,10.);
#1130=VECTOR('',#3962,10.);
#1131=VECTOR('',#3965,10.);
#1132=VECTOR('',#3968,10.);
#1133=VECTOR('',#3971,10.);
#1134=VECTOR('',#3976,10.);
#1135=VECTOR('',#3977,10.);
#1136=VECTOR('',#3978,10.);
#1137=VECTOR('',#3981,10.);
#1138=VECTOR('',#3986,10.);
#1139=VECTOR('',#3987,10.);
#1140=VECTOR('',#3990,10.);
#1141=VECTOR('',#3995,10.);
#1142=VECTOR('',#3996,10.);
#1143=VECTOR('',#3999,10.);
#1144=VECTOR('',#4004,10.);
#1145=VECTOR('',#4005,10.);
#1146=VECTOR('',#4008,10.);
#1147=VECTOR('',#4013,10.);
#1148=VECTOR('',#4014,10.);
#1149=VECTOR('',#4017,10.);
#1150=VECTOR('',#4022,10.);
#1151=VECTOR('',#4023,10.);
#1152=VECTOR('',#4030,10.);
#1153=VECTOR('',#4031,10.);
#1154=VECTOR('',#4032,10.);
#1155=VECTOR('',#4035,10.);
#1156=VECTOR('',#4040,10.);
#1157=VECTOR('',#4041,10.);
#1158=VECTOR('',#4044,10.);
#1159=VECTOR('',#4049,10.);
#1160=VECTOR('',#4050,10.);
#1161=VECTOR('',#4053,10.);
#1162=VECTOR('',#4058,10.);
#1163=VECTOR('',#4059,10.);
#1164=VECTOR('',#4062,10.);
#1165=VECTOR('',#4067,10.);
#1166=VECTOR('',#4068,10.);
#1167=VECTOR('',#4071,10.);
#1168=VECTOR('',#4076,10.);
#1169=VECTOR('',#4077,10.);
#1170=VECTOR('',#4084,10.);
#1171=VECTOR('',#4087,10.);
#1172=VECTOR('',#4088,10.);
#1173=VECTOR('',#4091,10.);
#1174=VECTOR('',#4092,10.);
#1175=VECTOR('',#4097,10.);
#1176=VECTOR('',#4098,10.);
#1177=VECTOR('',#4101,10.);
#1178=VECTOR('',#4102,10.);
#1179=VECTOR('',#4103,10.);
#1180=VECTOR('',#4104,10.);
#1181=VECTOR('',#4105,10.);
#1182=VECTOR('',#4108,10.);
#1183=VECTOR('',#4109,10.);
#1184=VECTOR('',#4110,10.);
#1185=VECTOR('',#4113,10.);
#1186=VECTOR('',#4114,10.);
#1187=VECTOR('',#4115,10.);
#1188=VECTOR('',#4116,10.);
#1189=VECTOR('',#4119,10.);
#1190=VECTOR('',#4120,10.);
#1191=VECTOR('',#4121,10.);
#1192=VECTOR('',#4122,10.);
#1193=VECTOR('',#4125,10.);
#1194=VECTOR('',#4126,10.);
#1195=VECTOR('',#4127,10.);
#1196=VECTOR('',#4128,10.);
#1197=VECTOR('',#4135,10.);
#1198=VECTOR('',#4138,10.);
#1199=VECTOR('',#4141,10.);
#1200=VECTOR('',#4142,10.);
#1201=VECTOR('',#4143,10.);
#1202=VECTOR('',#4146,10.);
#1203=VECTOR('',#4151,10.);
#1204=VECTOR('',#4154,10.);
#1205=VECTOR('',#4155,10.);
#1206=VECTOR('',#4156,10.);
#1207=VECTOR('',#4159,10.);
#1208=VECTOR('',#4164,10.);
#1209=VECTOR('',#4167,2.75000000025269);
#1210=VECTOR('',#4170,10.);
#1211=VECTOR('',#4173,10.);
#1212=VECTOR('',#4176,10.);
#1213=VECTOR('',#4177,10.);
#1214=VECTOR('',#4180,10.);
#1215=VECTOR('',#4183,10.);
#1216=VECTOR('',#4186,10.);
#1217=VECTOR('',#4187,10.);
#1218=VECTOR('',#4188,10.);
#1219=VECTOR('',#4189,10.);
#1220=VECTOR('',#4192,10.);
#1221=VECTOR('',#4193,10.);
#1222=VECTOR('',#4194,10.);
#1223=VECTOR('',#4197,10.);
#1224=VECTOR('',#4200,10.);
#1225=VECTOR('',#4201,10.);
#1226=VECTOR('',#4202,10.);
#1227=VECTOR('',#4207,10.);
#1228=VECTOR('',#4208,10.);
#1229=VECTOR('',#4211,10.);
#1230=VECTOR('',#4212,10.);
#1231=VECTOR('',#4215,10.);
#1232=VECTOR('',#4218,10.);
#1233=VECTOR('',#4219,10.);
#1234=VECTOR('',#4222,10.);
#1235=VECTOR('',#4223,10.);
#1236=VECTOR('',#4226,10.);
#1237=VECTOR('',#4231,10.);
#1238=VECTOR('',#4236,10.);
#1239=VECTOR('',#4237,10.);
#1240=VECTOR('',#4240,10.);
#1241=VECTOR('',#4241,10.);
#1242=VECTOR('',#4242,10.);
#1243=VECTOR('',#4243,10.);
#1244=VECTOR('',#4246,2.75000000025269);
#1245=VECTOR('',#4247,10.);
#1246=VECTOR('',#4248,10.);
#1247=VECTOR('',#4251,10.);
#1248=VECTOR('',#4252,10.);
#1249=VECTOR('',#4255,2.75000000025267);
#1250=VERTEX_POINT('',#4258);
#1251=VERTEX_POINT('',#4259);
#1252=VERTEX_POINT('',#4261);
#1253=VERTEX_POINT('',#4263);
#1254=VERTEX_POINT('',#4267);
#1255=VERTEX_POINT('',#4268);
#1256=VERTEX_POINT('',#4270);
#1257=VERTEX_POINT('',#4272);
#1258=VERTEX_POINT('',#4279);
#1259=VERTEX_POINT('',#4280);
#1260=VERTEX_POINT('',#4282);
#1261=VERTEX_POINT('',#4289);
#1262=VERTEX_POINT('',#4293);
#1263=VERTEX_POINT('',#4294);
#1264=VERTEX_POINT('',#4296);
#1265=VERTEX_POINT('',#4298);
#1266=VERTEX_POINT('',#4310);
#1267=VERTEX_POINT('',#4311);
#1268=VERTEX_POINT('',#4313);
#1269=VERTEX_POINT('',#4320);
#1270=VERTEX_POINT('',#4324);
#1271=VERTEX_POINT('',#4325);
#1272=VERTEX_POINT('',#4327);
#1273=VERTEX_POINT('',#4329);
#1274=VERTEX_POINT('',#4341);
#1275=VERTEX_POINT('',#4342);
#1276=VERTEX_POINT('',#4344);
#1277=VERTEX_POINT('',#4346);
#1278=VERTEX_POINT('',#4350);
#1279=VERTEX_POINT('',#4351);
#1280=VERTEX_POINT('',#4353);
#1281=VERTEX_POINT('',#4355);
#1282=VERTEX_POINT('',#4362);
#1283=VERTEX_POINT('',#4363);
#1284=VERTEX_POINT('',#4370);
#1285=VERTEX_POINT('',#4372);
#1286=VERTEX_POINT('',#4376);
#1287=VERTEX_POINT('',#4377);
#1288=VERTEX_POINT('',#4379);
#1289=VERTEX_POINT('',#4381);
#1290=VERTEX_POINT('',#4385);
#1291=VERTEX_POINT('',#4386);
#1292=VERTEX_POINT('',#4388);
#1293=VERTEX_POINT('',#4392);
#1294=VERTEX_POINT('',#4394);
#1295=VERTEX_POINT('',#4396);
#1296=VERTEX_POINT('',#4398);
#1297=VERTEX_POINT('',#4400);
#1298=VERTEX_POINT('',#4402);
#1299=VERTEX_POINT('',#4406);
#1300=VERTEX_POINT('',#4407);
#1301=VERTEX_POINT('',#4414);
#1302=VERTEX_POINT('',#4416);
#1303=VERTEX_POINT('',#4420);
#1304=VERTEX_POINT('',#4421);
#1305=VERTEX_POINT('',#4423);
#1306=VERTEX_POINT('',#4425);
#1307=VERTEX_POINT('',#4437);
#1308=VERTEX_POINT('',#4438);
#1309=VERTEX_POINT('',#4440);
#1310=VERTEX_POINT('',#4442);
#1311=VERTEX_POINT('',#4446);
#1312=VERTEX_POINT('',#4447);
#1313=VERTEX_POINT('',#4449);
#1314=VERTEX_POINT('',#4451);
#1315=VERTEX_POINT('',#4458);
#1316=VERTEX_POINT('',#4459);
#1317=VERTEX_POINT('',#4461);
#1318=VERTEX_POINT('',#4468);
#1319=VERTEX_POINT('',#4472);
#1320=VERTEX_POINT('',#4473);
#1321=VERTEX_POINT('',#4475);
#1322=VERTEX_POINT('',#4477);
#1323=VERTEX_POINT('',#4481);
#1324=VERTEX_POINT('',#4483);
#1325=VERTEX_POINT('',#4485);
#1326=VERTEX_POINT('',#4489);
#1327=VERTEX_POINT('',#4490);
#1328=VERTEX_POINT('',#4498);
#1329=VERTEX_POINT('',#4503);
#1330=VERTEX_POINT('',#4505);
#1331=VERTEX_POINT('',#4507);
#1332=VERTEX_POINT('',#4511);
#1333=VERTEX_POINT('',#4513);
#1334=VERTEX_POINT('',#4515);
#1335=VERTEX_POINT('',#4519);
#1336=VERTEX_POINT('',#4520);
#1337=VERTEX_POINT('',#4527);
#1338=VERTEX_POINT('',#4534);
#1339=VERTEX_POINT('',#4538);
#1340=VERTEX_POINT('',#4539);
#1341=VERTEX_POINT('',#4545);
#1342=VERTEX_POINT('',#4549);
#1343=VERTEX_POINT('',#4550);
#1344=VERTEX_POINT('',#4552);
#1345=VERTEX_POINT('',#4554);
#1346=VERTEX_POINT('',#4561);
#1347=VERTEX_POINT('',#4563);
#1348=VERTEX_POINT('',#4564);
#1349=VERTEX_POINT('',#4566);
#1350=VERTEX_POINT('',#4568);
#1351=VERTEX_POINT('',#4570);
#1352=VERTEX_POINT('',#4572);
#1353=VERTEX_POINT('',#4574);
#1354=VERTEX_POINT('',#4576);
#1355=VERTEX_POINT('',#4578);
#1356=VERTEX_POINT('',#4580);
#1357=VERTEX_POINT('',#4582);
#1358=VERTEX_POINT('',#4584);
#1359=VERTEX_POINT('',#4588);
#1360=VERTEX_POINT('',#4590);
#1361=VERTEX_POINT('',#4594);
#1362=VERTEX_POINT('',#4598);
#1363=VERTEX_POINT('',#4602);
#1364=VERTEX_POINT('',#4606);
#1365=VERTEX_POINT('',#4610);
#1366=VERTEX_POINT('',#4614);
#1367=VERTEX_POINT('',#4618);
#1368=VERTEX_POINT('',#4622);
#1369=VERTEX_POINT('',#4626);
#1370=VERTEX_POINT('',#4630);
#1371=VERTEX_POINT('',#4636);
#1372=VERTEX_POINT('',#4638);
#1373=VERTEX_POINT('',#4639);
#1374=VERTEX_POINT('',#4641);
#1375=VERTEX_POINT('',#4643);
#1376=VERTEX_POINT('',#4645);
#1377=VERTEX_POINT('',#4647);
#1378=VERTEX_POINT('',#4649);
#1379=VERTEX_POINT('',#4651);
#1380=VERTEX_POINT('',#4653);
#1381=VERTEX_POINT('',#4655);
#1382=VERTEX_POINT('',#4657);
#1383=VERTEX_POINT('',#4659);
#1384=VERTEX_POINT('',#4663);
#1385=VERTEX_POINT('',#4665);
#1386=VERTEX_POINT('',#4669);
#1387=VERTEX_POINT('',#4673);
#1388=VERTEX_POINT('',#4677);
#1389=VERTEX_POINT('',#4681);
#1390=VERTEX_POINT('',#4685);
#1391=VERTEX_POINT('',#4689);
#1392=VERTEX_POINT('',#4693);
#1393=VERTEX_POINT('',#4697);
#1394=VERTEX_POINT('',#4701);
#1395=VERTEX_POINT('',#4705);
#1396=VERTEX_POINT('',#4711);
#1397=VERTEX_POINT('',#4712);
#1398=VERTEX_POINT('',#4725);
#1399=VERTEX_POINT('',#4727);
#1400=VERTEX_POINT('',#4742);
#1401=VERTEX_POINT('',#4744);
#1402=VERTEX_POINT('',#4759);
#1403=VERTEX_POINT('',#4761);
#1404=VERTEX_POINT('',#4775);
#1405=VERTEX_POINT('',#4776);
#1406=VERTEX_POINT('',#4778);
#1407=VERTEX_POINT('',#4780);
#1408=VERTEX_POINT('',#4782);
#1409=VERTEX_POINT('',#4784);
#1410=VERTEX_POINT('',#4791);
#1411=VERTEX_POINT('',#4793);
#1412=VERTEX_POINT('',#4855);
#1413=VERTEX_POINT('',#4862);
#1414=VERTEX_POINT('',#4873);
#1415=VERTEX_POINT('',#4880);
#1416=VERTEX_POINT('',#4913);
#1417=VERTEX_POINT('',#4914);
#1418=VERTEX_POINT('',#4951);
#1419=VERTEX_POINT('',#4988);
#1420=VERTEX_POINT('',#5023);
#1421=VERTEX_POINT('',#5030);
#1422=VERTEX_POINT('',#5042);
#1423=VERTEX_POINT('',#5053);
#1424=VERTEX_POINT('',#5066);
#1425=VERTEX_POINT('',#5067);
#1426=VERTEX_POINT('',#5073);
#1427=VERTEX_POINT('',#5089);
#1428=VERTEX_POINT('',#5091);
#1429=VERTEX_POINT('',#5107);
#1430=VERTEX_POINT('',#5113);
#1431=VERTEX_POINT('',#5130);
#1432=VERTEX_POINT('',#5160);
#1433=VERTEX_POINT('',#5168);
#1434=VERTEX_POINT('',#5199);
#1435=VERTEX_POINT('',#5206);
#1436=VERTEX_POINT('',#5226);
#1437=VERTEX_POINT('',#5231);
#1438=VERTEX_POINT('',#6396);
#1439=VERTEX_POINT('',#6397);
#1440=VERTEX_POINT('',#6399);
#1441=VERTEX_POINT('',#6401);
#1442=VERTEX_POINT('',#6405);
#1443=VERTEX_POINT('',#6407);
#1444=VERTEX_POINT('',#6411);
#1445=VERTEX_POINT('',#6413);
#1446=VERTEX_POINT('',#6417);
#1447=VERTEX_POINT('',#6419);
#1448=VERTEX_POINT('',#6423);
#1449=VERTEX_POINT('',#6425);
#1450=VERTEX_POINT('',#6429);
#1451=VERTEX_POINT('',#6431);
#1452=VERTEX_POINT('',#6435);
#1453=VERTEX_POINT('',#6437);
#1454=VERTEX_POINT('',#6441);
#1455=VERTEX_POINT('',#6443);
#1456=VERTEX_POINT('',#6447);
#1457=VERTEX_POINT('',#6449);
#1458=VERTEX_POINT('',#6453);
#1459=VERTEX_POINT('',#6455);
#1460=VERTEX_POINT('',#6459);
#1461=VERTEX_POINT('',#6461);
#1462=VERTEX_POINT('',#6468);
#1463=VERTEX_POINT('',#6470);
#1464=VERTEX_POINT('',#6471);
#1465=VERTEX_POINT('',#6473);
#1466=VERTEX_POINT('',#6475);
#1467=VERTEX_POINT('',#6477);
#1468=VERTEX_POINT('',#6479);
#1469=VERTEX_POINT('',#6481);
#1470=VERTEX_POINT('',#6483);
#1471=VERTEX_POINT('',#6485);
#1472=VERTEX_POINT('',#6487);
#1473=VERTEX_POINT('',#6489);
#1474=VERTEX_POINT('',#6491);
#1475=VERTEX_POINT('',#6531);
#1476=VERTEX_POINT('',#6533);
#1477=VERTEX_POINT('',#6537);
#1478=VERTEX_POINT('',#6541);
#1479=VERTEX_POINT('',#6545);
#1480=VERTEX_POINT('',#6549);
#1481=VERTEX_POINT('',#6553);
#1482=VERTEX_POINT('',#6557);
#1483=VERTEX_POINT('',#6561);
#1484=VERTEX_POINT('',#6565);
#1485=VERTEX_POINT('',#6569);
#1486=VERTEX_POINT('',#6573);
#1487=VERTEX_POINT('',#6591);
#1488=VERTEX_POINT('',#6593);
#1489=VERTEX_POINT('',#6597);
#1490=VERTEX_POINT('',#6601);
#1491=VERTEX_POINT('',#6605);
#1492=VERTEX_POINT('',#6609);
#1493=VERTEX_POINT('',#6613);
#1494=VERTEX_POINT('',#6617);
#1495=VERTEX_POINT('',#6621);
#1496=VERTEX_POINT('',#6625);
#1497=VERTEX_POINT('',#6629);
#1498=VERTEX_POINT('',#6633);
#1499=VERTEX_POINT('',#6651);
#1500=VERTEX_POINT('',#6660);
#1501=VERTEX_POINT('',#6664);
#1502=VERTEX_POINT('',#6671);
#1503=VERTEX_POINT('',#6693);
#1504=VERTEX_POINT('',#6695);
#1505=VERTEX_POINT('',#6699);
#1506=VERTEX_POINT('',#6701);
#1507=VERTEX_POINT('',#6703);
#1508=VERTEX_POINT('',#6727);
#1509=VERTEX_POINT('',#6728);
#1510=VERTEX_POINT('',#6730);
#1511=VERTEX_POINT('',#6737);
#1512=VERTEX_POINT('',#6741);
#1513=VERTEX_POINT('',#6742);
#1514=VERTEX_POINT('',#6745);
#1515=VERTEX_POINT('',#6749);
#1516=VERTEX_POINT('',#6750);
#1517=VERTEX_POINT('',#6752);
#1518=VERTEX_POINT('',#6754);
#1519=VERTEX_POINT('',#6758);
#1520=VERTEX_POINT('',#6760);
#1521=VERTEX_POINT('',#6762);
#1522=VERTEX_POINT('',#6766);
#1523=VERTEX_POINT('',#6773);
#1524=VERTEX_POINT('',#6775);
#1525=VERTEX_POINT('',#6779);
#1526=VERTEX_POINT('',#6788);
#1527=VERTEX_POINT('',#6792);
#1528=VERTEX_POINT('',#6794);
#1529=VERTEX_POINT('',#6798);
#1530=VERTEX_POINT('',#6807);
#1531=VERTEX_POINT('',#6853);
#1532=VERTEX_POINT('',#6862);
#1533=VERTEX_POINT('',#6892);
#1534=VERTEX_POINT('',#6901);
#1535=VERTEX_POINT('',#6957);
#1536=VERTEX_POINT('',#6959);
#1537=VERTEX_POINT('',#6963);
#1538=VERTEX_POINT('',#6972);
#1539=VERTEX_POINT('',#6973);
#1540=VERTEX_POINT('',#6979);
#1541=VERTEX_POINT('',#6983);
#1542=VERTEX_POINT('',#6987);
#1543=VERTEX_POINT('',#6997);
#1544=VERTEX_POINT('',#7001);
#1545=VERTEX_POINT('',#7005);
#1546=VERTEX_POINT('',#7009);
#1547=VERTEX_POINT('',#7019);
#1548=EDGE_CURVE('',#1250,#1251,#576,.T.);
#1549=EDGE_CURVE('',#1251,#1252,#577,.T.);
#1550=EDGE_CURVE('',#1252,#1253,#578,.T.);
#1551=EDGE_CURVE('',#1253,#1250,#562,.F.);
#1552=EDGE_CURVE('',#1254,#1255,#579,.T.);
#1553=EDGE_CURVE('',#1255,#1256,#563,.F.);
#1554=EDGE_CURVE('',#1256,#1257,#580,.T.);
#1555=EDGE_CURVE('',#1257,#1254,#581,.T.);
#1556=EDGE_CURVE('',#1251,#1254,#150,.F.);
#1557=EDGE_CURVE('',#1257,#1252,#582,.F.);
#1558=EDGE_CURVE('',#1258,#1259,#583,.T.);
#1559=EDGE_CURVE('',#1259,#1260,#62,.F.);
#1560=EDGE_CURVE('',#1260,#1261,#584,.T.);
#1561=EDGE_CURVE('',#1261,#1258,#585,.T.);
#1562=EDGE_CURVE('',#1262,#1263,#586,.T.);
#1563=EDGE_CURVE('',#1263,#1264,#587,.T.);
#1564=EDGE_CURVE('',#1264,#1265,#588,.T.);
#1565=EDGE_CURVE('',#1265,#1262,#63,.F.);
#1566=EDGE_CURVE('',#1263,#1258,#151,.F.);
#1567=EDGE_CURVE('',#1261,#1264,#589,.F.);
#1568=EDGE_CURVE('',#1266,#1267,#590,.T.);
#1569=EDGE_CURVE('',#1267,#1268,#64,.F.);
#1570=EDGE_CURVE('',#1268,#1269,#591,.T.);
#1571=EDGE_CURVE('',#1269,#1266,#592,.T.);
#1572=EDGE_CURVE('',#1270,#1271,#593,.T.);
#1573=EDGE_CURVE('',#1271,#1272,#594,.T.);
#1574=EDGE_CURVE('',#1272,#1273,#595,.T.);
#1575=EDGE_CURVE('',#1273,#1270,#65,.F.);
#1576=EDGE_CURVE('',#1271,#1266,#152,.F.);
#1577=EDGE_CURVE('',#1269,#1272,#596,.F.);
#1578=EDGE_CURVE('',#1274,#1275,#597,.T.);
#1579=EDGE_CURVE('',#1275,#1276,#598,.T.);
#1580=EDGE_CURVE('',#1276,#1277,#599,.T.);
#1581=EDGE_CURVE('',#1277,#1274,#564,.F.);
#1582=EDGE_CURVE('',#1278,#1279,#600,.T.);
#1583=EDGE_CURVE('',#1279,#1280,#565,.F.);
#1584=EDGE_CURVE('',#1280,#1281,#601,.T.);
#1585=EDGE_CURVE('',#1281,#1278,#602,.T.);
#1586=EDGE_CURVE('',#1275,#1278,#153,.F.);
#1587=EDGE_CURVE('',#1281,#1276,#603,.F.);
#1588=EDGE_CURVE('',#1282,#1283,#66,.T.);
#1589=EDGE_CURVE('',#1283,#1284,#604,.F.);
#1590=EDGE_CURVE('',#1284,#1285,#605,.F.);
#1591=EDGE_CURVE('',#1285,#1282,#606,.F.);
#1592=EDGE_CURVE('',#1286,#1287,#607,.F.);
#1593=EDGE_CURVE('',#1287,#1288,#608,.F.);
#1594=EDGE_CURVE('',#1288,#1289,#609,.T.);
#1595=EDGE_CURVE('',#1289,#1286,#610,.F.);
#1596=EDGE_CURVE('',#1290,#1291,#611,.T.);
#1597=EDGE_CURVE('',#1291,#1292,#612,.T.);
#1598=EDGE_CURVE('',#1292,#1287,#613,.T.);
#1599=EDGE_CURVE('',#1286,#1285,#154,.T.);
#1600=EDGE_CURVE('',#1284,#1293,#614,.T.);
#1601=EDGE_CURVE('',#1293,#1294,#615,.T.);
#1602=EDGE_CURVE('',#1294,#1295,#616,.T.);
#1603=EDGE_CURVE('',#1295,#1296,#617,.T.);
#1604=EDGE_CURVE('',#1296,#1297,#155,.T.);
#1605=EDGE_CURVE('',#1297,#1298,#156,.T.);
#1606=EDGE_CURVE('',#1298,#1290,#618,.T.);
#1607=EDGE_CURVE('',#1299,#1300,#67,.T.);
#1608=EDGE_CURVE('',#1300,#1301,#619,.F.);
#1609=EDGE_CURVE('',#1301,#1302,#620,.F.);
#1610=EDGE_CURVE('',#1302,#1299,#621,.F.);
#1611=EDGE_CURVE('',#1303,#1304,#622,.F.);
#1612=EDGE_CURVE('',#1304,#1305,#623,.F.);
#1613=EDGE_CURVE('',#1305,#1306,#68,.T.);
#1614=EDGE_CURVE('',#1306,#1303,#624,.F.);
#1615=EDGE_CURVE('',#1301,#1304,#157,.T.);
#1616=EDGE_CURVE('',#1303,#1302,#625,.T.);
#1617=EDGE_CURVE('',#1307,#1308,#626,.F.);
#1618=EDGE_CURVE('',#1308,#1309,#627,.F.);
#1619=EDGE_CURVE('',#1309,#1310,#566,.T.);
#1620=EDGE_CURVE('',#1310,#1307,#628,.F.);
#1621=EDGE_CURVE('',#1311,#1312,#567,.T.);
#1622=EDGE_CURVE('',#1312,#1313,#629,.F.);
#1623=EDGE_CURVE('',#1313,#1314,#630,.F.);
#1624=EDGE_CURVE('',#1314,#1311,#631,.F.);
#1625=EDGE_CURVE('',#1313,#1308,#158,.T.);
#1626=EDGE_CURVE('',#1307,#1314,#632,.T.);
#1627=EDGE_CURVE('',#1315,#1316,#633,.T.);
#1628=EDGE_CURVE('',#1316,#1317,#69,.F.);
#1629=EDGE_CURVE('',#1317,#1318,#634,.F.);
#1630=EDGE_CURVE('',#1318,#1315,#635,.T.);
#1631=EDGE_CURVE('',#1319,#1320,#636,.T.);
#1632=EDGE_CURVE('',#1320,#1321,#637,.T.);
#1633=EDGE_CURVE('',#1321,#1322,#638,.F.);
#1634=EDGE_CURVE('',#1322,#1319,#639,.F.);
#1635=EDGE_CURVE('',#1295,#1323,#640,.F.);
#1636=EDGE_CURVE('',#1323,#1324,#641,.F.);
#1637=EDGE_CURVE('',#1324,#1325,#568,.T.);
#1638=EDGE_CURVE('',#1325,#1295,#642,.F.);
#1639=EDGE_CURVE('',#1326,#1327,#70,.T.);
#1640=EDGE_CURVE('',#1327,#1328,#643,.F.);
#1641=EDGE_CURVE('',#1328,#1292,#644,.F.);
#1642=EDGE_CURVE('',#1292,#1326,#645,.F.);
#1643=EDGE_CURVE('',#1329,#1318,#646,.T.);
#1644=EDGE_CURVE('',#1318,#1330,#647,.T.);
#1645=EDGE_CURVE('',#1330,#1331,#648,.T.);
#1646=EDGE_CURVE('',#1331,#1329,#649,.F.);
#1647=EDGE_CURVE('',#1321,#1332,#650,.T.);
#1648=EDGE_CURVE('',#1332,#1333,#651,.F.);
#1649=EDGE_CURVE('',#1333,#1334,#652,.T.);
#1650=EDGE_CURVE('',#1334,#1321,#653,.T.);
#1651=EDGE_CURVE('',#1335,#1336,#71,.T.);
#1652=EDGE_CURVE('',#1336,#1337,#72,.F.);
#1653=EDGE_CURVE('',#1337,#1338,#654,.T.);
#1654=EDGE_CURVE('',#1338,#1335,#655,.T.);
#1655=EDGE_CURVE('',#1339,#1340,#656,.F.);
#1656=EDGE_CURVE('',#1340,#1335,#73,.F.);
#1657=EDGE_CURVE('',#1338,#1341,#159,.F.);
#1658=EDGE_CURVE('',#1341,#1339,#160,.F.);
#1659=EDGE_CURVE('',#1342,#1343,#161,.T.);
#1660=EDGE_CURVE('',#1343,#1344,#657,.T.);
#1661=EDGE_CURVE('',#1344,#1345,#74,.T.);
#1662=EDGE_CURVE('',#1345,#1342,#658,.T.);
#1663=EDGE_CURVE('',#1346,#1346,#162,.F.);
#1664=EDGE_CURVE('',#1347,#1348,#659,.F.);
#1665=EDGE_CURVE('',#1348,#1349,#660,.F.);
#1666=EDGE_CURVE('',#1349,#1350,#661,.F.);
#1667=EDGE_CURVE('',#1350,#1351,#662,.F.);
#1668=EDGE_CURVE('',#1351,#1352,#663,.F.);
#1669=EDGE_CURVE('',#1352,#1353,#664,.F.);
#1670=EDGE_CURVE('',#1353,#1354,#665,.F.);
#1671=EDGE_CURVE('',#1354,#1355,#666,.F.);
#1672=EDGE_CURVE('',#1355,#1356,#667,.F.);
#1673=EDGE_CURVE('',#1356,#1357,#668,.F.);
#1674=EDGE_CURVE('',#1357,#1358,#669,.F.);
#1675=EDGE_CURVE('',#1358,#1347,#670,.F.);
#1676=EDGE_CURVE('',#1359,#1353,#671,.F.);
#1677=EDGE_CURVE('',#1352,#1360,#672,.F.);
#1678=EDGE_CURVE('',#1360,#1359,#673,.F.);
#1679=EDGE_CURVE('',#1351,#1361,#674,.T.);
#1680=EDGE_CURVE('',#1361,#1360,#675,.F.);
#1681=EDGE_CURVE('',#1350,#1362,#676,.F.);
#1682=EDGE_CURVE('',#1362,#1361,#677,.F.);
#1683=EDGE_CURVE('',#1349,#1363,#678,.F.);
#1684=EDGE_CURVE('',#1363,#1362,#679,.F.);
#1685=EDGE_CURVE('',#1348,#1364,#680,.T.);
#1686=EDGE_CURVE('',#1364,#1363,#681,.F.);
#1687=EDGE_CURVE('',#1347,#1365,#682,.F.);
#1688=EDGE_CURVE('',#1365,#1364,#683,.F.);
#1689=EDGE_CURVE('',#1358,#1366,#684,.T.);
#1690=EDGE_CURVE('',#1366,#1365,#685,.F.);
#1691=EDGE_CURVE('',#1357,#1367,#686,.F.);
#1692=EDGE_CURVE('',#1367,#1366,#687,.F.);
#1693=EDGE_CURVE('',#1356,#1368,#688,.F.);
#1694=EDGE_CURVE('',#1368,#1367,#689,.F.);
#1695=EDGE_CURVE('',#1355,#1369,#690,.T.);
#1696=EDGE_CURVE('',#1369,#1368,#691,.F.);
#1697=EDGE_CURVE('',#1354,#1370,#692,.F.);
#1698=EDGE_CURVE('',#1370,#1369,#693,.F.);
#1699=EDGE_CURVE('',#1359,#1370,#694,.F.);
#1700=EDGE_CURVE('',#1371,#1371,#163,.F.);
#1701=EDGE_CURVE('',#1372,#1373,#695,.F.);
#1702=EDGE_CURVE('',#1373,#1374,#696,.F.);
#1703=EDGE_CURVE('',#1374,#1375,#697,.F.);
#1704=EDGE_CURVE('',#1375,#1376,#698,.F.);
#1705=EDGE_CURVE('',#1376,#1377,#699,.F.);
#1706=EDGE_CURVE('',#1377,#1378,#700,.F.);
#1707=EDGE_CURVE('',#1378,#1379,#701,.F.);
#1708=EDGE_CURVE('',#1379,#1380,#702,.F.);
#1709=EDGE_CURVE('',#1380,#1381,#703,.F.);
#1710=EDGE_CURVE('',#1381,#1382,#704,.F.);
#1711=EDGE_CURVE('',#1382,#1383,#705,.F.);
#1712=EDGE_CURVE('',#1383,#1372,#706,.F.);
#1713=EDGE_CURVE('',#1384,#1378,#707,.F.);
#1714=EDGE_CURVE('',#1377,#1385,#708,.F.);
#1715=EDGE_CURVE('',#1385,#1384,#709,.F.);
#1716=EDGE_CURVE('',#1376,#1386,#710,.T.);
#1717=EDGE_CURVE('',#1386,#1385,#711,.F.);
#1718=EDGE_CURVE('',#1375,#1387,#712,.F.);
#1719=EDGE_CURVE('',#1387,#1386,#713,.F.);
#1720=EDGE_CURVE('',#1374,#1388,#714,.F.);
#1721=EDGE_CURVE('',#1388,#1387,#715,.F.);
#1722=EDGE_CURVE('',#1373,#1389,#716,.T.);
#1723=EDGE_CURVE('',#1389,#1388,#717,.F.);
#1724=EDGE_CURVE('',#1372,#1390,#718,.F.);
#1725=EDGE_CURVE('',#1390,#1389,#719,.F.);
#1726=EDGE_CURVE('',#1383,#1391,#720,.T.);
#1727=EDGE_CURVE('',#1391,#1390,#721,.F.);
#1728=EDGE_CURVE('',#1382,#1392,#722,.F.);
#1729=EDGE_CURVE('',#1392,#1391,#723,.F.);
#1730=EDGE_CURVE('',#1381,#1393,#724,.F.);
#1731=EDGE_CURVE('',#1393,#1392,#725,.F.);
#1732=EDGE_CURVE('',#1380,#1394,#726,.T.);
#1733=EDGE_CURVE('',#1394,#1393,#727,.F.);
#1734=EDGE_CURVE('',#1379,#1395,#728,.F.);
#1735=EDGE_CURVE('',#1395,#1394,#729,.F.);
#1736=EDGE_CURVE('',#1384,#1395,#730,.F.);
#1737=EDGE_CURVE('',#1396,#1397,#75,.F.);
#1738=EDGE_CURVE('',#1397,#1398,#731,.F.);
#1739=EDGE_CURVE('',#1398,#1399,#76,.F.);
#1740=EDGE_CURVE('',#1399,#1400,#732,.F.);
#1741=EDGE_CURVE('',#1400,#1401,#77,.F.);
#1742=EDGE_CURVE('',#1401,#1402,#733,.F.);
#1743=EDGE_CURVE('',#1402,#1403,#78,.F.);
#1744=EDGE_CURVE('',#1403,#1396,#734,.F.);
#1745=EDGE_CURVE('',#1404,#1405,#164,.F.);
#1746=EDGE_CURVE('',#1405,#1406,#735,.F.);
#1747=EDGE_CURVE('',#1406,#1407,#165,.F.);
#1748=EDGE_CURVE('',#1407,#1408,#736,.F.);
#1749=EDGE_CURVE('',#1408,#1409,#79,.F.);
#1750=EDGE_CURVE('',#1409,#1410,#737,.F.);
#1751=EDGE_CURVE('',#1410,#1411,#80,.F.);
#1752=EDGE_CURVE('',#1411,#1404,#738,.F.);
#1753=EDGE_CURVE('',#1344,#1412,#81,.T.);
#1754=EDGE_CURVE('',#1412,#1413,#82,.T.);
#1755=EDGE_CURVE('',#1413,#1408,#83,.F.);
#1756=EDGE_CURVE('',#1407,#1414,#84,.F.);
#1757=EDGE_CURVE('',#1414,#1415,#85,.T.);
#1758=EDGE_CURVE('',#1415,#1345,#86,.T.);
#1759=EDGE_CURVE('',#1416,#1417,#87,.T.);
#1760=EDGE_CURVE('',#1417,#1411,#88,.T.);
#1761=EDGE_CURVE('',#1410,#1416,#89,.F.);
#1762=EDGE_CURVE('',#1413,#1418,#90,.T.);
#1763=EDGE_CURVE('',#1418,#1409,#91,.F.);
#1764=EDGE_CURVE('',#1419,#1414,#92,.T.);
#1765=EDGE_CURVE('',#1406,#1419,#93,.F.);
#1766=EDGE_CURVE('',#1404,#1420,#94,.T.);
#1767=EDGE_CURVE('',#1420,#1421,#95,.T.);
#1768=EDGE_CURVE('',#1421,#1405,#96,.F.);
#1769=EDGE_CURVE('',#1422,#1396,#97,.T.);
#1770=EDGE_CURVE('',#1403,#1423,#98,.T.);
#1771=EDGE_CURVE('',#1423,#1422,#739,.F.);
#1772=EDGE_CURVE('',#1424,#1425,#99,.T.);
#1773=EDGE_CURVE('',#1425,#1426,#100,.T.);
#1774=EDGE_CURVE('',#1426,#1427,#740,.T.);
#1775=EDGE_CURVE('',#1427,#1428,#101,.T.);
#1776=EDGE_CURVE('',#1428,#1429,#102,.T.);
#1777=EDGE_CURVE('',#1429,#1430,#103,.T.);
#1778=EDGE_CURVE('',#1430,#1431,#741,.T.);
#1779=EDGE_CURVE('',#1431,#1424,#104,.T.);
#1780=EDGE_CURVE('',#1432,#1402,#105,.F.);
#1781=EDGE_CURVE('',#1401,#1433,#106,.F.);
#1782=EDGE_CURVE('',#1433,#1432,#107,.F.);
#1783=EDGE_CURVE('',#1434,#1400,#108,.T.);
#1784=EDGE_CURVE('',#1399,#1435,#109,.F.);
#1785=EDGE_CURVE('',#1435,#1434,#742,.F.);
#1786=EDGE_CURVE('',#1436,#1398,#110,.T.);
#1787=EDGE_CURVE('',#1397,#1437,#111,.F.);
#1788=EDGE_CURVE('',#1437,#1436,#112,.F.);
#1789=EDGE_CURVE('',#1434,#1433,#113,.F.);
#1790=EDGE_CURVE('',#1436,#1435,#114,.F.);
#1791=EDGE_CURVE('',#1422,#1437,#115,.F.);
#1792=EDGE_CURVE('',#1432,#1423,#116,.F.);
#1793=EDGE_CURVE('',#1433,#1425,#117,.T.);
#1794=EDGE_CURVE('',#1424,#1432,#118,.F.);
#1795=EDGE_CURVE('',#1435,#1427,#119,.F.);
#1796=EDGE_CURVE('',#1426,#1434,#120,.T.);
#1797=EDGE_CURVE('',#1437,#1429,#121,.F.);
#1798=EDGE_CURVE('',#1428,#1436,#122,.T.);
#1799=EDGE_CURVE('',#1423,#1431,#123,.T.);
#1800=EDGE_CURVE('',#1430,#1422,#124,.T.);
#1801=EDGE_CURVE('',#1438,#1439,#743,.T.);
#1802=EDGE_CURVE('',#1439,#1440,#744,.F.);
#1803=EDGE_CURVE('',#1440,#1441,#745,.T.);
#1804=EDGE_CURVE('',#1441,#1438,#746,.T.);
#1805=EDGE_CURVE('',#1442,#1438,#166,.T.);
#1806=EDGE_CURVE('',#1441,#1443,#747,.T.);
#1807=EDGE_CURVE('',#1443,#1442,#748,.T.);
#1808=EDGE_CURVE('',#1444,#1442,#749,.T.);
#1809=EDGE_CURVE('',#1443,#1445,#750,.T.);
#1810=EDGE_CURVE('',#1445,#1444,#751,.T.);
#1811=EDGE_CURVE('',#1446,#1444,#167,.T.);
#1812=EDGE_CURVE('',#1445,#1447,#752,.T.);
#1813=EDGE_CURVE('',#1447,#1446,#753,.T.);
#1814=EDGE_CURVE('',#1448,#1446,#754,.T.);
#1815=EDGE_CURVE('',#1447,#1449,#755,.T.);
#1816=EDGE_CURVE('',#1449,#1448,#756,.T.);
#1817=EDGE_CURVE('',#1450,#1448,#168,.T.);
#1818=EDGE_CURVE('',#1449,#1451,#757,.T.);
#1819=EDGE_CURVE('',#1451,#1450,#758,.T.);
#1820=EDGE_CURVE('',#1452,#1450,#759,.T.);
#1821=EDGE_CURVE('',#1451,#1453,#760,.T.);
#1822=EDGE_CURVE('',#1453,#1452,#761,.T.);
#1823=EDGE_CURVE('',#1454,#1452,#169,.T.);
#1824=EDGE_CURVE('',#1453,#1455,#762,.T.);
#1825=EDGE_CURVE('',#1455,#1454,#763,.T.);
#1826=EDGE_CURVE('',#1456,#1454,#764,.T.);
#1827=EDGE_CURVE('',#1455,#1457,#765,.T.);
#1828=EDGE_CURVE('',#1457,#1456,#766,.T.);
#1829=EDGE_CURVE('',#1458,#1456,#170,.T.);
#1830=EDGE_CURVE('',#1457,#1459,#767,.T.);
#1831=EDGE_CURVE('',#1459,#1458,#768,.T.);
#1832=EDGE_CURVE('',#1460,#1458,#769,.T.);
#1833=EDGE_CURVE('',#1459,#1461,#770,.T.);
#1834=EDGE_CURVE('',#1461,#1460,#771,.T.);
#1835=EDGE_CURVE('',#1439,#1460,#171,.T.);
#1836=EDGE_CURVE('',#1461,#1440,#772,.T.);
#1837=EDGE_CURVE('',#1462,#1462,#172,.F.);
#1838=EDGE_CURVE('',#1463,#1464,#773,.F.);
#1839=EDGE_CURVE('',#1464,#1465,#774,.F.);
#1840=EDGE_CURVE('',#1465,#1466,#775,.F.);
#1841=EDGE_CURVE('',#1466,#1467,#776,.F.);
#1842=EDGE_CURVE('',#1467,#1468,#777,.F.);
#1843=EDGE_CURVE('',#1468,#1469,#778,.F.);
#1844=EDGE_CURVE('',#1469,#1470,#779,.F.);
#1845=EDGE_CURVE('',#1470,#1471,#780,.F.);
#1846=EDGE_CURVE('',#1471,#1472,#781,.F.);
#1847=EDGE_CURVE('',#1472,#1473,#782,.F.);
#1848=EDGE_CURVE('',#1473,#1474,#783,.F.);
#1849=EDGE_CURVE('',#1474,#1463,#784,.F.);
#1850=EDGE_CURVE('',#1440,#1469,#785,.F.);
#1851=EDGE_CURVE('',#1468,#1441,#786,.F.);
#1852=EDGE_CURVE('',#1467,#1443,#787,.T.);
#1853=EDGE_CURVE('',#1466,#1445,#788,.F.);
#1854=EDGE_CURVE('',#1465,#1447,#789,.F.);
#1855=EDGE_CURVE('',#1464,#1449,#790,.T.);
#1856=EDGE_CURVE('',#1463,#1451,#791,.F.);
#1857=EDGE_CURVE('',#1474,#1453,#792,.T.);
#1858=EDGE_CURVE('',#1473,#1455,#793,.F.);
#1859=EDGE_CURVE('',#1472,#1457,#794,.F.);
#1860=EDGE_CURVE('',#1471,#1459,#795,.T.);
#1861=EDGE_CURVE('',#1470,#1461,#796,.F.);
#1862=EDGE_CURVE('',#1475,#1384,#797,.F.);
#1863=EDGE_CURVE('',#1385,#1476,#798,.T.);
#1864=EDGE_CURVE('',#1476,#1475,#799,.F.);
#1865=EDGE_CURVE('',#1386,#1477,#800,.T.);
#1866=EDGE_CURVE('',#1477,#1476,#173,.F.);
#1867=EDGE_CURVE('',#1387,#1478,#801,.T.);
#1868=EDGE_CURVE('',#1478,#1477,#802,.F.);
#1869=EDGE_CURVE('',#1388,#1479,#803,.T.);
#1870=EDGE_CURVE('',#1479,#1478,#174,.F.);
#1871=EDGE_CURVE('',#1389,#1480,#804,.T.);
#1872=EDGE_CURVE('',#1480,#1479,#805,.F.);
#1873=EDGE_CURVE('',#1390,#1481,#806,.T.);
#1874=EDGE_CURVE('',#1481,#1480,#175,.F.);
#1875=EDGE_CURVE('',#1391,#1482,#807,.T.);
#1876=EDGE_CURVE('',#1482,#1481,#808,.F.);
#1877=EDGE_CURVE('',#1392,#1483,#809,.T.);
#1878=EDGE_CURVE('',#1483,#1482,#176,.F.);
#1879=EDGE_CURVE('',#1393,#1484,#810,.T.);
#1880=EDGE_CURVE('',#1484,#1483,#811,.F.);
#1881=EDGE_CURVE('',#1394,#1485,#812,.T.);
#1882=EDGE_CURVE('',#1485,#1484,#177,.F.);
#1883=EDGE_CURVE('',#1395,#1486,#813,.T.);
#1884=EDGE_CURVE('',#1486,#1485,#814,.F.);
#1885=EDGE_CURVE('',#1475,#1486,#178,.F.);
#1886=EDGE_CURVE('',#1487,#1359,#815,.F.);
#1887=EDGE_CURVE('',#1360,#1488,#816,.T.);
#1888=EDGE_CURVE('',#1488,#1487,#817,.F.);
#1889=EDGE_CURVE('',#1361,#1489,#818,.T.);
#1890=EDGE_CURVE('',#1489,#1488,#179,.F.);
#1891=EDGE_CURVE('',#1362,#1490,#819,.T.);
#1892=EDGE_CURVE('',#1490,#1489,#820,.F.);
#1893=EDGE_CURVE('',#1363,#1491,#821,.T.);
#1894=EDGE_CURVE('',#1491,#1490,#180,.F.);
#1895=EDGE_CURVE('',#1364,#1492,#822,.T.);
#1896=EDGE_CURVE('',#1492,#1491,#823,.F.);
#1897=EDGE_CURVE('',#1365,#1493,#824,.T.);
#1898=EDGE_CURVE('',#1493,#1492,#181,.F.);
#1899=EDGE_CURVE('',#1366,#1494,#825,.T.);
#1900=EDGE_CURVE('',#1494,#1493,#826,.F.);
#1901=EDGE_CURVE('',#1367,#1495,#827,.T.);
#1902=EDGE_CURVE('',#1495,#1494,#182,.F.);
#1903=EDGE_CURVE('',#1368,#1496,#828,.T.);
#1904=EDGE_CURVE('',#1496,#1495,#829,.F.);
#1905=EDGE_CURVE('',#1369,#1497,#830,.T.);
#1906=EDGE_CURVE('',#1497,#1496,#183,.F.);
#1907=EDGE_CURVE('',#1370,#1498,#831,.T.);
#1908=EDGE_CURVE('',#1498,#1497,#832,.F.);
#1909=EDGE_CURVE('',#1487,#1498,#184,.F.);
#1910=EDGE_CURVE('',#1499,#1412,#125,.T.);
#1911=EDGE_CURVE('',#1343,#1499,#833,.F.);
#1912=EDGE_CURVE('',#1415,#1500,#834,.T.);
#1913=EDGE_CURVE('',#1500,#1342,#835,.F.);
#1914=EDGE_CURVE('',#1501,#1340,#126,.T.);
#1915=EDGE_CURVE('',#1339,#1502,#836,.T.);
#1916=EDGE_CURVE('',#1502,#1501,#837,.F.);
#1917=EDGE_CURVE('',#1501,#1420,#127,.F.);
#1918=EDGE_CURVE('',#1417,#1336,#128,.F.);
#1919=EDGE_CURVE('',#1283,#1503,#569,.F.);
#1920=EDGE_CURVE('',#1503,#1504,#838,.T.);
#1921=EDGE_CURVE('',#1504,#1284,#839,.T.);
#1922=EDGE_CURVE('',#1505,#1291,#840,.T.);
#1923=EDGE_CURVE('',#1291,#1506,#841,.T.);
#1924=EDGE_CURVE('',#1506,#1507,#842,.T.);
#1925=EDGE_CURVE('',#1507,#1505,#129,.F.);
#1926=EDGE_CURVE('',#1507,#1327,#843,.F.);
#1927=EDGE_CURVE('',#1326,#1505,#844,.F.);
#1928=EDGE_CURVE('',#1508,#1509,#845,.T.);
#1929=EDGE_CURVE('',#1509,#1510,#130,.F.);
#1930=EDGE_CURVE('',#1510,#1511,#846,.T.);
#1931=EDGE_CURVE('',#1511,#1508,#847,.T.);
#1932=EDGE_CURVE('',#1512,#1513,#848,.F.);
#1933=EDGE_CURVE('',#1513,#1329,#849,.T.);
#1934=EDGE_CURVE('',#1329,#1514,#850,.T.);
#1935=EDGE_CURVE('',#1514,#1512,#851,.F.);
#1936=EDGE_CURVE('',#1515,#1516,#852,.F.);
#1937=EDGE_CURVE('',#1516,#1517,#853,.T.);
#1938=EDGE_CURVE('',#1517,#1518,#854,.T.);
#1939=EDGE_CURVE('',#1518,#1515,#855,.F.);
#1940=EDGE_CURVE('',#1519,#1332,#856,.T.);
#1941=EDGE_CURVE('',#1332,#1520,#857,.T.);
#1942=EDGE_CURVE('',#1520,#1521,#858,.T.);
#1943=EDGE_CURVE('',#1521,#1519,#859,.F.);
#1944=EDGE_CURVE('',#1511,#1522,#185,.F.);
#1945=EDGE_CURVE('',#1522,#1520,#186,.F.);
#1946=EDGE_CURVE('',#1320,#1518,#860,.F.);
#1947=EDGE_CURVE('',#1517,#1315,#187,.F.);
#1948=EDGE_CURVE('',#1513,#1508,#861,.F.);
#1949=EDGE_CURVE('',#1320,#1523,#862,.F.);
#1950=EDGE_CURVE('',#1523,#1524,#863,.T.);
#1951=EDGE_CURVE('',#1524,#1518,#864,.T.);
#1952=EDGE_CURVE('',#1524,#1525,#865,.F.);
#1953=EDGE_CURVE('',#1525,#1515,#131,.T.);
#1954=EDGE_CURVE('',#1317,#1526,#570,.T.);
#1955=EDGE_CURVE('',#1526,#1330,#866,.F.);
#1956=EDGE_CURVE('',#1513,#1527,#867,.T.);
#1957=EDGE_CURVE('',#1527,#1528,#868,.T.);
#1958=EDGE_CURVE('',#1528,#1508,#869,.F.);
#1959=EDGE_CURVE('',#1334,#1529,#870,.F.);
#1960=EDGE_CURVE('',#1529,#1322,#132,.T.);
#1961=EDGE_CURVE('',#1512,#1530,#571,.T.);
#1962=EDGE_CURVE('',#1530,#1527,#871,.F.);
#1963=EDGE_CURVE('',#1371,#1522,#872,.T.);
#1964=EDGE_CURVE('',#1510,#1305,#133,.F.);
#1965=EDGE_CURVE('',#1300,#1499,#134,.F.);
#1966=EDGE_CURVE('',#1500,#1309,#135,.F.);
#1967=EDGE_CURVE('',#1312,#1521,#136,.F.);
#1968=EDGE_CURVE('',#1519,#1531,#137,.F.);
#1969=EDGE_CURVE('',#1531,#1333,#873,.T.);
#1970=EDGE_CURVE('',#1528,#1532,#874,.T.);
#1971=EDGE_CURVE('',#1532,#1509,#572,.F.);
#1972=EDGE_CURVE('',#1311,#1531,#875,.F.);
#1973=EDGE_CURVE('',#1532,#1306,#876,.F.);
#1974=EDGE_CURVE('',#1319,#1533,#138,.F.);
#1975=EDGE_CURVE('',#1533,#1523,#877,.T.);
#1976=EDGE_CURVE('',#1331,#1534,#878,.T.);
#1977=EDGE_CURVE('',#1534,#1514,#573,.F.);
#1978=EDGE_CURVE('',#1529,#1533,#879,.F.);
#1979=EDGE_CURVE('',#1534,#1530,#880,.F.);
#1980=EDGE_CURVE('',#1419,#1310,#881,.F.);
#1981=EDGE_CURVE('',#1299,#1418,#882,.F.);
#1982=EDGE_CURVE('',#1293,#1535,#883,.T.);
#1983=EDGE_CURVE('',#1535,#1536,#884,.T.);
#1984=EDGE_CURVE('',#1536,#1294,#885,.F.);
#1985=EDGE_CURVE('',#1325,#1537,#139,.T.);
#1986=EDGE_CURVE('',#1537,#1296,#886,.F.);
#1987=EDGE_CURVE('',#1538,#1539,#887,.T.);
#1988=EDGE_CURVE('',#1539,#1290,#888,.T.);
#1989=EDGE_CURVE('',#1298,#1538,#889,.F.);
#1990=EDGE_CURVE('',#1290,#1540,#890,.T.);
#1991=EDGE_CURVE('',#1540,#1506,#891,.T.);
#1992=EDGE_CURVE('',#1294,#1541,#892,.F.);
#1993=EDGE_CURVE('',#1541,#1323,#893,.T.);
#1994=EDGE_CURVE('',#1539,#1542,#140,.T.);
#1995=EDGE_CURVE('',#1542,#1540,#894,.F.);
#1996=EDGE_CURVE('',#1504,#1543,#895,.T.);
#1997=EDGE_CURVE('',#1543,#1293,#896,.T.);
#1998=EDGE_CURVE('',#1328,#1544,#897,.T.);
#1999=EDGE_CURVE('',#1544,#1287,#898,.F.);
#2000=EDGE_CURVE('',#1543,#1545,#899,.F.);
#2001=EDGE_CURVE('',#1545,#1535,#574,.T.);
#2002=EDGE_CURVE('',#1544,#1546,#900,.T.);
#2003=EDGE_CURVE('',#1546,#1288,#141,.F.);
#2004=EDGE_CURVE('',#1536,#1547,#575,.F.);
#2005=EDGE_CURVE('',#1547,#1541,#901,.T.);
#2006=EDGE_CURVE('',#1545,#1547,#902,.F.);
#2007=EDGE_CURVE('',#1256,#1525,#903,.T.);
#2008=EDGE_CURVE('',#1421,#1277,#904,.T.);
#2009=EDGE_CURVE('',#1280,#1546,#905,.T.);
#2010=EDGE_CURVE('',#1542,#1253,#906,.T.);
#2011=EDGE_CURVE('',#1279,#1289,#142,.T.);
#2012=EDGE_CURVE('',#1502,#1274,#143,.T.);
#2013=EDGE_CURVE('',#1346,#1341,#907,.T.);
#2014=EDGE_CURVE('',#1337,#1267,#144,.F.);
#2015=EDGE_CURVE('',#1270,#1282,#145,.F.);
#2016=EDGE_CURVE('',#1273,#1503,#908,.F.);
#2017=EDGE_CURVE('',#1416,#1268,#909,.F.);
#2018=EDGE_CURVE('',#1260,#1324,#910,.T.);
#2019=EDGE_CURVE('',#1526,#1265,#911,.T.);
#2020=EDGE_CURVE('',#1316,#1262,#146,.F.);
#2021=EDGE_CURVE('',#1259,#1537,#147,.F.);
#2022=EDGE_CURVE('',#1462,#1297,#912,.T.);
#2023=EDGE_CURVE('',#1516,#1255,#148,.T.);
#2024=EDGE_CURVE('',#1250,#1538,#149,.T.);
#2025=ORIENTED_EDGE('',*,*,#1548,.T.);
#2026=ORIENTED_EDGE('',*,*,#1549,.T.);
#2027=ORIENTED_EDGE('',*,*,#1550,.T.);
#2028=ORIENTED_EDGE('',*,*,#1551,.T.);
#2029=ORIENTED_EDGE('',*,*,#1552,.T.);
#2030=ORIENTED_EDGE('',*,*,#1553,.T.);
#2031=ORIENTED_EDGE('',*,*,#1554,.T.);
#2032=ORIENTED_EDGE('',*,*,#1555,.T.);
#2033=ORIENTED_EDGE('',*,*,#1549,.F.);
#2034=ORIENTED_EDGE('',*,*,#1556,.T.);
#2035=ORIENTED_EDGE('',*,*,#1555,.F.);
#2036=ORIENTED_EDGE('',*,*,#1557,.T.);
#2037=ORIENTED_EDGE('',*,*,#1558,.T.);
#2038=ORIENTED_EDGE('',*,*,#1559,.T.);
#2039=ORIENTED_EDGE('',*,*,#1560,.T.);
#2040=ORIENTED_EDGE('',*,*,#1561,.T.);
#2041=ORIENTED_EDGE('',*,*,#1562,.T.);
#2042=ORIENTED_EDGE('',*,*,#1563,.T.);
#2043=ORIENTED_EDGE('',*,*,#1564,.T.);
#2044=ORIENTED_EDGE('',*,*,#1565,.T.);
#2045=ORIENTED_EDGE('',*,*,#1563,.F.);
#2046=ORIENTED_EDGE('',*,*,#1566,.T.);
#2047=ORIENTED_EDGE('',*,*,#1561,.F.);
#2048=ORIENTED_EDGE('',*,*,#1567,.T.);
#2049=ORIENTED_EDGE('',*,*,#1568,.T.);
#2050=ORIENTED_EDGE('',*,*,#1569,.T.);
#2051=ORIENTED_EDGE('',*,*,#1570,.T.);
#2052=ORIENTED_EDGE('',*,*,#1571,.T.);
#2053=ORIENTED_EDGE('',*,*,#1572,.T.);
#2054=ORIENTED_EDGE('',*,*,#1573,.T.);
#2055=ORIENTED_EDGE('',*,*,#1574,.T.);
#2056=ORIENTED_EDGE('',*,*,#1575,.T.);
#2057=ORIENTED_EDGE('',*,*,#1573,.F.);
#2058=ORIENTED_EDGE('',*,*,#1576,.T.);
#2059=ORIENTED_EDGE('',*,*,#1571,.F.);
#2060=ORIENTED_EDGE('',*,*,#1577,.T.);
#2061=ORIENTED_EDGE('',*,*,#1578,.T.);
#2062=ORIENTED_EDGE('',*,*,#1579,.T.);
#2063=ORIENTED_EDGE('',*,*,#1580,.T.);
#2064=ORIENTED_EDGE('',*,*,#1581,.T.);
#2065=ORIENTED_EDGE('',*,*,#1582,.T.);
#2066=ORIENTED_EDGE('',*,*,#1583,.T.);
#2067=ORIENTED_EDGE('',*,*,#1584,.T.);
#2068=ORIENTED_EDGE('',*,*,#1585,.T.);
#2069=ORIENTED_EDGE('',*,*,#1579,.F.);
#2070=ORIENTED_EDGE('',*,*,#1586,.T.);
#2071=ORIENTED_EDGE('',*,*,#1585,.F.);
#2072=ORIENTED_EDGE('',*,*,#1587,.T.);
#2073=ORIENTED_EDGE('',*,*,#1588,.T.);
#2074=ORIENTED_EDGE('',*,*,#1589,.T.);
#2075=ORIENTED_EDGE('',*,*,#1590,.T.);
#2076=ORIENTED_EDGE('',*,*,#1591,.T.);
#2077=ORIENTED_EDGE('',*,*,#1592,.T.);
#2078=ORIENTED_EDGE('',*,*,#1593,.T.);
#2079=ORIENTED_EDGE('',*,*,#1594,.T.);
#2080=ORIENTED_EDGE('',*,*,#1595,.T.);
#2081=ORIENTED_EDGE('',*,*,#1596,.T.);
#2082=ORIENTED_EDGE('',*,*,#1597,.T.);
#2083=ORIENTED_EDGE('',*,*,#1598,.T.);
#2084=ORIENTED_EDGE('',*,*,#1592,.F.);
#2085=ORIENTED_EDGE('',*,*,#1599,.T.);
#2086=ORIENTED_EDGE('',*,*,#1590,.F.);
#2087=ORIENTED_EDGE('',*,*,#1600,.T.);
#2088=ORIENTED_EDGE('',*,*,#1601,.T.);
#2089=ORIENTED_EDGE('',*,*,#1602,.T.);
#2090=ORIENTED_EDGE('',*,*,#1603,.T.);
#2091=ORIENTED_EDGE('',*,*,#1604,.T.);
#2092=ORIENTED_EDGE('',*,*,#1605,.T.);
#2093=ORIENTED_EDGE('',*,*,#1606,.T.);
#2094=ORIENTED_EDGE('',*,*,#1607,.T.);
#2095=ORIENTED_EDGE('',*,*,#1608,.T.);
#2096=ORIENTED_EDGE('',*,*,#1609,.T.);
#2097=ORIENTED_EDGE('',*,*,#1610,.T.);
#2098=ORIENTED_EDGE('',*,*,#1611,.T.);
#2099=ORIENTED_EDGE('',*,*,#1612,.T.);
#2100=ORIENTED_EDGE('',*,*,#1613,.T.);
#2101=ORIENTED_EDGE('',*,*,#1614,.T.);
#2102=ORIENTED_EDGE('',*,*,#1615,.T.);
#2103=ORIENTED_EDGE('',*,*,#1611,.F.);
#2104=ORIENTED_EDGE('',*,*,#1616,.T.);
#2105=ORIENTED_EDGE('',*,*,#1609,.F.);
#2106=ORIENTED_EDGE('',*,*,#1617,.T.);
#2107=ORIENTED_EDGE('',*,*,#1618,.T.);
#2108=ORIENTED_EDGE('',*,*,#1619,.T.);
#2109=ORIENTED_EDGE('',*,*,#1620,.T.);
#2110=ORIENTED_EDGE('',*,*,#1621,.T.);
#2111=ORIENTED_EDGE('',*,*,#1622,.T.);
#2112=ORIENTED_EDGE('',*,*,#1623,.T.);
#2113=ORIENTED_EDGE('',*,*,#1624,.T.);
#2114=ORIENTED_EDGE('',*,*,#1625,.T.);
#2115=ORIENTED_EDGE('',*,*,#1617,.F.);
#2116=ORIENTED_EDGE('',*,*,#1626,.T.);
#2117=ORIENTED_EDGE('',*,*,#1623,.F.);
#2118=ORIENTED_EDGE('',*,*,#1627,.T.);
#2119=ORIENTED_EDGE('',*,*,#1628,.T.);
#2120=ORIENTED_EDGE('',*,*,#1629,.T.);
#2121=ORIENTED_EDGE('',*,*,#1630,.T.);
#2122=ORIENTED_EDGE('',*,*,#1631,.T.);
#2123=ORIENTED_EDGE('',*,*,#1632,.T.);
#2124=ORIENTED_EDGE('',*,*,#1633,.T.);
#2125=ORIENTED_EDGE('',*,*,#1634,.T.);
#2126=ORIENTED_EDGE('',*,*,#1635,.T.);
#2127=ORIENTED_EDGE('',*,*,#1636,.T.);
#2128=ORIENTED_EDGE('',*,*,#1637,.T.);
#2129=ORIENTED_EDGE('',*,*,#1638,.T.);
#2130=ORIENTED_EDGE('',*,*,#1639,.T.);
#2131=ORIENTED_EDGE('',*,*,#1640,.T.);
#2132=ORIENTED_EDGE('',*,*,#1641,.T.);
#2133=ORIENTED_EDGE('',*,*,#1642,.T.);
#2134=ORIENTED_EDGE('',*,*,#1643,.T.);
#2135=ORIENTED_EDGE('',*,*,#1644,.T.);
#2136=ORIENTED_EDGE('',*,*,#1645,.T.);
#2137=ORIENTED_EDGE('',*,*,#1646,.T.);
#2138=ORIENTED_EDGE('',*,*,#1647,.T.);
#2139=ORIENTED_EDGE('',*,*,#1648,.T.);
#2140=ORIENTED_EDGE('',*,*,#1649,.T.);
#2141=ORIENTED_EDGE('',*,*,#1650,.T.);
#2142=ORIENTED_EDGE('',*,*,#1651,.T.);
#2143=ORIENTED_EDGE('',*,*,#1652,.T.);
#2144=ORIENTED_EDGE('',*,*,#1653,.T.);
#2145=ORIENTED_EDGE('',*,*,#1654,.T.);
#2146=ORIENTED_EDGE('',*,*,#1655,.T.);
#2147=ORIENTED_EDGE('',*,*,#1656,.T.);
#2148=ORIENTED_EDGE('',*,*,#1654,.F.);
#2149=ORIENTED_EDGE('',*,*,#1657,.T.);
#2150=ORIENTED_EDGE('',*,*,#1658,.T.);
#2151=ORIENTED_EDGE('',*,*,#1659,.T.);
#2152=ORIENTED_EDGE('',*,*,#1660,.T.);
#2153=ORIENTED_EDGE('',*,*,#1661,.T.);
#2154=ORIENTED_EDGE('',*,*,#1662,.T.);
#2155=ORIENTED_EDGE('',*,*,#1663,.T.);
#2156=ORIENTED_EDGE('',*,*,#1664,.T.);
#2157=ORIENTED_EDGE('',*,*,#1665,.T.);
#2158=ORIENTED_EDGE('',*,*,#1666,.T.);
#2159=ORIENTED_EDGE('',*,*,#1667,.T.);
#2160=ORIENTED_EDGE('',*,*,#1668,.T.);
#2161=ORIENTED_EDGE('',*,*,#1669,.T.);
#2162=ORIENTED_EDGE('',*,*,#1670,.T.);
#2163=ORIENTED_EDGE('',*,*,#1671,.T.);
#2164=ORIENTED_EDGE('',*,*,#1672,.T.);
#2165=ORIENTED_EDGE('',*,*,#1673,.T.);
#2166=ORIENTED_EDGE('',*,*,#1674,.T.);
#2167=ORIENTED_EDGE('',*,*,#1675,.T.);
#2168=ORIENTED_EDGE('',*,*,#1676,.T.);
#2169=ORIENTED_EDGE('',*,*,#1669,.F.);
#2170=ORIENTED_EDGE('',*,*,#1677,.T.);
#2171=ORIENTED_EDGE('',*,*,#1678,.T.);
#2172=ORIENTED_EDGE('',*,*,#1677,.F.);
#2173=ORIENTED_EDGE('',*,*,#1668,.F.);
#2174=ORIENTED_EDGE('',*,*,#1679,.T.);
#2175=ORIENTED_EDGE('',*,*,#1680,.T.);
#2176=ORIENTED_EDGE('',*,*,#1679,.F.);
#2177=ORIENTED_EDGE('',*,*,#1667,.F.);
#2178=ORIENTED_EDGE('',*,*,#1681,.T.);
#2179=ORIENTED_EDGE('',*,*,#1682,.T.);
#2180=ORIENTED_EDGE('',*,*,#1681,.F.);
#2181=ORIENTED_EDGE('',*,*,#1666,.F.);
#2182=ORIENTED_EDGE('',*,*,#1683,.T.);
#2183=ORIENTED_EDGE('',*,*,#1684,.T.);
#2184=ORIENTED_EDGE('',*,*,#1683,.F.);
#2185=ORIENTED_EDGE('',*,*,#1665,.F.);
#2186=ORIENTED_EDGE('',*,*,#1685,.T.);
#2187=ORIENTED_EDGE('',*,*,#1686,.T.);
#2188=ORIENTED_EDGE('',*,*,#1685,.F.);
#2189=ORIENTED_EDGE('',*,*,#1664,.F.);
#2190=ORIENTED_EDGE('',*,*,#1687,.T.);
#2191=ORIENTED_EDGE('',*,*,#1688,.T.);
#2192=ORIENTED_EDGE('',*,*,#1687,.F.);
#2193=ORIENTED_EDGE('',*,*,#1675,.F.);
#2194=ORIENTED_EDGE('',*,*,#1689,.T.);
#2195=ORIENTED_EDGE('',*,*,#1690,.T.);
#2196=ORIENTED_EDGE('',*,*,#1689,.F.);
#2197=ORIENTED_EDGE('',*,*,#1674,.F.);
#2198=ORIENTED_EDGE('',*,*,#1691,.T.);
#2199=ORIENTED_EDGE('',*,*,#1692,.T.);
#2200=ORIENTED_EDGE('',*,*,#1691,.F.);
#2201=ORIENTED_EDGE('',*,*,#1673,.F.);
#2202=ORIENTED_EDGE('',*,*,#1693,.T.);
#2203=ORIENTED_EDGE('',*,*,#1694,.T.);
#2204=ORIENTED_EDGE('',*,*,#1693,.F.);
#2205=ORIENTED_EDGE('',*,*,#1672,.F.);
#2206=ORIENTED_EDGE('',*,*,#1695,.T.);
#2207=ORIENTED_EDGE('',*,*,#1696,.T.);
#2208=ORIENTED_EDGE('',*,*,#1695,.F.);
#2209=ORIENTED_EDGE('',*,*,#1671,.F.);
#2210=ORIENTED_EDGE('',*,*,#1697,.T.);
#2211=ORIENTED_EDGE('',*,*,#1698,.T.);
#2212=ORIENTED_EDGE('',*,*,#1697,.F.);
#2213=ORIENTED_EDGE('',*,*,#1670,.F.);
#2214=ORIENTED_EDGE('',*,*,#1676,.F.);
#2215=ORIENTED_EDGE('',*,*,#1699,.T.);
#2216=ORIENTED_EDGE('',*,*,#1700,.T.);
#2217=ORIENTED_EDGE('',*,*,#1701,.T.);
#2218=ORIENTED_EDGE('',*,*,#1702,.T.);
#2219=ORIENTED_EDGE('',*,*,#1703,.T.);
#2220=ORIENTED_EDGE('',*,*,#1704,.T.);
#2221=ORIENTED_EDGE('',*,*,#1705,.T.);
#2222=ORIENTED_EDGE('',*,*,#1706,.T.);
#2223=ORIENTED_EDGE('',*,*,#1707,.T.);
#2224=ORIENTED_EDGE('',*,*,#1708,.T.);
#2225=ORIENTED_EDGE('',*,*,#1709,.T.);
#2226=ORIENTED_EDGE('',*,*,#1710,.T.);
#2227=ORIENTED_EDGE('',*,*,#1711,.T.);
#2228=ORIENTED_EDGE('',*,*,#1712,.T.);
#2229=ORIENTED_EDGE('',*,*,#1713,.T.);
#2230=ORIENTED_EDGE('',*,*,#1706,.F.);
#2231=ORIENTED_EDGE('',*,*,#1714,.T.);
#2232=ORIENTED_EDGE('',*,*,#1715,.T.);
#2233=ORIENTED_EDGE('',*,*,#1714,.F.);
#2234=ORIENTED_EDGE('',*,*,#1705,.F.);
#2235=ORIENTED_EDGE('',*,*,#1716,.T.);
#2236=ORIENTED_EDGE('',*,*,#1717,.T.);
#2237=ORIENTED_EDGE('',*,*,#1716,.F.);
#2238=ORIENTED_EDGE('',*,*,#1704,.F.);
#2239=ORIENTED_EDGE('',*,*,#1718,.T.);
#2240=ORIENTED_EDGE('',*,*,#1719,.T.);
#2241=ORIENTED_EDGE('',*,*,#1718,.F.);
#2242=ORIENTED_EDGE('',*,*,#1703,.F.);
#2243=ORIENTED_EDGE('',*,*,#1720,.T.);
#2244=ORIENTED_EDGE('',*,*,#1721,.T.);
#2245=ORIENTED_EDGE('',*,*,#1720,.F.);
#2246=ORIENTED_EDGE('',*,*,#1702,.F.);
#2247=ORIENTED_EDGE('',*,*,#1722,.T.);
#2248=ORIENTED_EDGE('',*,*,#1723,.T.);
#2249=ORIENTED_EDGE('',*,*,#1722,.F.);
#2250=ORIENTED_EDGE('',*,*,#1701,.F.);
#2251=ORIENTED_EDGE('',*,*,#1724,.T.);
#2252=ORIENTED_EDGE('',*,*,#1725,.T.);
#2253=ORIENTED_EDGE('',*,*,#1724,.F.);
#2254=ORIENTED_EDGE('',*,*,#1712,.F.);
#2255=ORIENTED_EDGE('',*,*,#1726,.T.);
#2256=ORIENTED_EDGE('',*,*,#1727,.T.);
#2257=ORIENTED_EDGE('',*,*,#1726,.F.);
#2258=ORIENTED_EDGE('',*,*,#1711,.F.);
#2259=ORIENTED_EDGE('',*,*,#1728,.T.);
#2260=ORIENTED_EDGE('',*,*,#1729,.T.);
#2261=ORIENTED_EDGE('',*,*,#1728,.F.);
#2262=ORIENTED_EDGE('',*,*,#1710,.F.);
#2263=ORIENTED_EDGE('',*,*,#1730,.T.);
#2264=ORIENTED_EDGE('',*,*,#1731,.T.);
#2265=ORIENTED_EDGE('',*,*,#1730,.F.);
#2266=ORIENTED_EDGE('',*,*,#1709,.F.);
#2267=ORIENTED_EDGE('',*,*,#1732,.T.);
#2268=ORIENTED_EDGE('',*,*,#1733,.T.);
#2269=ORIENTED_EDGE('',*,*,#1732,.F.);
#2270=ORIENTED_EDGE('',*,*,#1708,.F.);
#2271=ORIENTED_EDGE('',*,*,#1734,.T.);
#2272=ORIENTED_EDGE('',*,*,#1735,.T.);
#2273=ORIENTED_EDGE('',*,*,#1734,.F.);
#2274=ORIENTED_EDGE('',*,*,#1707,.F.);
#2275=ORIENTED_EDGE('',*,*,#1713,.F.);
#2276=ORIENTED_EDGE('',*,*,#1736,.T.);
#2277=ORIENTED_EDGE('',*,*,#1737,.T.);
#2278=ORIENTED_EDGE('',*,*,#1738,.T.);
#2279=ORIENTED_EDGE('',*,*,#1739,.T.);
#2280=ORIENTED_EDGE('',*,*,#1740,.T.);
#2281=ORIENTED_EDGE('',*,*,#1741,.T.);
#2282=ORIENTED_EDGE('',*,*,#1742,.T.);
#2283=ORIENTED_EDGE('',*,*,#1743,.T.);
#2284=ORIENTED_EDGE('',*,*,#1744,.T.);
#2285=ORIENTED_EDGE('',*,*,#1745,.T.);
#2286=ORIENTED_EDGE('',*,*,#1746,.T.);
#2287=ORIENTED_EDGE('',*,*,#1747,.T.);
#2288=ORIENTED_EDGE('',*,*,#1748,.T.);
#2289=ORIENTED_EDGE('',*,*,#1749,.T.);
#2290=ORIENTED_EDGE('',*,*,#1750,.T.);
#2291=ORIENTED_EDGE('',*,*,#1751,.T.);
#2292=ORIENTED_EDGE('',*,*,#1752,.T.);
#2293=ORIENTED_EDGE('',*,*,#1753,.T.);
#2294=ORIENTED_EDGE('',*,*,#1754,.T.);
#2295=ORIENTED_EDGE('',*,*,#1755,.T.);
#2296=ORIENTED_EDGE('',*,*,#1748,.F.);
#2297=ORIENTED_EDGE('',*,*,#1756,.T.);
#2298=ORIENTED_EDGE('',*,*,#1757,.T.);
#2299=ORIENTED_EDGE('',*,*,#1758,.T.);
#2300=ORIENTED_EDGE('',*,*,#1661,.F.);
#2301=ORIENTED_EDGE('',*,*,#1759,.T.);
#2302=ORIENTED_EDGE('',*,*,#1760,.T.);
#2303=ORIENTED_EDGE('',*,*,#1751,.F.);
#2304=ORIENTED_EDGE('',*,*,#1761,.T.);
#2305=ORIENTED_EDGE('',*,*,#1749,.F.);
#2306=ORIENTED_EDGE('',*,*,#1755,.F.);
#2307=ORIENTED_EDGE('',*,*,#1762,.T.);
#2308=ORIENTED_EDGE('',*,*,#1763,.T.);
#2309=ORIENTED_EDGE('',*,*,#1764,.T.);
#2310=ORIENTED_EDGE('',*,*,#1756,.F.);
#2311=ORIENTED_EDGE('',*,*,#1747,.F.);
#2312=ORIENTED_EDGE('',*,*,#1765,.T.);
#2313=ORIENTED_EDGE('',*,*,#1745,.F.);
#2314=ORIENTED_EDGE('',*,*,#1766,.T.);
#2315=ORIENTED_EDGE('',*,*,#1767,.T.);
#2316=ORIENTED_EDGE('',*,*,#1768,.T.);
#2317=ORIENTED_EDGE('',*,*,#1769,.T.);
#2318=ORIENTED_EDGE('',*,*,#1744,.F.);
#2319=ORIENTED_EDGE('',*,*,#1770,.T.);
#2320=ORIENTED_EDGE('',*,*,#1771,.T.);
#2321=ORIENTED_EDGE('',*,*,#1772,.T.);
#2322=ORIENTED_EDGE('',*,*,#1773,.T.);
#2323=ORIENTED_EDGE('',*,*,#1774,.T.);
#2324=ORIENTED_EDGE('',*,*,#1775,.T.);
#2325=ORIENTED_EDGE('',*,*,#1776,.T.);
#2326=ORIENTED_EDGE('',*,*,#1777,.T.);
#2327=ORIENTED_EDGE('',*,*,#1778,.T.);
#2328=ORIENTED_EDGE('',*,*,#1779,.T.);
#2329=ORIENTED_EDGE('',*,*,#1780,.T.);
#2330=ORIENTED_EDGE('',*,*,#1742,.F.);
#2331=ORIENTED_EDGE('',*,*,#1781,.T.);
#2332=ORIENTED_EDGE('',*,*,#1782,.T.);
#2333=ORIENTED_EDGE('',*,*,#1783,.T.);
#2334=ORIENTED_EDGE('',*,*,#1740,.F.);
#2335=ORIENTED_EDGE('',*,*,#1784,.T.);
#2336=ORIENTED_EDGE('',*,*,#1785,.T.);
#2337=ORIENTED_EDGE('',*,*,#1786,.T.);
#2338=ORIENTED_EDGE('',*,*,#1738,.F.);
#2339=ORIENTED_EDGE('',*,*,#1787,.T.);
#2340=ORIENTED_EDGE('',*,*,#1788,.T.);
#2341=ORIENTED_EDGE('',*,*,#1781,.F.);
#2342=ORIENTED_EDGE('',*,*,#1741,.F.);
#2343=ORIENTED_EDGE('',*,*,#1783,.F.);
#2344=ORIENTED_EDGE('',*,*,#1789,.T.);
#2345=ORIENTED_EDGE('',*,*,#1784,.F.);
#2346=ORIENTED_EDGE('',*,*,#1739,.F.);
#2347=ORIENTED_EDGE('',*,*,#1786,.F.);
#2348=ORIENTED_EDGE('',*,*,#1790,.T.);
#2349=ORIENTED_EDGE('',*,*,#1787,.F.);
#2350=ORIENTED_EDGE('',*,*,#1737,.F.);
#2351=ORIENTED_EDGE('',*,*,#1769,.F.);
#2352=ORIENTED_EDGE('',*,*,#1791,.T.);
#2353=ORIENTED_EDGE('',*,*,#1770,.F.);
#2354=ORIENTED_EDGE('',*,*,#1743,.F.);
#2355=ORIENTED_EDGE('',*,*,#1780,.F.);
#2356=ORIENTED_EDGE('',*,*,#1792,.T.);
#2357=ORIENTED_EDGE('',*,*,#1782,.F.);
#2358=ORIENTED_EDGE('',*,*,#1793,.T.);
#2359=ORIENTED_EDGE('',*,*,#1772,.F.);
#2360=ORIENTED_EDGE('',*,*,#1794,.T.);
#2361=ORIENTED_EDGE('',*,*,#1785,.F.);
#2362=ORIENTED_EDGE('',*,*,#1795,.T.);
#2363=ORIENTED_EDGE('',*,*,#1774,.F.);
#2364=ORIENTED_EDGE('',*,*,#1796,.T.);
#2365=ORIENTED_EDGE('',*,*,#1788,.F.);
#2366=ORIENTED_EDGE('',*,*,#1797,.T.);
#2367=ORIENTED_EDGE('',*,*,#1776,.F.);
#2368=ORIENTED_EDGE('',*,*,#1798,.T.);
#2369=ORIENTED_EDGE('',*,*,#1771,.F.);
#2370=ORIENTED_EDGE('',*,*,#1799,.T.);
#2371=ORIENTED_EDGE('',*,*,#1778,.F.);
#2372=ORIENTED_EDGE('',*,*,#1800,.T.);
#2373=ORIENTED_EDGE('',*,*,#1789,.F.);
#2374=ORIENTED_EDGE('',*,*,#1796,.F.);
#2375=ORIENTED_EDGE('',*,*,#1773,.F.);
#2376=ORIENTED_EDGE('',*,*,#1793,.F.);
#2377=ORIENTED_EDGE('',*,*,#1790,.F.);
#2378=ORIENTED_EDGE('',*,*,#1798,.F.);
#2379=ORIENTED_EDGE('',*,*,#1775,.F.);
#2380=ORIENTED_EDGE('',*,*,#1795,.F.);
#2381=ORIENTED_EDGE('',*,*,#1791,.F.);
#2382=ORIENTED_EDGE('',*,*,#1800,.F.);
#2383=ORIENTED_EDGE('',*,*,#1777,.F.);
#2384=ORIENTED_EDGE('',*,*,#1797,.F.);
#2385=ORIENTED_EDGE('',*,*,#1792,.F.);
#2386=ORIENTED_EDGE('',*,*,#1794,.F.);
#2387=ORIENTED_EDGE('',*,*,#1779,.F.);
#2388=ORIENTED_EDGE('',*,*,#1799,.F.);
#2389=ORIENTED_EDGE('',*,*,#1801,.T.);
#2390=ORIENTED_EDGE('',*,*,#1802,.T.);
#2391=ORIENTED_EDGE('',*,*,#1803,.T.);
#2392=ORIENTED_EDGE('',*,*,#1804,.T.);
#2393=ORIENTED_EDGE('',*,*,#1805,.T.);
#2394=ORIENTED_EDGE('',*,*,#1804,.F.);
#2395=ORIENTED_EDGE('',*,*,#1806,.T.);
#2396=ORIENTED_EDGE('',*,*,#1807,.T.);
#2397=ORIENTED_EDGE('',*,*,#1808,.T.);
#2398=ORIENTED_EDGE('',*,*,#1807,.F.);
#2399=ORIENTED_EDGE('',*,*,#1809,.T.);
#2400=ORIENTED_EDGE('',*,*,#1810,.T.);
#2401=ORIENTED_EDGE('',*,*,#1811,.T.);
#2402=ORIENTED_EDGE('',*,*,#1810,.F.);
#2403=ORIENTED_EDGE('',*,*,#1812,.T.);
#2404=ORIENTED_EDGE('',*,*,#1813,.T.);
#2405=ORIENTED_EDGE('',*,*,#1814,.T.);
#2406=ORIENTED_EDGE('',*,*,#1813,.F.);
#2407=ORIENTED_EDGE('',*,*,#1815,.T.);
#2408=ORIENTED_EDGE('',*,*,#1816,.T.);
#2409=ORIENTED_EDGE('',*,*,#1817,.T.);
#2410=ORIENTED_EDGE('',*,*,#1816,.F.);
#2411=ORIENTED_EDGE('',*,*,#1818,.T.);
#2412=ORIENTED_EDGE('',*,*,#1819,.T.);
#2413=ORIENTED_EDGE('',*,*,#1820,.T.);
#2414=ORIENTED_EDGE('',*,*,#1819,.F.);
#2415=ORIENTED_EDGE('',*,*,#1821,.T.);
#2416=ORIENTED_EDGE('',*,*,#1822,.T.);
#2417=ORIENTED_EDGE('',*,*,#1823,.T.);
#2418=ORIENTED_EDGE('',*,*,#1822,.F.);
#2419=ORIENTED_EDGE('',*,*,#1824,.T.);
#2420=ORIENTED_EDGE('',*,*,#1825,.T.);
#2421=ORIENTED_EDGE('',*,*,#1826,.T.);
#2422=ORIENTED_EDGE('',*,*,#1825,.F.);
#2423=ORIENTED_EDGE('',*,*,#1827,.T.);
#2424=ORIENTED_EDGE('',*,*,#1828,.T.);
#2425=ORIENTED_EDGE('',*,*,#1829,.T.);
#2426=ORIENTED_EDGE('',*,*,#1828,.F.);
#2427=ORIENTED_EDGE('',*,*,#1830,.T.);
#2428=ORIENTED_EDGE('',*,*,#1831,.T.);
#2429=ORIENTED_EDGE('',*,*,#1832,.T.);
#2430=ORIENTED_EDGE('',*,*,#1831,.F.);
#2431=ORIENTED_EDGE('',*,*,#1833,.T.);
#2432=ORIENTED_EDGE('',*,*,#1834,.T.);
#2433=ORIENTED_EDGE('',*,*,#1835,.T.);
#2434=ORIENTED_EDGE('',*,*,#1834,.F.);
#2435=ORIENTED_EDGE('',*,*,#1836,.T.);
#2436=ORIENTED_EDGE('',*,*,#1802,.F.);
#2437=ORIENTED_EDGE('',*,*,#1837,.T.);
#2438=ORIENTED_EDGE('',*,*,#1838,.T.);
#2439=ORIENTED_EDGE('',*,*,#1839,.T.);
#2440=ORIENTED_EDGE('',*,*,#1840,.T.);
#2441=ORIENTED_EDGE('',*,*,#1841,.T.);
#2442=ORIENTED_EDGE('',*,*,#1842,.T.);
#2443=ORIENTED_EDGE('',*,*,#1843,.T.);
#2444=ORIENTED_EDGE('',*,*,#1844,.T.);
#2445=ORIENTED_EDGE('',*,*,#1845,.T.);
#2446=ORIENTED_EDGE('',*,*,#1846,.T.);
#2447=ORIENTED_EDGE('',*,*,#1847,.T.);
#2448=ORIENTED_EDGE('',*,*,#1848,.T.);
#2449=ORIENTED_EDGE('',*,*,#1849,.T.);
#2450=ORIENTED_EDGE('',*,*,#1850,.T.);
#2451=ORIENTED_EDGE('',*,*,#1843,.F.);
#2452=ORIENTED_EDGE('',*,*,#1851,.T.);
#2453=ORIENTED_EDGE('',*,*,#1803,.F.);
#2454=ORIENTED_EDGE('',*,*,#1851,.F.);
#2455=ORIENTED_EDGE('',*,*,#1842,.F.);
#2456=ORIENTED_EDGE('',*,*,#1852,.T.);
#2457=ORIENTED_EDGE('',*,*,#1806,.F.);
#2458=ORIENTED_EDGE('',*,*,#1852,.F.);
#2459=ORIENTED_EDGE('',*,*,#1841,.F.);
#2460=ORIENTED_EDGE('',*,*,#1853,.T.);
#2461=ORIENTED_EDGE('',*,*,#1809,.F.);
#2462=ORIENTED_EDGE('',*,*,#1853,.F.);
#2463=ORIENTED_EDGE('',*,*,#1840,.F.);
#2464=ORIENTED_EDGE('',*,*,#1854,.T.);
#2465=ORIENTED_EDGE('',*,*,#1812,.F.);
#2466=ORIENTED_EDGE('',*,*,#1854,.F.);
#2467=ORIENTED_EDGE('',*,*,#1839,.F.);
#2468=ORIENTED_EDGE('',*,*,#1855,.T.);
#2469=ORIENTED_EDGE('',*,*,#1815,.F.);
#2470=ORIENTED_EDGE('',*,*,#1855,.F.);
#2471=ORIENTED_EDGE('',*,*,#1838,.F.);
#2472=ORIENTED_EDGE('',*,*,#1856,.T.);
#2473=ORIENTED_EDGE('',*,*,#1818,.F.);
#2474=ORIENTED_EDGE('',*,*,#1856,.F.);
#2475=ORIENTED_EDGE('',*,*,#1849,.F.);
#2476=ORIENTED_EDGE('',*,*,#1857,.T.);
#2477=ORIENTED_EDGE('',*,*,#1821,.F.);
#2478=ORIENTED_EDGE('',*,*,#1857,.F.);
#2479=ORIENTED_EDGE('',*,*,#1848,.F.);
#2480=ORIENTED_EDGE('',*,*,#1858,.T.);
#2481=ORIENTED_EDGE('',*,*,#1824,.F.);
#2482=ORIENTED_EDGE('',*,*,#1858,.F.);
#2483=ORIENTED_EDGE('',*,*,#1847,.F.);
#2484=ORIENTED_EDGE('',*,*,#1859,.T.);
#2485=ORIENTED_EDGE('',*,*,#1827,.F.);
#2486=ORIENTED_EDGE('',*,*,#1859,.F.);
#2487=ORIENTED_EDGE('',*,*,#1846,.F.);
#2488=ORIENTED_EDGE('',*,*,#1860,.T.);
#2489=ORIENTED_EDGE('',*,*,#1830,.F.);
#2490=ORIENTED_EDGE('',*,*,#1860,.F.);
#2491=ORIENTED_EDGE('',*,*,#1845,.F.);
#2492=ORIENTED_EDGE('',*,*,#1861,.T.);
#2493=ORIENTED_EDGE('',*,*,#1833,.F.);
#2494=ORIENTED_EDGE('',*,*,#1861,.F.);
#2495=ORIENTED_EDGE('',*,*,#1844,.F.);
#2496=ORIENTED_EDGE('',*,*,#1850,.F.);
#2497=ORIENTED_EDGE('',*,*,#1836,.F.);
#2498=ORIENTED_EDGE('',*,*,#1801,.F.);
#2499=ORIENTED_EDGE('',*,*,#1805,.F.);
#2500=ORIENTED_EDGE('',*,*,#1808,.F.);
#2501=ORIENTED_EDGE('',*,*,#1811,.F.);
#2502=ORIENTED_EDGE('',*,*,#1814,.F.);
#2503=ORIENTED_EDGE('',*,*,#1817,.F.);
#2504=ORIENTED_EDGE('',*,*,#1820,.F.);
#2505=ORIENTED_EDGE('',*,*,#1823,.F.);
#2506=ORIENTED_EDGE('',*,*,#1826,.F.);
#2507=ORIENTED_EDGE('',*,*,#1829,.F.);
#2508=ORIENTED_EDGE('',*,*,#1832,.F.);
#2509=ORIENTED_EDGE('',*,*,#1835,.F.);
#2510=ORIENTED_EDGE('',*,*,#1862,.T.);
#2511=ORIENTED_EDGE('',*,*,#1715,.F.);
#2512=ORIENTED_EDGE('',*,*,#1863,.T.);
#2513=ORIENTED_EDGE('',*,*,#1864,.T.);
#2514=ORIENTED_EDGE('',*,*,#1863,.F.);
#2515=ORIENTED_EDGE('',*,*,#1717,.F.);
#2516=ORIENTED_EDGE('',*,*,#1865,.T.);
#2517=ORIENTED_EDGE('',*,*,#1866,.T.);
#2518=ORIENTED_EDGE('',*,*,#1865,.F.);
#2519=ORIENTED_EDGE('',*,*,#1719,.F.);
#2520=ORIENTED_EDGE('',*,*,#1867,.T.);
#2521=ORIENTED_EDGE('',*,*,#1868,.T.);
#2522=ORIENTED_EDGE('',*,*,#1867,.F.);
#2523=ORIENTED_EDGE('',*,*,#1721,.F.);
#2524=ORIENTED_EDGE('',*,*,#1869,.T.);
#2525=ORIENTED_EDGE('',*,*,#1870,.T.);
#2526=ORIENTED_EDGE('',*,*,#1869,.F.);
#2527=ORIENTED_EDGE('',*,*,#1723,.F.);
#2528=ORIENTED_EDGE('',*,*,#1871,.T.);
#2529=ORIENTED_EDGE('',*,*,#1872,.T.);
#2530=ORIENTED_EDGE('',*,*,#1871,.F.);
#2531=ORIENTED_EDGE('',*,*,#1725,.F.);
#2532=ORIENTED_EDGE('',*,*,#1873,.T.);
#2533=ORIENTED_EDGE('',*,*,#1874,.T.);
#2534=ORIENTED_EDGE('',*,*,#1873,.F.);
#2535=ORIENTED_EDGE('',*,*,#1727,.F.);
#2536=ORIENTED_EDGE('',*,*,#1875,.T.);
#2537=ORIENTED_EDGE('',*,*,#1876,.T.);
#2538=ORIENTED_EDGE('',*,*,#1875,.F.);
#2539=ORIENTED_EDGE('',*,*,#1729,.F.);
#2540=ORIENTED_EDGE('',*,*,#1877,.T.);
#2541=ORIENTED_EDGE('',*,*,#1878,.T.);
#2542=ORIENTED_EDGE('',*,*,#1877,.F.);
#2543=ORIENTED_EDGE('',*,*,#1731,.F.);
#2544=ORIENTED_EDGE('',*,*,#1879,.T.);
#2545=ORIENTED_EDGE('',*,*,#1880,.T.);
#2546=ORIENTED_EDGE('',*,*,#1879,.F.);
#2547=ORIENTED_EDGE('',*,*,#1733,.F.);
#2548=ORIENTED_EDGE('',*,*,#1881,.T.);
#2549=ORIENTED_EDGE('',*,*,#1882,.T.);
#2550=ORIENTED_EDGE('',*,*,#1881,.F.);
#2551=ORIENTED_EDGE('',*,*,#1735,.F.);
#2552=ORIENTED_EDGE('',*,*,#1883,.T.);
#2553=ORIENTED_EDGE('',*,*,#1884,.T.);
#2554=ORIENTED_EDGE('',*,*,#1883,.F.);
#2555=ORIENTED_EDGE('',*,*,#1736,.F.);
#2556=ORIENTED_EDGE('',*,*,#1862,.F.);
#2557=ORIENTED_EDGE('',*,*,#1885,.T.);
#2558=ORIENTED_EDGE('',*,*,#1885,.F.);
#2559=ORIENTED_EDGE('',*,*,#1864,.F.);
#2560=ORIENTED_EDGE('',*,*,#1866,.F.);
#2561=ORIENTED_EDGE('',*,*,#1868,.F.);
#2562=ORIENTED_EDGE('',*,*,#1870,.F.);
#2563=ORIENTED_EDGE('',*,*,#1872,.F.);
#2564=ORIENTED_EDGE('',*,*,#1874,.F.);
#2565=ORIENTED_EDGE('',*,*,#1876,.F.);
#2566=ORIENTED_EDGE('',*,*,#1878,.F.);
#2567=ORIENTED_EDGE('',*,*,#1880,.F.);
#2568=ORIENTED_EDGE('',*,*,#1882,.F.);
#2569=ORIENTED_EDGE('',*,*,#1884,.F.);
#2570=ORIENTED_EDGE('',*,*,#1886,.T.);
#2571=ORIENTED_EDGE('',*,*,#1678,.F.);
#2572=ORIENTED_EDGE('',*,*,#1887,.T.);
#2573=ORIENTED_EDGE('',*,*,#1888,.T.);
#2574=ORIENTED_EDGE('',*,*,#1887,.F.);
#2575=ORIENTED_EDGE('',*,*,#1680,.F.);
#2576=ORIENTED_EDGE('',*,*,#1889,.T.);
#2577=ORIENTED_EDGE('',*,*,#1890,.T.);
#2578=ORIENTED_EDGE('',*,*,#1889,.F.);
#2579=ORIENTED_EDGE('',*,*,#1682,.F.);
#2580=ORIENTED_EDGE('',*,*,#1891,.T.);
#2581=ORIENTED_EDGE('',*,*,#1892,.T.);
#2582=ORIENTED_EDGE('',*,*,#1891,.F.);
#2583=ORIENTED_EDGE('',*,*,#1684,.F.);
#2584=ORIENTED_EDGE('',*,*,#1893,.T.);
#2585=ORIENTED_EDGE('',*,*,#1894,.T.);
#2586=ORIENTED_EDGE('',*,*,#1893,.F.);
#2587=ORIENTED_EDGE('',*,*,#1686,.F.);
#2588=ORIENTED_EDGE('',*,*,#1895,.T.);
#2589=ORIENTED_EDGE('',*,*,#1896,.T.);
#2590=ORIENTED_EDGE('',*,*,#1895,.F.);
#2591=ORIENTED_EDGE('',*,*,#1688,.F.);
#2592=ORIENTED_EDGE('',*,*,#1897,.T.);
#2593=ORIENTED_EDGE('',*,*,#1898,.T.);
#2594=ORIENTED_EDGE('',*,*,#1897,.F.);
#2595=ORIENTED_EDGE('',*,*,#1690,.F.);
#2596=ORIENTED_EDGE('',*,*,#1899,.T.);
#2597=ORIENTED_EDGE('',*,*,#1900,.T.);
#2598=ORIENTED_EDGE('',*,*,#1899,.F.);
#2599=ORIENTED_EDGE('',*,*,#1692,.F.);
#2600=ORIENTED_EDGE('',*,*,#1901,.T.);
#2601=ORIENTED_EDGE('',*,*,#1902,.T.);
#2602=ORIENTED_EDGE('',*,*,#1901,.F.);
#2603=ORIENTED_EDGE('',*,*,#1694,.F.);
#2604=ORIENTED_EDGE('',*,*,#1903,.T.);
#2605=ORIENTED_EDGE('',*,*,#1904,.T.);
#2606=ORIENTED_EDGE('',*,*,#1903,.F.);
#2607=ORIENTED_EDGE('',*,*,#1696,.F.);
#2608=ORIENTED_EDGE('',*,*,#1905,.T.);
#2609=ORIENTED_EDGE('',*,*,#1906,.T.);
#2610=ORIENTED_EDGE('',*,*,#1905,.F.);
#2611=ORIENTED_EDGE('',*,*,#1698,.F.);
#2612=ORIENTED_EDGE('',*,*,#1907,.T.);
#2613=ORIENTED_EDGE('',*,*,#1908,.T.);
#2614=ORIENTED_EDGE('',*,*,#1907,.F.);
#2615=ORIENTED_EDGE('',*,*,#1699,.F.);
#2616=ORIENTED_EDGE('',*,*,#1886,.F.);
#2617=ORIENTED_EDGE('',*,*,#1909,.T.);
#2618=ORIENTED_EDGE('',*,*,#1909,.F.);
#2619=ORIENTED_EDGE('',*,*,#1888,.F.);
#2620=ORIENTED_EDGE('',*,*,#1890,.F.);
#2621=ORIENTED_EDGE('',*,*,#1892,.F.);
#2622=ORIENTED_EDGE('',*,*,#1894,.F.);
#2623=ORIENTED_EDGE('',*,*,#1896,.F.);
#2624=ORIENTED_EDGE('',*,*,#1898,.F.);
#2625=ORIENTED_EDGE('',*,*,#1900,.F.);
#2626=ORIENTED_EDGE('',*,*,#1902,.F.);
#2627=ORIENTED_EDGE('',*,*,#1904,.F.);
#2628=ORIENTED_EDGE('',*,*,#1906,.F.);
#2629=ORIENTED_EDGE('',*,*,#1908,.F.);
#2630=ORIENTED_EDGE('',*,*,#1910,.T.);
#2631=ORIENTED_EDGE('',*,*,#1753,.F.);
#2632=ORIENTED_EDGE('',*,*,#1660,.F.);
#2633=ORIENTED_EDGE('',*,*,#1911,.T.);
#2634=ORIENTED_EDGE('',*,*,#1912,.T.);
#2635=ORIENTED_EDGE('',*,*,#1913,.T.);
#2636=ORIENTED_EDGE('',*,*,#1662,.F.);
#2637=ORIENTED_EDGE('',*,*,#1758,.F.);
#2638=ORIENTED_EDGE('',*,*,#1914,.T.);
#2639=ORIENTED_EDGE('',*,*,#1655,.F.);
#2640=ORIENTED_EDGE('',*,*,#1915,.T.);
#2641=ORIENTED_EDGE('',*,*,#1916,.T.);
#2642=ORIENTED_EDGE('',*,*,#1656,.F.);
#2643=ORIENTED_EDGE('',*,*,#1914,.F.);
#2644=ORIENTED_EDGE('',*,*,#1917,.T.);
#2645=ORIENTED_EDGE('',*,*,#1766,.F.);
#2646=ORIENTED_EDGE('',*,*,#1752,.F.);
#2647=ORIENTED_EDGE('',*,*,#1760,.F.);
#2648=ORIENTED_EDGE('',*,*,#1918,.T.);
#2649=ORIENTED_EDGE('',*,*,#1651,.F.);
#2650=ORIENTED_EDGE('',*,*,#1589,.F.);
#2651=ORIENTED_EDGE('',*,*,#1919,.T.);
#2652=ORIENTED_EDGE('',*,*,#1920,.T.);
#2653=ORIENTED_EDGE('',*,*,#1921,.T.);
#2654=ORIENTED_EDGE('',*,*,#1922,.T.);
#2655=ORIENTED_EDGE('',*,*,#1923,.T.);
#2656=ORIENTED_EDGE('',*,*,#1924,.T.);
#2657=ORIENTED_EDGE('',*,*,#1925,.T.);
#2658=ORIENTED_EDGE('',*,*,#1925,.F.);
#2659=ORIENTED_EDGE('',*,*,#1926,.T.);
#2660=ORIENTED_EDGE('',*,*,#1639,.F.);
#2661=ORIENTED_EDGE('',*,*,#1927,.T.);
#2662=ORIENTED_EDGE('',*,*,#1928,.T.);
#2663=ORIENTED_EDGE('',*,*,#1929,.T.);
#2664=ORIENTED_EDGE('',*,*,#1930,.T.);
#2665=ORIENTED_EDGE('',*,*,#1931,.T.);
#2666=ORIENTED_EDGE('',*,*,#1932,.T.);
#2667=ORIENTED_EDGE('',*,*,#1933,.T.);
#2668=ORIENTED_EDGE('',*,*,#1934,.T.);
#2669=ORIENTED_EDGE('',*,*,#1935,.T.);
#2670=ORIENTED_EDGE('',*,*,#1936,.T.);
#2671=ORIENTED_EDGE('',*,*,#1937,.T.);
#2672=ORIENTED_EDGE('',*,*,#1938,.T.);
#2673=ORIENTED_EDGE('',*,*,#1939,.T.);
#2674=ORIENTED_EDGE('',*,*,#1940,.T.);
#2675=ORIENTED_EDGE('',*,*,#1941,.T.);
#2676=ORIENTED_EDGE('',*,*,#1942,.T.);
#2677=ORIENTED_EDGE('',*,*,#1943,.T.);
#2678=ORIENTED_EDGE('',*,*,#1931,.F.);
#2679=ORIENTED_EDGE('',*,*,#1944,.T.);
#2680=ORIENTED_EDGE('',*,*,#1945,.T.);
#2681=ORIENTED_EDGE('',*,*,#1941,.F.);
#2682=ORIENTED_EDGE('',*,*,#1647,.F.);
#2683=ORIENTED_EDGE('',*,*,#1632,.F.);
#2684=ORIENTED_EDGE('',*,*,#1946,.T.);
#2685=ORIENTED_EDGE('',*,*,#1938,.F.);
#2686=ORIENTED_EDGE('',*,*,#1947,.T.);
#2687=ORIENTED_EDGE('',*,*,#1630,.F.);
#2688=ORIENTED_EDGE('',*,*,#1643,.F.);
#2689=ORIENTED_EDGE('',*,*,#1933,.F.);
#2690=ORIENTED_EDGE('',*,*,#1948,.T.);
#2691=ORIENTED_EDGE('',*,*,#1946,.F.);
#2692=ORIENTED_EDGE('',*,*,#1949,.T.);
#2693=ORIENTED_EDGE('',*,*,#1950,.T.);
#2694=ORIENTED_EDGE('',*,*,#1951,.T.);
#2695=ORIENTED_EDGE('',*,*,#1939,.F.);
#2696=ORIENTED_EDGE('',*,*,#1951,.F.);
#2697=ORIENTED_EDGE('',*,*,#1952,.T.);
#2698=ORIENTED_EDGE('',*,*,#1953,.T.);
#2699=ORIENTED_EDGE('',*,*,#1629,.F.);
#2700=ORIENTED_EDGE('',*,*,#1954,.T.);
#2701=ORIENTED_EDGE('',*,*,#1955,.T.);
#2702=ORIENTED_EDGE('',*,*,#1644,.F.);
#2703=ORIENTED_EDGE('',*,*,#1948,.F.);
#2704=ORIENTED_EDGE('',*,*,#1956,.T.);
#2705=ORIENTED_EDGE('',*,*,#1957,.T.);
#2706=ORIENTED_EDGE('',*,*,#1958,.T.);
#2707=ORIENTED_EDGE('',*,*,#1633,.F.);
#2708=ORIENTED_EDGE('',*,*,#1650,.F.);
#2709=ORIENTED_EDGE('',*,*,#1959,.T.);
#2710=ORIENTED_EDGE('',*,*,#1960,.T.);
#2711=ORIENTED_EDGE('',*,*,#1932,.F.);
#2712=ORIENTED_EDGE('',*,*,#1961,.T.);
#2713=ORIENTED_EDGE('',*,*,#1962,.T.);
#2714=ORIENTED_EDGE('',*,*,#1956,.F.);
#2715=ORIENTED_EDGE('',*,*,#1700,.F.);
#2716=ORIENTED_EDGE('',*,*,#1963,.T.);
#2717=ORIENTED_EDGE('',*,*,#1944,.F.);
#2718=ORIENTED_EDGE('',*,*,#1930,.F.);
#2719=ORIENTED_EDGE('',*,*,#1964,.T.);
#2720=ORIENTED_EDGE('',*,*,#1612,.F.);
#2721=ORIENTED_EDGE('',*,*,#1615,.F.);
#2722=ORIENTED_EDGE('',*,*,#1608,.F.);
#2723=ORIENTED_EDGE('',*,*,#1965,.T.);
#2724=ORIENTED_EDGE('',*,*,#1911,.F.);
#2725=ORIENTED_EDGE('',*,*,#1659,.F.);
#2726=ORIENTED_EDGE('',*,*,#1913,.F.);
#2727=ORIENTED_EDGE('',*,*,#1966,.T.);
#2728=ORIENTED_EDGE('',*,*,#1618,.F.);
#2729=ORIENTED_EDGE('',*,*,#1625,.F.);
#2730=ORIENTED_EDGE('',*,*,#1622,.F.);
#2731=ORIENTED_EDGE('',*,*,#1967,.T.);
#2732=ORIENTED_EDGE('',*,*,#1942,.F.);
#2733=ORIENTED_EDGE('',*,*,#1945,.F.);
#2734=ORIENTED_EDGE('',*,*,#1963,.F.);
#2735=ORIENTED_EDGE('',*,*,#1968,.T.);
#2736=ORIENTED_EDGE('',*,*,#1969,.T.);
#2737=ORIENTED_EDGE('',*,*,#1648,.F.);
#2738=ORIENTED_EDGE('',*,*,#1940,.F.);
#2739=ORIENTED_EDGE('',*,*,#1958,.F.);
#2740=ORIENTED_EDGE('',*,*,#1970,.T.);
#2741=ORIENTED_EDGE('',*,*,#1971,.T.);
#2742=ORIENTED_EDGE('',*,*,#1928,.F.);
#2743=ORIENTED_EDGE('',*,*,#1972,.T.);
#2744=ORIENTED_EDGE('',*,*,#1968,.F.);
#2745=ORIENTED_EDGE('',*,*,#1943,.F.);
#2746=ORIENTED_EDGE('',*,*,#1967,.F.);
#2747=ORIENTED_EDGE('',*,*,#1621,.F.);
#2748=ORIENTED_EDGE('',*,*,#1964,.F.);
#2749=ORIENTED_EDGE('',*,*,#1929,.F.);
#2750=ORIENTED_EDGE('',*,*,#1971,.F.);
#2751=ORIENTED_EDGE('',*,*,#1973,.T.);
#2752=ORIENTED_EDGE('',*,*,#1613,.F.);
#2753=ORIENTED_EDGE('',*,*,#1974,.T.);
#2754=ORIENTED_EDGE('',*,*,#1975,.T.);
#2755=ORIENTED_EDGE('',*,*,#1949,.F.);
#2756=ORIENTED_EDGE('',*,*,#1631,.F.);
#2757=ORIENTED_EDGE('',*,*,#1646,.F.);
#2758=ORIENTED_EDGE('',*,*,#1976,.T.);
#2759=ORIENTED_EDGE('',*,*,#1977,.T.);
#2760=ORIENTED_EDGE('',*,*,#1934,.F.);
#2761=ORIENTED_EDGE('',*,*,#1634,.F.);
#2762=ORIENTED_EDGE('',*,*,#1960,.F.);
#2763=ORIENTED_EDGE('',*,*,#1978,.T.);
#2764=ORIENTED_EDGE('',*,*,#1974,.F.);
#2765=ORIENTED_EDGE('',*,*,#1935,.F.);
#2766=ORIENTED_EDGE('',*,*,#1977,.F.);
#2767=ORIENTED_EDGE('',*,*,#1979,.T.);
#2768=ORIENTED_EDGE('',*,*,#1961,.F.);
#2769=ORIENTED_EDGE('',*,*,#1966,.F.);
#2770=ORIENTED_EDGE('',*,*,#1912,.F.);
#2771=ORIENTED_EDGE('',*,*,#1757,.F.);
#2772=ORIENTED_EDGE('',*,*,#1764,.F.);
#2773=ORIENTED_EDGE('',*,*,#1980,.T.);
#2774=ORIENTED_EDGE('',*,*,#1619,.F.);
#2775=ORIENTED_EDGE('',*,*,#1981,.T.);
#2776=ORIENTED_EDGE('',*,*,#1762,.F.);
#2777=ORIENTED_EDGE('',*,*,#1754,.F.);
#2778=ORIENTED_EDGE('',*,*,#1910,.F.);
#2779=ORIENTED_EDGE('',*,*,#1965,.F.);
#2780=ORIENTED_EDGE('',*,*,#1607,.F.);
#2781=ORIENTED_EDGE('',*,*,#1601,.F.);
#2782=ORIENTED_EDGE('',*,*,#1982,.T.);
#2783=ORIENTED_EDGE('',*,*,#1983,.T.);
#2784=ORIENTED_EDGE('',*,*,#1984,.T.);
#2785=ORIENTED_EDGE('',*,*,#1985,.T.);
#2786=ORIENTED_EDGE('',*,*,#1986,.T.);
#2787=ORIENTED_EDGE('',*,*,#1603,.F.);
#2788=ORIENTED_EDGE('',*,*,#1638,.F.);
#2789=ORIENTED_EDGE('',*,*,#1987,.T.);
#2790=ORIENTED_EDGE('',*,*,#1988,.T.);
#2791=ORIENTED_EDGE('',*,*,#1606,.F.);
#2792=ORIENTED_EDGE('',*,*,#1989,.T.);
#2793=ORIENTED_EDGE('',*,*,#1927,.F.);
#2794=ORIENTED_EDGE('',*,*,#1642,.F.);
#2795=ORIENTED_EDGE('',*,*,#1597,.F.);
#2796=ORIENTED_EDGE('',*,*,#1922,.F.);
#2797=ORIENTED_EDGE('',*,*,#1990,.T.);
#2798=ORIENTED_EDGE('',*,*,#1991,.T.);
#2799=ORIENTED_EDGE('',*,*,#1923,.F.);
#2800=ORIENTED_EDGE('',*,*,#1596,.F.);
#2801=ORIENTED_EDGE('',*,*,#1992,.T.);
#2802=ORIENTED_EDGE('',*,*,#1993,.T.);
#2803=ORIENTED_EDGE('',*,*,#1635,.F.);
#2804=ORIENTED_EDGE('',*,*,#1602,.F.);
#2805=ORIENTED_EDGE('',*,*,#1994,.T.);
#2806=ORIENTED_EDGE('',*,*,#1995,.T.);
#2807=ORIENTED_EDGE('',*,*,#1990,.F.);
#2808=ORIENTED_EDGE('',*,*,#1988,.F.);
#2809=ORIENTED_EDGE('',*,*,#1921,.F.);
#2810=ORIENTED_EDGE('',*,*,#1996,.T.);
#2811=ORIENTED_EDGE('',*,*,#1997,.T.);
#2812=ORIENTED_EDGE('',*,*,#1600,.F.);
#2813=ORIENTED_EDGE('',*,*,#1641,.F.);
#2814=ORIENTED_EDGE('',*,*,#1998,.T.);
#2815=ORIENTED_EDGE('',*,*,#1999,.T.);
#2816=ORIENTED_EDGE('',*,*,#1598,.F.);
#2817=ORIENTED_EDGE('',*,*,#1997,.F.);
#2818=ORIENTED_EDGE('',*,*,#2000,.T.);
#2819=ORIENTED_EDGE('',*,*,#2001,.T.);
#2820=ORIENTED_EDGE('',*,*,#1982,.F.);
#2821=ORIENTED_EDGE('',*,*,#1593,.F.);
#2822=ORIENTED_EDGE('',*,*,#1999,.F.);
#2823=ORIENTED_EDGE('',*,*,#2002,.T.);
#2824=ORIENTED_EDGE('',*,*,#2003,.T.);
#2825=ORIENTED_EDGE('',*,*,#1984,.F.);
#2826=ORIENTED_EDGE('',*,*,#2004,.T.);
#2827=ORIENTED_EDGE('',*,*,#2005,.T.);
#2828=ORIENTED_EDGE('',*,*,#1992,.F.);
#2829=ORIENTED_EDGE('',*,*,#2001,.F.);
#2830=ORIENTED_EDGE('',*,*,#2006,.T.);
#2831=ORIENTED_EDGE('',*,*,#2004,.F.);
#2832=ORIENTED_EDGE('',*,*,#1983,.F.);
#2833=ORIENTED_EDGE('',*,*,#1557,.F.);
#2834=ORIENTED_EDGE('',*,*,#1554,.F.);
#2835=ORIENTED_EDGE('',*,*,#2007,.T.);
#2836=ORIENTED_EDGE('',*,*,#1952,.F.);
#2837=ORIENTED_EDGE('',*,*,#1950,.F.);
#2838=ORIENTED_EDGE('',*,*,#1975,.F.);
#2839=ORIENTED_EDGE('',*,*,#1978,.F.);
#2840=ORIENTED_EDGE('',*,*,#1959,.F.);
#2841=ORIENTED_EDGE('',*,*,#1649,.F.);
#2842=ORIENTED_EDGE('',*,*,#1969,.F.);
#2843=ORIENTED_EDGE('',*,*,#1972,.F.);
#2844=ORIENTED_EDGE('',*,*,#1624,.F.);
#2845=ORIENTED_EDGE('',*,*,#1626,.F.);
#2846=ORIENTED_EDGE('',*,*,#1620,.F.);
#2847=ORIENTED_EDGE('',*,*,#1980,.F.);
#2848=ORIENTED_EDGE('',*,*,#1765,.F.);
#2849=ORIENTED_EDGE('',*,*,#1746,.F.);
#2850=ORIENTED_EDGE('',*,*,#1768,.F.);
#2851=ORIENTED_EDGE('',*,*,#2008,.T.);
#2852=ORIENTED_EDGE('',*,*,#1580,.F.);
#2853=ORIENTED_EDGE('',*,*,#1587,.F.);
#2854=ORIENTED_EDGE('',*,*,#1584,.F.);
#2855=ORIENTED_EDGE('',*,*,#2009,.T.);
#2856=ORIENTED_EDGE('',*,*,#2002,.F.);
#2857=ORIENTED_EDGE('',*,*,#1998,.F.);
#2858=ORIENTED_EDGE('',*,*,#1640,.F.);
#2859=ORIENTED_EDGE('',*,*,#1926,.F.);
#2860=ORIENTED_EDGE('',*,*,#1924,.F.);
#2861=ORIENTED_EDGE('',*,*,#1991,.F.);
#2862=ORIENTED_EDGE('',*,*,#1995,.F.);
#2863=ORIENTED_EDGE('',*,*,#2010,.T.);
#2864=ORIENTED_EDGE('',*,*,#1550,.F.);
#2865=ORIENTED_EDGE('',*,*,#1583,.F.);
#2866=ORIENTED_EDGE('',*,*,#2011,.T.);
#2867=ORIENTED_EDGE('',*,*,#1594,.F.);
#2868=ORIENTED_EDGE('',*,*,#2003,.F.);
#2869=ORIENTED_EDGE('',*,*,#2009,.F.);
#2870=ORIENTED_EDGE('',*,*,#1581,.F.);
#2871=ORIENTED_EDGE('',*,*,#2008,.F.);
#2872=ORIENTED_EDGE('',*,*,#1767,.F.);
#2873=ORIENTED_EDGE('',*,*,#1917,.F.);
#2874=ORIENTED_EDGE('',*,*,#1916,.F.);
#2875=ORIENTED_EDGE('',*,*,#2012,.T.);
#2876=ORIENTED_EDGE('',*,*,#1663,.F.);
#2877=ORIENTED_EDGE('',*,*,#2013,.T.);
#2878=ORIENTED_EDGE('',*,*,#1657,.F.);
#2879=ORIENTED_EDGE('',*,*,#1653,.F.);
#2880=ORIENTED_EDGE('',*,*,#2014,.T.);
#2881=ORIENTED_EDGE('',*,*,#1568,.F.);
#2882=ORIENTED_EDGE('',*,*,#1576,.F.);
#2883=ORIENTED_EDGE('',*,*,#1572,.F.);
#2884=ORIENTED_EDGE('',*,*,#2015,.T.);
#2885=ORIENTED_EDGE('',*,*,#1591,.F.);
#2886=ORIENTED_EDGE('',*,*,#1599,.F.);
#2887=ORIENTED_EDGE('',*,*,#1595,.F.);
#2888=ORIENTED_EDGE('',*,*,#2011,.F.);
#2889=ORIENTED_EDGE('',*,*,#1582,.F.);
#2890=ORIENTED_EDGE('',*,*,#1586,.F.);
#2891=ORIENTED_EDGE('',*,*,#1578,.F.);
#2892=ORIENTED_EDGE('',*,*,#2012,.F.);
#2893=ORIENTED_EDGE('',*,*,#1915,.F.);
#2894=ORIENTED_EDGE('',*,*,#1658,.F.);
#2895=ORIENTED_EDGE('',*,*,#2013,.F.);
#2896=ORIENTED_EDGE('',*,*,#1575,.F.);
#2897=ORIENTED_EDGE('',*,*,#2016,.T.);
#2898=ORIENTED_EDGE('',*,*,#1919,.F.);
#2899=ORIENTED_EDGE('',*,*,#1588,.F.);
#2900=ORIENTED_EDGE('',*,*,#2015,.F.);
#2901=ORIENTED_EDGE('',*,*,#1569,.F.);
#2902=ORIENTED_EDGE('',*,*,#2014,.F.);
#2903=ORIENTED_EDGE('',*,*,#1652,.F.);
#2904=ORIENTED_EDGE('',*,*,#1918,.F.);
#2905=ORIENTED_EDGE('',*,*,#1759,.F.);
#2906=ORIENTED_EDGE('',*,*,#2017,.T.);
#2907=ORIENTED_EDGE('',*,*,#2018,.T.);
#2908=ORIENTED_EDGE('',*,*,#1636,.F.);
#2909=ORIENTED_EDGE('',*,*,#1993,.F.);
#2910=ORIENTED_EDGE('',*,*,#2005,.F.);
#2911=ORIENTED_EDGE('',*,*,#2006,.F.);
#2912=ORIENTED_EDGE('',*,*,#2000,.F.);
#2913=ORIENTED_EDGE('',*,*,#1996,.F.);
#2914=ORIENTED_EDGE('',*,*,#1920,.F.);
#2915=ORIENTED_EDGE('',*,*,#2016,.F.);
#2916=ORIENTED_EDGE('',*,*,#1574,.F.);
#2917=ORIENTED_EDGE('',*,*,#1577,.F.);
#2918=ORIENTED_EDGE('',*,*,#1570,.F.);
#2919=ORIENTED_EDGE('',*,*,#2017,.F.);
#2920=ORIENTED_EDGE('',*,*,#1761,.F.);
#2921=ORIENTED_EDGE('',*,*,#1750,.F.);
#2922=ORIENTED_EDGE('',*,*,#1763,.F.);
#2923=ORIENTED_EDGE('',*,*,#1981,.F.);
#2924=ORIENTED_EDGE('',*,*,#1610,.F.);
#2925=ORIENTED_EDGE('',*,*,#1616,.F.);
#2926=ORIENTED_EDGE('',*,*,#1614,.F.);
#2927=ORIENTED_EDGE('',*,*,#1973,.F.);
#2928=ORIENTED_EDGE('',*,*,#1970,.F.);
#2929=ORIENTED_EDGE('',*,*,#1957,.F.);
#2930=ORIENTED_EDGE('',*,*,#1962,.F.);
#2931=ORIENTED_EDGE('',*,*,#1979,.F.);
#2932=ORIENTED_EDGE('',*,*,#1976,.F.);
#2933=ORIENTED_EDGE('',*,*,#1645,.F.);
#2934=ORIENTED_EDGE('',*,*,#1955,.F.);
#2935=ORIENTED_EDGE('',*,*,#2019,.T.);
#2936=ORIENTED_EDGE('',*,*,#1564,.F.);
#2937=ORIENTED_EDGE('',*,*,#1567,.F.);
#2938=ORIENTED_EDGE('',*,*,#1560,.F.);
#2939=ORIENTED_EDGE('',*,*,#1565,.F.);
#2940=ORIENTED_EDGE('',*,*,#2019,.F.);
#2941=ORIENTED_EDGE('',*,*,#1954,.F.);
#2942=ORIENTED_EDGE('',*,*,#1628,.F.);
#2943=ORIENTED_EDGE('',*,*,#2020,.T.);
#2944=ORIENTED_EDGE('',*,*,#1559,.F.);
#2945=ORIENTED_EDGE('',*,*,#2021,.T.);
#2946=ORIENTED_EDGE('',*,*,#1985,.F.);
#2947=ORIENTED_EDGE('',*,*,#1637,.F.);
#2948=ORIENTED_EDGE('',*,*,#2018,.F.);
#2949=ORIENTED_EDGE('',*,*,#1837,.F.);
#2950=ORIENTED_EDGE('',*,*,#2022,.T.);
#2951=ORIENTED_EDGE('',*,*,#1604,.F.);
#2952=ORIENTED_EDGE('',*,*,#1986,.F.);
#2953=ORIENTED_EDGE('',*,*,#2021,.F.);
#2954=ORIENTED_EDGE('',*,*,#1558,.F.);
#2955=ORIENTED_EDGE('',*,*,#1566,.F.);
#2956=ORIENTED_EDGE('',*,*,#1562,.F.);
#2957=ORIENTED_EDGE('',*,*,#2020,.F.);
#2958=ORIENTED_EDGE('',*,*,#1627,.F.);
#2959=ORIENTED_EDGE('',*,*,#1947,.F.);
#2960=ORIENTED_EDGE('',*,*,#1937,.F.);
#2961=ORIENTED_EDGE('',*,*,#2023,.T.);
#2962=ORIENTED_EDGE('',*,*,#1552,.F.);
#2963=ORIENTED_EDGE('',*,*,#1556,.F.);
#2964=ORIENTED_EDGE('',*,*,#1548,.F.);
#2965=ORIENTED_EDGE('',*,*,#2024,.T.);
#2966=ORIENTED_EDGE('',*,*,#1989,.F.);
#2967=ORIENTED_EDGE('',*,*,#1605,.F.);
#2968=ORIENTED_EDGE('',*,*,#2022,.F.);
#2969=ORIENTED_EDGE('',*,*,#1553,.F.);
#2970=ORIENTED_EDGE('',*,*,#2023,.F.);
#2971=ORIENTED_EDGE('',*,*,#1936,.F.);
#2972=ORIENTED_EDGE('',*,*,#1953,.F.);
#2973=ORIENTED_EDGE('',*,*,#2007,.F.);
#2974=ORIENTED_EDGE('',*,*,#1551,.F.);
#2975=ORIENTED_EDGE('',*,*,#2010,.F.);
#2976=ORIENTED_EDGE('',*,*,#1994,.F.);
#2977=ORIENTED_EDGE('',*,*,#1987,.F.);
#2978=ORIENTED_EDGE('',*,*,#2024,.F.);
#2979=PLANE('',#3323);
#2980=PLANE('',#3325);
#2981=PLANE('',#3327);
#2982=PLANE('',#3329);
#2983=PLANE('',#3330);
#2984=PLANE('',#3331);
#2985=PLANE('',#3333);
#2986=PLANE('',#3334);
#2987=PLANE('',#3335);
#2988=PLANE('',#3337);
#2989=PLANE('',#3339);
#2990=PLANE('',#3341);
#2991=PLANE('',#3343);
#2992=PLANE('',#3344);
#2993=PLANE('',#3345);
#2994=PLANE('',#3349);
#2995=PLANE('',#3350);
#2996=PLANE('',#3351);
#2997=PLANE('',#3353);
#2998=PLANE('',#3355);
#2999=PLANE('',#3357);
#3000=PLANE('',#3359);
#3001=PLANE('',#3360);
#3002=PLANE('',#3361);
#3003=PLANE('',#3363);
#3004=PLANE('',#3364);
#3005=PLANE('',#3365);
#3006=PLANE('',#3366);
#3007=PLANE('',#3367);
#3008=PLANE('',#3370);
#3009=PLANE('',#3372);
#3010=PLANE('',#3374);
#3011=PLANE('',#3375);
#3012=PLANE('',#3376);
#3013=PLANE('',#3377);
#3014=PLANE('',#3378);
#3015=PLANE('',#3379);
#3016=PLANE('',#3380);
#3017=PLANE('',#3381);
#3018=PLANE('',#3382);
#3019=PLANE('',#3383);
#3020=PLANE('',#3384);
#3021=PLANE('',#3385);
#3022=PLANE('',#3386);
#3023=PLANE('',#3388);
#3024=PLANE('',#3389);
#3025=PLANE('',#3390);
#3026=PLANE('',#3391);
#3027=PLANE('',#3392);
#3028=PLANE('',#3393);
#3029=PLANE('',#3394);
#3030=PLANE('',#3395);
#3031=PLANE('',#3396);
#3032=PLANE('',#3397);
#3033=PLANE('',#3398);
#3034=PLANE('',#3399);
#3035=PLANE('',#3400);
#3036=PLANE('',#3403);
#3037=PLANE('',#3405);
#3038=PLANE('',#3406);
#3039=PLANE('',#3407);
#3040=PLANE('',#3409);
#3041=PLANE('',#3410);
#3042=PLANE('',#3412);
#3043=PLANE('',#3413);
#3044=PLANE('',#3415);
#3045=PLANE('',#3416);
#3046=PLANE('',#3418);
#3047=PLANE('',#3419);
#3048=PLANE('',#3421);
#3049=PLANE('',#3422);
#3050=PLANE('',#3424);
#3051=PLANE('',#3426);
#3052=PLANE('',#3427);
#3053=PLANE('',#3428);
#3054=PLANE('',#3429);
#3055=PLANE('',#3430);
#3056=PLANE('',#3431);
#3057=PLANE('',#3432);
#3058=PLANE('',#3433);
#3059=PLANE('',#3434);
#3060=PLANE('',#3435);
#3061=PLANE('',#3436);
#3062=PLANE('',#3437);
#3063=PLANE('',#3438);
#3064=PLANE('',#3439);
#3065=PLANE('',#3441);
#3066=PLANE('',#3442);
#3067=PLANE('',#3444);
#3068=PLANE('',#3445);
#3069=PLANE('',#3447);
#3070=PLANE('',#3448);
#3071=PLANE('',#3450);
#3072=PLANE('',#3451);
#3073=PLANE('',#3453);
#3074=PLANE('',#3454);
#3075=PLANE('',#3456);
#3076=PLANE('',#3457);
#3077=PLANE('',#3459);
#3078=PLANE('',#3460);
#3079=PLANE('',#3462);
#3080=PLANE('',#3463);
#3081=PLANE('',#3465);
#3082=PLANE('',#3466);
#3083=PLANE('',#3468);
#3084=PLANE('',#3469);
#3085=PLANE('',#3471);
#3086=PLANE('',#3472);
#3087=PLANE('',#3474);
#3088=PLANE('',#3475);
#3089=PLANE('',#3476);
#3090=PLANE('',#3477);
#3091=PLANE('',#3479);
#3092=PLANE('',#3480);
#3093=PLANE('',#3481);
#3094=PLANE('',#3482);
#3095=PLANE('',#3483);
#3096=PLANE('',#3484);
#3097=PLANE('',#3488);
#3098=PLANE('',#3489);
#3099=PLANE('',#3490);
#3100=PLANE('',#3492);
#3101=PLANE('',#3493);
#3102=PLANE('',#3494);
#3103=PLANE('',#3497);
#3104=PLANE('',#3498);
#3105=PLANE('',#3500);
#3106=PLANE('',#3501);
#3107=PLANE('',#3503);
#3108=PLANE('',#3504);
#3109=PLANE('',#3505);
#3110=PLANE('',#3506);
#3111=PLANE('',#3507);
#3112=PLANE('',#3508);
#3113=PLANE('',#3509);
#3114=PLANE('',#3510);
#3115=PLANE('',#3511);
#3116=PLANE('',#3512);
#3117=PLANE('',#3514);
#3118=PLANE('',#3515);
#3119=PLANE('',#3517);
#3120=PLANE('',#3519);
#3121=ADVANCED_FACE('',(#188),#2979,.T.);
#3122=ADVANCED_FACE('',(#189),#2980,.T.);
#3123=ADVANCED_FACE('',(#190),#2981,.F.);
#3124=ADVANCED_FACE('',(#191),#2982,.T.);
#3125=ADVANCED_FACE('',(#192),#2983,.T.);
#3126=ADVANCED_FACE('',(#193),#2984,.F.);
#3127=ADVANCED_FACE('',(#194),#2985,.T.);
#3128=ADVANCED_FACE('',(#195),#2986,.T.);
#3129=ADVANCED_FACE('',(#196),#2987,.F.);
#3130=ADVANCED_FACE('',(#197),#2988,.T.);
#3131=ADVANCED_FACE('',(#198),#2989,.T.);
#3132=ADVANCED_FACE('',(#199),#2990,.F.);
#3133=ADVANCED_FACE('',(#200),#2991,.F.);
#3134=ADVANCED_FACE('',(#201),#2992,.F.);
#3135=ADVANCED_FACE('',(#202),#2993,.T.);
#3136=ADVANCED_FACE('',(#203),#2994,.F.);
#3137=ADVANCED_FACE('',(#204),#2995,.F.);
#3138=ADVANCED_FACE('',(#205),#2996,.T.);
#3139=ADVANCED_FACE('',(#206),#2997,.F.);
#3140=ADVANCED_FACE('',(#207),#2998,.F.);
#3141=ADVANCED_FACE('',(#208),#2999,.T.);
#3142=ADVANCED_FACE('',(#209),#3000,.T.);
#3143=ADVANCED_FACE('',(#210),#3001,.T.);
#3144=ADVANCED_FACE('',(#211),#3002,.F.);
#3145=ADVANCED_FACE('',(#212),#3003,.F.);
#3146=ADVANCED_FACE('',(#213),#3004,.T.);
#3147=ADVANCED_FACE('',(#214),#3005,.T.);
#3148=ADVANCED_FACE('',(#215),#3006,.T.);
#3149=ADVANCED_FACE('',(#216),#3007,.F.);
#3150=ADVANCED_FACE('',(#217),#3008,.T.);
#3151=ADVANCED_FACE('',(#218,#58),#3009,.F.);
#3152=ADVANCED_FACE('',(#219),#3010,.F.);
#3153=ADVANCED_FACE('',(#220),#3011,.F.);
#3154=ADVANCED_FACE('',(#221),#3012,.F.);
#3155=ADVANCED_FACE('',(#222),#3013,.F.);
#3156=ADVANCED_FACE('',(#223),#3014,.F.);
#3157=ADVANCED_FACE('',(#224),#3015,.F.);
#3158=ADVANCED_FACE('',(#225),#3016,.F.);
#3159=ADVANCED_FACE('',(#226),#3017,.F.);
#3160=ADVANCED_FACE('',(#227),#3018,.F.);
#3161=ADVANCED_FACE('',(#228),#3019,.F.);
#3162=ADVANCED_FACE('',(#229),#3020,.F.);
#3163=ADVANCED_FACE('',(#230),#3021,.F.);
#3164=ADVANCED_FACE('',(#231,#59),#3022,.F.);
#3165=ADVANCED_FACE('',(#232),#3023,.F.);
#3166=ADVANCED_FACE('',(#233),#3024,.F.);
#3167=ADVANCED_FACE('',(#234),#3025,.F.);
#3168=ADVANCED_FACE('',(#235),#3026,.F.);
#3169=ADVANCED_FACE('',(#236),#3027,.F.);
#3170=ADVANCED_FACE('',(#237),#3028,.F.);
#3171=ADVANCED_FACE('',(#238),#3029,.F.);
#3172=ADVANCED_FACE('',(#239),#3030,.F.);
#3173=ADVANCED_FACE('',(#240),#3031,.F.);
#3174=ADVANCED_FACE('',(#241),#3032,.F.);
#3175=ADVANCED_FACE('',(#242),#3033,.F.);
#3176=ADVANCED_FACE('',(#243),#3034,.F.);
#3177=ADVANCED_FACE('',(#244,#60),#3035,.F.);
#3178=ADVANCED_FACE('',(#245),#21,.T.);
#3179=ADVANCED_FACE('',(#246),#22,.F.);
#3180=ADVANCED_FACE('',(#247),#23,.F.);
#3181=ADVANCED_FACE('',(#248),#24,.F.);
#3182=ADVANCED_FACE('',(#249),#25,.F.);
#3183=ADVANCED_FACE('',(#250),#3036,.T.);
#3184=ADVANCED_FACE('',(#251),#17,.T.);
#3185=ADVANCED_FACE('',(#252),#15,.T.);
#3186=ADVANCED_FACE('',(#253),#3037,.T.);
#3187=ADVANCED_FACE('',(#254),#16,.T.);
#3188=ADVANCED_FACE('',(#255),#26,.T.);
#3189=ADVANCED_FACE('',(#256),#27,.T.);
#3190=ADVANCED_FACE('',(#257),#28,.T.);
#3191=ADVANCED_FACE('',(#258),#29,.T.);
#3192=ADVANCED_FACE('',(#259),#30,.T.);
#3193=ADVANCED_FACE('',(#260),#31,.F.);
#3194=ADVANCED_FACE('',(#261),#32,.T.);
#3195=ADVANCED_FACE('',(#262),#33,.F.);
#3196=ADVANCED_FACE('',(#263),#34,.T.);
#3197=ADVANCED_FACE('',(#264),#35,.T.);
#3198=ADVANCED_FACE('',(#265),#36,.T.);
#3199=ADVANCED_FACE('',(#266),#37,.T.);
#3200=ADVANCED_FACE('',(#267),#3038,.T.);
#3201=ADVANCED_FACE('',(#268),#3039,.T.);
#3202=ADVANCED_FACE('',(#269),#3040,.T.);
#3203=ADVANCED_FACE('',(#270),#3041,.T.);
#3204=ADVANCED_FACE('',(#271),#3042,.T.);
#3205=ADVANCED_FACE('',(#272),#3043,.T.);
#3206=ADVANCED_FACE('',(#273),#3044,.T.);
#3207=ADVANCED_FACE('',(#274),#3045,.T.);
#3208=ADVANCED_FACE('',(#275),#3046,.T.);
#3209=ADVANCED_FACE('',(#276),#3047,.T.);
#3210=ADVANCED_FACE('',(#277),#3048,.T.);
#3211=ADVANCED_FACE('',(#278),#3049,.T.);
#3212=ADVANCED_FACE('',(#279,#61),#3050,.F.);
#3213=ADVANCED_FACE('',(#280),#3051,.F.);
#3214=ADVANCED_FACE('',(#281),#3052,.F.);
#3215=ADVANCED_FACE('',(#282),#3053,.F.);
#3216=ADVANCED_FACE('',(#283),#3054,.F.);
#3217=ADVANCED_FACE('',(#284),#3055,.F.);
#3218=ADVANCED_FACE('',(#285),#3056,.F.);
#3219=ADVANCED_FACE('',(#286),#3057,.F.);
#3220=ADVANCED_FACE('',(#287),#3058,.F.);
#3221=ADVANCED_FACE('',(#288),#3059,.F.);
#3222=ADVANCED_FACE('',(#289),#3060,.F.);
#3223=ADVANCED_FACE('',(#290),#3061,.F.);
#3224=ADVANCED_FACE('',(#291),#3062,.F.);
#3225=ADVANCED_FACE('',(#292),#38,.F.);
#3226=ADVANCED_FACE('',(#293),#3063,.T.);
#3227=ADVANCED_FACE('',(#294),#3064,.T.);
#3228=ADVANCED_FACE('',(#295),#3065,.T.);
#3229=ADVANCED_FACE('',(#296),#3066,.T.);
#3230=ADVANCED_FACE('',(#297),#3067,.T.);
#3231=ADVANCED_FACE('',(#298),#3068,.T.);
#3232=ADVANCED_FACE('',(#299),#3069,.T.);
#3233=ADVANCED_FACE('',(#300),#3070,.T.);
#3234=ADVANCED_FACE('',(#301),#3071,.T.);
#3235=ADVANCED_FACE('',(#302),#3072,.T.);
#3236=ADVANCED_FACE('',(#303),#3073,.T.);
#3237=ADVANCED_FACE('',(#304),#3074,.T.);
#3238=ADVANCED_FACE('',(#305),#39,.F.);
#3239=ADVANCED_FACE('',(#306),#3075,.T.);
#3240=ADVANCED_FACE('',(#307),#3076,.T.);
#3241=ADVANCED_FACE('',(#308),#3077,.T.);
#3242=ADVANCED_FACE('',(#309),#3078,.T.);
#3243=ADVANCED_FACE('',(#310),#3079,.T.);
#3244=ADVANCED_FACE('',(#311),#3080,.T.);
#3245=ADVANCED_FACE('',(#312),#3081,.T.);
#3246=ADVANCED_FACE('',(#313),#3082,.T.);
#3247=ADVANCED_FACE('',(#314),#3083,.T.);
#3248=ADVANCED_FACE('',(#315),#3084,.T.);
#3249=ADVANCED_FACE('',(#316),#3085,.T.);
#3250=ADVANCED_FACE('',(#317),#3086,.T.);
#3251=ADVANCED_FACE('',(#318),#40,.F.);
#3252=ADVANCED_FACE('',(#319),#3087,.F.);
#3253=ADVANCED_FACE('',(#320),#3088,.F.);
#3254=ADVANCED_FACE('',(#321),#3089,.T.);
#3255=ADVANCED_FACE('',(#322),#41,.T.);
#3256=ADVANCED_FACE('',(#323),#3090,.T.);
#3257=ADVANCED_FACE('',(#324),#3091,.T.);
#3258=ADVANCED_FACE('',(#325),#42,.F.);
#3259=ADVANCED_FACE('',(#326),#3092,.T.);
#3260=ADVANCED_FACE('',(#327),#3093,.T.);
#3261=ADVANCED_FACE('',(#328),#3094,.T.);
#3262=ADVANCED_FACE('',(#329),#3095,.T.);
#3263=ADVANCED_FACE('',(#330),#3096,.F.);
#3264=ADVANCED_FACE('',(#331),#3097,.T.);
#3265=ADVANCED_FACE('',(#332),#3098,.F.);
#3266=ADVANCED_FACE('',(#333),#3099,.F.);
#3267=ADVANCED_FACE('',(#334),#3100,.T.);
#3268=ADVANCED_FACE('',(#335),#3101,.F.);
#3269=ADVANCED_FACE('',(#336),#3102,.F.);
#3270=ADVANCED_FACE('',(#337),#18,.T.);
#3271=ADVANCED_FACE('',(#338),#3103,.T.);
#3272=ADVANCED_FACE('',(#339),#3104,.T.);
#3273=ADVANCED_FACE('',(#340),#43,.F.);
#3274=ADVANCED_FACE('',(#341),#44,.F.);
#3275=ADVANCED_FACE('',(#342),#3105,.T.);
#3276=ADVANCED_FACE('',(#343),#3106,.T.);
#3277=ADVANCED_FACE('',(#344),#45,.F.);
#3278=ADVANCED_FACE('',(#345),#46,.F.);
#3279=ADVANCED_FACE('',(#346),#47,.F.);
#3280=ADVANCED_FACE('',(#347),#48,.F.);
#3281=ADVANCED_FACE('',(#348),#3107,.F.);
#3282=ADVANCED_FACE('',(#349),#3108,.F.);
#3283=ADVANCED_FACE('',(#350),#3109,.F.);
#3284=ADVANCED_FACE('',(#351),#3110,.F.);
#3285=ADVANCED_FACE('',(#352),#3111,.T.);
#3286=ADVANCED_FACE('',(#353),#3112,.T.);
#3287=ADVANCED_FACE('',(#354),#3113,.F.);
#3288=ADVANCED_FACE('',(#355),#3114,.T.);
#3289=ADVANCED_FACE('',(#356),#3115,.T.);
#3290=ADVANCED_FACE('',(#357),#3116,.F.);
#3291=ADVANCED_FACE('',(#358),#3117,.T.);
#3292=ADVANCED_FACE('',(#359),#3118,.T.);
#3293=ADVANCED_FACE('',(#360),#49,.F.);
#3294=ADVANCED_FACE('',(#361),#3119,.T.);
#3295=ADVANCED_FACE('',(#362),#50,.F.);
#3296=ADVANCED_FACE('',(#363),#51,.F.);
#3297=ADVANCED_FACE('',(#364),#19,.T.);
#3298=ADVANCED_FACE('',(#365),#52,.F.);
#3299=ADVANCED_FACE('',(#366),#53,.F.);
#3300=ADVANCED_FACE('',(#367),#3120,.T.);
#3301=ADVANCED_FACE('',(#368),#54,.F.);
#3302=ADVANCED_FACE('',(#369),#55,.F.);
#3303=ADVANCED_FACE('',(#370),#20,.T.);
#3304=ADVANCED_FACE('',(#371),#56,.F.);
#3305=ADVANCED_FACE('',(#372),#57,.F.);
#3306=CLOSED_SHELL('',(#3121,#3122,#3123,#3124,#3125,#3126,#3127,#3128,
#3129,#3130,#3131,#3132,#3133,#3134,#3135,#3136,#3137,#3138,#3139,#3140,
#3141,#3142,#3143,#3144,#3145,#3146,#3147,#3148,#3149,#3150,#3151,#3152,
#3153,#3154,#3155,#3156,#3157,#3158,#3159,#3160,#3161,#3162,#3163,#3164,
#3165,#3166,#3167,#3168,#3169,#3170,#3171,#3172,#3173,#3174,#3175,#3176,
#3177,#3178,#3179,#3180,#3181,#3182,#3183,#3184,#3185,#3186,#3187,#3188,
#3189,#3190,#3191,#3192,#3193,#3194,#3195,#3196,#3197,#3198,#3199,#3200,
#3201,#3202,#3203,#3204,#3205,#3206,#3207,#3208,#3209,#3210,#3211,#3212,
#3213,#3214,#3215,#3216,#3217,#3218,#3219,#3220,#3221,#3222,#3223,#3224,
#3225,#3226,#3227,#3228,#3229,#3230,#3231,#3232,#3233,#3234,#3235,#3236,
#3237,#3238,#3239,#3240,#3241,#3242,#3243,#3244,#3245,#3246,#3247,#3248,
#3249,#3250,#3251,#3252,#3253,#3254,#3255,#3256,#3257,#3258,#3259,#3260,
#3261,#3262,#3263,#3264,#3265,#3266,#3267,#3268,#3269,#3270,#3271,#3272,
#3273,#3274,#3275,#3276,#3277,#3278,#3279,#3280,#3281,#3282,#3283,#3284,
#3285,#3286,#3287,#3288,#3289,#3290,#3291,#3292,#3293,#3294,#3295,#3296,
#3297,#3298,#3299,#3300,#3301,#3302,#3303,#3304,#3305));
#3307=DERIVED_UNIT_ELEMENT(#3310,1.);
#3308=DERIVED_UNIT_ELEMENT(#7230,-3.);
#3309=DIMENSIONAL_EXPONENTS(0.,1.,0.,0.,0.,0.,0.);
#3310=(
CONVERSION_BASED_UNIT('gram',#3312)
MASS_UNIT()
NAMED_UNIT(#3309)
);
#3311=(
MASS_UNIT()
NAMED_UNIT(*)
SI_UNIT(.KILO.,.GRAM.)
);
#3312=MASS_MEASURE_WITH_UNIT(MASS_MEASURE(0.001),#3311);
#3313=DERIVED_UNIT((#3307,#3308));
#3314=MEASURE_REPRESENTATION_ITEM('density measure',
POSITIVE_RATIO_MEASURE(1.),#3313);
#3315=PROPERTY_DEFINITION_REPRESENTATION(#3320,#3317);
#3316=PROPERTY_DEFINITION_REPRESENTATION(#3321,#3318);
#3317=REPRESENTATION('material name',(#3319),#7227);
#3318=REPRESENTATION('density',(#3314),#7227);
#3319=DESCRIPTIVE_REPRESENTATION_ITEM('Generic','Generic');
#3320=PROPERTY_DEFINITION('material property','material name',#7237);
#3321=PROPERTY_DEFINITION('material property','density of part',#7237);
#3322=AXIS2_PLACEMENT_3D('',#4256,#3521,#3522);
#3323=AXIS2_PLACEMENT_3D('',#4257,#3523,#3524);
#3324=AXIS2_PLACEMENT_3D('',#4265,#3528,#3529);
#3325=AXIS2_PLACEMENT_3D('',#4266,#3530,#3531);
#3326=AXIS2_PLACEMENT_3D('',#4271,#3533,#3534);
#3327=AXIS2_PLACEMENT_3D('',#4275,#3537,#3538);
#3328=AXIS2_PLACEMENT_3D('',#4276,#3539,#3540);
#3329=AXIS2_PLACEMENT_3D('',#4278,#3542,#3543);
#3330=AXIS2_PLACEMENT_3D('',#4292,#3547,#3548);
#3331=AXIS2_PLACEMENT_3D('',#4306,#3552,#3553);
#3332=AXIS2_PLACEMENT_3D('',#4307,#3554,#3555);
#3333=AXIS2_PLACEMENT_3D('',#4309,#3557,#3558);
#3334=AXIS2_PLACEMENT_3D('',#4323,#3562,#3563);
#3335=AXIS2_PLACEMENT_3D('',#4337,#3567,#3568);
#3336=AXIS2_PLACEMENT_3D('',#4338,#3569,#3570);
#3337=AXIS2_PLACEMENT_3D('',#4340,#3572,#3573);
#3338=AXIS2_PLACEMENT_3D('',#4348,#3577,#3578);
#3339=AXIS2_PLACEMENT_3D('',#4349,#3579,#3580);
#3340=AXIS2_PLACEMENT_3D('',#4354,#3582,#3583);
#3341=AXIS2_PLACEMENT_3D('',#4358,#3586,#3587);
#3342=AXIS2_PLACEMENT_3D('',#4359,#3588,#3589);
#3343=AXIS2_PLACEMENT_3D('',#4361,#3591,#3592);
#3344=AXIS2_PLACEMENT_3D('',#4375,#3596,#3597);
#3345=AXIS2_PLACEMENT_3D('',#4384,#3602,#3603);
#3346=AXIS2_PLACEMENT_3D('',#4391,#3607,#3608);
#3347=AXIS2_PLACEMENT_3D('',#4401,#3613,#3614);
#3348=AXIS2_PLACEMENT_3D('',#4403,#3615,#3616);
#3349=AXIS2_PLACEMENT_3D('',#4405,#3618,#3619);
#3350=AXIS2_PLACEMENT_3D('',#4419,#3623,#3624);
#3351=AXIS2_PLACEMENT_3D('',#4433,#3628,#3629);
#3352=AXIS2_PLACEMENT_3D('',#4434,#3630,#3631);
#3353=AXIS2_PLACEMENT_3D('',#4436,#3633,#3634);
#3354=AXIS2_PLACEMENT_3D('',#4443,#3637,#3638);
#3355=AXIS2_PLACEMENT_3D('',#4445,#3640,#3641);
#3356=AXIS2_PLACEMENT_3D('',#4448,#3642,#3643);
#3357=AXIS2_PLACEMENT_3D('',#4454,#3647,#3648);
#3358=AXIS2_PLACEMENT_3D('',#4455,#3649,#3650);
#3359=AXIS2_PLACEMENT_3D('',#4457,#3652,#3653);
#3360=AXIS2_PLACEMENT_3D('',#4471,#3657,#3658);
#3361=AXIS2_PLACEMENT_3D('',#4480,#3663,#3664);
#3362=AXIS2_PLACEMENT_3D('',#4486,#3667,#3668);
#3363=AXIS2_PLACEMENT_3D('',#4488,#3670,#3671);
#3364=AXIS2_PLACEMENT_3D('',#4502,#3675,#3676);
#3365=AXIS2_PLACEMENT_3D('',#4510,#3681,#3682);
#3366=AXIS2_PLACEMENT_3D('',#4518,#3687,#3688);
#3367=AXIS2_PLACEMENT_3D('',#4537,#3691,#3692);
#3368=AXIS2_PLACEMENT_3D('',#4546,#3694,#3695);
#3369=AXIS2_PLACEMENT_3D('',#4547,#3696,#3697);
#3370=AXIS2_PLACEMENT_3D('',#4548,#3698,#3699);
#3371=AXIS2_PLACEMENT_3D('',#4551,#3700,#3701);
#3372=AXIS2_PLACEMENT_3D('',#4560,#3704,#3705);
#3373=AXIS2_PLACEMENT_3D('',#4562,#3706,#3707);
#3374=AXIS2_PLACEMENT_3D('',#4587,#3720,#3721);
#3375=AXIS2_PLACEMENT_3D('',#4593,#3725,#3726);
#3376=AXIS2_PLACEMENT_3D('',#4597,#3729,#3730);
#3377=AXIS2_PLACEMENT_3D('',#4601,#3733,#3734);
#3378=AXIS2_PLACEMENT_3D('',#4605,#3737,#3738);
#3379=AXIS2_PLACEMENT_3D('',#4609,#3741,#3742);
#3380=AXIS2_PLACEMENT_3D('',#4613,#3745,#3746);
#3381=AXIS2_PLACEMENT_3D('',#4617,#3749,#3750);
#3382=AXIS2_PLACEMENT_3D('',#4621,#3753,#3754);
#3383=AXIS2_PLACEMENT_3D('',#4625,#3757,#3758);
#3384=AXIS2_PLACEMENT_3D('',#4629,#3761,#3762);
#3385=AXIS2_PLACEMENT_3D('',#4633,#3765,#3766);
#3386=AXIS2_PLACEMENT_3D('',#4635,#3768,#3769);
#3387=AXIS2_PLACEMENT_3D('',#4637,#3770,#3771);
#3388=AXIS2_PLACEMENT_3D('',#4662,#3784,#3785);
#3389=AXIS2_PLACEMENT_3D('',#4668,#3789,#3790);
#3390=AXIS2_PLACEMENT_3D('',#4672,#3793,#3794);
#3391=AXIS2_PLACEMENT_3D('',#4676,#3797,#3798);
#3392=AXIS2_PLACEMENT_3D('',#4680,#3801,#3802);
#3393=AXIS2_PLACEMENT_3D('',#4684,#3805,#3806);
#3394=AXIS2_PLACEMENT_3D('',#4688,#3809,#3810);
#3395=AXIS2_PLACEMENT_3D('',#4692,#3813,#3814);
#3396=AXIS2_PLACEMENT_3D('',#4696,#3817,#3818);
#3397=AXIS2_PLACEMENT_3D('',#4700,#3821,#3822);
#3398=AXIS2_PLACEMENT_3D('',#4704,#3825,#3826);
#3399=AXIS2_PLACEMENT_3D('',#4708,#3829,#3830);
#3400=AXIS2_PLACEMENT_3D('',#4710,#3832,#3833);
#3401=AXIS2_PLACEMENT_3D('',#4777,#3838,#3839);
#3402=AXIS2_PLACEMENT_3D('',#4781,#3841,#3842);
#3403=AXIS2_PLACEMENT_3D('',#5041,#3846,#3847);
#3404=AXIS2_PLACEMENT_3D('',#5065,#3849,#3850);
#3405=AXIS2_PLACEMENT_3D('',#5198,#3853,#3854);
#3406=AXIS2_PLACEMENT_3D('',#6395,#3856,#3857);
#3407=AXIS2_PLACEMENT_3D('',#6404,#3862,#3863);
#3408=AXIS2_PLACEMENT_3D('',#6406,#3864,#3865);
#3409=AXIS2_PLACEMENT_3D('',#6410,#3868,#3869);
#3410=AXIS2_PLACEMENT_3D('',#6416,#3873,#3874);
#3411=AXIS2_PLACEMENT_3D('',#6418,#3875,#3876);
#3412=AXIS2_PLACEMENT_3D('',#6422,#3879,#3880);
#3413=AXIS2_PLACEMENT_3D('',#6428,#3884,#3885);
#3414=AXIS2_PLACEMENT_3D('',#6430,#3886,#3887);
#3415=AXIS2_PLACEMENT_3D('',#6434,#3890,#3891);
#3416=AXIS2_PLACEMENT_3D('',#6440,#3895,#3896);
#3417=AXIS2_PLACEMENT_3D('',#6442,#3897,#3898);
#3418=AXIS2_PLACEMENT_3D('',#6446,#3901,#3902);
#3419=AXIS2_PLACEMENT_3D('',#6452,#3906,#3907);
#3420=AXIS2_PLACEMENT_3D('',#6454,#3908,#3909);
#3421=AXIS2_PLACEMENT_3D('',#6458,#3912,#3913);
#3422=AXIS2_PLACEMENT_3D('',#6464,#3917,#3918);
#3423=AXIS2_PLACEMENT_3D('',#6465,#3919,#3920);
#3424=AXIS2_PLACEMENT_3D('',#6467,#3922,#3923);
#3425=AXIS2_PLACEMENT_3D('',#6469,#3924,#3925);
#3426=AXIS2_PLACEMENT_3D('',#6494,#3938,#3939);
#3427=AXIS2_PLACEMENT_3D('',#6497,#3942,#3943);
#3428=AXIS2_PLACEMENT_3D('',#6499,#3945,#3946);
#3429=AXIS2_PLACEMENT_3D('',#6501,#3948,#3949);
#3430=AXIS2_PLACEMENT_3D('',#6503,#3951,#3952);
#3431=AXIS2_PLACEMENT_3D('',#6505,#3954,#3955);
#3432=AXIS2_PLACEMENT_3D('',#6507,#3957,#3958);
#3433=AXIS2_PLACEMENT_3D('',#6509,#3960,#3961);
#3434=AXIS2_PLACEMENT_3D('',#6511,#3963,#3964);
#3435=AXIS2_PLACEMENT_3D('',#6513,#3966,#3967);
#3436=AXIS2_PLACEMENT_3D('',#6515,#3969,#3970);
#3437=AXIS2_PLACEMENT_3D('',#6517,#3972,#3973);
#3438=AXIS2_PLACEMENT_3D('',#6530,#3974,#3975);
#3439=AXIS2_PLACEMENT_3D('',#6536,#3979,#3980);
#3440=AXIS2_PLACEMENT_3D('',#6539,#3982,#3983);
#3441=AXIS2_PLACEMENT_3D('',#6540,#3984,#3985);
#3442=AXIS2_PLACEMENT_3D('',#6544,#3988,#3989);
#3443=AXIS2_PLACEMENT_3D('',#6547,#3991,#3992);
#3444=AXIS2_PLACEMENT_3D('',#6548,#3993,#3994);
#3445=AXIS2_PLACEMENT_3D('',#6552,#3997,#3998);
#3446=AXIS2_PLACEMENT_3D('',#6555,#4000,#4001);
#3447=AXIS2_PLACEMENT_3D('',#6556,#4002,#4003);
#3448=AXIS2_PLACEMENT_3D('',#6560,#4006,#4007);
#3449=AXIS2_PLACEMENT_3D('',#6563,#4009,#4010);
#3450=AXIS2_PLACEMENT_3D('',#6564,#4011,#4012);
#3451=AXIS2_PLACEMENT_3D('',#6568,#4015,#4016);
#3452=AXIS2_PLACEMENT_3D('',#6571,#4018,#4019);
#3453=AXIS2_PLACEMENT_3D('',#6572,#4020,#4021);
#3454=AXIS2_PLACEMENT_3D('',#6576,#4024,#4025);
#3455=AXIS2_PLACEMENT_3D('',#6577,#4026,#4027);
#3456=AXIS2_PLACEMENT_3D('',#6590,#4028,#4029);
#3457=AXIS2_PLACEMENT_3D('',#6596,#4033,#4034);
#3458=AXIS2_PLACEMENT_3D('',#6599,#4036,#4037);
#3459=AXIS2_PLACEMENT_3D('',#6600,#4038,#4039);
#3460=AXIS2_PLACEMENT_3D('',#6604,#4042,#4043);
#3461=AXIS2_PLACEMENT_3D('',#6607,#4045,#4046);
#3462=AXIS2_PLACEMENT_3D('',#6608,#4047,#4048);
#3463=AXIS2_PLACEMENT_3D('',#6612,#4051,#4052);
#3464=AXIS2_PLACEMENT_3D('',#6615,#4054,#4055);
#3465=AXIS2_PLACEMENT_3D('',#6616,#4056,#4057);
#3466=AXIS2_PLACEMENT_3D('',#6620,#4060,#4061);
#3467=AXIS2_PLACEMENT_3D('',#6623,#4063,#4064);
#3468=AXIS2_PLACEMENT_3D('',#6624,#4065,#4066);
#3469=AXIS2_PLACEMENT_3D('',#6628,#4069,#4070);
#3470=AXIS2_PLACEMENT_3D('',#6631,#4072,#4073);
#3471=AXIS2_PLACEMENT_3D('',#6632,#4074,#4075);
#3472=AXIS2_PLACEMENT_3D('',#6636,#4078,#4079);
#3473=AXIS2_PLACEMENT_3D('',#6637,#4080,#4081);
#3474=AXIS2_PLACEMENT_3D('',#6650,#4082,#4083);
#3475=AXIS2_PLACEMENT_3D('',#6659,#4085,#4086);
#3476=AXIS2_PLACEMENT_3D('',#6663,#4089,#4090);
#3477=AXIS2_PLACEMENT_3D('',#6692,#4093,#4094);
#3478=AXIS2_PLACEMENT_3D('',#6694,#4095,#4096);
#3479=AXIS2_PLACEMENT_3D('',#6698,#4099,#4100);
#3480=AXIS2_PLACEMENT_3D('',#6726,#4106,#4107);
#3481=AXIS2_PLACEMENT_3D('',#6740,#4111,#4112);
#3482=AXIS2_PLACEMENT_3D('',#6748,#4117,#4118);
#3483=AXIS2_PLACEMENT_3D('',#6757,#4123,#4124);
#3484=AXIS2_PLACEMENT_3D('',#6765,#4129,#4130);
#3485=AXIS2_PLACEMENT_3D('',#6767,#4131,#4132);
#3486=AXIS2_PLACEMENT_3D('',#6768,#4133,#4134);
#3487=AXIS2_PLACEMENT_3D('',#6770,#4136,#4137);
#3488=AXIS2_PLACEMENT_3D('',#6772,#4139,#4140);
#3489=AXIS2_PLACEMENT_3D('',#6778,#4144,#4145);
#3490=AXIS2_PLACEMENT_3D('',#6787,#4147,#4148);
#3491=AXIS2_PLACEMENT_3D('',#6789,#4149,#4150);
#3492=AXIS2_PLACEMENT_3D('',#6791,#4152,#4153);
#3493=AXIS2_PLACEMENT_3D('',#6797,#4157,#4158);
#3494=AXIS2_PLACEMENT_3D('',#6806,#4160,#4161);
#3495=AXIS2_PLACEMENT_3D('',#6808,#4162,#4163);
#3496=AXIS2_PLACEMENT_3D('',#6810,#4165,#4166);
#3497=AXIS2_PLACEMENT_3D('',#6852,#4168,#4169);
#3498=AXIS2_PLACEMENT_3D('',#6861,#4171,#4172);
#3499=AXIS2_PLACEMENT_3D('',#6864,#4174,#4175);
#3500=AXIS2_PLACEMENT_3D('',#6891,#4178,#4179);
#3501=AXIS2_PLACEMENT_3D('',#6900,#4181,#4182);
#3502=AXIS2_PLACEMENT_3D('',#6903,#4184,#4185);
#3503=AXIS2_PLACEMENT_3D('',#6956,#4190,#4191);
#3504=AXIS2_PLACEMENT_3D('',#6962,#4195,#4196);
#3505=AXIS2_PLACEMENT_3D('',#6971,#4198,#4199);
#3506=AXIS2_PLACEMENT_3D('',#6977,#4203,#4204);
#3507=AXIS2_PLACEMENT_3D('',#6978,#4205,#4206);
#3508=AXIS2_PLACEMENT_3D('',#6982,#4209,#4210);
#3509=AXIS2_PLACEMENT_3D('',#6986,#4213,#4214);
#3510=AXIS2_PLACEMENT_3D('',#6996,#4216,#4217);
#3511=AXIS2_PLACEMENT_3D('',#7000,#4220,#4221);
#3512=AXIS2_PLACEMENT_3D('',#7004,#4224,#4225);
#3513=AXIS2_PLACEMENT_3D('',#7007,#4227,#4228);
#3514=AXIS2_PLACEMENT_3D('',#7008,#4229,#4230);
#3515=AXIS2_PLACEMENT_3D('',#7018,#4232,#4233);
#3516=AXIS2_PLACEMENT_3D('',#7020,#4234,#4235);
#3517=AXIS2_PLACEMENT_3D('',#7035,#4238,#4239);
#3518=AXIS2_PLACEMENT_3D('',#7084,#4244,#4245);
#3519=AXIS2_PLACEMENT_3D('',#7132,#4249,#4250);
#3520=AXIS2_PLACEMENT_3D('',#7179,#4253,#4254);
#3521=DIRECTION('axis',(0.,0.,1.));
#3522=DIRECTION('refdir',(1.,0.,0.));
#3523=DIRECTION('center_axis',(1.,0.,0.));
#3524=DIRECTION('ref_axis',(0.,0.,-1.));
#3525=DIRECTION('',(1.47759714660965E-9,1.05856259162258E-9,-1.));
#3526=DIRECTION('',(0.,1.,0.));
#3527=DIRECTION('',(0.,-0.035027401930207,0.999386352275245));
#3528=DIRECTION('center_axis',(-1.,-1.77764579021699E-9,-6.37559741009607E-9));
#3529=DIRECTION('ref_axis',(-1.23376827864386E-10,0.96809750259963,-0.250573792445178));
#3530=DIRECTION('center_axis',(-1.,0.,0.));
#3531=DIRECTION('ref_axis',(0.,0.,1.));
#3532=DIRECTION('',(1.47759714660966E-9,-1.05855915403907E-9,1.));
#3533=DIRECTION('center_axis',(1.,-1.7775970849237E-9,-6.37542272662232E-9));
#3534=DIRECTION('ref_axis',(1.23373447457791E-10,0.968097502598331,-0.250573792450196));
#3535=DIRECTION('',(0.,0.0350274019302106,-0.999386352275245));
#3536=DIRECTION('',(0.,-1.,0.));
#3537=DIRECTION('center_axis',(0.,0.,1.));
#3538=DIRECTION('ref_axis',(1.,0.,0.));
#3539=DIRECTION('center_axis',(-7.40148683274133E-16,-1.08048125299453E-14,
-1.));
#3540=DIRECTION('ref_axis',(0.136363636390582,0.990658850800989,-1.09003715194665E-14));
#3541=DIRECTION('',(-1.,0.,0.));
#3542=DIRECTION('center_axis',(1.,0.,0.));
#3543=DIRECTION('ref_axis',(0.,0.,-1.));
#3544=DIRECTION('',(0.,3.12303608511916E-10,1.));
#3545=DIRECTION('',(0.,-0.358460299093239,-0.933544971586257));
#3546=DIRECTION('',(0.,1.,0.));
#3547=DIRECTION('center_axis',(-1.,0.,0.));
#3548=DIRECTION('ref_axis',(0.,0.,1.));
#3549=DIRECTION('',(0.,-3.12303608511916E-10,-1.));
#3550=DIRECTION('',(0.,-1.,0.));
#3551=DIRECTION('',(0.,0.358460299093239,0.933544971586257));
#3552=DIRECTION('center_axis',(0.,0.,1.));
#3553=DIRECTION('ref_axis',(1.,0.,0.));
#3554=DIRECTION('center_axis',(0.,-4.32192500985559E-14,-1.));
#3555=DIRECTION('ref_axis',(-0.136363636431646,-0.990658850795337,4.27940511505311E-14));
#3556=DIRECTION('',(1.,0.,0.));
#3557=DIRECTION('center_axis',(1.,0.,0.));
#3558=DIRECTION('ref_axis',(0.,0.,-1.));
#3559=DIRECTION('',(0.,3.12303608511916E-10,1.));
#3560=DIRECTION('',(0.,-0.358460299093239,-0.933544971586257));
#3561=DIRECTION('',(0.,1.,0.));
#3562=DIRECTION('center_axis',(-1.,0.,0.));
#3563=DIRECTION('ref_axis',(0.,0.,1.));
#3564=DIRECTION('',(0.,-3.12303608511916E-10,-1.));
#3565=DIRECTION('',(0.,-1.,0.));
#3566=DIRECTION('',(0.,0.358460299093239,0.933544971586257));
#3567=DIRECTION('center_axis',(0.,0.,1.));
#3568=DIRECTION('ref_axis',(1.,0.,0.));
#3569=DIRECTION('center_axis',(2.96059473220826E-15,2.16096250492894E-14,
-1.));
#3570=DIRECTION('ref_axis',(-0.136363636431594,-0.990658850795344,-2.18007430389388E-14));
#3571=DIRECTION('',(1.,0.,0.));
#3572=DIRECTION('center_axis',(1.,0.,0.));
#3573=DIRECTION('ref_axis',(0.,0.,-1.));
#3574=DIRECTION('',(1.47759886540141E-9,1.05856259162258E-9,-1.));
#3575=DIRECTION('',(0.,1.,0.));
#3576=DIRECTION('',(0.,-0.035027401930207,0.999386352275245));
#3577=DIRECTION('center_axis',(-1.,0.,0.));
#3578=DIRECTION('ref_axis',(0.,0.968105513343649,-0.250542840715173));
#3579=DIRECTION('center_axis',(-1.,0.,0.));
#3580=DIRECTION('ref_axis',(0.,0.,1.));
#3581=DIRECTION('',(1.47759714660966E-9,-1.05856259162258E-9,1.));
#3582=DIRECTION('center_axis',(1.,0.,0.));
#3583=DIRECTION('ref_axis',(0.,0.968105513045284,-0.250542841868068));
#3584=DIRECTION('',(0.,0.0350274019302106,-0.999386352275245));
#3585=DIRECTION('',(0.,-1.,0.));
#3586=DIRECTION('center_axis',(0.,0.,1.));
#3587=DIRECTION('ref_axis',(1.,0.,0.));
#3588=DIRECTION('center_axis',(-7.40148683274394E-16,-1.08048125299455E-14,
-1.));
#3589=DIRECTION('ref_axis',(0.136363636390606,0.990658850800986,-1.09003715194667E-14));
#3590=DIRECTION('',(-1.,0.,0.));
#3591=DIRECTION('center_axis',(0.,1.,0.));
#3592=DIRECTION('ref_axis',(-2.792376208E-15,0.,-1.));
#3593=DIRECTION('',(0.,0.,1.));
#3594=DIRECTION('',(-1.,0.,0.));
#3595=DIRECTION('',(1.73711559467545E-8,-1.25137309735516E-7,-0.999999999999992));
#3596=DIRECTION('center_axis',(0.,-1.,0.));
#3597=DIRECTION('ref_axis',(0.,0.,-1.));
#3598=DIRECTION('',(1.,0.,0.));
#3599=DIRECTION('',(0.,0.,-1.));
#3600=DIRECTION('',(0.999999999999998,6.0621138751298E-8,-7.54969691411601E-9));
#3601=DIRECTION('',(-4.31331891302361E-9,-3.25478175728618E-8,0.999999999999999));
#3602=DIRECTION('center_axis',(0.,0.,-1.));
#3603=DIRECTION('ref_axis',(0.,-1.,0.));
#3604=DIRECTION('',(1.,0.,0.));
#3605=DIRECTION('',(1.,0.,0.));
#3606=DIRECTION('',(1.,0.,0.));
#3607=DIRECTION('center_axis',(-1.08038517588062E-14,-2.21812835509758E-15,
1.));
#3608=DIRECTION('ref_axis',(-0.990688080945279,-0.13615111557736,-1.11022302513095E-14));
#3609=DIRECTION('',(-1.,0.,0.));
#3610=DIRECTION('',(-1.,0.,0.));
#3611=DIRECTION('',(-1.,0.,0.));
#3612=DIRECTION('',(-1.,0.,0.));
#3613=DIRECTION('center_axis',(1.29711407613314E-13,-7.38887368222464E-15,
1.));
#3614=DIRECTION('ref_axis',(1.,1.49065406545509E-10,-1.29795164569651E-13));
#3615=DIRECTION('center_axis',(1.29711407613314E-13,-7.38887368222464E-15,
1.));
#3616=DIRECTION('ref_axis',(1.,1.49065406545509E-10,-1.29795164569651E-13));
#3617=DIRECTION('',(1.,0.,0.));
#3618=DIRECTION('center_axis',(1.,0.,0.));
#3619=DIRECTION('ref_axis',(0.,0.,-1.));
#3620=DIRECTION('',(0.,3.12303608511916E-10,1.));
#3621=DIRECTION('',(0.,1.,0.));
#3622=DIRECTION('',(0.,-0.358460299093239,-0.933544971586257));
#3623=DIRECTION('center_axis',(-1.,0.,0.));
#3624=DIRECTION('ref_axis',(0.,0.,1.));
#3625=DIRECTION('',(0.,-1.,0.));
#3626=DIRECTION('',(0.,-3.12303608511916E-10,-1.));
#3627=DIRECTION('',(0.,0.358460299093239,0.933544971586257));
#3628=DIRECTION('center_axis',(0.,0.,-1.));
#3629=DIRECTION('ref_axis',(-1.,0.,0.));
#3630=DIRECTION('center_axis',(1.48029736610406E-15,-4.32192500985848E-14,
1.));
#3631=DIRECTION('ref_axis',(0.136363636431565,-0.990658850795348,-4.29959098823478E-14));
#3632=DIRECTION('',(-1.,0.,0.));
#3633=DIRECTION('center_axis',(1.,0.,0.));
#3634=DIRECTION('ref_axis',(0.,0.,-1.));
#3635=DIRECTION('',(0.,1.,0.));
#3636=DIRECTION('',(-1.47758339627561E-9,1.05855915403907E-9,-1.));
#3637=DIRECTION('center_axis',(-1.,9.74106711425336E-14,3.49367211826719E-13));
#3638=DIRECTION('ref_axis',(6.77235408778612E-15,0.968105513343649,-0.250542840715173));
#3639=DIRECTION('',(0.,-0.035027401930207,0.999386352275245));
#3640=DIRECTION('center_axis',(-1.,0.,0.));
#3641=DIRECTION('ref_axis',(0.,0.,1.));
#3642=DIRECTION('center_axis',(1.,0.,0.));
#3643=DIRECTION('ref_axis',(0.,0.968105513045284,-0.250542841868068));
#3644=DIRECTION('',(-1.47759714660966E-9,-1.05856602920609E-9,1.));
#3645=DIRECTION('',(0.,-1.,0.));
#3646=DIRECTION('',(0.,0.0350274019302106,-0.999386352275245));
#3647=DIRECTION('center_axis',(0.,0.,-1.));
#3648=DIRECTION('ref_axis',(-1.,0.,0.));
#3649=DIRECTION('center_axis',(0.,0.,1.));
#3650=DIRECTION('ref_axis',(-0.136363636390608,0.990658850800986,0.));
#3651=DIRECTION('',(1.,0.,-1.48029736616689E-15));
#3652=DIRECTION('center_axis',(0.,-1.,0.));
#3653=DIRECTION('ref_axis',(2.792376208E-15,0.,-1.));
#3654=DIRECTION('',(-1.73711530314447E-8,1.25137306820207E-7,0.999999999999992));
#3655=DIRECTION('',(0.,0.,1.));
#3656=DIRECTION('',(1.,0.,0.));
#3657=DIRECTION('center_axis',(0.,1.,0.));
#3658=DIRECTION('ref_axis',(0.,0.,-1.));
#3659=DIRECTION('',(0.,0.,-1.));
#3660=DIRECTION('',(-1.,0.,0.));
#3661=DIRECTION('',(0.,0.,-1.));
#3662=DIRECTION('',(-1.,0.,0.));
#3663=DIRECTION('center_axis',(1.,0.,0.));
#3664=DIRECTION('ref_axis',(0.,-1.,3.330669074E-15));
#3665=DIRECTION('',(0.,1.,0.));
#3666=DIRECTION('',(0.,-0.358460299093239,-0.933544971586257));
#3667=DIRECTION('center_axis',(-1.,0.,0.));
#3668=DIRECTION('ref_axis',(0.,0.998107950293054,-0.0614859297872195));
#3669=DIRECTION('',(0.,0.,1.));
#3670=DIRECTION('center_axis',(1.,0.,0.));
#3671=DIRECTION('ref_axis',(0.,-1.,3.330669074E-15));
#3672=DIRECTION('',(0.,-0.0350274019302106,0.999386352275245));
#3673=DIRECTION('',(0.,1.,0.));
#3674=DIRECTION('',(0.,0.,-1.));
#3675=DIRECTION('center_axis',(0.,0.,-1.));
#3676=DIRECTION('ref_axis',(-1.,0.,0.));
#3677=DIRECTION('',(1.,0.,0.));
#3678=DIRECTION('',(0.,-1.,0.));
#3679=DIRECTION('',(-1.,0.,0.));
#3680=DIRECTION('',(0.,-1.,0.));
#3681=DIRECTION('center_axis',(0.,0.,-1.));
#3682=DIRECTION('ref_axis',(-1.,0.,0.));
#3683=DIRECTION('',(-1.,0.,0.));
#3684=DIRECTION('',(0.,-1.,0.));
#3685=DIRECTION('',(1.,0.,0.));
#3686=DIRECTION('',(0.,-1.,0.));
#3687=DIRECTION('center_axis',(0.,-1.,0.));
#3688=DIRECTION('ref_axis',(0.,0.,-1.));
#3689=DIRECTION('',(-1.7371150116135E-8,-1.25137312650826E-7,-0.999999999999992));
#3690=DIRECTION('',(1.,0.,0.));
#3691=DIRECTION('center_axis',(0.,0.,1.));
#3692=DIRECTION('ref_axis',(0.,-1.,0.));
#3693=DIRECTION('',(-1.,0.,0.));
#3694=DIRECTION('center_axis',(4.31024423983503E-14,-4.43055632128571E-15,
-1.));
#3695=DIRECTION('ref_axis',(0.99068808095235,-0.136151115525913,4.33996273444957E-14));
#3696=DIRECTION('center_axis',(4.31024423983503E-14,-4.43055632128571E-15,
-1.));
#3697=DIRECTION('ref_axis',(0.99068808095235,-0.136151115525913,4.33996273444957E-14));
#3698=DIRECTION('center_axis',(0.,0.,-1.));
#3699=DIRECTION('ref_axis',(0.,-1.,0.));
#3700=DIRECTION('center_axis',(1.08057718330639E-14,-2.22276415478593E-15,
1.));
#3701=DIRECTION('ref_axis',(-0.990688080945296,-0.136151115577241,1.04966540557709E-14));
#3702=DIRECTION('',(-1.,0.,0.));
#3703=DIRECTION('',(1.,0.,0.));
#3704=DIRECTION('center_axis',(0.,0.,1.));
#3705=DIRECTION('ref_axis',(1.,0.,0.));
#3706=DIRECTION('center_axis',(-3.70634883971331E-17,-7.4967790540887E-17,
1.));
#3707=DIRECTION('ref_axis',(0.813826036050432,-0.581108581115819,0.));
#3708=DIRECTION('',(-5.684341886E-14,-1.,0.));
#3709=DIRECTION('',(-1.,0.,0.));
#3710=DIRECTION('',(0.,-1.,0.));
#3711=DIRECTION('',(1.,0.,0.));
#3712=DIRECTION('',(-1.894780629E-14,-1.,0.));
#3713=DIRECTION('',(1.,0.,0.));
#3714=DIRECTION('',(1.894780629E-14,1.,0.));
#3715=DIRECTION('',(1.,3.789561257E-14,0.));
#3716=DIRECTION('',(0.,1.,0.));
#3717=DIRECTION('',(-1.,0.,0.));
#3718=DIRECTION('',(3.789561257E-14,1.,0.));
#3719=DIRECTION('',(-1.,0.,0.));
#3720=DIRECTION('center_axis',(0.,0.707106781186555,0.70710678118654));
#3721=DIRECTION('ref_axis',(1.,0.,0.));
#3722=DIRECTION('',(0.577350269189622,-0.577350269189622,0.577350269189634));
#3723=DIRECTION('',(0.577350269189633,0.577350269189616,-0.577350269189628));
#3724=DIRECTION('',(1.,0.,0.));
#3725=DIRECTION('center_axis',(0.707106781186545,0.,0.70710678118655));
#3726=DIRECTION('ref_axis',(0.70710678118655,0.,-0.707106781186545));
#3727=DIRECTION('',(-0.577350269189633,-0.577350269189616,0.577350269189628));
#3728=DIRECTION('',(0.,-1.,0.));
#3729=DIRECTION('center_axis',(0.,0.707106781186555,0.70710678118654));
#3730=DIRECTION('ref_axis',(1.,0.,0.));
#3731=DIRECTION('',(0.577350269189633,0.577350269189616,-0.577350269189628));
#3732=DIRECTION('',(1.,0.,0.));
#3733=DIRECTION('center_axis',(0.707106781186545,0.,0.70710678118655));
#3734=DIRECTION('ref_axis',(0.70710678118655,0.,-0.707106781186545));
#3735=DIRECTION('',(0.577350269189622,-0.577350269189639,-0.577350269189617));
#3736=DIRECTION('',(0.,-1.,0.));
#3737=DIRECTION('center_axis',(0.,-0.707106781186534,0.707106781186561));
#3738=DIRECTION('ref_axis',(1.,0.,0.));
#3739=DIRECTION('',(-0.577350269189622,0.577350269189639,0.577350269189617));
#3740=DIRECTION('',(-1.,0.,0.));
#3741=DIRECTION('center_axis',(0.707106781186545,0.,0.70710678118655));
#3742=DIRECTION('ref_axis',(0.70710678118655,0.,-0.707106781186545));
#3743=DIRECTION('',(0.577350269189627,-0.577350269189627,-0.577350269189623));
#3744=DIRECTION('',(0.,-1.,0.));
#3745=DIRECTION('center_axis',(0.,-0.707106781186545,0.70710678118655));
#3746=DIRECTION('ref_axis',(1.,0.,0.));
#3747=DIRECTION('',(0.577350269189616,0.577350269189633,0.577350269189628));
#3748=DIRECTION('',(-1.,0.,0.));
#3749=DIRECTION('center_axis',(-0.707106781186555,0.,0.70710678118654));
#3750=DIRECTION('ref_axis',(0.70710678118654,0.,0.707106781186555));
#3751=DIRECTION('',(-0.57735026918961,-0.577350269189644,-0.577350269189623));
#3752=DIRECTION('',(0.,1.,0.));
#3753=DIRECTION('center_axis',(0.,-0.707106781186534,0.707106781186561));
#3754=DIRECTION('ref_axis',(1.,0.,0.));
#3755=DIRECTION('',(-0.577350269189622,-0.577350269189639,-0.577350269189617));
#3756=DIRECTION('',(-1.,0.,0.));
#3757=DIRECTION('center_axis',(-0.707106781186545,0.,0.70710678118655));
#3758=DIRECTION('ref_axis',(0.70710678118655,0.,0.707106781186545));
#3759=DIRECTION('',(0.577350269189633,-0.577350269189616,0.577350269189628));
#3760=DIRECTION('',(0.,1.,0.));
#3761=DIRECTION('center_axis',(0.,0.707106781186555,0.70710678118654));
#3762=DIRECTION('ref_axis',(1.,0.,0.));
#3763=DIRECTION('',(-0.577350269189622,0.577350269189622,-0.577350269189634));
#3764=DIRECTION('',(1.,0.,0.));
#3765=DIRECTION('center_axis',(-0.707106781186555,0.,0.70710678118654));
#3766=DIRECTION('ref_axis',(0.70710678118654,0.,0.707106781186555));
#3767=DIRECTION('',(0.,1.,0.));
#3768=DIRECTION('center_axis',(0.,0.,1.));
#3769=DIRECTION('ref_axis',(1.,0.,0.));
#3770=DIRECTION('center_axis',(-3.7063488397133E-17,-7.4967790540887E-17,
1.));
#3771=DIRECTION('ref_axis',(0.81382603605043,-0.581108581115822,0.));
#3772=DIRECTION('',(-5.684341886E-14,-1.,0.));
#3773=DIRECTION('',(-1.,0.,0.));
#3774=DIRECTION('',(0.,-1.,0.));
#3775=DIRECTION('',(1.,0.,0.));
#3776=DIRECTION('',(-1.894780629E-14,-1.,0.));
#3777=DIRECTION('',(1.,0.,0.));
#3778=DIRECTION('',(1.894780629E-14,1.,0.));
#3779=DIRECTION('',(1.,3.789561257E-14,0.));
#3780=DIRECTION('',(0.,1.,0.));
#3781=DIRECTION('',(-1.,0.,0.));
#3782=DIRECTION('',(3.789561257E-14,1.,0.));
#3783=DIRECTION('',(-1.,0.,0.));
#3784=DIRECTION('center_axis',(0.,0.707106781186555,0.70710678118654));
#3785=DIRECTION('ref_axis',(1.,0.,0.));
#3786=DIRECTION('',(0.577350269189644,-0.57735026918961,0.577350269189623));
#3787=DIRECTION('',(0.577350269189644,0.57735026918961,-0.577350269189623));
#3788=DIRECTION('',(1.,0.,0.));
#3789=DIRECTION('center_axis',(0.707106781186534,0.,0.707106781186561));
#3790=DIRECTION('ref_axis',(0.707106781186561,0.,-0.707106781186534));
#3791=DIRECTION('',(-0.577350269189645,-0.577350269189611,0.577350269189622));
#3792=DIRECTION('',(0.,-1.,0.));
#3793=DIRECTION('center_axis',(0.,0.707106781186555,0.70710678118654));
#3794=DIRECTION('ref_axis',(1.,0.,0.));
#3795=DIRECTION('',(0.577350269189599,0.577350269189633,-0.577350269189645));
#3796=DIRECTION('',(1.,0.,0.));
#3797=DIRECTION('center_axis',(0.707106781186576,0.,0.707106781186519));
#3798=DIRECTION('ref_axis',(0.707106781186519,0.,-0.707106781186576));
#3799=DIRECTION('',(0.577350269189588,-0.577350269189656,-0.577350269189634));
#3800=DIRECTION('',(0.,-1.,0.));
#3801=DIRECTION('center_axis',(0.,-0.707106781186534,0.707106781186561));
#3802=DIRECTION('ref_axis',(1.,0.,0.));
#3803=DIRECTION('',(-0.577350269189633,0.577350269189633,0.577350269189611));
#3804=DIRECTION('',(-1.,0.,0.));
#3805=DIRECTION('center_axis',(0.707106781186534,0.,0.707106781186561));
#3806=DIRECTION('ref_axis',(0.707106781186561,0.,-0.707106781186534));
#3807=DIRECTION('',(0.577350269189639,-0.577350269189622,-0.577350269189617));
#3808=DIRECTION('',(0.,-1.,0.));
#3809=DIRECTION('center_axis',(0.,-0.707106781186545,0.70710678118655));
#3810=DIRECTION('ref_axis',(1.,0.,0.));
#3811=DIRECTION('',(0.577350269189639,0.577350269189622,0.577350269189617));
#3812=DIRECTION('',(-1.,0.,0.));
#3813=DIRECTION('center_axis',(-0.707106781186534,0.,0.707106781186561));
#3814=DIRECTION('ref_axis',(0.707106781186561,0.,0.707106781186534));
#3815=DIRECTION('',(-0.577350269189634,-0.577350269189634,-0.57735026918961));
#3816=DIRECTION('',(0.,1.,0.));
#3817=DIRECTION('center_axis',(0.,-0.707106781186534,0.707106781186561));
#3818=DIRECTION('ref_axis',(1.,0.,0.));
#3819=DIRECTION('',(-0.577350269189633,-0.577350269189633,-0.577350269189611));
#3820=DIRECTION('',(-1.,0.,0.));
#3821=DIRECTION('center_axis',(-0.707106781186534,0.,0.707106781186561));
#3822=DIRECTION('ref_axis',(0.707106781186561,0.,0.707106781186534));
#3823=DIRECTION('',(0.577350269189644,-0.57735026918961,0.577350269189623));
#3824=DIRECTION('',(0.,1.,0.));
#3825=DIRECTION('center_axis',(0.,0.707106781186555,0.70710678118654));
#3826=DIRECTION('ref_axis',(1.,0.,0.));
#3827=DIRECTION('',(-0.577350269189644,0.57735026918961,-0.577350269189623));
#3828=DIRECTION('',(1.,0.,0.));
#3829=DIRECTION('center_axis',(-0.707106781186534,0.,0.707106781186561));
#3830=DIRECTION('ref_axis',(0.707106781186561,0.,0.707106781186534));
#3831=DIRECTION('',(0.,1.,0.));
#3832=DIRECTION('center_axis',(0.,0.,1.));
#3833=DIRECTION('ref_axis',(1.,0.,0.));
#3834=DIRECTION('',(0.,1.,1.78909168261431E-17));
#3835=DIRECTION('',(1.,0.,0.));
#3836=DIRECTION('',(0.,-1.,3.14488905652336E-18));
#3837=DIRECTION('',(-1.,0.,8.06640685560503E-18));
#3838=DIRECTION('center_axis',(-3.19993353901046E-11,-3.59525995300294E-11,
-1.));
#3839=DIRECTION('ref_axis',(0.675801907733133,0.737083293464353,-4.81252723730284E-11));
#3840=DIRECTION('',(1.,0.,-3.72691298134843E-18));
#3841=DIRECTION('center_axis',(3.29418866242385E-11,-3.6035520521996E-11,
-1.));
#3842=DIRECTION('ref_axis',(-0.673619530071,0.7390782967365,-4.8823369316873E-11));
#3843=DIRECTION('',(0.,1.,0.));
#3844=DIRECTION('',(-1.,0.,5.38494439051453E-12));
#3845=DIRECTION('',(-1.12560969945721E-8,-1.,6.66257062380755E-9));
#3846=DIRECTION('center_axis',(0.,0.999390827018873,0.0348994967088824));
#3847=DIRECTION('ref_axis',(0.,-0.0348994967088824,0.999390827018873));
#3848=DIRECTION('',(-1.,0.,0.));
#3849=DIRECTION('center_axis',(-1.,0.,0.));
#3850=DIRECTION('ref_axis',(0.,-0.0579935614148108,0.998316957100512));
#3851=DIRECTION('',(1.,0.,0.));
#3852=DIRECTION('',(-1.,0.,0.));
#3853=DIRECTION('center_axis',(0.,-0.936802074004474,0.349859792118095));
#3854=DIRECTION('ref_axis',(0.,-0.349859792118095,-0.936802074004474));
#3855=DIRECTION('',(1.,0.,0.));
#3856=DIRECTION('center_axis',(0.,-1.,0.));
#3857=DIRECTION('ref_axis',(1.,0.,0.));
#3858=DIRECTION('',(-1.,0.,0.));
#3859=DIRECTION('',(0.,0.,1.));
#3860=DIRECTION('',(1.,0.,0.));
#3861=DIRECTION('',(0.,0.,1.));
#3862=DIRECTION('center_axis',(-1.,0.,0.));
#3863=DIRECTION('ref_axis',(0.,-1.,4.440892099E-16));
#3864=DIRECTION('center_axis',(-1.,-1.62359042362494E-9,-1.0712781950824E-8));
#3865=DIRECTION('ref_axis',(-1.08323043538654E-8,0.17233002080575,0.985039270247176));
#3866=DIRECTION('',(0.,-1.,0.));
#3867=DIRECTION('',(0.,0.,1.));
#3868=DIRECTION('center_axis',(0.,-1.,0.));
#3869=DIRECTION('ref_axis',(1.,0.,4.440892099E-16));
#3870=DIRECTION('',(-1.,0.,0.));
#3871=DIRECTION('',(1.,0.,0.));
#3872=DIRECTION('',(0.,0.,1.));
#3873=DIRECTION('center_axis',(-1.,0.,0.));
#3874=DIRECTION('ref_axis',(0.,-1.,0.));
#3875=DIRECTION('center_axis',(-0.999999999999986,-1.89071735053473E-8,
-1.67258041253738E-7));
#3876=DIRECTION('ref_axis',(-1.68304174528902E-7,0.127292845627927,0.991865178061977));
#3877=DIRECTION('',(0.,-1.,0.));
#3878=DIRECTION('',(0.,0.,1.));
#3879=DIRECTION('center_axis',(0.,1.,0.));
#3880=DIRECTION('ref_axis',(-1.,0.,4.440892099E-16));
#3881=DIRECTION('',(1.,0.,0.));
#3882=DIRECTION('',(-1.,0.,0.));
#3883=DIRECTION('',(0.,0.,1.));
#3884=DIRECTION('center_axis',(-1.,0.,0.));
#3885=DIRECTION('ref_axis',(0.,-1.,4.440892099E-16));
#3886=DIRECTION('center_axis',(-0.999999999999998,-5.28475535617308E-9,
-7.03508408200418E-8));
#3887=DIRECTION('ref_axis',(-7.05311837999673E-8,0.0973349607104256,0.995251679437666));
#3888=DIRECTION('',(0.,-1.,0.));
#3889=DIRECTION('',(0.,0.,1.));
#3890=DIRECTION('center_axis',(0.,1.,0.));
#3891=DIRECTION('ref_axis',(-1.,0.,0.));
#3892=DIRECTION('',(1.,0.,0.));
#3893=DIRECTION('',(-1.,0.,0.));
#3894=DIRECTION('',(0.,0.,1.));
#3895=DIRECTION('center_axis',(1.,0.,0.));
#3896=DIRECTION('ref_axis',(0.,1.,4.440892099E-16));
#3897=DIRECTION('center_axis',(0.999999999999998,-5.28475535617395E-9,-7.03508408200538E-8));
#3898=DIRECTION('ref_axis',(7.05311837999544E-8,0.0524449719623745,0.998623815516063));
#3899=DIRECTION('',(0.,1.,0.));
#3900=DIRECTION('',(0.,0.,1.));
#3901=DIRECTION('center_axis',(0.,1.,0.));
#3902=DIRECTION('ref_axis',(-1.,0.,4.440892099E-16));
#3903=DIRECTION('',(1.,0.,0.));
#3904=DIRECTION('',(-1.,0.,0.));
#3905=DIRECTION('',(0.,0.,1.));
#3906=DIRECTION('center_axis',(1.,0.,0.));
#3907=DIRECTION('ref_axis',(0.,1.,0.));
#3908=DIRECTION('center_axis',(0.999999999999986,-1.89050692011348E-8,-1.67239426001666E-7));
#3909=DIRECTION('ref_axis',(1.68285442904726E-7,0.0973347022995795,0.995251704710032));
#3910=DIRECTION('',(0.,1.,0.));
#3911=DIRECTION('',(0.,0.,1.));
#3912=DIRECTION('center_axis',(0.,-1.,0.));
#3913=DIRECTION('ref_axis',(1.,0.,4.440892099E-16));
#3914=DIRECTION('',(-1.,0.,0.));
#3915=DIRECTION('',(1.,0.,0.));
#3916=DIRECTION('',(0.,0.,1.));
#3917=DIRECTION('center_axis',(1.,0.,0.));
#3918=DIRECTION('ref_axis',(0.,1.,4.440892099E-16));
#3919=DIRECTION('center_axis',(1.,-8.75093986864908E-10,-5.77404924995207E-9));
#3920=DIRECTION('ref_axis',(5.8384699618584E-9,0.127282653989987,0.991866485971406));
#3921=DIRECTION('',(0.,1.,0.));
#3922=DIRECTION('center_axis',(0.,0.,1.));
#3923=DIRECTION('ref_axis',(1.,0.,0.));
#3924=DIRECTION('center_axis',(-3.70634883971331E-17,-7.49677905408869E-17,
1.));
#3925=DIRECTION('ref_axis',(0.81382603605043,-0.581108581115822,0.));
#3926=DIRECTION('',(-5.684341886E-14,-1.,0.));
#3927=DIRECTION('',(-1.,0.,0.));
#3928=DIRECTION('',(0.,-1.,0.));
#3929=DIRECTION('',(1.,0.,0.));
#3930=DIRECTION('',(-1.894780629E-14,-1.,0.));
#3931=DIRECTION('',(1.,0.,0.));
#3932=DIRECTION('',(1.894780629E-14,1.,0.));
#3933=DIRECTION('',(1.,3.789561257E-14,0.));
#3934=DIRECTION('',(0.,1.,0.));
#3935=DIRECTION('',(-1.,0.,0.));
#3936=DIRECTION('',(3.789561257E-14,1.,0.));
#3937=DIRECTION('',(-1.,0.,0.));
#3938=DIRECTION('center_axis',(0.,0.707106781186555,0.70710678118654));
#3939=DIRECTION('ref_axis',(1.,0.,0.));
#3940=DIRECTION('',(0.577350269189622,-0.577350269189622,0.577350269189634));
#3941=DIRECTION('',(0.577350269189622,0.577350269189622,-0.577350269189634));
#3942=DIRECTION('center_axis',(0.707106781186555,0.,0.70710678118654));
#3943=DIRECTION('ref_axis',(0.70710678118654,0.,-0.707106781186555));
#3944=DIRECTION('',(-0.577350269189622,-0.577350269189622,0.577350269189634));
#3945=DIRECTION('center_axis',(0.,0.707106781186555,0.70710678118654));
#3946=DIRECTION('ref_axis',(1.,0.,0.));
#3947=DIRECTION('',(0.577350269189622,0.577350269189622,-0.577350269189634));
#3948=DIRECTION('center_axis',(0.707106781186555,0.,0.70710678118654));
#3949=DIRECTION('ref_axis',(0.70710678118654,0.,-0.707106781186555));
#3950=DIRECTION('',(0.57735026918961,-0.577350269189644,-0.577350269189623));
#3951=DIRECTION('center_axis',(0.,-0.707106781186534,0.707106781186561));
#3952=DIRECTION('ref_axis',(1.,0.,0.));
#3953=DIRECTION('',(-0.57735026918961,0.577350269189644,0.577350269189623));
#3954=DIRECTION('center_axis',(0.707106781186555,0.,0.70710678118654));
#3955=DIRECTION('ref_axis',(0.70710678118654,0.,-0.707106781186555));
#3956=DIRECTION('',(0.577350269189616,-0.577350269189633,-0.577350269189628));
#3957=DIRECTION('center_axis',(0.,-0.707106781186545,0.70710678118655));
#3958=DIRECTION('ref_axis',(1.,0.,0.));
#3959=DIRECTION('',(0.577350269189616,0.577350269189633,0.577350269189628));
#3960=DIRECTION('center_axis',(-0.707106781186555,0.,0.70710678118654));
#3961=DIRECTION('ref_axis',(0.70710678118654,0.,0.707106781186555));
#3962=DIRECTION('',(-0.57735026918961,-0.577350269189644,-0.577350269189623));
#3963=DIRECTION('center_axis',(0.,-0.707106781186534,0.707106781186561));
#3964=DIRECTION('ref_axis',(1.,0.,0.));
#3965=DIRECTION('',(-0.57735026918961,-0.577350269189644,-0.577350269189623));
#3966=DIRECTION('center_axis',(-0.707106781186555,0.,0.70710678118654));
#3967=DIRECTION('ref_axis',(0.70710678118654,0.,0.707106781186555));
#3968=DIRECTION('',(0.577350269189622,-0.577350269189622,0.577350269189634));
#3969=DIRECTION('center_axis',(0.,0.707106781186555,0.70710678118654));
#3970=DIRECTION('ref_axis',(1.,0.,0.));
#3971=DIRECTION('',(-0.577350269189622,0.577350269189622,-0.577350269189634));
#3972=DIRECTION('center_axis',(-0.707106781186555,0.,0.70710678118654));
#3973=DIRECTION('ref_axis',(0.70710678118654,0.,0.707106781186555));
#3974=DIRECTION('center_axis',(0.,-1.,0.));
#3975=DIRECTION('ref_axis',(1.,0.,0.));
#3976=DIRECTION('',(0.,0.,1.));
#3977=DIRECTION('',(0.,0.,1.));
#3978=DIRECTION('',(1.,0.,0.));
#3979=DIRECTION('center_axis',(-1.,0.,0.));
#3980=DIRECTION('ref_axis',(0.,-1.,4.440892099E-16));
#3981=DIRECTION('',(0.,0.,1.));
#3982=DIRECTION('center_axis',(0.999999999999701,-1.15819197399855E-7,-7.64198771691391E-7));
#3983=DIRECTION('ref_axis',(7.72724924956867E-7,0.127282653989962,0.991866485971108));
#3984=DIRECTION('center_axis',(0.,-1.,0.));
#3985=DIRECTION('ref_axis',(1.,0.,4.440892099E-16));
#3986=DIRECTION('',(0.,0.,1.));
#3987=DIRECTION('',(1.,0.,0.));
#3988=DIRECTION('center_axis',(-1.,0.,0.));
#3989=DIRECTION('ref_axis',(0.,-1.,0.));
#3990=DIRECTION('',(0.,0.,1.));
#3991=DIRECTION('center_axis',(1.,0.,0.));
#3992=DIRECTION('ref_axis',(0.,0.0973347021526899,0.995251704724411));
#3993=DIRECTION('center_axis',(0.,1.,0.));
#3994=DIRECTION('ref_axis',(-1.,0.,4.440892099E-16));
#3995=DIRECTION('',(0.,0.,1.));
#3996=DIRECTION('',(-1.,0.,0.));
#3997=DIRECTION('center_axis',(-1.,0.,0.));
#3998=DIRECTION('ref_axis',(0.,-1.,4.440892099E-16));
#3999=DIRECTION('',(0.,0.,1.));
#4000=DIRECTION('center_axis',(1.,0.,0.));
#4001=DIRECTION('ref_axis',(0.,0.0524449712228916,0.998623815554901));
#4002=DIRECTION('center_axis',(0.,1.,0.));
#4003=DIRECTION('ref_axis',(-1.,0.,0.));
#4004=DIRECTION('',(0.,0.,1.));
#4005=DIRECTION('',(-1.,0.,0.));
#4006=DIRECTION('center_axis',(1.,0.,0.));
#4007=DIRECTION('ref_axis',(0.,1.,4.440892099E-16));
#4008=DIRECTION('',(0.,0.,1.));
#4009=DIRECTION('center_axis',(-1.,0.,0.));
#4010=DIRECTION('ref_axis',(0.,0.0973349616455059,0.995251679346218));
#4011=DIRECTION('center_axis',(0.,1.,0.));
#4012=DIRECTION('ref_axis',(-1.,0.,4.440892099E-16));
#4013=DIRECTION('',(0.,0.,1.));
#4014=DIRECTION('',(-1.,0.,0.));
#4015=DIRECTION('center_axis',(1.,0.,0.));
#4016=DIRECTION('ref_axis',(0.,1.,0.));
#4017=DIRECTION('',(0.,0.,1.));
#4018=DIRECTION('center_axis',(-1.,0.,0.));
#4019=DIRECTION('ref_axis',(0.,0.12729284611946,0.991865177998909));
#4020=DIRECTION('center_axis',(0.,-1.,0.));
#4021=DIRECTION('ref_axis',(1.,0.,4.440892099E-16));
#4022=DIRECTION('',(0.,0.,1.));
#4023=DIRECTION('',(1.,0.,0.));
#4024=DIRECTION('center_axis',(1.,0.,0.));
#4025=DIRECTION('ref_axis',(0.,1.,4.440892099E-16));
#4026=DIRECTION('center_axis',(-0.999999999998941,2.18130343686939E-7,1.43926865715259E-6));
#4027=DIRECTION('ref_axis',(1.45532655482856E-6,0.172330020805605,0.985039270246127));
#4028=DIRECTION('center_axis',(0.,-1.,0.));
#4029=DIRECTION('ref_axis',(1.,0.,0.));
#4030=DIRECTION('',(0.,0.,1.));
#4031=DIRECTION('',(0.,0.,1.));
#4032=DIRECTION('',(1.,0.,0.));
#4033=DIRECTION('center_axis',(-1.,0.,0.));
#4034=DIRECTION('ref_axis',(0.,-1.,4.440892099E-16));
#4035=DIRECTION('',(7.22546029360708E-16,0.,1.));
#4036=DIRECTION('center_axis',(0.999999999999692,1.17569693396807E-7,7.75748902591561E-7));
#4037=DIRECTION('ref_axis',(-7.84403920599504E-7,0.127282653989954,0.9918664859711));
#4038=DIRECTION('center_axis',(0.,-1.,0.));
#4039=DIRECTION('ref_axis',(1.,0.,4.440892099E-16));
#4040=DIRECTION('',(0.,0.,1.));
#4041=DIRECTION('',(1.,0.,0.));
#4042=DIRECTION('center_axis',(-1.,0.,0.));
#4043=DIRECTION('ref_axis',(0.,-1.,0.));
#4044=DIRECTION('',(0.,0.,1.));
#4045=DIRECTION('center_axis',(1.,0.,0.));
#4046=DIRECTION('ref_axis',(0.,0.0973347021526899,0.995251704724411));
#4047=DIRECTION('center_axis',(0.,1.,0.));
#4048=DIRECTION('ref_axis',(-1.,0.,4.440892099E-16));
#4049=DIRECTION('',(-7.09496785949098E-16,0.,1.));
#4050=DIRECTION('',(-1.,0.,0.));
#4051=DIRECTION('center_axis',(-1.,0.,0.));
#4052=DIRECTION('ref_axis',(0.,-1.,4.440892099E-16));
#4053=DIRECTION('',(0.,0.,1.));
#4054=DIRECTION('center_axis',(1.,0.,0.));
#4055=DIRECTION('ref_axis',(0.,0.0524449712228916,0.998623815554901));
#4056=DIRECTION('center_axis',(0.,1.,0.));
#4057=DIRECTION('ref_axis',(-1.,0.,0.));
#4058=DIRECTION('',(0.,0.,1.));
#4059=DIRECTION('',(-1.,0.,0.));
#4060=DIRECTION('center_axis',(1.,0.,0.));
#4061=DIRECTION('ref_axis',(0.,1.,4.440892099E-16));
#4062=DIRECTION('',(0.,0.,1.));
#4063=DIRECTION('center_axis',(-1.,0.,0.));
#4064=DIRECTION('ref_axis',(0.,0.0973349616455059,0.995251679346218));
#4065=DIRECTION('center_axis',(0.,1.,0.));
#4066=DIRECTION('ref_axis',(-1.,0.,4.440892099E-16));
#4067=DIRECTION('',(0.,0.,1.));
#4068=DIRECTION('',(-1.,0.,0.));
#4069=DIRECTION('center_axis',(1.,0.,0.));
#4070=DIRECTION('ref_axis',(0.,1.,0.));
#4071=DIRECTION('',(0.,0.,1.));
#4072=DIRECTION('center_axis',(-1.,0.,0.));
#4073=DIRECTION('ref_axis',(0.,0.127292846119419,0.991865177998914));
#4074=DIRECTION('center_axis',(0.,-1.,0.));
#4075=DIRECTION('ref_axis',(1.,0.,4.440892099E-16));
#4076=DIRECTION('',(0.,0.,1.));
#4077=DIRECTION('',(1.,0.,0.));
#4078=DIRECTION('center_axis',(1.,0.,0.));
#4079=DIRECTION('ref_axis',(0.,1.,4.440892099E-16));
#4080=DIRECTION('center_axis',(-0.999999999998972,-2.14882866394368E-7,
-1.41784105910559E-6));
#4081=DIRECTION('ref_axis',(-1.43365989093524E-6,0.172330020805613,0.985039270246157));
#4082=DIRECTION('center_axis',(0.,1.,0.));
#4083=DIRECTION('ref_axis',(0.,0.,1.));
#4084=DIRECTION('',(1.73711413702057E-8,-1.25137312650826E-7,-0.999999999999992));
#4085=DIRECTION('center_axis',(0.,-1.,0.));
#4086=DIRECTION('ref_axis',(0.,0.,-1.));
#4087=DIRECTION('',(0.999999999999998,7.08479070289307E-8,-8.82332957453334E-9));
#4088=DIRECTION('',(-4.31329792169636E-9,-3.25478115753397E-8,0.999999999999999));
#4089=DIRECTION('center_axis',(0.,1.,0.));
#4090=DIRECTION('ref_axis',(0.,0.,1.));
#4091=DIRECTION('',(4.31332341116515E-9,-3.25478205716228E-8,0.999999999999999));
#4092=DIRECTION('',(-0.999999999999998,7.0847902183889E-8,-8.82332946080345E-9));
#4093=DIRECTION('center_axis',(1.,0.,0.));
#4094=DIRECTION('ref_axis',(0.,-1.,3.330669074E-15));
#4095=DIRECTION('center_axis',(-1.,0.,0.));
#4096=DIRECTION('ref_axis',(0.,0.998107950293054,-0.0614859297872195));
#4097=DIRECTION('',(0.,-0.358460299093239,-0.933544971586257));
#4098=DIRECTION('',(0.,1.,0.));
#4099=DIRECTION('center_axis',(1.,0.,0.));
#4100=DIRECTION('ref_axis',(0.,-1.,3.330669074E-15));
#4101=DIRECTION('',(0.,0.,-1.));
#4102=DIRECTION('',(0.,1.,0.));
#4103=DIRECTION('',(0.,-0.0350274019302106,0.999386352275245));
#4104=DIRECTION('',(-1.,0.,0.));
#4105=DIRECTION('',(1.,0.,0.));
#4106=DIRECTION('center_axis',(0.,-1.,0.));
#4107=DIRECTION('ref_axis',(2.792376208E-15,0.,-1.));
#4108=DIRECTION('',(0.,0.,1.));
#4109=DIRECTION('',(-1.73711530314447E-8,-1.25137312650826E-7,-0.999999999999992));
#4110=DIRECTION('',(1.,0.,0.));
#4111=DIRECTION('center_axis',(0.,-1.,0.));
#4112=DIRECTION('ref_axis',(2.792376208E-15,0.,-1.));
#4113=DIRECTION('',(0.,0.,1.));
#4114=DIRECTION('',(1.,0.,0.));
#4115=DIRECTION('',(0.,0.,1.));
#4116=DIRECTION('',(1.,0.,0.));
#4117=DIRECTION('center_axis',(0.,1.,0.));
#4118=DIRECTION('ref_axis',(0.,0.,-1.));
#4119=DIRECTION('',(-0.999999999999996,-9.28244004582062E-8,1.15602594868002E-8));
#4120=DIRECTION('',(4.3133279093067E-9,3.25478235703838E-8,-0.999999999999999));
#4121=DIRECTION('',(-1.,0.,0.));
#4122=DIRECTION('',(0.,0.,-1.));
#4123=DIRECTION('center_axis',(0.,1.,0.));
#4124=DIRECTION('ref_axis',(0.,0.,-1.));
#4125=DIRECTION('',(0.,0.,-1.));
#4126=DIRECTION('',(-1.,0.,0.));
#4127=DIRECTION('',(4.31333390682878E-9,-3.25478205716228E-8,0.999999999999999));
#4128=DIRECTION('',(-0.999999999999998,6.0621138754047E-8,-7.54969696480688E-9));
#4129=DIRECTION('center_axis',(0.,0.,1.));
#4130=DIRECTION('ref_axis',(0.,-1.,0.));
#4131=DIRECTION('center_axis',(-2.0204020904242E-16,-2.95139764082233E-15,
-1.));
#4132=DIRECTION('ref_axis',(0.990688080952364,-0.136151115525809,2.01858731834567E-16));
#4133=DIRECTION('center_axis',(-2.0204020904242E-16,-2.95139764082233E-15,
-1.));
#4134=DIRECTION('ref_axis',(0.990688080952364,-0.136151115525809,2.01858731834567E-16));
#4135=DIRECTION('',(-1.,0.,0.));
#4136=DIRECTION('center_axis',(1.08044917835558E-14,7.37830851803063E-16,
-1.));
#4137=DIRECTION('ref_axis',(-0.990629574187803,0.136576157306068,-1.06985127876232E-14));
#4138=DIRECTION('',(1.,0.,0.));
#4139=DIRECTION('center_axis',(0.,0.,-1.));
#4140=DIRECTION('ref_axis',(-1.,0.,0.));
#4141=DIRECTION('',(0.,-1.,0.));
#4142=DIRECTION('',(1.,0.,0.));
#4143=DIRECTION('',(0.,-1.,0.));
#4144=DIRECTION('center_axis',(-1.,0.,0.));
#4145=DIRECTION('ref_axis',(0.,1.,-3.330669074E-15));
#4146=DIRECTION('',(0.,0.0350274019302106,-0.999386352275245));
#4147=DIRECTION('center_axis',(-1.,0.,0.));
#4148=DIRECTION('ref_axis',(0.,1.,-3.330669074E-15));
#4149=DIRECTION('center_axis',(1.,0.,0.));
#4150=DIRECTION('ref_axis',(0.,0.998107950293288,-0.0614859297834223));
#4151=DIRECTION('',(0.,0.358460299093239,0.933544971586257));
#4152=DIRECTION('center_axis',(0.,0.,-1.));
#4153=DIRECTION('ref_axis',(-1.,0.,0.));
#4154=DIRECTION('',(0.,-1.,0.));
#4155=DIRECTION('',(-1.,0.,0.));
#4156=DIRECTION('',(0.,-1.,0.));
#4157=DIRECTION('center_axis',(-1.,0.,0.));
#4158=DIRECTION('ref_axis',(0.,1.,-3.330669074E-15));
#4159=DIRECTION('',(0.,0.0350274019302106,-0.999386352275245));
#4160=DIRECTION('center_axis',(-1.,0.,0.));
#4161=DIRECTION('ref_axis',(0.,1.,-3.330669074E-15));
#4162=DIRECTION('center_axis',(1.,0.,0.));
#4163=DIRECTION('ref_axis',(0.,0.998107950293288,-0.0614859297834223));
#4164=DIRECTION('',(0.,0.358460299093239,0.933544971586257));
#4165=DIRECTION('center_axis',(2.13838258358916E-27,1.26195157720431E-9,
-1.));
#4166=DIRECTION('ref_axis',(-1.,-1.6368643812613E-10,0.));
#4167=DIRECTION('',(-2.13838258358916E-27,-1.26195157720431E-9,1.));
#4168=DIRECTION('center_axis',(-1.,0.,0.));
#4169=DIRECTION('ref_axis',(0.,1.,-3.330669074E-15));
#4170=DIRECTION('',(0.,0.0350274019302106,-0.999386352275245));
#4171=DIRECTION('center_axis',(-1.,0.,0.));
#4172=DIRECTION('ref_axis',(0.,1.,-3.330669074E-15));
#4173=DIRECTION('',(0.,0.358460299093239,0.933544971586257));
#4174=DIRECTION('center_axis',(1.,0.,0.));
#4175=DIRECTION('ref_axis',(0.,0.998107950293288,-0.0614859297834223));
#4176=DIRECTION('',(-1.,0.,0.));
#4177=DIRECTION('',(1.,0.,0.));
#4178=DIRECTION('center_axis',(-1.,0.,0.));
#4179=DIRECTION('ref_axis',(0.,1.,-3.330669074E-15));
#4180=DIRECTION('',(0.,0.0350274019302106,-0.999386352275245));
#4181=DIRECTION('center_axis',(-1.,0.,0.));
#4182=DIRECTION('ref_axis',(0.,1.,-3.330669074E-15));
#4183=DIRECTION('',(0.,0.358460299093239,0.933544971586257));
#4184=DIRECTION('center_axis',(1.,0.,0.));
#4185=DIRECTION('ref_axis',(0.,0.998107950293288,-0.0614859297834223));
#4186=DIRECTION('',(-1.,0.,0.));
#4187=DIRECTION('',(1.,0.,0.));
#4188=DIRECTION('',(-1.,0.,0.));
#4189=DIRECTION('',(1.,0.,0.));
#4190=DIRECTION('center_axis',(0.,1.,0.));
#4191=DIRECTION('ref_axis',(-2.792376208E-15,0.,-1.));
#4192=DIRECTION('',(0.,0.,1.));
#4193=DIRECTION('',(-1.,0.,0.));
#4194=DIRECTION('',(0.,0.,1.));
#4195=DIRECTION('center_axis',(0.,1.,0.));
#4196=DIRECTION('ref_axis',(-2.792376208E-15,0.,-1.));
#4197=DIRECTION('',(1.73711472008252E-8,1.25137309735516E-7,0.999999999999992));
#4198=DIRECTION('center_axis',(0.,-1.,0.));
#4199=DIRECTION('ref_axis',(0.,0.,-1.));
#4200=DIRECTION('',(0.999999999999996,-9.28244010749636E-8,1.15602595638949E-8));
#4201=DIRECTION('',(0.,0.,-1.));
#4202=DIRECTION('',(-4.31331591426257E-9,3.25478175728618E-8,-0.999999999999999));
#4203=DIRECTION('center_axis',(0.,-1.,0.));
#4204=DIRECTION('ref_axis',(0.,0.,-1.));
#4205=DIRECTION('center_axis',(0.,0.,-1.));
#4206=DIRECTION('ref_axis',(-1.,0.,0.));
#4207=DIRECTION('',(0.,1.,0.));
#4208=DIRECTION('',(1.,0.,0.));
#4209=DIRECTION('center_axis',(0.,0.,-1.));
#4210=DIRECTION('ref_axis',(-1.,0.,0.));
#4211=DIRECTION('',(0.,1.,0.));
#4212=DIRECTION('',(-1.,0.,0.));
#4213=DIRECTION('center_axis',(1.,0.,0.));
#4214=DIRECTION('ref_axis',(0.,-1.,3.330669074E-15));
#4215=DIRECTION('',(0.,-0.0350274019302106,0.999386352275245));
#4216=DIRECTION('center_axis',(0.,0.,-1.));
#4217=DIRECTION('ref_axis',(-1.,0.,0.));
#4218=DIRECTION('',(-1.,0.,0.));
#4219=DIRECTION('',(0.,1.,0.));
#4220=DIRECTION('center_axis',(0.,0.,-1.));
#4221=DIRECTION('ref_axis',(-1.,0.,0.));
#4222=DIRECTION('',(1.,0.,0.));
#4223=DIRECTION('',(0.,1.,0.));
#4224=DIRECTION('center_axis',(1.,0.,0.));
#4225=DIRECTION('ref_axis',(0.,-1.,3.330669074E-15));
#4226=DIRECTION('',(0.,-0.358460299093239,-0.933544971586257));
#4227=DIRECTION('center_axis',(-1.,0.,0.));
#4228=DIRECTION('ref_axis',(0.,0.998107950293054,-0.0614859297872195));
#4229=DIRECTION('center_axis',(1.,0.,0.));
#4230=DIRECTION('ref_axis',(0.,-1.,3.330669074E-15));
#4231=DIRECTION('',(0.,-0.0350274019302106,0.999386352275245));
#4232=DIRECTION('center_axis',(1.,0.,0.));
#4233=DIRECTION('ref_axis',(0.,-1.,3.330669074E-15));
#4234=DIRECTION('center_axis',(-1.,0.,0.));
#4235=DIRECTION('ref_axis',(0.,0.998107950293054,-0.0614859297872195));
#4236=DIRECTION('',(0.,-0.358460299093239,-0.933544971586257));
#4237=DIRECTION('',(1.,0.,0.));
#4238=DIRECTION('center_axis',(0.,-0.9993863522612,-0.0350274023309273));
#4239=DIRECTION('ref_axis',(0.,0.0350274023309273,-0.9993863522612));
#4240=DIRECTION('',(-1.,0.,0.));
#4241=DIRECTION('',(-1.,0.,0.));
#4242=DIRECTION('',(-1.,0.,0.));
#4243=DIRECTION('',(-1.,0.,0.));
#4244=DIRECTION('center_axis',(2.13847211399533E-27,1.26195157720431E-9,
-1.));
#4245=DIRECTION('ref_axis',(-1.,-1.63692897605546E-10,0.));
#4246=DIRECTION('',(-2.13847211399533E-27,-1.26195157720431E-9,1.));
#4247=DIRECTION('',(1.,0.,0.));
#4248=DIRECTION('',(1.,0.,0.));
#4249=DIRECTION('center_axis',(0.,0.933544971574182,-0.358460299124687));
#4250=DIRECTION('ref_axis',(0.,0.358460299124687,0.933544971574182));
#4251=DIRECTION('',(1.,0.,0.));
#4252=DIRECTION('',(1.,0.,0.));
#4253=DIRECTION('center_axis',(2.13844226163404E-27,1.26195157720431E-9,
-1.));
#4254=DIRECTION('ref_axis',(-1.,-1.63692897605547E-10,0.));
#4255=DIRECTION('',(-2.13844226163404E-27,-1.26195157720431E-9,1.));
#4256=CARTESIAN_POINT('',(0.,0.,0.));
#4257=CARTESIAN_POINT('Origin',(-106.200271668,-45.021509927,6.0474847855));
#4258=CARTESIAN_POINT('',(-106.200271669723,-44.7590725605589,7.08372890591939));
#4259=CARTESIAN_POINT('',(-106.200271668,-44.759072557,4.500000055));
#4260=CARTESIAN_POINT('',(-106.200271671914,-44.7590725604374,7.083729051));
#4261=CARTESIAN_POINT('',(-106.200271668,-39.791104527,4.500000055));
#4262=CARTESIAN_POINT('',(-106.200271668,-44.759072557,4.500000055));
#4263=CARTESIAN_POINT('',(-106.200271668,-39.833527271,5.710387039));
#4264=CARTESIAN_POINT('',(-106.200271668,-39.791104527,4.500000055));
#4265=CARTESIAN_POINT('Origin',(-106.20027151976,-48.5073670348881,-15.1223667168048));
#4266=CARTESIAN_POINT('Origin',(-106.950271668,-39.572041436,5.270689657));
#4267=CARTESIAN_POINT('',(-106.950271668,-44.759072557,4.500000055));
#4268=CARTESIAN_POINT('',(-106.950271666274,-44.7590725605817,7.0837289059254));
#4269=CARTESIAN_POINT('',(-106.950271667903,-44.7590725577024,4.500000055));
#4270=CARTESIAN_POINT('',(-106.950271668,-39.833527271,5.710387039));
#4271=CARTESIAN_POINT('Origin',(-106.950271816236,-48.5073670343273,-15.1223667148642));
#4272=CARTESIAN_POINT('',(-106.950271668,-39.791104527,4.500000055));
#4273=CARTESIAN_POINT('',(-106.950271668,-39.833527271,5.710387039));
#4274=CARTESIAN_POINT('',(-106.950271668,-39.791104527,4.500000055));
#4275=CARTESIAN_POINT('Origin',(-106.950271668,-45.021509927,4.500000055));
#4276=CARTESIAN_POINT('Origin',(-106.575271668,-47.4833843961642,4.50000005500003));
#4277=CARTESIAN_POINT('',(-106.200271668,-39.7911045267096,4.50000005501018));
#4278=CARTESIAN_POINT('Origin',(-106.200271668,-53.1781310105,6.27259642));
#4279=CARTESIAN_POINT('',(-106.200271668,-50.207696237,4.500000055));
#4280=CARTESIAN_POINT('',(-106.2002716679,-50.2076962394644,7.70204093028716));
#4281=CARTESIAN_POINT('',(-106.200271668,-50.207696237,4.500000055));
#4282=CARTESIAN_POINT('',(-106.200271668,-52.377406214,7.698310263));
#4283=CARTESIAN_POINT('Ctrl Pts',(-106.200271668,-52.377406214,7.698310263));
#4284=CARTESIAN_POINT('Ctrl Pts',(-106.200271668,-52.0159348591448,7.71070233428527));
#4285=CARTESIAN_POINT('Ctrl Pts',(-106.200271668,-51.6542647750555,7.7172025401471));
#4286=CARTESIAN_POINT('Ctrl Pts',(-106.200271668,-50.9308985700286,7.71843923574706));
#4287=CARTESIAN_POINT('Ctrl Pts',(-106.200271668,-50.5692083623367,7.71317572298118));
#4288=CARTESIAN_POINT('Ctrl Pts',(-106.200271668,-50.2076962409741,7.70204093009935));
#4289=CARTESIAN_POINT('',(-106.200271668,-53.605485491,4.500000055));
#4290=CARTESIAN_POINT('',(-106.200271668,-52.377406214,7.698310263));
#4291=CARTESIAN_POINT('',(-106.200271668,-53.605485491,4.500000055));
#4292=CARTESIAN_POINT('Origin',(-106.950271668,-49.992492145,6.1414160215));
#4293=CARTESIAN_POINT('',(-106.950271668097,-50.2076962394301,7.70204093028576));
#4294=CARTESIAN_POINT('',(-106.950271668,-50.207696237,4.500000055));
#4295=CARTESIAN_POINT('',(-106.950271668,-50.207696236,7.702041073));
#4296=CARTESIAN_POINT('',(-106.950271668,-53.605485491,4.500000055));
#4297=CARTESIAN_POINT('',(-106.950271668,-50.207696237,4.500000055));
#4298=CARTESIAN_POINT('',(-106.950271668,-52.377406214,7.698310263));
#4299=CARTESIAN_POINT('',(-106.950271668,-53.605485491,4.500000055));
#4300=CARTESIAN_POINT('Ctrl Pts',(-106.950271668,-50.2076962409398,7.70204093009829));
#4301=CARTESIAN_POINT('Ctrl Pts',(-106.950271668,-50.5692083623139,7.71317572298085));
#4302=CARTESIAN_POINT('Ctrl Pts',(-106.950271668,-50.9308985700172,7.71843923574708));
#4303=CARTESIAN_POINT('Ctrl Pts',(-106.950271668,-51.6542647750555,7.7172025401471));
#4304=CARTESIAN_POINT('Ctrl Pts',(-106.950271668,-52.0159348591448,7.71070233428527));
#4305=CARTESIAN_POINT('Ctrl Pts',(-106.950271668,-52.377406214,7.698310263));
#4306=CARTESIAN_POINT('Origin',(-106.950271668,-54.196675658,4.500000055));
#4307=CARTESIAN_POINT('Origin',(-106.575271668,-47.4833843986716,4.50000005499988));
#4308=CARTESIAN_POINT('',(-106.950271668,-53.605485491,4.500000055));
#4309=CARTESIAN_POINT('Origin',(-39.525271666,-53.1781310105,6.27259642));
#4310=CARTESIAN_POINT('',(-39.525271666,-50.207696237,4.500000055));
#4311=CARTESIAN_POINT('',(-39.5252716659002,-50.2076962394644,7.70204093028716));
#4312=CARTESIAN_POINT('',(-39.525271666,-50.207696237,4.500000055));
#4313=CARTESIAN_POINT('',(-39.525271666,-52.377406214,7.698310263));
#4314=CARTESIAN_POINT('Ctrl Pts',(-39.525271666,-52.377406214,7.698310263));
#4315=CARTESIAN_POINT('Ctrl Pts',(-39.525271666,-52.0159348591448,7.71070233428527));
#4316=CARTESIAN_POINT('Ctrl Pts',(-39.525271666,-51.6542647750555,7.7172025401471));
#4317=CARTESIAN_POINT('Ctrl Pts',(-39.525271666,-50.9308985700286,7.71843923574706));
#4318=CARTESIAN_POINT('Ctrl Pts',(-39.525271666,-50.5692083623367,7.71317572298118));
#4319=CARTESIAN_POINT('Ctrl Pts',(-39.525271666,-50.2076962409741,7.70204093009935));
#4320=CARTESIAN_POINT('',(-39.525271666,-53.605485491,4.500000055));
#4321=CARTESIAN_POINT('',(-39.525271666,-52.377406214,7.698310263));
#4322=CARTESIAN_POINT('',(-39.525271666,-53.605485491,4.500000055));
#4323=CARTESIAN_POINT('Origin',(-40.275271666,-49.992492145,6.1414160215));
#4324=CARTESIAN_POINT('',(-40.2752716660974,-50.2076962394301,7.70204093028576));
#4325=CARTESIAN_POINT('',(-40.275271666,-50.207696237,4.500000055));
#4326=CARTESIAN_POINT('',(-40.275271666,-50.207696236,7.702041073));
#4327=CARTESIAN_POINT('',(-40.275271666,-53.605485491,4.500000055));
#4328=CARTESIAN_POINT('',(-40.275271666,-50.207696237,4.500000055));
#4329=CARTESIAN_POINT('',(-40.275271666,-52.377406214,7.698310263));
#4330=CARTESIAN_POINT('',(-40.275271666,-53.605485491,4.500000055));
#4331=CARTESIAN_POINT('Ctrl Pts',(-40.275271666,-50.2076962409398,7.70204093009829));
#4332=CARTESIAN_POINT('Ctrl Pts',(-40.275271666,-50.5692083623139,7.71317572298085));
#4333=CARTESIAN_POINT('Ctrl Pts',(-40.275271666,-50.9308985700172,7.71843923574708));
#4334=CARTESIAN_POINT('Ctrl Pts',(-40.275271666,-51.6542647750555,7.7172025401471));
#4335=CARTESIAN_POINT('Ctrl Pts',(-40.275271666,-52.0159348591448,7.71070233428527));
#4336=CARTESIAN_POINT('Ctrl Pts',(-40.275271666,-52.377406214,7.698310263));
#4337=CARTESIAN_POINT('Origin',(-40.275271666,-54.196675658,4.500000055));
#4338=CARTESIAN_POINT('Origin',(-39.900271666,-47.4833843986702,4.50000005500006));
#4339=CARTESIAN_POINT('',(-40.275271666,-53.605485491,4.500000055));
#4340=CARTESIAN_POINT('Origin',(-39.525271666,-45.021509927,6.0474847855));
#4341=CARTESIAN_POINT('',(-39.5252716676522,-44.7590725509895,7.08372897806203));
#4342=CARTESIAN_POINT('',(-39.525271666,-44.759072557,4.500000055));
#4343=CARTESIAN_POINT('',(-39.5252716699144,-44.7590725604375,7.083729051));
#4344=CARTESIAN_POINT('',(-39.525271666,-39.791104527,4.500000055));
#4345=CARTESIAN_POINT('',(-39.525271666,-44.759072557,4.500000055));
#4346=CARTESIAN_POINT('',(-39.525271666,-39.833527271,5.710387039));
#4347=CARTESIAN_POINT('',(-39.525271666,-39.791104527,4.500000055));
#4348=CARTESIAN_POINT('Origin',(-39.525271666,-48.5088192120074,-15.126578438393));
#4349=CARTESIAN_POINT('Origin',(-40.275271666,-39.572041436,5.270689657));
#4350=CARTESIAN_POINT('',(-40.275271666,-44.759072557,4.500000055));
#4351=CARTESIAN_POINT('',(-40.2752716643446,-44.7590725510123,7.08372897806876));
#4352=CARTESIAN_POINT('',(-40.2752716659033,-44.7590725577024,4.500000055));
#4353=CARTESIAN_POINT('',(-40.275271666,-39.833527271,5.710387039));
#4354=CARTESIAN_POINT('Origin',(-40.275271666,-48.5088191364963,-15.1265781985117));
#4355=CARTESIAN_POINT('',(-40.275271666,-39.791104527,4.500000055));
#4356=CARTESIAN_POINT('',(-40.275271666,-39.833527271,5.710387039));
#4357=CARTESIAN_POINT('',(-40.275271666,-39.791104527,4.500000055));
#4358=CARTESIAN_POINT('Origin',(-40.275271666,-45.021509927,4.500000055));
#4359=CARTESIAN_POINT('Origin',(-39.900271666,-47.4833843961642,4.50000005500003));
#4360=CARTESIAN_POINT('',(-39.525271666,-39.7911045267096,4.50000005501018));
#4361=CARTESIAN_POINT('Origin',(-53.76506103,-47.857799965,6.192365431));
#4362=CARTESIAN_POINT('',(-42.6246639148415,-47.8577998313147,7.5466324007287));
#4363=CARTESIAN_POINT('',(-64.675271653,-47.8577999692994,7.54663232072539));
#4364=CARTESIAN_POINT('Ctrl Pts',(-42.6246639148415,-47.857799965,7.54663240350442));
#4365=CARTESIAN_POINT('Ctrl Pts',(-46.2997656712276,-47.857799965,7.54663240350442));
#4366=CARTESIAN_POINT('Ctrl Pts',(-49.9748674276137,-47.857799965,7.54663240350442));
#4367=CARTESIAN_POINT('Ctrl Pts',(-57.3250700069998,-47.857799965,7.54663240350442));
#4368=CARTESIAN_POINT('Ctrl Pts',(-61.0001708299999,-47.857799965,7.54663240350443));
#4369=CARTESIAN_POINT('Ctrl Pts',(-64.675271653,-47.857799965,7.54663240350443));
#4370=CARTESIAN_POINT('',(-64.675271653,-47.857799965,4.500000055));
#4371=CARTESIAN_POINT('',(-64.675271653,-47.857799965,4.500000055));
#4372=CARTESIAN_POINT('',(-42.624663888,-47.857799965,4.500000055));
#4373=CARTESIAN_POINT('',(-42.624663888,-47.857799965,4.500000055));
#4374=CARTESIAN_POINT('',(-42.6246639415341,-47.8577995838406,7.546600571));
#4375=CARTESIAN_POINT('Origin',(-53.76506103,-47.107799965,6.192365431));
#4376=CARTESIAN_POINT('',(-42.624502995,-47.107799965,4.500000055));
#4377=CARTESIAN_POINT('',(-64.675271653,-47.107799965,4.500000055));
#4378=CARTESIAN_POINT('',(-64.675271653,-47.107799965,4.500000055));
#4379=CARTESIAN_POINT('',(-64.675271653,-47.107799959822,7.46182894660953));
#4380=CARTESIAN_POINT('',(-64.675271653,-47.107799965,7.461828884));
#4381=CARTESIAN_POINT('',(-42.6245032100225,-47.1077993547324,7.46182889090515));
#4382=CARTESIAN_POINT('',(-64.675271653,-47.1077999494659,7.46182900873245));
#4383=CARTESIAN_POINT('',(-42.6245029950282,-47.1077999649961,4.500000055));
#4384=CARTESIAN_POINT('Origin',(-51.896005459,-47.857799965,4.500000055));
#4385=CARTESIAN_POINT('',(-89.450271641,-47.107799965,4.500000055));
#4386=CARTESIAN_POINT('',(-88.700271641,-47.107799965,4.500000055));
#4387=CARTESIAN_POINT('',(-89.450271641,-47.107799965,4.500000055));
#4388=CARTESIAN_POINT('',(-65.425271653,-47.107799965,4.500000055));
#4389=CARTESIAN_POINT('',(-88.700271641,-47.107799965,4.500000055));
#4390=CARTESIAN_POINT('',(-65.425271653,-47.107799965,4.500000055));
#4391=CARTESIAN_POINT('Origin',(-39.9002716672528,-47.4833843974168,4.50000005500003));
#4392=CARTESIAN_POINT('',(-65.425271653,-47.857799965,4.500000055));
#4393=CARTESIAN_POINT('',(-64.675271653,-47.857799965,4.500000055));
#4394=CARTESIAN_POINT('',(-88.700271641,-47.857799965,4.500000055));
#4395=CARTESIAN_POINT('',(-65.425271653,-47.857799965,4.500000055));
#4396=CARTESIAN_POINT('',(-89.450271641,-47.857799965,4.500000055));
#4397=CARTESIAN_POINT('',(-88.700271641,-47.857799965,4.500000055));
#4398=CARTESIAN_POINT('',(-103.850879445,-47.857799965,4.500000055));
#4399=CARTESIAN_POINT('',(-89.450271641,-47.857799965,4.500000055));
#4400=CARTESIAN_POINT('',(-103.825271668,-47.4833843969667,4.500000055));
#4401=CARTESIAN_POINT('Origin',(-106.575271666848,-47.4833843974099,4.50000005500036));
#4402=CARTESIAN_POINT('',(-103.851040338,-47.107799965,4.500000055));
#4403=CARTESIAN_POINT('Origin',(-106.575271666848,-47.4833843974099,4.50000005500036));
#4404=CARTESIAN_POINT('',(-103.851040338,-47.107799965,4.500000055));
#4405=CARTESIAN_POINT('Origin',(-173.62527167,-53.1781310105,6.27259642));
#4406=CARTESIAN_POINT('',(-173.62527167,-52.377406214,7.698310263));
#4407=CARTESIAN_POINT('',(-173.625271670097,-50.2076962394302,7.70204093028576));
#4408=CARTESIAN_POINT('Ctrl Pts',(-173.62527167,-52.377406214,7.698310263));
#4409=CARTESIAN_POINT('Ctrl Pts',(-173.62527167,-52.0159348591448,7.71070233428527));
#4410=CARTESIAN_POINT('Ctrl Pts',(-173.62527167,-51.6542647750555,7.7172025401471));
#4411=CARTESIAN_POINT('Ctrl Pts',(-173.62527167,-50.9308985700172,7.71843923574708));
#4412=CARTESIAN_POINT('Ctrl Pts',(-173.62527167,-50.5692083623139,7.71317572298085));
#4413=CARTESIAN_POINT('Ctrl Pts',(-173.62527167,-50.2076962409398,7.7020409300983));
#4414=CARTESIAN_POINT('',(-173.62527167,-50.207696237,4.500000055));
#4415=CARTESIAN_POINT('',(-173.62527167,-50.207696237,4.500000055));
#4416=CARTESIAN_POINT('',(-173.62527167,-53.605485491,4.500000055));
#4417=CARTESIAN_POINT('',(-173.62527167,-53.605485491,4.500000055));
#4418=CARTESIAN_POINT('',(-173.62527167,-52.377406214,7.698310263));
#4419=CARTESIAN_POINT('Origin',(-172.87527167,-49.992492145,6.1414160215));
#4420=CARTESIAN_POINT('',(-172.87527167,-53.605485491,4.500000055));
#4421=CARTESIAN_POINT('',(-172.87527167,-50.207696237,4.500000055));
#4422=CARTESIAN_POINT('',(-172.87527167,-50.207696237,4.500000055));
#4423=CARTESIAN_POINT('',(-172.8752716699,-50.2076962394644,7.70204093028716));
#4424=CARTESIAN_POINT('',(-172.87527167,-50.207696236,7.702041073));
#4425=CARTESIAN_POINT('',(-172.87527167,-52.377406214,7.698310263));
#4426=CARTESIAN_POINT('Ctrl Pts',(-172.87527167,-50.2076962409741,7.70204093009935));
#4427=CARTESIAN_POINT('Ctrl Pts',(-172.87527167,-50.5692083623367,7.71317572298118));
#4428=CARTESIAN_POINT('Ctrl Pts',(-172.87527167,-50.9308985700286,7.71843923574706));
#4429=CARTESIAN_POINT('Ctrl Pts',(-172.87527167,-51.6542647750555,7.7172025401471));
#4430=CARTESIAN_POINT('Ctrl Pts',(-172.87527167,-52.0159348591448,7.71070233428527));
#4431=CARTESIAN_POINT('Ctrl Pts',(-172.87527167,-52.377406214,7.698310263));
#4432=CARTESIAN_POINT('',(-172.87527167,-53.605485491,4.500000055));
#4433=CARTESIAN_POINT('Origin',(-172.87527167,-54.196675658,4.500000055));
#4434=CARTESIAN_POINT('Origin',(-173.25027167,-47.4833843986699,4.50000005500012));
#4435=CARTESIAN_POINT('',(-172.87527167,-53.605485491,4.500000055));
#4436=CARTESIAN_POINT('Origin',(-173.62527167,-45.021509927,6.0474847855));
#4437=CARTESIAN_POINT('',(-173.62527167,-39.791104527,4.500000055));
#4438=CARTESIAN_POINT('',(-173.62527167,-44.759072557,4.500000055));
#4439=CARTESIAN_POINT('',(-173.62527167,-44.759072557,4.500000055));
#4440=CARTESIAN_POINT('',(-173.62527166871,-44.7590725510625,7.08372897808407));
#4441=CARTESIAN_POINT('',(-173.625271666086,-44.7590725604374,7.083729051));
#4442=CARTESIAN_POINT('',(-173.62527167,-39.833527271,5.710387039));
#4443=CARTESIAN_POINT('Origin',(-173.625271670008,-48.5088192120074,-15.126578438393));
#4444=CARTESIAN_POINT('',(-173.62527167,-39.791104527,4.500000055));
#4445=CARTESIAN_POINT('Origin',(-172.87527167,-39.572041436,5.270689657));
#4446=CARTESIAN_POINT('',(-172.87527167,-39.833527271,5.710387039));
#4447=CARTESIAN_POINT('',(-172.875271671288,-44.7590725510397,7.08372897807732));
#4448=CARTESIAN_POINT('Origin',(-172.87527167,-48.5088191364963,-15.1265781985117));
#4449=CARTESIAN_POINT('',(-172.87527167,-44.759072557,4.500000055));
#4450=CARTESIAN_POINT('',(-172.875271670097,-44.7590725577024,4.500000055));
#4451=CARTESIAN_POINT('',(-172.87527167,-39.791104527,4.500000055));
#4452=CARTESIAN_POINT('',(-172.87527167,-39.791104527,4.500000055));
#4453=CARTESIAN_POINT('',(-172.87527167,-39.833527271,5.710387039));
#4454=CARTESIAN_POINT('Origin',(-172.87527167,-45.021509927,4.500000055));
#4455=CARTESIAN_POINT('Origin',(-173.25027167,-47.4833843961638,4.500000055));
#4456=CARTESIAN_POINT('',(-173.62527167,-39.7911045267096,4.50000005501018));
#4457=CARTESIAN_POINT('Origin',(-159.385482305,-47.857799965,6.192365431));
#4458=CARTESIAN_POINT('',(-109.29966389,-47.857799965,4.500000055));
#4459=CARTESIAN_POINT('',(-109.299663916842,-47.8577998313144,7.54663240072866));
#4460=CARTESIAN_POINT('',(-109.299663890611,-47.857799965084,4.500000055));
#4461=CARTESIAN_POINT('',(-123.700271694,-47.8577999692994,7.54663232072539));
#4462=CARTESIAN_POINT('Ctrl Pts',(-123.700271694,-47.857799965,7.54663240350443));
#4463=CARTESIAN_POINT('Ctrl Pts',(-121.3001708645,-47.857799965,7.54663240350442));
#4464=CARTESIAN_POINT('Ctrl Pts',(-118.900070035,-47.857799965,7.54663240350442));
#4465=CARTESIAN_POINT('Ctrl Pts',(-114.099867442614,-47.857799965,7.54663240350442));
#4466=CARTESIAN_POINT('Ctrl Pts',(-111.699765679728,-47.857799965,7.54663240350442));
#4467=CARTESIAN_POINT('Ctrl Pts',(-109.299663916842,-47.857799965,7.54663240350442));
#4468=CARTESIAN_POINT('',(-123.700271694,-47.857799965,4.500000055));
#4469=CARTESIAN_POINT('',(-123.700271694,-47.857799965,4.500000055));
#4470=CARTESIAN_POINT('',(-123.700271694,-47.857799965,4.500000055));
#4471=CARTESIAN_POINT('Origin',(-159.385482305,-47.107799965,6.192365431));
#4472=CARTESIAN_POINT('',(-124.450271694,-47.1077999570609,7.46182900795193));
#4473=CARTESIAN_POINT('',(-124.450271694,-47.107799965,4.500000055));
#4474=CARTESIAN_POINT('',(-124.450271694,-47.107799965,7.461828884));
#4475=CARTESIAN_POINT('',(-147.725271683,-47.107799965,4.500000055));
#4476=CARTESIAN_POINT('',(-124.450271694,-47.107799965,4.500000055));
#4477=CARTESIAN_POINT('',(-147.725271683,-47.1077999570609,7.46182900795193));
#4478=CARTESIAN_POINT('',(-147.725271683,-47.107799965,7.461828884));
#4479=CARTESIAN_POINT('',(-124.450271694,-47.1077999494659,7.46182900873245));
#4480=CARTESIAN_POINT('Origin',(-89.450271641,-53.727353605,4.500000055));
#4481=CARTESIAN_POINT('',(-89.450271641,-53.605485491,4.500000055));
#4482=CARTESIAN_POINT('',(-89.450271641,-53.605485491,4.500000055));
#4483=CARTESIAN_POINT('',(-89.450271641,-52.377406214,7.698310263));
#4484=CARTESIAN_POINT('',(-89.450271641,-52.377406214,7.698310263));
#4485=CARTESIAN_POINT('',(-89.450271641,-47.8577999692994,7.54663232072539));
#4486=CARTESIAN_POINT('Origin',(-89.450271641,-50.7711556519071,-18.144253085203));
#4487=CARTESIAN_POINT('',(-89.450271641,-47.857799965,4.500000055));
#4488=CARTESIAN_POINT('Origin',(-65.425271653,-53.727353605,4.500000055));
#4489=CARTESIAN_POINT('',(-65.425271653,-47.107799959822,7.46182894660953));
#4490=CARTESIAN_POINT('',(-65.425271653,-39.833527271,5.710387039));
#4491=CARTESIAN_POINT('Ctrl Pts',(-65.425271653,-47.107799965,7.461828884));
#4492=CARTESIAN_POINT('Ctrl Pts',(-65.425271653,-46.740517096,7.416087889));
#4493=CARTESIAN_POINT('Ctrl Pts',(-65.425271653,-46.373983696,7.364233416));
#4494=CARTESIAN_POINT('Ctrl Pts',(-65.425271653,-46.008397733,7.306277651));
#4495=CARTESIAN_POINT('Ctrl Pts',(-65.425271653,-43.906196107,6.973018947));
#4496=CARTESIAN_POINT('Ctrl Pts',(-65.425271653,-41.833950816,6.437448716));
#4497=CARTESIAN_POINT('Ctrl Pts',(-65.425271653,-39.833527271,5.710387039));
#4498=CARTESIAN_POINT('',(-65.425271653,-39.791104527,4.500000055));
#4499=CARTESIAN_POINT('',(-65.425271653,-39.791104527,4.500000055));
#4500=CARTESIAN_POINT('',(-65.425271653,-47.107799965,4.500000055));
#4501=CARTESIAN_POINT('',(-65.425271653,-47.107799965,7.461828884));
#4502=CARTESIAN_POINT('Origin',(-123.700271694,-46.6496975205,4.500000055));
#4503=CARTESIAN_POINT('',(-124.450271694,-47.857799965,4.500000055));
#4504=CARTESIAN_POINT('',(-124.450271694,-47.857799965,4.500000055));
#4505=CARTESIAN_POINT('',(-123.700271694,-53.605485491,4.500000055));
#4506=CARTESIAN_POINT('',(-123.700271694,-47.857799965,4.500000055));
#4507=CARTESIAN_POINT('',(-124.450271694,-53.605485491,4.500000055));
#4508=CARTESIAN_POINT('',(-123.700271694,-53.605485491,4.500000055));
#4509=CARTESIAN_POINT('',(-124.450271694,-47.857799965,4.500000055));
#4510=CARTESIAN_POINT('Origin',(-147.725271683,-46.6496975205,4.500000055));
#4511=CARTESIAN_POINT('',(-148.475271683,-47.107799965,4.500000055));
#4512=CARTESIAN_POINT('',(-147.725271683,-47.107799965,4.500000055));
#4513=CARTESIAN_POINT('',(-148.475271683,-39.791104527,4.500000055));
#4514=CARTESIAN_POINT('',(-148.475271683,-39.791104527,4.500000055));
#4515=CARTESIAN_POINT('',(-147.725271683,-39.791104527,4.500000055));
#4516=CARTESIAN_POINT('',(-148.475271683,-39.791104527,4.500000055));
#4517=CARTESIAN_POINT('',(-147.725271683,-39.791104527,4.500000055));
#4518=CARTESIAN_POINT('Origin',(-37.429537848,-47.857799965,6.1923654305));
#4519=CARTESIAN_POINT('',(-33.778025586,-47.857799965,4.500000055));
#4520=CARTESIAN_POINT('',(-34.9060992510591,-47.8578065491794,7.54662277918716));
#4521=CARTESIAN_POINT('Ctrl Pts',(-33.7780255863541,-47.857799965,4.50000005486677));
#4522=CARTESIAN_POINT('Ctrl Pts',(-33.9686766734565,-47.857799965,5.00666227387749));
#4523=CARTESIAN_POINT('Ctrl Pts',(-34.1581906428251,-47.8577999650013,5.51413223934835));
#4524=CARTESIAN_POINT('Ctrl Pts',(-34.5341738795988,-47.8577999650013,6.5294661632561));
#4525=CARTESIAN_POINT('Ctrl Pts',(-34.7208741209462,-47.857799965,7.03795356685236));
#4526=CARTESIAN_POINT('Ctrl Pts',(-34.9059111662007,-47.857799965,7.5467176620523));
#4527=CARTESIAN_POINT('',(-37.1758794168693,-47.8577998312693,7.54663240072863));
#4528=CARTESIAN_POINT('Ctrl Pts',(-37.1758794168693,-47.857799965,7.54663240350442));
#4529=CARTESIAN_POINT('Ctrl Pts',(-36.7975897320976,-47.857799965,7.54663240350442));
#4530=CARTESIAN_POINT('Ctrl Pts',(-36.4193000473259,-47.857799965,7.54663240350442));
#4531=CARTESIAN_POINT('Ctrl Pts',(-35.6627216050641,-47.857799965,7.54663240350442));
#4532=CARTESIAN_POINT('Ctrl Pts',(-35.284432847574,-47.857799965,7.54663240350442));
#4533=CARTESIAN_POINT('Ctrl Pts',(-34.9061440900839,-47.857799965,7.54663240350442));
#4534=CARTESIAN_POINT('',(-37.175879443,-47.857799965,4.500000055));
#4535=CARTESIAN_POINT('',(-37.1758793904473,-47.8577995837057,7.546600571));
#4536=CARTESIAN_POINT('',(-37.175879443,-47.857799965,4.500000055));
#4537=CARTESIAN_POINT('Origin',(-37.429537848,-47.857799965,4.500000055));
#4538=CARTESIAN_POINT('',(-37.176040336,-47.107799965,4.500000055));
#4539=CARTESIAN_POINT('',(-33.802099977,-47.107799965,4.500000055));
#4540=CARTESIAN_POINT('',(-33.802099977,-47.107799965,4.500000055));
#4541=CARTESIAN_POINT('Ctrl Pts',(-33.778025586,-47.857799965,4.500000055));
#4542=CARTESIAN_POINT('Ctrl Pts',(-33.78591023,-47.607795516,4.500000055));
#4543=CARTESIAN_POINT('Ctrl Pts',(-33.793932257,-47.357795268,4.500000055));
#4544=CARTESIAN_POINT('Ctrl Pts',(-33.802099977,-47.107799965,4.500000055));
#4545=CARTESIAN_POINT('',(-37.150271666,-47.4833843969667,4.500000055));
#4546=CARTESIAN_POINT('Origin',(-39.9002716648443,-47.4833843974102,4.50000005499988));
#4547=CARTESIAN_POINT('Origin',(-39.9002716648443,-47.4833843974102,4.50000005499988));
#4548=CARTESIAN_POINT('Origin',(-175.721005487,-47.857799965,4.500000055));
#4549=CARTESIAN_POINT('',(-175.974502999,-47.107799965,4.500000055));
#4550=CARTESIAN_POINT('',(-175.974663892,-47.857799965,4.500000055));
#4551=CARTESIAN_POINT('Origin',(-173.250271671249,-47.4833843974167,4.50000005499997));
#4552=CARTESIAN_POINT('',(-179.372517721,-47.857799965,4.500000055));
#4553=CARTESIAN_POINT('',(-175.974663892,-47.857799965,4.500000055));
#4554=CARTESIAN_POINT('',(-179.34844333,-47.107799965,4.500000055));
#4555=CARTESIAN_POINT('Ctrl Pts',(-179.372517721,-47.857799965,4.500000055));
#4556=CARTESIAN_POINT('Ctrl Pts',(-179.364633077,-47.607795516,4.500000055));
#4557=CARTESIAN_POINT('Ctrl Pts',(-179.356611051,-47.357795268,4.500000055));
#4558=CARTESIAN_POINT('Ctrl Pts',(-179.34844333,-47.107799965,4.500000055));
#4559=CARTESIAN_POINT('',(-179.34844333,-47.107799965,4.500000055));
#4560=CARTESIAN_POINT('Origin',(-40.400271666,-45.483968821,1.));
#4561=CARTESIAN_POINT('',(-37.150271666,-47.483384393,1.));
#4562=CARTESIAN_POINT('Origin',(-39.90027166595,-47.4833843928213,1.));
#4563=CARTESIAN_POINT('',(-39.100271666,-49.783968821,1.));
#4564=CARTESIAN_POINT('',(-39.100271666,-48.283968821,1.));
#4565=CARTESIAN_POINT('',(-39.100271666,-47.983968821,1.));
#4566=CARTESIAN_POINT('',(-37.600271666,-48.283968821,1.));
#4567=CARTESIAN_POINT('',(-37.900271666,-48.283968821,1.));
#4568=CARTESIAN_POINT('',(-37.600271666,-46.683968821,1.));
#4569=CARTESIAN_POINT('',(-37.600271666,-46.983968821,1.));
#4570=CARTESIAN_POINT('',(-39.100271666,-46.683968821,1.));
#4571=CARTESIAN_POINT('',(-39.400271666,-46.683968821,1.));
#4572=CARTESIAN_POINT('',(-39.100271666,-45.183968821,1.));
#4573=CARTESIAN_POINT('',(-39.100271666,-45.483968821,1.));
#4574=CARTESIAN_POINT('',(-40.700271666,-45.183968821,1.));
#4575=CARTESIAN_POINT('',(-40.400271666,-45.183968821,1.));
#4576=CARTESIAN_POINT('',(-40.700271666,-46.683968821,1.));
#4577=CARTESIAN_POINT('',(-40.700271666,-46.983968821,1.));
#4578=CARTESIAN_POINT('',(-42.200271666,-46.683968821,1.));
#4579=CARTESIAN_POINT('',(-41.900271666,-46.683968821,1.));
#4580=CARTESIAN_POINT('',(-42.200271666,-48.283968821,1.));
#4581=CARTESIAN_POINT('',(-42.200271666,-47.983968821,1.));
#4582=CARTESIAN_POINT('',(-40.700271666,-48.283968821,1.));
#4583=CARTESIAN_POINT('',(-40.400271666,-48.283968821,1.));
#4584=CARTESIAN_POINT('',(-40.700271666,-49.783968821,1.));
#4585=CARTESIAN_POINT('',(-40.700271666,-49.483968821,1.));
#4586=CARTESIAN_POINT('',(-39.400271666,-49.783968821,1.));
#4587=CARTESIAN_POINT('Origin',(-39.900271666,-45.483968821,1.3));
#4588=CARTESIAN_POINT('',(-40.400271666,-45.483968821,1.3));
#4589=CARTESIAN_POINT('',(-40.700271666,-45.183968821,1.));
#4590=CARTESIAN_POINT('',(-39.400271666,-45.483968821,1.3));
#4591=CARTESIAN_POINT('',(-39.400271666,-45.483968821,1.3));
#4592=CARTESIAN_POINT('',(-40.400271666,-45.483968821,1.3));
#4593=CARTESIAN_POINT('Origin',(-39.400271666,-46.083968821,1.3));
#4594=CARTESIAN_POINT('',(-39.400271666,-46.983968821,1.3));
#4595=CARTESIAN_POINT('',(-39.100271666,-46.683968821,1.));
#4596=CARTESIAN_POINT('',(-39.400271666,-45.483968821,1.3));
#4597=CARTESIAN_POINT('Origin',(-38.500271666,-46.983968821,1.3));
#4598=CARTESIAN_POINT('',(-37.900271666,-46.983968821,1.3));
#4599=CARTESIAN_POINT('',(-37.900271666,-46.983968821,1.3));
#4600=CARTESIAN_POINT('',(-39.400271666,-46.983968821,1.3));
#4601=CARTESIAN_POINT('Origin',(-37.900271666,-47.483968821,1.3));
#4602=CARTESIAN_POINT('',(-37.900271666,-47.983968821,1.3));
#4603=CARTESIAN_POINT('',(-37.900271666,-47.983968821,1.3));
#4604=CARTESIAN_POINT('',(-37.900271666,-46.983968821,1.3));
#4605=CARTESIAN_POINT('Origin',(-38.500271666,-47.983968821,1.3));
#4606=CARTESIAN_POINT('',(-39.400271666,-47.983968821,1.3));
#4607=CARTESIAN_POINT('',(-39.100271666,-48.283968821,1.));
#4608=CARTESIAN_POINT('',(-37.900271666,-47.983968821,1.3));
#4609=CARTESIAN_POINT('Origin',(-39.400271666,-48.883968821,1.3));
#4610=CARTESIAN_POINT('',(-39.400271666,-49.483968821,1.3));
#4611=CARTESIAN_POINT('',(-39.400271666,-49.483968821,1.3));
#4612=CARTESIAN_POINT('',(-39.400271666,-47.983968821,1.3));
#4613=CARTESIAN_POINT('Origin',(-39.900271666,-49.483968821,1.3));
#4614=CARTESIAN_POINT('',(-40.400271666,-49.483968821,1.3));
#4615=CARTESIAN_POINT('',(-40.700271666,-49.783968821,1.));
#4616=CARTESIAN_POINT('',(-39.400271666,-49.483968821,1.3));
#4617=CARTESIAN_POINT('Origin',(-40.400271666,-48.883968821,1.3));
#4618=CARTESIAN_POINT('',(-40.400271666,-47.983968821,1.3));
#4619=CARTESIAN_POINT('',(-40.400271666,-47.983968821,1.3));
#4620=CARTESIAN_POINT('',(-40.400271666,-49.483968821,1.3));
#4621=CARTESIAN_POINT('Origin',(-41.300271666,-47.983968821,1.3));
#4622=CARTESIAN_POINT('',(-41.900271666,-47.983968821,1.3));
#4623=CARTESIAN_POINT('',(-41.900271666,-47.983968821,1.3));
#4624=CARTESIAN_POINT('',(-40.400271666,-47.983968821,1.3));
#4625=CARTESIAN_POINT('Origin',(-41.900271666,-47.483968821,1.3));
#4626=CARTESIAN_POINT('',(-41.900271666,-46.983968821,1.3));
#4627=CARTESIAN_POINT('',(-42.200271666,-46.683968821,1.));
#4628=CARTESIAN_POINT('',(-41.900271666,-47.983968821,1.3));
#4629=CARTESIAN_POINT('Origin',(-41.300271666,-46.983968821,1.3));
#4630=CARTESIAN_POINT('',(-40.400271666,-46.983968821,1.3));
#4631=CARTESIAN_POINT('',(-40.400271666,-46.983968821,1.3));
#4632=CARTESIAN_POINT('',(-41.900271666,-46.983968821,1.3));
#4633=CARTESIAN_POINT('Origin',(-40.400271666,-46.083968821,1.3));
#4634=CARTESIAN_POINT('',(-40.400271666,-46.983968821,1.3));
#4635=CARTESIAN_POINT('Origin',(-173.75027167,-45.483968821,1.));
#4636=CARTESIAN_POINT('',(-170.50027167,-47.483384393,1.));
#4637=CARTESIAN_POINT('Origin',(-173.25027166995,-47.4833843928213,1.));
#4638=CARTESIAN_POINT('',(-172.45027167,-49.783968821,1.));
#4639=CARTESIAN_POINT('',(-172.45027167,-48.283968821,1.));
#4640=CARTESIAN_POINT('',(-172.45027167,-47.983968821,1.));
#4641=CARTESIAN_POINT('',(-170.95027167,-48.283968821,1.));
#4642=CARTESIAN_POINT('',(-171.25027167,-48.283968821,1.));
#4643=CARTESIAN_POINT('',(-170.95027167,-46.683968821,1.));
#4644=CARTESIAN_POINT('',(-170.95027167,-46.983968821,1.));
#4645=CARTESIAN_POINT('',(-172.45027167,-46.683968821,1.));
#4646=CARTESIAN_POINT('',(-172.75027167,-46.683968821,1.));
#4647=CARTESIAN_POINT('',(-172.45027167,-45.183968821,1.));
#4648=CARTESIAN_POINT('',(-172.45027167,-45.483968821,1.));
#4649=CARTESIAN_POINT('',(-174.05027167,-45.183968821,1.));
#4650=CARTESIAN_POINT('',(-173.75027167,-45.183968821,1.));
#4651=CARTESIAN_POINT('',(-174.05027167,-46.683968821,1.));
#4652=CARTESIAN_POINT('',(-174.05027167,-46.983968821,1.));
#4653=CARTESIAN_POINT('',(-175.55027167,-46.683968821,1.));
#4654=CARTESIAN_POINT('',(-175.25027167,-46.683968821,1.));
#4655=CARTESIAN_POINT('',(-175.55027167,-48.283968821,1.));
#4656=CARTESIAN_POINT('',(-175.55027167,-47.983968821,1.));
#4657=CARTESIAN_POINT('',(-174.05027167,-48.283968821,1.));
#4658=CARTESIAN_POINT('',(-173.75027167,-48.283968821,1.));
#4659=CARTESIAN_POINT('',(-174.05027167,-49.783968821,1.));
#4660=CARTESIAN_POINT('',(-174.05027167,-49.483968821,1.));
#4661=CARTESIAN_POINT('',(-172.75027167,-49.783968821,1.));
#4662=CARTESIAN_POINT('Origin',(-173.25027167,-45.483968821,1.3));
#4663=CARTESIAN_POINT('',(-173.75027167,-45.483968821,1.3));
#4664=CARTESIAN_POINT('',(-174.05027167,-45.183968821,1.));
#4665=CARTESIAN_POINT('',(-172.75027167,-45.483968821,1.3));
#4666=CARTESIAN_POINT('',(-172.75027167,-45.483968821,1.3));
#4667=CARTESIAN_POINT('',(-173.75027167,-45.483968821,1.3));
#4668=CARTESIAN_POINT('Origin',(-172.75027167,-46.083968821,1.3));
#4669=CARTESIAN_POINT('',(-172.75027167,-46.983968821,1.3));
#4670=CARTESIAN_POINT('',(-172.45027167,-46.683968821,1.));
#4671=CARTESIAN_POINT('',(-172.75027167,-45.483968821,1.3));
#4672=CARTESIAN_POINT('Origin',(-171.85027167,-46.983968821,1.3));
#4673=CARTESIAN_POINT('',(-171.25027167,-46.983968821,1.3));
#4674=CARTESIAN_POINT('',(-171.25027167,-46.983968821,1.3));
#4675=CARTESIAN_POINT('',(-172.75027167,-46.983968821,1.3));
#4676=CARTESIAN_POINT('Origin',(-171.25027167,-47.483968821,1.3));
#4677=CARTESIAN_POINT('',(-171.25027167,-47.983968821,1.3));
#4678=CARTESIAN_POINT('',(-171.25027167,-47.983968821,1.3));
#4679=CARTESIAN_POINT('',(-171.25027167,-46.983968821,1.3));
#4680=CARTESIAN_POINT('Origin',(-171.85027167,-47.983968821,1.3));
#4681=CARTESIAN_POINT('',(-172.75027167,-47.983968821,1.3));
#4682=CARTESIAN_POINT('',(-172.45027167,-48.283968821,1.));
#4683=CARTESIAN_POINT('',(-171.25027167,-47.983968821,1.3));
#4684=CARTESIAN_POINT('Origin',(-172.75027167,-48.883968821,1.3));
#4685=CARTESIAN_POINT('',(-172.75027167,-49.483968821,1.3));
#4686=CARTESIAN_POINT('',(-172.75027167,-49.483968821,1.3));
#4687=CARTESIAN_POINT('',(-172.75027167,-47.983968821,1.3));
#4688=CARTESIAN_POINT('Origin',(-173.25027167,-49.483968821,1.3));
#4689=CARTESIAN_POINT('',(-173.75027167,-49.483968821,1.3));
#4690=CARTESIAN_POINT('',(-174.05027167,-49.783968821,1.));
#4691=CARTESIAN_POINT('',(-172.75027167,-49.483968821,1.3));
#4692=CARTESIAN_POINT('Origin',(-173.75027167,-48.883968821,1.3));
#4693=CARTESIAN_POINT('',(-173.75027167,-47.983968821,1.3));
#4694=CARTESIAN_POINT('',(-173.75027167,-47.983968821,1.3));
#4695=CARTESIAN_POINT('',(-173.75027167,-49.483968821,1.3));
#4696=CARTESIAN_POINT('Origin',(-174.65027167,-47.983968821,1.3));
#4697=CARTESIAN_POINT('',(-175.25027167,-47.983968821,1.3));
#4698=CARTESIAN_POINT('',(-175.25027167,-47.983968821,1.3));
#4699=CARTESIAN_POINT('',(-173.75027167,-47.983968821,1.3));
#4700=CARTESIAN_POINT('Origin',(-175.25027167,-47.483968821,1.3));
#4701=CARTESIAN_POINT('',(-175.25027167,-46.983968821,1.3));
#4702=CARTESIAN_POINT('',(-175.55027167,-46.683968821,1.));
#4703=CARTESIAN_POINT('',(-175.25027167,-47.983968821,1.3));
#4704=CARTESIAN_POINT('Origin',(-174.65027167,-46.983968821,1.3));
#4705=CARTESIAN_POINT('',(-173.75027167,-46.983968821,1.3));
#4706=CARTESIAN_POINT('',(-173.75027167,-46.983968821,1.3));
#4707=CARTESIAN_POINT('',(-175.25027167,-46.983968821,1.3));
#4708=CARTESIAN_POINT('Origin',(-173.75027167,-46.083968821,1.3));
#4709=CARTESIAN_POINT('',(-173.75027167,-46.983968821,1.3));
#4710=CARTESIAN_POINT('Origin',(-106.575271619,-56.551484691,0.));
#4711=CARTESIAN_POINT('',(-31.3981516371578,-38.4333845447028,3.2873289231529E-6));
#4712=CARTESIAN_POINT('',(-30.8502717033611,-38.887327372,-1.46516363393652E-8));
#4713=CARTESIAN_POINT('Ctrl Pts',(-30.8502717720147,-38.8873273719999,2.77555756156289E-16));
#4714=CARTESIAN_POINT('Ctrl Pts',(-30.850271723956,-38.8394212756204,2.77555756156289E-16));
#4715=CARTESIAN_POINT('Ctrl Pts',(-30.8502716812099,-38.787732231662,7.14489231667947E-16));
#4716=CARTESIAN_POINT('Ctrl Pts',(-30.8684350209689,-38.6997622634887,7.14489231667947E-16));
#4717=CARTESIAN_POINT('Ctrl Pts',(-30.8814878426401,-38.6586175405649,-1.57177186688505E-14));
#4718=CARTESIAN_POINT('Ctrl Pts',(-30.9314208509534,-38.5789953020459,-1.5715547154038E-14));
#4719=CARTESIAN_POINT('Ctrl Pts',(-30.9628272578993,-38.5466481409702,-9.0205620750794E-16));
#4720=CARTESIAN_POINT('Ctrl Pts',(-31.0317186705749,-38.498006872058,-9.0205620750794E-16));
#4721=CARTESIAN_POINT('Ctrl Pts',(-31.0755539745074,-38.4743164149335,-4.50611770119735E-13));
#4722=CARTESIAN_POINT('Ctrl Pts',(-31.2260663836595,-38.4333845519239,-4.50611770119735E-13));
#4723=CARTESIAN_POINT('Ctrl Pts',(-31.316541969965,-38.4333844300452,3.24693139670991E-16));
#4724=CARTESIAN_POINT('Ctrl Pts',(-31.3981486286536,-38.4333844298602,3.24693139670991E-16));
#4725=CARTESIAN_POINT('',(-30.850271655,-56.0291110819767,-1.06929024388082E-25));
#4726=CARTESIAN_POINT('',(-30.850271655,-56.029111076,0.));
#4727=CARTESIAN_POINT('',(-31.346583435,-56.53338443,-1.891848182E-10));
#4728=CARTESIAN_POINT('Ctrl Pts',(-31.3465661996255,-56.5333844299699,-4.48859699408999E-16));
#4729=CARTESIAN_POINT('Ctrl Pts',(-31.2993305055117,-56.5333844298755,-4.48859699408999E-16));
#4730=CARTESIAN_POINT('Ctrl Pts',(-31.2499509611891,-56.5333840976218,-1.46170537939066E-14));
#4731=CARTESIAN_POINT('Ctrl Pts',(-31.154433681613,-56.5227408833624,-1.46131923467077E-14));
#4732=CARTESIAN_POINT('Ctrl Pts',(-31.1047297898207,-56.5125525013358,-1.11137959829045E-15));
#4733=CARTESIAN_POINT('Ctrl Pts',(-31.0194173794146,-56.4738116726008,-1.10931125180173E-15));
#4734=CARTESIAN_POINT('Ctrl Pts',(-30.9857824083928,-56.4508214932936,-1.82145964977565E-15));
#4735=CARTESIAN_POINT('Ctrl Pts',(-30.9282054900256,-56.3913733162301,-1.82145964977565E-15));
#4736=CARTESIAN_POINT('Ctrl Pts',(-30.906139281546,-56.3566843187172,-3.80734324901827E-16));
#4737=CARTESIAN_POINT('Ctrl Pts',(-30.8716197236972,-56.2750755815698,-3.82661186337397E-16));
#4738=CARTESIAN_POINT('Ctrl Pts',(-30.8615597798263,-56.2291350844671,6.10622663543836E-15));
#4739=CARTESIAN_POINT('Ctrl Pts',(-30.8502815265294,-56.1302604361788,6.10622663543836E-15));
#4740=CARTESIAN_POINT('Ctrl Pts',(-30.8502859924972,-56.0785380990681,0.));
#4741=CARTESIAN_POINT('Ctrl Pts',(-30.8502914173133,-56.0291110830628,0.));
#4742=CARTESIAN_POINT('',(-181.803968403194,-56.53338442999,-6.3056869362239E-11));
#4743=CARTESIAN_POINT('',(-181.803959874,-56.53338443,0.));
#4744=CARTESIAN_POINT('',(-182.300270859904,-56.0291097636666,2.33058447390345E-6));
#4745=CARTESIAN_POINT('Ctrl Pts',(-182.300251891687,-56.0291110830624,-1.11022302462516E-15));
#4746=CARTESIAN_POINT('Ctrl Pts',(-182.300257316503,-56.0785380988894,-1.11022302462516E-15));
#4747=CARTESIAN_POINT('Ctrl Pts',(-182.300261782471,-56.1302604358018,6.18842512070692E-15));
#4748=CARTESIAN_POINT('Ctrl Pts',(-182.288983529295,-56.2291350837431,6.18055251227246E-15));
#4749=CARTESIAN_POINT('Ctrl Pts',(-182.278923585528,-56.2750755807082,-1.20408621699993E-16));
#4750=CARTESIAN_POINT('Ctrl Pts',(-182.244404027955,-56.3566843178232,-1.22335483131315E-16));
#4751=CARTESIAN_POINT('Ctrl Pts',(-182.222337819573,-56.3913733154254,9.78407733817516E-15));
#4752=CARTESIAN_POINT('Ctrl Pts',(-182.16476090138,-56.4508214926808,9.78360517303874E-15));
#4753=CARTESIAN_POINT('Ctrl Pts',(-182.131125930436,-56.473811672091,2.60208521396521E-16));
#4754=CARTESIAN_POINT('Ctrl Pts',(-182.045813520238,-56.5125525010115,2.60208521396521E-16));
#4755=CARTESIAN_POINT('Ctrl Pts',(-181.99610962861,-56.5227408831304,-1.48213591638303E-14));
#4756=CARTESIAN_POINT('Ctrl Pts',(-181.900592348742,-56.5333840976218,-1.48252206110452E-14));
#4757=CARTESIAN_POINT('Ctrl Pts',(-181.851212626041,-56.5333844298754,1.49619899803E-16));
#4758=CARTESIAN_POINT('Ctrl Pts',(-181.803976931486,-56.5333844299699,1.49619899803E-16));
#4759=CARTESIAN_POINT('',(-182.300271605639,-38.887327372,-1.46516289383614E-8));
#4760=CARTESIAN_POINT('',(-182.300271654,-38.887327372,-5.390900798E-17));
#4761=CARTESIAN_POINT('',(-181.752391671842,-38.4333845447028,3.28732891979911E-6));
#4762=CARTESIAN_POINT('Ctrl Pts',(-181.752394680346,-38.4333844298602,-3.46944695195361E-17));
#4763=CARTESIAN_POINT('Ctrl Pts',(-181.834001339035,-38.4333844300451,-3.46944695195361E-17));
#4764=CARTESIAN_POINT('Ctrl Pts',(-181.92447692534,-38.4333845519239,-4.4969594608206E-13));
#4765=CARTESIAN_POINT('Ctrl Pts',(-182.074989334492,-38.4743164149332,-4.4968987408512E-13));
#4766=CARTESIAN_POINT('Ctrl Pts',(-182.118824638424,-38.4980068720575,6.29704621779581E-15));
#4767=CARTESIAN_POINT('Ctrl Pts',(-182.187716051101,-38.5466481409702,6.29704621779581E-15));
#4768=CARTESIAN_POINT('Ctrl Pts',(-182.219122458047,-38.5789953020459,-1.63117850211838E-14));
#4769=CARTESIAN_POINT('Ctrl Pts',(-182.269055466362,-38.6586175405683,-1.63096135063712E-14));
#4770=CARTESIAN_POINT('Ctrl Pts',(-182.282108288032,-38.6997622634937,6.93682921578867E-16));
#4771=CARTESIAN_POINT('Ctrl Pts',(-182.30027162779,-38.7877322316619,6.94203648493575E-16));
#4772=CARTESIAN_POINT('Ctrl Pts',(-182.300271585044,-38.83942127562,-1.00121941343418E-19));
#4773=CARTESIAN_POINT('Ctrl Pts',(-182.300271536985,-38.8873273719999,-1.00121941343418E-19));
#4774=CARTESIAN_POINT('',(-31.398176511,-38.43338443,2.792099157E-16));
#4775=CARTESIAN_POINT('',(-32.0502717407915,-40.6197427217904,1.6312965982257E-8));
#4776=CARTESIAN_POINT('',(-33.1292709498417,-39.6333844304489,-2.23034942776384E-16));
#4777=CARTESIAN_POINT('Origin',(-366.176571265361,-405.044451777264,2.3794769808671E-8));
#4778=CARTESIAN_POINT('',(-180.021272359158,-39.6333844304487,3.24416188476985E-16));
#4779=CARTESIAN_POINT('',(-180.021272358,-39.63338443,3.244176677E-16));
#4780=CARTESIAN_POINT('',(-181.100271568119,-40.6197427213926,1.63286938599888E-8));
#4781=CARTESIAN_POINT('Origin',(153.026036947863,-405.044461612557,2.41389853988515E-8));
#4782=CARTESIAN_POINT('',(-181.100270444371,-54.3900547100029,-7.65692491674921E-8));
#4783=CARTESIAN_POINT('',(-181.100271654,-54.390058435,0.));
#4784=CARTESIAN_POINT('',(-180.16633344142,-55.3333843447525,-2.27366277043798E-8));
#4785=CARTESIAN_POINT('Ctrl Pts',(-180.166333537953,-55.3333841477622,4.75325785882293E-17));
#4786=CARTESIAN_POINT('Ctrl Pts',(-180.322001074888,-55.1761738587613,4.75325785882293E-17));
#4787=CARTESIAN_POINT('Ctrl Pts',(-180.477662741806,-55.0189580137587,-5.82939368449298E-15));
#4788=CARTESIAN_POINT('Ctrl Pts',(-180.789136531099,-54.7043513160497,-5.82794732311773E-15));
#4789=CARTESIAN_POINT('Ctrl Pts',(-180.944700326386,-54.5472112769409,-6.76673445737779E-18));
#4790=CARTESIAN_POINT('Ctrl Pts',(-181.100267943995,-54.3900558457145,-6.76673445737779E-18));
#4791=CARTESIAN_POINT('',(-32.9842082922099,-55.3333840197052,-1.21699480438448E-7));
#4792=CARTESIAN_POINT('',(-32.984207486,-55.33338443,0.));
#4793=CARTESIAN_POINT('',(-32.0502728090764,-54.3900546938115,-5.47235304955862E-7));
#4794=CARTESIAN_POINT('Ctrl Pts',(-32.0502750317129,-54.3900562994084,-1.53669285407609E-6));
#4795=CARTESIAN_POINT('Ctrl Pts',(-32.0685864131788,-54.4085545861877,-1.54364427137743E-6));
#4796=CARTESIAN_POINT('Ctrl Pts',(-32.0868987924359,-54.4270538264462,-1.69190450593544E-6));
#4797=CARTESIAN_POINT('Ctrl Pts',(-32.1052112913886,-54.4455529483532,-1.73376185186314E-6));
#4798=CARTESIAN_POINT('Ctrl Pts',(-32.1235236294713,-54.4640519077508,-1.77561882917229E-6));
#4799=CARTESIAN_POINT('Ctrl Pts',(-32.1418360872234,-54.4825507488273,-1.71108324737579E-6));
#4800=CARTESIAN_POINT('Ctrl Pts',(-32.1601486142172,-54.5010495213406,-1.67507745785223E-6));
#4801=CARTESIAN_POINT('Ctrl Pts',(-32.1784609817463,-54.5195481327674,-1.6390719799015E-6));
#4802=CARTESIAN_POINT('Ctrl Pts',(-32.1967734185263,-54.5380466756214,-1.63159193752404E-6));
#4803=CARTESIAN_POINT('Ctrl Pts',(-32.2150859381236,-54.556545136638,-1.61639534979052E-6));
#4804=CARTESIAN_POINT('Ctrl Pts',(-32.2333982980203,-54.5750434363326,-1.6011988929289E-6));
#4805=CARTESIAN_POINT('Ctrl Pts',(-32.2517107407301,-54.5935416541942,-1.57828708935108E-6));
#4806=CARTESIAN_POINT('Ctrl Pts',(-32.2700232624317,-54.6120397937761,-1.55753479669229E-6));
#4807=CARTESIAN_POINT('Ctrl Pts',(-32.288335625135,-54.6305377727481,-1.53678268317297E-6));
#4808=CARTESIAN_POINT('Ctrl Pts',(-32.3066480668294,-54.649035673441,-1.51818972738515E-6));
#4809=CARTESIAN_POINT('Ctrl Pts',(-32.3249605885524,-54.6675334948862,-1.49897687817813E-6));
#4810=CARTESIAN_POINT('Ctrl Pts',(-32.3432729508067,-54.6860311552491,-1.47976419769512E-6));
#4811=CARTESIAN_POINT('Ctrl Pts',(-32.3615853930879,-54.7045287363659,-1.45993173009463E-6));
#4812=CARTESIAN_POINT('Ctrl Pts',(-32.3798979151934,-54.7230262386106,-1.4401842318712E-6));
#4813=CARTESIAN_POINT('Ctrl Pts',(-32.3982102778288,-54.7415235797743,-1.42043690457037E-6));
#4814=CARTESIAN_POINT('Ctrl Pts',(-32.4165227202872,-54.7600208420672,-1.40077453501921E-6));
#4815=CARTESIAN_POINT('Ctrl Pts',(-32.4348352423323,-54.7785180252353,-1.38110429759308E-6));
#4816=CARTESIAN_POINT('Ctrl Pts',(-32.4531476053749,-54.7970150477975,-1.36143423168181E-6));
#4817=CARTESIAN_POINT('Ctrl Pts',(-32.4714600480027,-54.8155119912362,-1.34175630198156E-6));
#4818=CARTESIAN_POINT('Ctrl Pts',(-32.4897725704191,-54.8340088558487,-1.32212197412329E-6));
#4819=CARTESIAN_POINT('Ctrl Pts',(-32.5080849338315,-54.8525055598566,-1.30248781465541E-6));
#4820=CARTESIAN_POINT('Ctrl Pts',(-32.526397377031,-54.8710021850396,-1.28289723630026E-6));
#4821=CARTESIAN_POINT('Ctrl Pts',(-32.5447098999952,-54.8894987313401,-1.26323127735972E-6));
#4822=CARTESIAN_POINT('Ctrl Pts',(-32.5630222634849,-54.9079951165638,-1.24356548946197E-6));
#4823=CARTESIAN_POINT('Ctrl Pts',(-32.5813347067379,-54.9264914229064,-1.22382432830412E-6));
#4824=CARTESIAN_POINT('Ctrl Pts',(-32.5996472295972,-54.9449876503599,-1.20413799153951E-6));
#4825=CARTESIAN_POINT('Ctrl Pts',(-32.6179595936843,-54.9634837174484,-1.18445182784506E-6));
#4826=CARTESIAN_POINT('Ctrl Pts',(-32.6362720373764,-54.9819797056493,-1.16482046487533E-6));
#4827=CARTESIAN_POINT('Ctrl Pts',(-32.6545845606753,-55.0004756149691,-1.14517821780957E-6));
#4828=CARTESIAN_POINT('Ctrl Pts',(-32.6728969249662,-55.0189713636885,-1.12553613964004E-6));
#4829=CARTESIAN_POINT('Ctrl Pts',(-32.6912093688626,-55.0374670335282,-1.10588317137133E-6));
#4830=CARTESIAN_POINT('Ctrl Pts',(-32.7095218924093,-55.0559626246106,-1.08625089256797E-6));
#4831=CARTESIAN_POINT('Ctrl Pts',(-32.7278342569466,-55.0744580550939,-1.06661878479652E-6));
#4832=CARTESIAN_POINT('Ctrl Pts',(-32.7461467011328,-55.0929534068213,-1.0470073564206E-6));
#4833=CARTESIAN_POINT('Ctrl Pts',(-32.7644592249433,-55.1114486797372,-1.02730324025302E-6));
#4834=CARTESIAN_POINT('Ctrl Pts',(-32.7827715899776,-55.1299437922923,-1.00759929706823E-6));
#4835=CARTESIAN_POINT('Ctrl Pts',(-32.8010840346347,-55.1484388260373,-9.87802704645463E-7));
#4836=CARTESIAN_POINT('Ctrl Pts',(-32.8193965587236,-55.1669337809998,-9.68138761381354E-7));
#4837=CARTESIAN_POINT('Ctrl Pts',(-32.8377089240348,-55.1854285756029,-9.48474988914527E-7));
#4838=CARTESIAN_POINT('Ctrl Pts',(-32.8560213687765,-55.2039232914249,-9.28943810222505E-7));
#4839=CARTESIAN_POINT('Ctrl Pts',(-32.8743338931949,-55.2224179284686,-9.09141564253702E-7));
#4840=CARTESIAN_POINT('Ctrl Pts',(-32.8926462585997,-55.2409124049174,-8.8933948909583E-7));
#4841=CARTESIAN_POINT('Ctrl Pts',(-32.9109587036798,-55.2594068025896,-8.69266465603272E-7));
#4842=CARTESIAN_POINT('Ctrl Pts',(-32.929271228065,-55.2779011218731,-8.49878768471868E-7));
#4843=CARTESIAN_POINT('Ctrl Pts',(-32.9475835939042,-55.2963952810368,-8.30491243013108E-7));
#4844=CARTESIAN_POINT('Ctrl Pts',(-32.9658960390475,-55.3148893618129,-8.11788699134918E-7));
#4845=CARTESIAN_POINT('Ctrl Pts',(-32.9842085640772,-55.3333833625025,-7.90610567014127E-7));
#4846=CARTESIAN_POINT('',(-32.050271655,-40.619743099,9.346748251E-13));
#4847=CARTESIAN_POINT('Ctrl Pts',(-178.148258673,-52.079543192,8.474040595));
#4848=CARTESIAN_POINT('Ctrl Pts',(-178.246705791,-39.853694927,6.28580168));
#4849=CARTESIAN_POINT('Ctrl Pts',(-179.132263,-53.164156938,5.649360397));
#4850=CARTESIAN_POINT('Ctrl Pts',(-179.197894412,-39.780258095,4.190534453));
#4851=CARTESIAN_POINT('Ctrl Pts',(-180.116267327,-54.248770684,2.824680198));
#4852=CARTESIAN_POINT('Ctrl Pts',(-180.149083033,-39.706821262,2.095267227));
#4853=CARTESIAN_POINT('Ctrl Pts',(-181.100271654,-55.33338443,0.));
#4854=CARTESIAN_POINT('Ctrl Pts',(-181.100271654,-39.63338443,0.));
#4855=CARTESIAN_POINT('',(-178.244444055941,-47.8578065491746,7.54662277918667));
#4856=CARTESIAN_POINT('Ctrl Pts',(-179.372517721056,-47.857799965,4.50000005502093));
#4857=CARTESIAN_POINT('Ctrl Pts',(-179.18186546143,-47.857799965,5.00666538964699));
#4858=CARTESIAN_POINT('Ctrl Pts',(-178.992353821884,-47.8577999650013,5.51412911342864));
#4859=CARTESIAN_POINT('Ctrl Pts',(-178.616369427271,-47.8577999650013,6.52946616328915));
#4860=CARTESIAN_POINT('Ctrl Pts',(-178.429669185769,-47.857799965,7.03795356694136));
#4861=CARTESIAN_POINT('Ctrl Pts',(-178.244632140381,-47.857799965,7.5467176621702));
#4862=CARTESIAN_POINT('',(-178.365504676,-51.376352686,7.71755859));
#4863=CARTESIAN_POINT('Ctrl Pts',(-178.244444055941,-47.8578065491745,7.54662277918667));
#4864=CARTESIAN_POINT('Ctrl Pts',(-178.265922587956,-49.0271234366468,7.66546691015643));
#4865=CARTESIAN_POINT('Ctrl Pts',(-178.307734498431,-50.2020870740133,7.72251653869428));
#4866=CARTESIAN_POINT('Ctrl Pts',(-178.365504676,-51.376352686,7.71755859));
#4867=CARTESIAN_POINT('Ctrl Pts',(-181.100271735119,-54.3900521872946,-2.29707736998375E-7));
#4868=CARTESIAN_POINT('Ctrl Pts',(-180.683200187378,-53.9301396112088,1.18103478089941));
#4869=CARTESIAN_POINT('Ctrl Pts',(-180.195786127155,-53.39280961341,2.55956103167064));
#4870=CARTESIAN_POINT('Ctrl Pts',(-179.261759647048,-52.3634225363136,5.19600028257865));
#4871=CARTESIAN_POINT('Ctrl Pts',(-178.806454496233,-51.8617791409207,6.47859159071));
#4872=CARTESIAN_POINT('Ctrl Pts',(-178.365560791509,-51.3763214352772,7.71756631419874));
#4873=CARTESIAN_POINT('',(-178.422948202,-40.771569544,6.035552845));
#4874=CARTESIAN_POINT('Ctrl Pts',(-178.422996171223,-40.7715851741523,6.03559131655997));
#4875=CARTESIAN_POINT('Ctrl Pts',(-178.867656948661,-40.7486654816554,5.02885622068794));
#4876=CARTESIAN_POINT('Ctrl Pts',(-179.313058060796,-40.7243405168173,4.02293002743577));
#4877=CARTESIAN_POINT('Ctrl Pts',(-180.203750677399,-40.6736013171457,2.01526597271077));
#4878=CARTESIAN_POINT('Ctrl Pts',(-180.657205969984,-40.6467371735283,0.995168627105461));
#4879=CARTESIAN_POINT('Ctrl Pts',(-181.100271632116,-40.6197425616828,4.91533627342E-8));
#4880=CARTESIAN_POINT('',(-178.233489735,-47.107799965,7.461819289));
#4881=CARTESIAN_POINT('Ctrl Pts',(-178.422948202,-40.771569544,6.035552845));
#4882=CARTESIAN_POINT('Ctrl Pts',(-178.284957774,-42.476048694,6.598101551));
#4883=CARTESIAN_POINT('Ctrl Pts',(-178.22998958,-44.229932652,7.024332415));
#4884=CARTESIAN_POINT('Ctrl Pts',(-178.227681339,-46.374039338,7.36423301));
#4885=CARTESIAN_POINT('Ctrl Pts',(-178.229531748,-46.740572608,7.416085426));
#4886=CARTESIAN_POINT('Ctrl Pts',(-178.233489735,-47.107799965,7.461819289));
#4887=CARTESIAN_POINT('Ctrl Pts',(-178.233558556288,-47.107799965,7.46187139830564));
#4888=CARTESIAN_POINT('Ctrl Pts',(-178.416718021044,-47.107799965,6.9673470897332));
#4889=CARTESIAN_POINT('Ctrl Pts',(-178.601404004726,-47.1077999650013,6.47301372907706));
#4890=CARTESIAN_POINT('Ctrl Pts',(-178.973037589235,-47.1077999650013,5.48598160441964));
#4891=CARTESIAN_POINT('Ctrl Pts',(-179.160243347653,-47.107799965,4.99259728782143));
#4892=CARTESIAN_POINT('Ctrl Pts',(-179.348443330003,-47.107799965,4.50000005500124));
#4893=CARTESIAN_POINT('Ctrl Pts',(-36.0466869783386,-52.0147738151974,8.64273098550456));
#4894=CARTESIAN_POINT('Ctrl Pts',(-35.0997162648212,-51.0297808481891,8.60150025138428));
#4895=CARTESIAN_POINT('Ctrl Pts',(-36.0116555851976,-52.0525735953439,8.54428829362076));
#4896=CARTESIAN_POINT('Ctrl Pts',(-35.0647206503562,-51.0683046260166,8.50328179873783));
#4897=CARTESIAN_POINT('Ctrl Pts',(-35.9766298930543,-52.0903740535129,8.44584383374431));
#4898=CARTESIAN_POINT('Ctrl Pts',(-35.0297313108999,-51.1068233607586,8.40505971206348));
#4899=CARTESIAN_POINT('Ctrl Pts',(-35.8646467325889,-52.2112503025319,8.13104349196504));
#4900=CARTESIAN_POINT('Ctrl Pts',(-34.9178662356659,-51.2299782818367,8.09096452860929));
#4901=CARTESIAN_POINT('Ctrl Pts',(-35.7877108382582,-52.2943286634672,7.91468092109005));
#4902=CARTESIAN_POINT('Ctrl Pts',(-34.8410142479207,-51.314595385849,7.87507767872382));
#4903=CARTESIAN_POINT('Ctrl Pts',(-34.7990112728588,-53.3623888718974,5.13311119144194));
#4904=CARTESIAN_POINT('Ctrl Pts',(-33.8534308876139,-52.4020829093893,5.09950796045545));
#4905=CARTESIAN_POINT('Ctrl Pts',(-33.8906766706587,-54.3477782210687,2.56684281211274));
#4906=CARTESIAN_POINT('Ctrl Pts',(-32.9464156643455,-53.4018908810233,2.53763635221024));
#4907=CARTESIAN_POINT('Ctrl Pts',(-32.8798472998317,-55.4468674223673,-0.295536248455522));
#4908=CARTESIAN_POINT('Ctrl Pts',(-31.9370647174557,-54.514858942585,-0.320538999922269));
#4909=CARTESIAN_POINT('Ctrl Pts',(-32.7755093682258,-55.5603498038355,-0.591080588128959));
#4910=CARTESIAN_POINT('Ctrl Pts',(-31.8328805117547,-54.6297448395749,-0.615658754572496));
#4911=CARTESIAN_POINT('Ctrl Pts',(-32.6711960876189,-55.6738350964059,-0.886632509769914));
#4912=CARTESIAN_POINT('Ctrl Pts',(-31.7287212230577,-54.7446077501776,-0.910794332345972));
#4913=CARTESIAN_POINT('',(-35.7107975741846,-52.3774059607017,7.69831027168365));
#4914=CARTESIAN_POINT('',(-34.785038632,-51.376352687,7.71755859));
#4915=CARTESIAN_POINT('Ctrl Pts',(-35.7107981933204,-52.3774053951722,7.69831029107129));
#4916=CARTESIAN_POINT('Ctrl Pts',(-35.5574686720497,-52.2097388803326,7.70405828156226));
#4917=CARTESIAN_POINT('Ctrl Pts',(-35.4036452806826,-52.0424742499564,7.70852339539947));
#4918=CARTESIAN_POINT('Ctrl Pts',(-35.0950661788295,-51.7088066541974,7.71492968726096));
#4919=CARTESIAN_POINT('Ctrl Pts',(-34.9403042806933,-51.5423967863157,7.71687128530245));
#4920=CARTESIAN_POINT('Ctrl Pts',(-34.7850801036936,-51.3764208725332,7.71757219778328));
#4921=CARTESIAN_POINT('Ctrl Pts',(-34.7849825148212,-51.3763214085341,7.71756630392367));
#4922=CARTESIAN_POINT('Ctrl Pts',(-34.3442207730764,-51.8616336219784,6.47896238891663));
#4923=CARTESIAN_POINT('Ctrl Pts',(-33.8889201264744,-52.3632720780453,5.19638547446961));
#4924=CARTESIAN_POINT('Ctrl Pts',(-32.9599327221288,-53.3871059110799,2.57416983610815));
#4925=CARTESIAN_POINT('Ctrl Pts',(-32.5046022975539,-53.8890535293585,1.28654278965059));
#4926=CARTESIAN_POINT('Ctrl Pts',(-32.0502715855161,-54.3900518182332,-1.96759684101266E-7));
#4927=CARTESIAN_POINT('Ctrl Pts',(-35.710796821,-52.377406214,7.698310263));
#4928=CARTESIAN_POINT('Ctrl Pts',(-34.7990075758356,-53.3623850547694,5.13311114293867));
#4929=CARTESIAN_POINT('Ctrl Pts',(-33.8906730084452,-54.347774428512,2.5668428649473));
#4930=CARTESIAN_POINT('Ctrl Pts',(-32.9842075749843,-55.3333843332464,2.51977331835084E-7));
#4931=CARTESIAN_POINT('Ctrl Pts',(-180.479350942,-55.673831429,-0.886632593));
#4932=CARTESIAN_POINT('Ctrl Pts',(-181.421821337845,-54.7446084996474,-0.910794297962183));
#4933=CARTESIAN_POINT('Ctrl Pts',(-180.372040661,-55.557085616,-0.582589252));
#4934=CARTESIAN_POINT('Ctrl Pts',(-181.314669472087,-54.6264454915897,-0.607179261023998));
#4935=CARTESIAN_POINT('Ctrl Pts',(-180.264704287,-55.440342885,-0.278553938));
#4936=CARTESIAN_POINT('Ctrl Pts',(-181.207491229325,-54.5082581531441,-0.303580976209301));
#4937=CARTESIAN_POINT('Ctrl Pts',(-179.253860522,-54.341255331,2.583820673));
#4938=CARTESIAN_POINT('Ctrl Pts',(-180.198125671246,-53.395276707503,2.55458513422752));
#4939=CARTESIAN_POINT('Ctrl Pts',(-178.348519832,-53.359126814,5.141596642));
#4940=CARTESIAN_POINT('Ctrl Pts',(-179.294099198846,-52.3987663399557,5.10797533415544));
#4941=CARTESIAN_POINT('Ctrl Pts',(-177.362836201,-52.294324802,7.914680765));
#4942=CARTESIAN_POINT('Ctrl Pts',(-178.309528300595,-51.3145961708369,7.87507771049539));
#4943=CARTESIAN_POINT('Ctrl Pts',(-177.285900307,-52.211246435,8.131043334));
#4944=CARTESIAN_POINT('Ctrl Pts',(-178.232676313782,-51.2299790690591,8.09096456076252));
#4945=CARTESIAN_POINT('Ctrl Pts',(-177.173917147,-52.090370177,8.445843673));
#4946=CARTESIAN_POINT('Ctrl Pts',(-178.120811238454,-51.106824148809,8.40505974478241));
#4947=CARTESIAN_POINT('Ctrl Pts',(-177.138891456,-52.052569716,8.544288132));
#4948=CARTESIAN_POINT('Ctrl Pts',(-178.085821897968,-51.0683054146433,8.50328183163516));
#4949=CARTESIAN_POINT('Ctrl Pts',(-177.103860063,-52.014769933,8.642730824));
#4950=CARTESIAN_POINT('Ctrl Pts',(-178.050826283475,-51.0297816383965,8.60150028446149));
#4951=CARTESIAN_POINT('',(-177.439744402608,-52.3774062202226,7.69831024001429));
#4952=CARTESIAN_POINT('Ctrl Pts',(-178.365463206291,-51.3764209034035,7.71757219765292));
#4953=CARTESIAN_POINT('Ctrl Pts',(-178.210239033374,-51.5423968112075,7.71687128504372));
#4954=CARTESIAN_POINT('Ctrl Pts',(-178.055477139392,-51.7088066728926,7.71492968696471));
#4955=CARTESIAN_POINT('Ctrl Pts',(-177.74689804311,-52.0424742585523,7.70852339517173));
#4956=CARTESIAN_POINT('Ctrl Pts',(-177.593073907792,-52.2097396970741,7.70405825766886));
#4957=CARTESIAN_POINT('Ctrl Pts',(-177.439744389392,-52.3774062089311,7.69831026317377));
#4958=CARTESIAN_POINT('Ctrl Pts',(-180.166333273643,-55.3333844464818,-4.29239604970988E-8));
#4959=CARTESIAN_POINT('Ctrl Pts',(-179.746179751608,-54.876544818298,1.18975608557397));
#4960=CARTESIAN_POINT('Ctrl Pts',(-179.263856542543,-54.352659399323,2.55412084161381));
#4961=CARTESIAN_POINT('Ctrl Pts',(-178.330926625485,-53.3410781488576,5.18860112301938));
#4962=CARTESIAN_POINT('Ctrl Pts',(-177.878026284082,-52.850867914466,6.46526495566121));
#4963=CARTESIAN_POINT('Ctrl Pts',(-177.439744409364,-52.3774062405822,7.69831019377154));
#4964=CARTESIAN_POINT('Ctrl Pts',(-177.088071148,-39.865587021,6.62510164));
#4965=CARTESIAN_POINT('Ctrl Pts',(-178.000100282305,-40.7929184910687,6.99381947311182));
#4966=CARTESIAN_POINT('Ctrl Pts',(-177.167626156,-39.8592488,6.444262326));
#4967=CARTESIAN_POINT('Ctrl Pts',(-178.07978118846,-40.7889870220198,6.81312502228945));
#4968=CARTESIAN_POINT('Ctrl Pts',(-177.247224034,-39.85291124,6.263441859));
#4969=CARTESIAN_POINT('Ctrl Pts',(-178.159494939602,-40.7850030289057,6.63244196345793));
#4970=CARTESIAN_POINT('Ctrl Pts',(-177.381521355,-39.842224993,5.958546596));
#4971=CARTESIAN_POINT('Ctrl Pts',(-178.293972773823,-40.7782015686691,6.3277671137282));
#4972=CARTESIAN_POINT('Ctrl Pts',(-177.436200278,-39.837875989,5.834462743));
#4973=CARTESIAN_POINT('Ctrl Pts',(-178.348720280907,-40.7754090845777,6.20376941983384));
#4974=CARTESIAN_POINT('Ctrl Pts',(-178.330750182,-39.766757148,3.805331418));
#4975=CARTESIAN_POINT('Ctrl Pts',(-179.244310619183,-40.7293388772916,4.17598800148906));
#4976=CARTESIAN_POINT('Ctrl Pts',(-179.174820395,-39.700052199,1.902135312));
#4977=CARTESIAN_POINT('Ctrl Pts',(-180.088496837325,-40.6809556367572,2.2733924152254));
#4978=CARTESIAN_POINT('Ctrl Pts',(-180.07641178,-39.629041705,-0.123904698));
#4979=CARTESIAN_POINT('Ctrl Pts',(-180.989980661193,-40.6264515029969,0.247751339714564));
#4980=CARTESIAN_POINT('Ctrl Pts',(-180.131561818,-39.624699146,-0.247804679));
#4981=CARTESIAN_POINT('Ctrl Pts',(-181.045122140183,-40.6231039422169,0.123874147742508));
#4982=CARTESIAN_POINT('Ctrl Pts',(-180.322229477,-39.609689257,-0.676060209));
#4983=CARTESIAN_POINT('Ctrl Pts',(-181.235755987141,-40.6114898563807,-0.304306555165741));
#4984=CARTESIAN_POINT('Ctrl Pts',(-180.457797696,-39.599022715,-0.980393246));
#4985=CARTESIAN_POINT('Ctrl Pts',(-181.371293798104,-40.6031640582509,-0.608592617108142));
#4986=CARTESIAN_POINT('Ctrl Pts',(-180.593422871,-39.588357063,-1.284700927));
#4987=CARTESIAN_POINT('Ctrl Pts',(-181.50688314006,-40.5947717780385,-0.912858788057243));
#4988=CARTESIAN_POINT('',(-177.490898521155,-39.833527136235,5.71038683374852));
#4989=CARTESIAN_POINT('Ctrl Pts',(-177.49089912001,-39.8335268833485,5.71038689810656));
#4990=CARTESIAN_POINT('Ctrl Pts',(-177.645196005194,-39.989982661426,5.76725135815318));
#4991=CARTESIAN_POINT('Ctrl Pts',(-177.800066892719,-40.1464029429642,5.82277151085117));
#4992=CARTESIAN_POINT('Ctrl Pts',(-178.110715486733,-40.45900891732,5.93112013141884));
#4993=CARTESIAN_POINT('Ctrl Pts',(-178.266580933379,-40.6152829302413,5.98397927594221));
#4994=CARTESIAN_POINT('Ctrl Pts',(-178.42290862537,-40.7714858218232,6.03553312808958));
#4995=CARTESIAN_POINT('Ctrl Pts',(-177.490897920961,-39.8335272543871,5.71038656500911));
#4996=CARTESIAN_POINT('Ctrl Pts',(-178.330750322007,-39.7667571369356,3.80533110231451));
#4997=CARTESIAN_POINT('Ctrl Pts',(-179.174820465201,-39.7000521934709,1.90213515424523));
#4998=CARTESIAN_POINT('Ctrl Pts',(-180.021272358,-39.63338443,3.244176677E-16));
#4999=CARTESIAN_POINT('Ctrl Pts',(-32.557120439,-39.588357063,-1.284700926));
#5000=CARTESIAN_POINT('Ctrl Pts',(-31.6436601698238,-40.5947717781662,-0.912858788010054));
#5001=CARTESIAN_POINT('Ctrl Pts',(-32.692745614,-39.599022715,-0.980393245));
#5002=CARTESIAN_POINT('Ctrl Pts',(-31.7792495117799,-40.6031640583783,-0.608592617060958));
#5003=CARTESIAN_POINT('Ctrl Pts',(-32.828313833,-39.609689257,-0.676060208));
#5004=CARTESIAN_POINT('Ctrl Pts',(-31.9147873227426,-40.6114898565079,-0.304306555118563));
#5005=CARTESIAN_POINT('Ctrl Pts',(-33.018981491,-39.624699146,-0.247804678));
#5006=CARTESIAN_POINT('Ctrl Pts',(-32.1054211687011,-40.6231039423436,0.123874146789675));
#5007=CARTESIAN_POINT('Ctrl Pts',(-33.074131529,-39.629041705,-0.123904698));
#5008=CARTESIAN_POINT('Ctrl Pts',(-32.1605626466907,-40.6264515031235,0.247751339761731));
#5009=CARTESIAN_POINT('Ctrl Pts',(-33.975722912,-39.700052199,1.902135312));
#5010=CARTESIAN_POINT('Ctrl Pts',(-33.0620464695587,-40.6809556378817,2.27339241427252));
#5011=CARTESIAN_POINT('Ctrl Pts',(-34.819793123,-39.766757148,3.805331418));
#5012=CARTESIAN_POINT('Ctrl Pts',(-33.906232685701,-40.7293388774138,4.1759880015361));
#5013=CARTESIAN_POINT('Ctrl Pts',(-35.714343025,-39.837875989,5.834462743));
#5014=CARTESIAN_POINT('Ctrl Pts',(-34.8018230219769,-40.7754090846967,6.20376941888071));
#5015=CARTESIAN_POINT('Ctrl Pts',(-35.769021948,-39.842224993,5.958546597));
#5016=CARTESIAN_POINT('Ctrl Pts',(-34.856570529061,-40.7782015687879,6.32776711377505));
#5017=CARTESIAN_POINT('Ctrl Pts',(-35.903319269,-39.85291124,6.26344186));
#5018=CARTESIAN_POINT('Ctrl Pts',(-34.9910483632824,-40.785003029024,6.63244196250476));
#5019=CARTESIAN_POINT('Ctrl Pts',(-35.982917147,-39.8592488,6.444262326));
#5020=CARTESIAN_POINT('Ctrl Pts',(-35.0707621144245,-40.7889870231378,6.81312502133626));
#5021=CARTESIAN_POINT('Ctrl Pts',(-36.062472155,-39.865587021,6.625101641));
#5022=CARTESIAN_POINT('Ctrl Pts',(-35.1504430195788,-40.7929184921864,6.99381947315861));
#5023=CARTESIAN_POINT('',(-34.727595102,-40.771569545,6.035552845));
#5024=CARTESIAN_POINT('Ctrl Pts',(-32.0502716768615,-40.619742562256,4.91031286811716E-8));
#5025=CARTESIAN_POINT('Ctrl Pts',(-32.4933211519324,-40.6467361876069,0.995132271308691));
#5026=CARTESIAN_POINT('Ctrl Pts',(-32.9467903417344,-40.6736011872932,2.0152608152267));
#5027=CARTESIAN_POINT('Ctrl Pts',(-33.8374852446428,-40.7243405172125,4.02293002773688));
#5028=CARTESIAN_POINT('Ctrl Pts',(-34.2828863561529,-40.7486654817777,5.02885622191125));
#5029=CARTESIAN_POINT('Ctrl Pts',(-34.7275471319185,-40.7715851746617,6.03559131684782));
#5030=CARTESIAN_POINT('',(-35.6596447824481,-39.833527136169,5.71038683364791));
#5031=CARTESIAN_POINT('Ctrl Pts',(-34.7276346781051,-40.7714858219435,6.03553312812928));
#5032=CARTESIAN_POINT('Ctrl Pts',(-34.883962370073,-40.6152829303081,5.98397927596493));
#5033=CARTESIAN_POINT('Ctrl Pts',(-35.0398278166947,-40.4590089173321,5.93112013142329));
#5034=CARTESIAN_POINT('Ctrl Pts',(-35.350476394416,-40.1464029592132,5.8227715164828));
#5035=CARTESIAN_POINT('Ctrl Pts',(-35.5053472902375,-39.9899826693064,5.76725136101845));
#5036=CARTESIAN_POINT('Ctrl Pts',(-35.6596441832997,-39.8335268831585,5.71038689803752));
#5037=CARTESIAN_POINT('Ctrl Pts',(-33.129270951,-39.63338443,-2.230360392E-16));
#5038=CARTESIAN_POINT('Ctrl Pts',(-33.9757228417646,-39.7000521934682,1.90213515416789));
#5039=CARTESIAN_POINT('Ctrl Pts',(-34.8197929829244,-39.7667571369302,3.80533110215974));
#5040=CARTESIAN_POINT('Ctrl Pts',(-35.6596453829365,-39.833527254379,5.71038656477673));
#5041=CARTESIAN_POINT('Origin',(-180.787771654375,-38.54777197,3.2756305675));
#5042=CARTESIAN_POINT('',(-35.9409970764298,-38.6512153247292,6.23785887371378));
#5043=CARTESIAN_POINT('Ctrl Pts',(-35.9408996727908,-38.6512172763139,6.23791656403024));
#5044=CARTESIAN_POINT('Ctrl Pts',(-35.2464922282214,-38.6168936105975,5.25501537673882));
#5045=CARTESIAN_POINT('Ctrl Pts',(-34.5408490226031,-38.5827496584162,4.27726051066832));
#5046=CARTESIAN_POINT('Ctrl Pts',(-33.8282346235022,-38.5486561844314,3.30095115298554));
#5047=CARTESIAN_POINT('Ctrl Pts',(-33.0931289460066,-38.5134866645292,2.29382787182508));
#5048=CARTESIAN_POINT('Ctrl Pts',(-32.3506048171563,-38.4783708500169,1.28824251390598));
#5049=CARTESIAN_POINT('Ctrl Pts',(-31.6052923698756,-38.4431676182638,0.280153859189848));
#5050=CARTESIAN_POINT('Ctrl Pts',(-31.5362691900257,-38.439907456696,0.186795047361385));
#5051=CARTESIAN_POINT('Ctrl Pts',(-31.4672220629458,-38.436646545942,0.0934147816912659));
#5052=CARTESIAN_POINT('Ctrl Pts',(-31.3981546465792,-38.4333847742484,9.86198676944383E-6));
#5053=CARTESIAN_POINT('',(-177.209580917191,-38.6512155302046,6.23785893818647));
#5054=CARTESIAN_POINT('Ctrl Pts',(-181.752388662421,-38.4333847742483,9.86198675792613E-6));
#5055=CARTESIAN_POINT('Ctrl Pts',(-180.983473930541,-38.4696974733357,1.03986950303259));
#5056=CARTESIAN_POINT('Ctrl Pts',(-180.217069565202,-38.5059033952724,2.07667145267722));
#5057=CARTESIAN_POINT('Ctrl Pts',(-179.458245918812,-38.5421571353539,3.1148427372693));
#5058=CARTESIAN_POINT('Ctrl Pts',(-178.744762125846,-38.5762447077504,4.09098309531258));
#5059=CARTESIAN_POINT('Ctrl Pts',(-178.03798017698,-38.6103745667848,5.06833438639253));
#5060=CARTESIAN_POINT('Ctrl Pts',(-177.342161522192,-38.6446759086374,6.05059630199024));
#5061=CARTESIAN_POINT('Ctrl Pts',(-177.297944237751,-38.6468556607596,6.11301623600491));
#5062=CARTESIAN_POINT('Ctrl Pts',(-177.253771242287,-38.6490361055737,6.17545600611836));
#5063=CARTESIAN_POINT('Ctrl Pts',(-177.209643636209,-38.6512172763139,6.23791656403023));
#5064=CARTESIAN_POINT('',(-35.941042491,-38.651215261,6.237858857));
#5065=CARTESIAN_POINT('Origin',(-106.575271492,-51.2339304358338,-25.6564566683916));
#5066=CARTESIAN_POINT('',(-178.96128823,-40.625497949,7.25018941933333));
#5067=CARTESIAN_POINT('',(-178.95229619,-51.1791389033333,8.91786022033333));
#5068=CARTESIAN_POINT('Ctrl Pts',(-178.96128823,-40.62549775,7.250190036));
#5069=CARTESIAN_POINT('Ctrl Pts',(-178.957061615,-42.278703925,7.783073555));
#5070=CARTESIAN_POINT('Ctrl Pts',(-178.952524242,-45.764980413,8.623577958));
#5071=CARTESIAN_POINT('Ctrl Pts',(-178.951672356,-49.339561516,8.914844824));
#5072=CARTESIAN_POINT('Ctrl Pts',(-178.95229619,-51.179138903,8.917860468));
#5073=CARTESIAN_POINT('',(-177.302350137,-52.909798831,8.877265624));
#5074=CARTESIAN_POINT('Ctrl Pts',(-178.95229619,-51.179138903,8.917860468));
#5075=CARTESIAN_POINT('Ctrl Pts',(-178.95233326,-51.32021124,8.91808512));
#5076=CARTESIAN_POINT('Ctrl Pts',(-178.948789771,-51.587356045,8.916874577));
#5077=CARTESIAN_POINT('Ctrl Pts',(-178.896956012,-51.963020341,8.910803356));
#5078=CARTESIAN_POINT('Ctrl Pts',(-178.800497321,-52.235211296,8.903638909));
#5079=CARTESIAN_POINT('Ctrl Pts',(-178.69035434,-52.416592082,8.897744246));
#5080=CARTESIAN_POINT('Ctrl Pts',(-178.594908571,-52.53313982,8.893545107));
#5081=CARTESIAN_POINT('Ctrl Pts',(-178.483978052,-52.633908165,8.889590664));
#5082=CARTESIAN_POINT('Ctrl Pts',(-178.313135909,-52.749224431,8.884755651));
#5083=CARTESIAN_POINT('Ctrl Pts',(-178.111069455,-52.82941311,8.881086611));
#5084=CARTESIAN_POINT('Ctrl Pts',(-177.889277725,-52.87656185,8.878868719));
#5085=CARTESIAN_POINT('Ctrl Pts',(-177.702025434,-52.899038449,8.877785867));
#5086=CARTESIAN_POINT('Ctrl Pts',(-177.506148828,-52.908770072,8.877316685));
#5087=CARTESIAN_POINT('Ctrl Pts',(-177.370263444,-52.909816353,8.877264266));
#5088=CARTESIAN_POINT('Ctrl Pts',(-177.302350137,-52.909798831,8.877265624));
#5089=CARTESIAN_POINT('',(-35.848193172,-52.909798831,8.877265624));
#5090=CARTESIAN_POINT('',(-177.302350137,-52.909798831,8.877265624));
#5091=CARTESIAN_POINT('',(-34.198247117,-51.1791389243333,8.91786022033333));
#5092=CARTESIAN_POINT('Ctrl Pts',(-35.848193172,-52.909798831,8.877265624));
#5093=CARTESIAN_POINT('Ctrl Pts',(-35.712340014,-52.909797315,8.877266123));
#5094=CARTESIAN_POINT('Ctrl Pts',(-35.455681483,-52.906131575,8.87744461));
#5095=CARTESIAN_POINT('Ctrl Pts',(-35.096005499,-52.851627727,8.880070609));
#5096=CARTESIAN_POINT('Ctrl Pts',(-34.837402618,-52.749340913,8.884749241));
#5097=CARTESIAN_POINT('Ctrl Pts',(-34.666541835,-52.633821544,8.889596366));
#5098=CARTESIAN_POINT('Ctrl Pts',(-34.555671444,-52.533196875,8.893540756));
#5099=CARTESIAN_POINT('Ctrl Pts',(-34.460129024,-52.416549293,8.897748424));
#5100=CARTESIAN_POINT('Ctrl Pts',(-34.350133591,-52.235229629,8.903635558));
#5101=CARTESIAN_POINT('Ctrl Pts',(-34.274566626,-52.022522643,8.909239313));
#5102=CARTESIAN_POINT('Ctrl Pts',(-34.229769275,-51.789836476,8.913601377));
#5103=CARTESIAN_POINT('Ctrl Pts',(-34.208482626,-51.594517725,8.916220544));
#5104=CARTESIAN_POINT('Ctrl Pts',(-34.199176546,-51.390765463,8.917764095));
#5105=CARTESIAN_POINT('Ctrl Pts',(-34.198214077,-51.249666077,8.917975489));
#5106=CARTESIAN_POINT('Ctrl Pts',(-34.198247117,-51.179138924,8.917860468));
#5107=CARTESIAN_POINT('',(-34.189255079,-40.625497949,7.25018941933333));
#5108=CARTESIAN_POINT('Ctrl Pts',(-34.198247117,-51.179138924,8.917860468));
#5109=CARTESIAN_POINT('Ctrl Pts',(-34.198870953,-49.339561516,8.914844824));
#5110=CARTESIAN_POINT('Ctrl Pts',(-34.198019067,-45.764980413,8.623577958));
#5111=CARTESIAN_POINT('Ctrl Pts',(-34.193481694,-42.278703925,7.783073555));
#5112=CARTESIAN_POINT('Ctrl Pts',(-34.189255079,-40.62549775,7.250190036));
#5113=CARTESIAN_POINT('',(-35.941037334,-38.956833118,6.664734395));
#5114=CARTESIAN_POINT('Ctrl Pts',(-34.189255079,-40.62549775,7.250190036));
#5115=CARTESIAN_POINT('Ctrl Pts',(-34.188958299,-40.487068344,7.205566557));
#5116=CARTESIAN_POINT('Ctrl Pts',(-34.191974515,-40.226327076,7.119693629));
#5117=CARTESIAN_POINT('Ctrl Pts',(-34.235436801,-39.915642407,7.013232794));
#5118=CARTESIAN_POINT('Ctrl Pts',(-34.303894392,-39.697550937,6.936591622));
#5119=CARTESIAN_POINT('Ctrl Pts',(-34.368652674,-39.557006794,6.886481797));
#5120=CARTESIAN_POINT('Ctrl Pts',(-34.450251925,-39.430546632,6.840801796));
#5121=CARTESIAN_POINT('Ctrl Pts',(-34.546919482,-39.320186353,6.800489267));
#5122=CARTESIAN_POINT('Ctrl Pts',(-34.659703985,-39.224626781,6.765234453));
#5123=CARTESIAN_POINT('Ctrl Pts',(-34.790650681,-39.142903303,6.734833733));
#5124=CARTESIAN_POINT('Ctrl Pts',(-34.937765356,-39.077474736,6.710322792));
#5125=CARTESIAN_POINT('Ctrl Pts',(-35.169811233,-39.006952517,6.683756401));
#5126=CARTESIAN_POINT('Ctrl Pts',(-35.431346916,-38.971221488,6.670193169));
#5127=CARTESIAN_POINT('Ctrl Pts',(-35.713719444,-38.957957562,6.665165018));
#5128=CARTESIAN_POINT('Ctrl Pts',(-35.865342606,-38.956854401,6.664740776));
#5129=CARTESIAN_POINT('Ctrl Pts',(-35.941037334,-38.956833118,6.664734395));
#5130=CARTESIAN_POINT('',(-177.209505975,-38.956833118,6.664734395));
#5131=CARTESIAN_POINT('',(-35.941037334,-38.956833118,6.664734395));
#5132=CARTESIAN_POINT('Ctrl Pts',(-177.209505975,-38.956833118,6.664734395));
#5133=CARTESIAN_POINT('Ctrl Pts',(-177.361024297,-38.956875828,6.664750725));
#5134=CARTESIAN_POINT('Ctrl Pts',(-177.644179705,-38.960942665,6.666296509));
#5135=CARTESIAN_POINT('Ctrl Pts',(-177.980679849,-39.006968724,6.683759628));
#5136=CARTESIAN_POINT('Ctrl Pts',(-178.212832652,-39.077457415,6.7103186));
#5137=CARTESIAN_POINT('Ctrl Pts',(-178.359857347,-39.142910885,6.734835078));
#5138=CARTESIAN_POINT('Ctrl Pts',(-178.490861681,-39.224626507,6.765235381));
#5139=CARTESIAN_POINT('Ctrl Pts',(-178.603612478,-39.320178389,6.800485534));
#5140=CARTESIAN_POINT('Ctrl Pts',(-178.700293819,-39.430563709,6.840808826));
#5141=CARTESIAN_POINT('Ctrl Pts',(-178.781895783,-39.556979294,6.886470791));
#5142=CARTESIAN_POINT('Ctrl Pts',(-178.846634567,-39.69759349,6.936608514));
#5143=CARTESIAN_POINT('Ctrl Pts',(-178.915122872,-39.915602667,7.01321652));
#5144=CARTESIAN_POINT('Ctrl Pts',(-178.949002553,-40.158089503,7.096313886));
#5145=CARTESIAN_POINT('Ctrl Pts',(-178.9607976,-40.417974585,7.182807773));
#5146=CARTESIAN_POINT('Ctrl Pts',(-178.961429182,-40.556334441,7.227901908));
#5147=CARTESIAN_POINT('Ctrl Pts',(-178.96128823,-40.62549775,7.250190036));
#5148=CARTESIAN_POINT('Ctrl Pts',(-179.275271654,-38.66215951,6.551261135));
#5149=CARTESIAN_POINT('Ctrl Pts',(-179.275271654,-45.691236479,9.29494965));
#5150=CARTESIAN_POINT('Ctrl Pts',(-179.275271654,-53.224301032,8.860567177));
#5151=CARTESIAN_POINT('Ctrl Pts',(-180.283604988,-38.58590115,4.367507423));
#5152=CARTESIAN_POINT('Ctrl Pts',(-180.299304426,-46.297920192,6.148393271));
#5153=CARTESIAN_POINT('Ctrl Pts',(-180.283604988,-54.327328831,5.907044785));
#5154=CARTESIAN_POINT('Ctrl Pts',(-181.291938321,-38.50964279,2.183753712));
#5155=CARTESIAN_POINT('Ctrl Pts',(-181.307516485,-46.895230994,3.05044936));
#5156=CARTESIAN_POINT('Ctrl Pts',(-181.291938321,-55.430356631,2.953522392));
#5157=CARTESIAN_POINT('Ctrl Pts',(-182.300271654,-38.43338443,0.));
#5158=CARTESIAN_POINT('Ctrl Pts',(-182.300271654,-47.48338443,0.));
#5159=CARTESIAN_POINT('Ctrl Pts',(-182.300271654,-56.53338443,0.));
#5160=CARTESIAN_POINT('',(-179.399427037,-40.717355979,6.975936125));
#5161=CARTESIAN_POINT('Ctrl Pts',(-182.300271654,-38.887327372,-5.390900798E-17));
#5162=CARTESIAN_POINT('Ctrl Pts',(-182.271477235,-38.904212813,0.063623669));
#5163=CARTESIAN_POINT('Ctrl Pts',(-182.242747733959,-38.9210904407778,0.127252394821889));
#5164=CARTESIAN_POINT('Ctrl Pts',(-182.214063829,-38.937972881,0.190873537));
#5165=CARTESIAN_POINT('Ctrl Pts',(-181.193596503873,-39.5385877080221,2.45427863729128));
#5166=CARTESIAN_POINT('Ctrl Pts',(-180.25164655,-40.132027139,4.715493388));
#5167=CARTESIAN_POINT('Ctrl Pts',(-179.399427037,-40.717355979,6.975936125));
#5168=CARTESIAN_POINT('',(-179.378943480389,-51.1792495877346,8.61191417700572));
#5169=CARTESIAN_POINT('Ctrl Pts',(-179.378932103,-51.179259405,8.611910331));
#5170=CARTESIAN_POINT('Ctrl Pts',(-180.354610375805,-52.7995468532569,5.73746676734484));
#5171=CARTESIAN_POINT('Ctrl Pts',(-181.322733788701,-54.4136182458801,2.8689678404703));
#5172=CARTESIAN_POINT('Ctrl Pts',(-182.300270859904,-56.0291097636665,2.33058447390345E-6));
#5173=CARTESIAN_POINT('Ctrl Pts',(-179.399483180798,-40.7173503664373,6.97595953968153));
#5174=CARTESIAN_POINT('Ctrl Pts',(-179.397148983382,-41.1275369342981,7.10602595239325));
#5175=CARTESIAN_POINT('Ctrl Pts',(-179.395068310051,-41.5400144241146,7.22866219819821));
#5176=CARTESIAN_POINT('Ctrl Pts',(-179.39321250739,-41.9545586934345,7.34368413882574));
#5177=CARTESIAN_POINT('Ctrl Pts',(-179.391404567519,-42.3584114996132,7.45573956193108));
#5178=CARTESIAN_POINT('Ctrl Pts',(-179.389810034716,-42.7642254857388,7.56056877172534));
#5179=CARTESIAN_POINT('Ctrl Pts',(-179.388401423095,-43.1717660651807,7.65805048360385));
#5180=CARTESIAN_POINT('Ctrl Pts',(-179.38693687481,-43.5954902826351,7.75940324248347));
#5181=CARTESIAN_POINT('Ctrl Pts',(-179.385673301116,-44.0210808612938,7.85281328812168));
#5182=CARTESIAN_POINT('Ctrl Pts',(-179.384578858695,-44.4482472258482,7.93819627875775));
#5183=CARTESIAN_POINT('Ctrl Pts',(-179.383484416274,-44.8754135904026,8.02357926939383));
#5184=CARTESIAN_POINT('Ctrl Pts',(-179.382559091512,-45.3041554940725,8.10093551188774));
#5185=CARTESIAN_POINT('Ctrl Pts',(-179.381770265934,-45.734158747631,8.17022942222908));
#5186=CARTESIAN_POINT('Ctrl Pts',(-179.38089676636,-46.210319345442,8.24696146902117));
#5187=CARTESIAN_POINT('Ctrl Pts',(-179.380199390816,-46.6880576751372,8.31378763725484));
#5188=CARTESIAN_POINT('Ctrl Pts',(-179.379670055715,-47.1669738908309,8.37061101266753));
#5189=CARTESIAN_POINT('Ctrl Pts',(-179.379136994485,-47.6492613238355,8.4278343827778));
#5190=CARTESIAN_POINT('Ctrl Pts',(-179.378774344107,-48.1327430531898,8.47491365787688));
#5191=CARTESIAN_POINT('Ctrl Pts',(-179.378573008179,-48.6169998798115,8.51180206832934));
#5192=CARTESIAN_POINT('Ctrl Pts',(-179.378368923339,-49.1078684362954,8.5491941293068));
#5193=CARTESIAN_POINT('Ctrl Pts',(-179.378330584166,-49.5995331682202,8.57611514879401));
#5194=CARTESIAN_POINT('Ctrl Pts',(-179.378447711207,-50.0915498652501,8.59256980548527));
#5195=CARTESIAN_POINT('Ctrl Pts',(-179.378533991359,-50.4539877378157,8.60469092007544));
#5196=CARTESIAN_POINT('Ctrl Pts',(-179.378704615565,-50.8166164250673,8.61113375183017));
#5197=CARTESIAN_POINT('Ctrl Pts',(-179.378955222145,-51.1792568929665,8.61191815820551));
#5198=CARTESIAN_POINT('Origin',(-32.362771654625,-54.878842731,4.4302835885));
#5199=CARTESIAN_POINT('',(-177.302350062762,-53.3337246242654,8.56756909454581));
#5200=CARTESIAN_POINT('Ctrl Pts',(-177.302349920081,-53.3337246486156,8.56756902934447));
#5201=CARTESIAN_POINT('Ctrl Pts',(-178.790460670668,-54.4010221049974,5.7097199887763));
#5202=CARTESIAN_POINT('Ctrl Pts',(-180.292769039446,-55.4642852889067,2.86267316863029));
#5203=CARTESIAN_POINT('Ctrl Pts',(-181.798812953686,-56.5297439608941,0.00974790149424228));
#5204=CARTESIAN_POINT('Ctrl Pts',(-181.801386549,-56.531564172,0.004874015));
#5205=CARTESIAN_POINT('Ctrl Pts',(-181.803959874,-56.53338443,-1.891702503E-10));
#5206=CARTESIAN_POINT('',(-35.8481932434555,-53.3337246252259,8.56756909197402));
#5207=CARTESIAN_POINT('Ctrl Pts',(-35.8481933873023,-53.3337246497751,8.56756902623974));
#5208=CARTESIAN_POINT('Ctrl Pts',(-34.3600826372442,-54.4010221057675,5.70971998671431));
#5209=CARTESIAN_POINT('Ctrl Pts',(-32.8577742690003,-55.4642852892903,2.86267316760328));
#5210=CARTESIAN_POINT('Ctrl Pts',(-31.3517303553136,-56.5297439608941,0.00974790149424973));
#5211=CARTESIAN_POINT('Ctrl Pts',(-31.34915676,-56.531564172,0.004874015));
#5212=CARTESIAN_POINT('Ctrl Pts',(-31.346583435,-56.53338443,-1.891848182E-10));
#5213=CARTESIAN_POINT('',(-177.302349876,-53.333724617,8.567569114));
#5214=CARTESIAN_POINT('Ctrl Pts',(-33.875271655,-53.224301032,8.860567177));
#5215=CARTESIAN_POINT('Ctrl Pts',(-33.875271655,-45.691236479,9.29494965));
#5216=CARTESIAN_POINT('Ctrl Pts',(-33.875271655,-38.66215951,6.551261135));
#5217=CARTESIAN_POINT('Ctrl Pts',(-32.866938321,-54.327328831,5.907044785));
#5218=CARTESIAN_POINT('Ctrl Pts',(-32.851238883,-46.297920192,6.148393271));
#5219=CARTESIAN_POINT('Ctrl Pts',(-32.866938321,-38.58590115,4.367507423));
#5220=CARTESIAN_POINT('Ctrl Pts',(-31.858604988,-55.430356631,2.953522392));
#5221=CARTESIAN_POINT('Ctrl Pts',(-31.843026824,-46.895230994,3.05044936));
#5222=CARTESIAN_POINT('Ctrl Pts',(-31.858604988,-38.50964279,2.183753712));
#5223=CARTESIAN_POINT('Ctrl Pts',(-30.850271655,-56.53338443,0.));
#5224=CARTESIAN_POINT('Ctrl Pts',(-30.850271655,-47.48338443,0.));
#5225=CARTESIAN_POINT('Ctrl Pts',(-30.850271655,-38.43338443,0.));
#5226=CARTESIAN_POINT('',(-33.7715998243245,-51.1792495855756,8.61191417473946));
#5227=CARTESIAN_POINT('Ctrl Pts',(-33.771611198,-51.179259405,8.61191033));
#5228=CARTESIAN_POINT('Ctrl Pts',(-32.7959329281952,-52.7995468522569,5.73746676634485));
#5229=CARTESIAN_POINT('Ctrl Pts',(-31.827809517299,-54.4136182448801,2.86896783947031));
#5230=CARTESIAN_POINT('Ctrl Pts',(-30.8502724490956,-56.0291097636665,2.33058448985557E-6));
#5231=CARTESIAN_POINT('',(-33.751116272,-40.717355979,6.975936125));
#5232=CARTESIAN_POINT('Ctrl Pts',(-33.751116272,-40.717355979,6.975936125));
#5233=CARTESIAN_POINT('Ctrl Pts',(-32.898896759,-40.132027139,4.715493388));
#5234=CARTESIAN_POINT('Ctrl Pts',(-31.9569468051275,-39.5385877080221,2.45427863729125));
#5235=CARTESIAN_POINT('Ctrl Pts',(-30.93647948,-38.937972881,0.190873537));
#5236=CARTESIAN_POINT('Ctrl Pts',(-30.9077955750412,-38.9210904407778,0.127252394821888));
#5237=CARTESIAN_POINT('Ctrl Pts',(-30.879066074,-38.904212813,0.063623669));
#5238=CARTESIAN_POINT('Ctrl Pts',(-30.850271655,-38.887327372,3.066822265E-16));
#5239=CARTESIAN_POINT('Ctrl Pts',(-33.7715880857282,-51.1792568920146,8.61191815487527));
#5240=CARTESIAN_POINT('Ctrl Pts',(-33.7719280528058,-50.6873077308718,8.61085404940945));
#5241=CARTESIAN_POINT('Ctrl Pts',(-33.7721208018755,-50.1953803704754,8.59937482020233));
#5242=CARTESIAN_POINT('Ctrl Pts',(-33.7721555358023,-49.7039213538123,8.57743759340301));
#5243=CARTESIAN_POINT('Ctrl Pts',(-33.7721899609763,-49.216830956659,8.55569536841206));
#5244=CARTESIAN_POINT('Ctrl Pts',(-33.7720691628443,-48.7302008430766,8.52368017326487));
#5245=CARTESIAN_POINT('Ctrl Pts',(-33.7717833496578,-48.2444610126182,8.48140075315633));
#5246=CARTESIAN_POINT('Ctrl Pts',(-33.7715008326932,-47.7643231149096,8.43960893248538));
#5247=CARTESIAN_POINT('Ctrl Pts',(-33.771057081285,-47.2850553031965,8.38778826443228));
#5248=CARTESIAN_POINT('Ctrl Pts',(-33.7704434076383,-46.807064898866,8.32599728035197));
#5249=CARTESIAN_POINT('Ctrl Pts',(-33.7699832595918,-46.4486555847768,8.27966483513869));
#5250=CARTESIAN_POINT('Ctrl Pts',(-33.7694275901721,-46.0909643377941,8.22772771879063));
#5251=CARTESIAN_POINT('Ctrl Pts',(-33.7687730430887,-45.7341587488067,8.1702294224765));
#5252=CARTESIAN_POINT('Ctrl Pts',(-33.7679914865306,-45.3081179717854,8.10157405497345));
#5253=CARTESIAN_POINT('Ctrl Pts',(-33.7670759359166,-44.8833153718868,8.02500432971362));
#5254=CARTESIAN_POINT('Ctrl Pts',(-33.7659946631207,-44.4600566315613,7.94055464592295));
#5255=CARTESIAN_POINT('Ctrl Pts',(-33.7649333748711,-44.0446207403087,7.85766579730853));
#5256=CARTESIAN_POINT('Ctrl Pts',(-33.7637124237211,-43.6306723211393,7.76718544277413));
#5257=CARTESIAN_POINT('Ctrl Pts',(-33.7623025055787,-43.2184791504123,7.66919006676927));
#5258=CARTESIAN_POINT('Ctrl Pts',(-33.7608629593428,-42.7976241308442,7.56913541080939));
#5259=CARTESIAN_POINT('Ctrl Pts',(-33.7592264057648,-42.378599246246,7.46124615199796));
#5260=CARTESIAN_POINT('Ctrl Pts',(-33.7573625836323,-41.9616631886609,7.34565459368707));
#5261=CARTESIAN_POINT('Ctrl Pts',(-33.7555996881912,-41.5673043803106,7.23632236309307));
#5262=CARTESIAN_POINT('Ctrl Pts',(-33.7536334709183,-41.1748142901933,7.1200996736061));
#5263=CARTESIAN_POINT('Ctrl Pts',(-33.751439237404,-40.7843866882759,6.99714359587342));
#5264=CARTESIAN_POINT('Ctrl Pts',(-33.751313616381,-40.7620345026775,6.99010429574086));
#5265=CARTESIAN_POINT('Ctrl Pts',(-33.7511872482682,-40.739689069954,6.98304293841357));
#5266=CARTESIAN_POINT('Ctrl Pts',(-33.7510601285284,-40.7173504238099,6.97595955787389));
#5267=CARTESIAN_POINT('Ctrl Pts',(-178.661395218,-49.990648713,10.71931434));
#5268=CARTESIAN_POINT('Ctrl Pts',(-178.5782592932,-50.7805235273405,10.9860309224945));
#5269=CARTESIAN_POINT('Ctrl Pts',(-178.484836303044,-51.5704849881725,11.2492818473296));
#5270=CARTESIAN_POINT('Ctrl Pts',(-177.741479322813,-52.3218268621467,11.2770944966627));
#5271=CARTESIAN_POINT('Ctrl Pts',(-176.943183234099,-52.4107944443953,11.0388530960941));
#5272=CARTESIAN_POINT('Ctrl Pts',(-176.144887612877,-52.4997676617841,10.8006139593837));
#5273=CARTESIAN_POINT('Ctrl Pts',(-178.880858988,-50.353117927,10.077023321));
#5274=CARTESIAN_POINT('Ctrl Pts',(-178.799477861177,-51.1060452085453,10.3305673191328));
#5275=CARTESIAN_POINT('Ctrl Pts',(-178.70957104299,-51.8590143583281,10.5812320239324));
#5276=CARTESIAN_POINT('Ctrl Pts',(-178.000858506601,-52.5721466490225,10.6068248307739));
#5277=CARTESIAN_POINT('Ctrl Pts',(-177.239836395983,-52.6568655831915,10.3799607091721));
#5278=CARTESIAN_POINT('Ctrl Pts',(-176.478814730482,-52.7415898655273,10.1530987357303));
#5279=CARTESIAN_POINT('Ctrl Pts',(-179.099248716,-50.715053809,9.435303957));
#5280=CARTESIAN_POINT('Ctrl Pts',(-179.020425399432,-51.4307000918043,9.67581128615658));
#5281=CARTESIAN_POINT('Ctrl Pts',(-178.934494707546,-52.1463692547385,9.91391488467767));
#5282=CARTESIAN_POINT('Ctrl Pts',(-178.260683202572,-52.8221004087773,9.93753527399037));
#5283=CARTESIAN_POINT('Ctrl Pts',(-177.537300168009,-52.902579885092,9.72202380797063));
#5284=CARTESIAN_POINT('Ctrl Pts',(-176.813917556265,-52.983064426401,9.5065143757277));
#5285=CARTESIAN_POINT('Ctrl Pts',(-180.313744471,-52.731399614,5.858556795));
#5286=CARTESIAN_POINT('Ctrl Pts',(-180.252278574663,-53.2379246046687,6.02690569749194));
#5287=CARTESIAN_POINT('Ctrl Pts',(-180.190153853588,-53.7444224301833,6.19502223566577));
#5288=CARTESIAN_POINT('Ctrl Pts',(-179.712022781607,-54.2146722553427,6.20871049747674));
#5289=CARTESIAN_POINT('Ctrl Pts',(-179.199898649803,-54.2715151479193,6.05649429307044));
#5290=CARTESIAN_POINT('Ctrl Pts',(-178.687774807255,-54.328361559174,5.90427950134807));
#5291=CARTESIAN_POINT('Ctrl Pts',(-181.302100428,-54.379514986,2.929521641));
#5292=CARTESIAN_POINT('Ctrl Pts',(-181.263951289797,-54.7109770011335,3.04032405327148));
#5293=CARTESIAN_POINT('Ctrl Pts',(-181.225566353256,-55.0424483073197,3.15104879610237));
#5294=CARTESIAN_POINT('Ctrl Pts',(-180.911465764334,-55.3531797020047,3.16018235471963));
#5295=CARTESIAN_POINT('Ctrl Pts',(-180.576511737849,-55.3905447739309,3.06012460982075));
#5296=CARTESIAN_POINT('Ctrl Pts',(-180.241557888813,-55.4279121729301,2.96006779503254));
#5297=CARTESIAN_POINT('Ctrl Pts',(-182.349039188,-56.109735772,-0.14318813));
#5298=CARTESIAN_POINT('Ctrl Pts',(-182.332074475883,-56.2588524399431,-0.0932774514371711));
#5299=CARTESIAN_POINT('Ctrl Pts',(-182.315086571634,-56.4079691118862,-0.0433746719191507));
#5300=CARTESIAN_POINT('Ctrl Pts',(-182.173595220057,-56.5480467399166,-0.039257307964367));
#5301=CARTESIAN_POINT('Ctrl Pts',(-182.02292036355,-56.5648672428395,-0.0842999550196946));
#5302=CARTESIAN_POINT('Ctrl Pts',(-181.872245585188,-56.5816887955568,-0.129342184771666));
#5303=CARTESIAN_POINT('Ctrl Pts',(-182.397824098,-56.190361643,-0.286374947));
#5304=CARTESIAN_POINT('Ctrl Pts',(-182.381855162707,-56.3309770908309,-0.239300657482088));
#5305=CARTESIAN_POINT('Ctrl Pts',(-182.365868288312,-56.4715925456618,-0.19223247699883));
#5306=CARTESIAN_POINT('Ctrl Pts',(-182.232424870537,-56.6037257963181,-0.18834651593343));
#5307=CARTESIAN_POINT('Ctrl Pts',(-182.090341960028,-56.6195891849804,-0.230826162941841));
#5308=CARTESIAN_POINT('Ctrl Pts',(-181.948259122036,-56.6354535629825,-0.273305415424503));
#5309=CARTESIAN_POINT('Ctrl Pts',(-182.446626977,-56.270988996,-0.429560639));
#5310=CARTESIAN_POINT('Ctrl Pts',(-182.431649166518,-56.4031050427238,-0.385323515529209));
#5311=CARTESIAN_POINT('Ctrl Pts',(-182.416657558958,-56.5352210974477,-0.341091091085073));
#5312=CARTESIAN_POINT('Ctrl Pts',(-182.29126368503,-56.6594052216792,-0.337436713904033));
#5313=CARTESIAN_POINT('Ctrl Pts',(-182.157770534481,-56.67431137512,-0.3773530358603));
#5314=CARTESIAN_POINT('Ctrl Pts',(-182.024277451852,-56.6892184584065,-0.417268987072746));
#5315=CARTESIAN_POINT('Ctrl Pts',(-179.378932886814,-51.1792594049648,8.61191059645255));
#5316=CARTESIAN_POINT('Ctrl Pts',(-179.378840271926,-51.3192491853794,8.61220265986642));
#5317=CARTESIAN_POINT('Ctrl Pts',(-179.378818396528,-51.465994934891,8.61354091283314));
#5318=CARTESIAN_POINT('Ctrl Pts',(-179.369538866639,-51.6208563336256,8.61548186551731));
#5319=CARTESIAN_POINT('Ctrl Pts',(-179.361253931419,-51.759119443057,8.61721478382727));
#5320=CARTESIAN_POINT('Ctrl Pts',(-179.345589442979,-51.903851728902,8.61942810847749));
#5321=CARTESIAN_POINT('Ctrl Pts',(-179.312874441125,-52.0547393814292,8.62154568097752));
#5322=CARTESIAN_POINT('Ctrl Pts',(-179.283916574402,-52.1882984303186,8.62342006211023));
#5323=CARTESIAN_POINT('Ctrl Pts',(-179.241599561952,-52.3266801795005,8.62521938894164));
#5324=CARTESIAN_POINT('Ctrl Pts',(-179.174670680828,-52.4656248685807,8.62575446291738));
#5325=CARTESIAN_POINT('Ctrl Pts',(-179.144225071086,-52.528830105369,8.6259978653645));
#5326=CARTESIAN_POINT('Ctrl Pts',(-179.108686535982,-52.5921518291119,8.62597965387777));
#5327=CARTESIAN_POINT('Ctrl Pts',(-179.067382307877,-52.6537078641188,8.62549030019481));
#5328=CARTESIAN_POINT('Ctrl Pts',(-179.026078080047,-52.7152638987157,8.62500094651511));
#5329=CARTESIAN_POINT('Ctrl Pts',(-178.979008166043,-52.7750542603144,8.6240404583455));
#5330=CARTESIAN_POINT('Ctrl Pts',(-178.926664982038,-52.8310858000078,8.62253094074102));
#5331=CARTESIAN_POINT('Ctrl Pts',(-178.875230072844,-52.8861450634242,8.62104761674401));
#5332=CARTESIAN_POINT('Ctrl Pts',(-178.818703314219,-52.9375748400643,8.61903415924109));
#5333=CARTESIAN_POINT('Ctrl Pts',(-178.759130138064,-52.9834591293578,8.61659161585756));
#5334=CARTESIAN_POINT('Ctrl Pts',(-178.699556961909,-53.0293434186513,8.61414907247404));
#5335=CARTESIAN_POINT('Ctrl Pts',(-178.63693736438,-53.0696822445356,8.61127745206379));
#5336=CARTESIAN_POINT('Ctrl Pts',(-178.57375299265,-53.1043508586724,8.60828607844952));
#5337=CARTESIAN_POINT('Ctrl Pts',(-178.437143362056,-53.1793071562637,8.60181849108207));
#5338=CARTESIAN_POINT('Ctrl Pts',(-178.297893633546,-53.2277575665518,8.59479111040337));
#5339=CARTESIAN_POINT('Ctrl Pts',(-178.165034031638,-53.2601932478407,8.58891406738256));
#5340=CARTESIAN_POINT('Ctrl Pts',(-178.089653119055,-53.2785963682826,8.58557959354829));
#5341=CARTESIAN_POINT('Ctrl Pts',(-178.016329269986,-53.2918441556443,8.58261542730592));
#5342=CARTESIAN_POINT('Ctrl Pts',(-177.944691483144,-53.3018137509644,8.58002857682981));
#5343=CARTESIAN_POINT('Ctrl Pts',(-177.873053696303,-53.3117833462845,8.5774417263537));
#5344=CARTESIAN_POINT('Ctrl Pts',(-177.80310197487,-53.3184747475949,8.57523219093013));
#5345=CARTESIAN_POINT('Ctrl Pts',(-177.73509663783,-53.3230823333742,8.57345186948362));
#5346=CARTESIAN_POINT('Ctrl Pts',(-177.65852954275,-53.3282700064866,8.57144740854862));
#5347=CARTESIAN_POINT('Ctrl Pts',(-177.584429777203,-53.3308161363946,8.56998703930897));
#5348=CARTESIAN_POINT('Ctrl Pts',(-177.51234661455,-53.3321852104351,8.56901498185127));
#5349=CARTESIAN_POINT('Ctrl Pts',(-177.440263451898,-53.3335542844756,8.56804292439357));
#5350=CARTESIAN_POINT('Ctrl Pts',(-177.370196898725,-53.3337463015413,8.56755917973713));
#5351=CARTESIAN_POINT('Ctrl Pts',(-177.302350137,-53.333724617,8.567569114));
#5352=CARTESIAN_POINT('Ctrl Pts',(-37.0057302963059,-52.4997759762709,10.8005916960985));
#5353=CARTESIAN_POINT('Ctrl Pts',(-36.2074197551974,-52.4108010941751,11.0388352847391));
#5354=CARTESIAN_POINT('Ctrl Pts',(-35.4091056665905,-52.3218689895385,11.2770960558599));
#5355=CARTESIAN_POINT('Ctrl Pts',(-34.6657104980851,-51.570514516717,11.2492916875763));
#5356=CARTESIAN_POINT('Ctrl Pts',(-34.5722855695995,-50.7805382899933,10.9860359073911));
#5357=CARTESIAN_POINT('Ctrl Pts',(-34.489148091,-49.990648713,10.71931434));
#5358=CARTESIAN_POINT('Ctrl Pts',(-36.6717996954751,-52.741597782954,10.1530775356332));
#5359=CARTESIAN_POINT('Ctrl Pts',(-35.9107638067255,-52.6568719154159,10.3799437484047));
#5360=CARTESIAN_POINT('Ctrl Pts',(-35.1497245402702,-52.5721866340173,10.6068262655162));
#5361=CARTESIAN_POINT('Ctrl Pts',(-34.440975626705,-51.8590425041101,10.5812413937099));
#5362=CARTESIAN_POINT('Ctrl Pts',(-34.3510669688254,-51.1060592806538,10.3305720578356));
#5363=CARTESIAN_POINT('Ctrl Pts',(-34.269684321,-50.353117927,10.077023321));
#5364=CARTESIAN_POINT('Ctrl Pts',(-36.3366933523484,-52.9830719476267,9.50649423651787));
#5365=CARTESIAN_POINT('Ctrl Pts',(-35.6132972208166,-52.9025859004463,9.72200769594951));
#5366=CARTESIAN_POINT('Ctrl Pts',(-34.8898978873801,-52.8221382967055,9.93753659815119));
#5367=CARTESIAN_POINT('Ctrl Pts',(-34.2160518135228,-52.1463960062571,9.91392378492456));
#5368=CARTESIAN_POINT('Ctrl Pts',(-34.1301193827655,-51.430713467136,9.67581578120585));
#5369=CARTESIAN_POINT('Ctrl Pts',(-34.051294593,-50.715053809,9.435303957));
#5370=CARTESIAN_POINT('Ctrl Pts',(-34.4628163593691,-54.3283668714326,5.90426527697933));
#5371=CARTESIAN_POINT('Ctrl Pts',(-33.9506829453898,-54.2715193965965,6.05648291312211));
#5372=CARTESIAN_POINT('Ctrl Pts',(-33.4385473364431,-54.2146986220205,6.20871126481016));
#5373=CARTESIAN_POINT('Ctrl Pts',(-32.960391777617,-53.7444413629343,6.19502851981614));
#5374=CARTESIAN_POINT('Ctrl Pts',(-32.8982658831264,-53.2379340715519,6.02690884391003));
#5375=CARTESIAN_POINT('Ctrl Pts',(-32.836798838,-52.731399614,5.858556795));
#5376=CARTESIAN_POINT('Ctrl Pts',(-32.9090167213967,-55.4279156648882,2.96005844479126));
#5377=CARTESIAN_POINT('Ctrl Pts',(-32.5740566121753,-55.3905475667504,3.06011712932934));
#5378=CARTESIAN_POINT('Ctrl Pts',(-32.2390951564467,-55.3531971245655,3.16018286672808));
#5379=CARTESIAN_POINT('Ctrl Pts',(-31.9249783905628,-55.0424606976269,3.15105293496311));
#5380=CARTESIAN_POINT('Ctrl Pts',(-31.8865927322055,-54.7109831961135,3.04032612415349));
#5381=CARTESIAN_POINT('Ctrl Pts',(-31.848442881,-54.379514986,2.929521641));
#5382=CARTESIAN_POINT('Ctrl Pts',(-31.2783118042676,-56.5816903675195,-0.129346393937396));
#5383=CARTESIAN_POINT('Ctrl Pts',(-31.1276342098396,-56.5648685000728,-0.0843033224865122));
#5384=CARTESIAN_POINT('Ctrl Pts',(-30.9769560224355,-56.5480545940026,-0.0392570771534307));
#5385=CARTESIAN_POINT('Ctrl Pts',(-30.8354573723696,-56.4079746858269,-0.0433728065668319));
#5386=CARTESIAN_POINT('Ctrl Pts',(-30.8184691501856,-56.2588552269134,-0.0932765186133783));
#5387=CARTESIAN_POINT('Ctrl Pts',(-30.801504121,-56.109735772,-0.14318813));
#5388=CARTESIAN_POINT('Ctrl Pts',(-31.202297464509,-56.6354550454979,-0.273309385081751));
#5389=CARTESIAN_POINT('Ctrl Pts',(-31.0602119710311,-56.619590370675,-0.230829338794313));
#5390=CARTESIAN_POINT('Ctrl Pts',(-30.9181259207043,-56.6037332049667,-0.188346298094431));
#5391=CARTESIAN_POINT('Ctrl Pts',(-30.7846756182729,-56.4715978018293,-0.192230717603052));
#5392=CARTESIAN_POINT('Ctrl Pts',(-30.7686884447503,-56.3309797189145,-0.239299777670021));
#5393=CARTESIAN_POINT('Ctrl Pts',(-30.752719211,-56.190361643,-0.286374947));
#5394=CARTESIAN_POINT('Ctrl Pts',(-31.1262783319856,-56.6892198514634,-0.417272717191233));
#5395=CARTESIAN_POINT('Ctrl Pts',(-30.9927827544109,-56.6743124892669,-0.377356020074128));
#5396=CARTESIAN_POINT('Ctrl Pts',(-30.8592866548691,-56.6594121846241,-0.33743650904712));
#5397=CARTESIAN_POINT('Ctrl Pts',(-30.7338863104243,-56.5352260359099,-0.341089437689083));
#5398=CARTESIAN_POINT('Ctrl Pts',(-30.7188944224152,-56.4031075119548,-0.385322688743389));
#5399=CARTESIAN_POINT('Ctrl Pts',(-30.703916332,-56.270988996,-0.429560639));
#5400=CARTESIAN_POINT('Ctrl Pts',(-35.848193172,-53.3337246169625,8.56756911410036));
#5401=CARTESIAN_POINT('Ctrl Pts',(-35.7124097729529,-53.3334724171599,8.56753444760851));
#5402=CARTESIAN_POINT('Ctrl Pts',(-35.5684089798487,-53.3334410961151,8.56947123998445));
#5403=CARTESIAN_POINT('Ctrl Pts',(-35.4153324554319,-53.3231848035989,8.57348066568415));
#5404=CARTESIAN_POINT('Ctrl Pts',(-35.2793729975169,-53.3140753730312,8.57704175610451));
#5405=CARTESIAN_POINT('Ctrl Pts',(-35.1362540493028,-53.2968998426288,8.58223786986389));
#5406=CARTESIAN_POINT('Ctrl Pts',(-34.9854221048241,-53.259981138429,8.58890925024819));
#5407=CARTESIAN_POINT('Ctrl Pts',(-34.8525007098752,-53.2274463482764,8.59478843711394));
#5408=CARTESIAN_POINT('Ctrl Pts',(-34.7135893505768,-53.1795788266465,8.60181333327821));
#5409=CARTESIAN_POINT('Ctrl Pts',(-34.5768588645893,-53.1044889154803,8.60828712520197));
#5410=CARTESIAN_POINT('Ctrl Pts',(-34.5136185953003,-53.0697585028094,8.61128136852395));
#5411=CARTESIAN_POINT('Ctrl Pts',(-34.450844860171,-53.0292045989599,8.61415771614892));
#5412=CARTESIAN_POINT('Ctrl Pts',(-34.3912780834142,-52.9833220504817,8.61660005384057));
#5413=CARTESIAN_POINT('Ctrl Pts',(-34.3317113066575,-52.9374395020035,8.61904239153221));
#5414=CARTESIAN_POINT('Ctrl Pts',(-34.2753514847059,-52.8862282891699,8.62105071220583));
#5415=CARTESIAN_POINT('Ctrl Pts',(-34.2239381748686,-52.8311744823262,8.62253042528177));
#5416=CARTESIAN_POINT('Ctrl Pts',(-34.1716169716383,-52.7751484955616,8.62403626820093));
#5417=CARTESIAN_POINT('Ctrl Pts',(-34.124418523894,-52.7151429840973,8.62499466049051));
#5418=CARTESIAN_POINT('Ctrl Pts',(-34.0831013588468,-52.6535708935003,8.62548527750315));
#5419=CARTESIAN_POINT('Ctrl Pts',(-34.0417841937997,-52.5919988029032,8.6259758945158));
#5420=CARTESIAN_POINT('Ctrl Pts',(-34.0063483172783,-52.5288601179614,8.62599872914469));
#5421=CARTESIAN_POINT('Ctrl Pts',(-33.9759339404197,-52.4657192189868,8.62575704714697));
#5422=CARTESIAN_POINT('Ctrl Pts',(-33.9090737186047,-52.3269159638464,8.62522575525));
#5423=CARTESIAN_POINT('Ctrl Pts',(-33.8664801955642,-52.1881020233845,8.62341618425853));
#5424=CARTESIAN_POINT('Ctrl Pts',(-33.8375640883334,-52.0545873205082,8.62154315758914));
#5425=CARTESIAN_POINT('Ctrl Pts',(-33.8212301761872,-51.9791685440592,8.62048513643776));
#5426=CARTESIAN_POINT('Ctrl Pts',(-33.8092604496585,-51.9054406626333,8.6194068767892));
#5427=CARTESIAN_POINT('Ctrl Pts',(-33.8002656950255,-51.8331753024338,8.61837180360685));
#5428=CARTESIAN_POINT('Ctrl Pts',(-33.7912709404408,-51.7609099426219,8.61733673043006));
#5429=CARTESIAN_POINT('Ctrl Pts',(-33.7852511523751,-51.6901071053349,8.61634484593054));
#5430=CARTESIAN_POINT('Ctrl Pts',(-33.7810852030883,-51.6209488599668,8.61547793652815));
#5431=CARTESIAN_POINT('Ctrl Pts',(-33.7764188794993,-51.543483982331,8.61450690219349));
#5432=CARTESIAN_POINT('Ctrl Pts',(-33.774078459118,-51.4680824881679,8.61369267181285));
#5433=CARTESIAN_POINT('Ctrl Pts',(-33.7728666888978,-51.3944844813369,8.61307927969605));
#5434=CARTESIAN_POINT('Ctrl Pts',(-33.7716550529063,-51.3208946270143,8.61246595552518));
#5435=CARTESIAN_POINT('Ctrl Pts',(-33.7715718116612,-51.2491078602726,8.61205342706602));
#5436=CARTESIAN_POINT('Ctrl Pts',(-33.7716104003611,-51.179259404007,8.6119106001333));
#5437=CARTESIAN_POINT('Ctrl Pts',(-34.5913766619597,-41.3185052080589,9.28421028537737));
#5438=CARTESIAN_POINT('Ctrl Pts',(-34.7235509871136,-40.4019414273098,9.26523217055414));
#5439=CARTESIAN_POINT('Ctrl Pts',(-34.883505503658,-39.4893633834879,9.2353988850072));
#5440=CARTESIAN_POINT('Ctrl Pts',(-35.6447414042861,-38.7465283049563,8.96768034956274));
#5441=CARTESIAN_POINT('Ctrl Pts',(-36.5089820217604,-38.7349145847855,8.63469387209485));
#5442=CARTESIAN_POINT('Ctrl Pts',(-37.3732206126785,-38.7232864849125,8.30170867808121));
#5443=CARTESIAN_POINT('Ctrl Pts',(-34.3593586084507,-41.148092967879,8.62442347850159));
#5444=CARTESIAN_POINT('Ctrl Pts',(-34.4778700183837,-40.2867795210368,8.60804902684116));
#5445=CARTESIAN_POINT('Ctrl Pts',(-34.6186847490674,-39.4284540452501,8.58281269535351));
#5446=CARTESIAN_POINT('Ctrl Pts',(-35.3388150383767,-38.7240991641362,8.32537231292109));
#5447=CARTESIAN_POINT('Ctrl Pts',(-36.1485568255812,-38.7130502198563,8.0085803993145));
#5448=CARTESIAN_POINT('Ctrl Pts',(-36.9582968505978,-38.7019876434464,7.69178965282159));
#5449=CARTESIAN_POINT('Ctrl Pts',(-34.1207455150386,-40.9777752295263,7.96561662081314));
#5450=CARTESIAN_POINT('Ctrl Pts',(-34.2256933129917,-40.1717192273754,7.95202946760455));
#5451=CARTESIAN_POINT('Ctrl Pts',(-34.3483245665582,-39.3678547239792,7.9313260360861));
#5452=CARTESIAN_POINT('Ctrl Pts',(-35.0267372567874,-38.7017410504202,7.68509840323101));
#5453=CARTESIAN_POINT('Ctrl Pts',(-35.7823065751376,-38.691284188548,7.38528280781752));
#5454=CARTESIAN_POINT('Ctrl Pts',(-36.5378743752123,-38.6808144338749,7.0854682661825));
#5455=CARTESIAN_POINT('Ctrl Pts',(-32.9903993630894,-40.1928607139087,4.93622219632339));
#5456=CARTESIAN_POINT('Ctrl Pts',(-33.0358875467784,-39.640568867153,4.93538300723001));
#5457=CARTESIAN_POINT('Ctrl Pts',(-33.081942591544,-39.0878524740661,4.934110411583));
#5458=CARTESIAN_POINT('Ctrl Pts',(-33.5648858213397,-38.5990493070067,4.74429288680766));
#5459=CARTESIAN_POINT('Ctrl Pts',(-34.0736920325226,-38.591436595151,4.52602184245014));
#5460=CARTESIAN_POINT('Ctrl Pts',(-34.5824977350817,-38.5838144221987,4.30775135762466));
#5461=CARTESIAN_POINT('Ctrl Pts',(-32.0069441005927,-39.569950485931,2.56454982881129));
#5462=CARTESIAN_POINT('Ctrl Pts',(-32.0185377937471,-39.2151218168555,2.57172685060179));
#5463=CARTESIAN_POINT('Ctrl Pts',(-32.029489478263,-38.8603157067576,2.57923577637765));
#5464=CARTESIAN_POINT('Ctrl Pts',(-32.3474580065506,-38.5189091511326,2.44929725978193));
#5465=CARTESIAN_POINT('Ctrl Pts',(-32.6715998925379,-38.5138729456118,2.30488952228965));
#5466=CARTESIAN_POINT('Ctrl Pts',(-32.9957416570932,-38.5088301267318,2.1604820693367));
#5467=CARTESIAN_POINT('Ctrl Pts',(-30.9077894344532,-38.9219602908513,0.12722382136425));
#5468=CARTESIAN_POINT('Ctrl Pts',(-30.9102492484795,-38.7595245313755,0.131784486897083));
#5469=CARTESIAN_POINT('Ctrl Pts',(-30.9122855818253,-38.5970838862659,0.136536702124629));
#5470=CARTESIAN_POINT('Ctrl Pts',(-31.0591125420685,-38.4360285015856,0.0758058044509879));
#5471=CARTESIAN_POINT('Ctrl Pts',(-31.2072247902203,-38.433697015105,0.00895125500310453));
#5472=CARTESIAN_POINT('Ctrl Pts',(-31.3553370130797,-38.4313624064879,-0.0579031730191726));
#5473=CARTESIAN_POINT('Ctrl Pts',(-30.8790543871389,-38.9050516724183,0.0635996654807367));
#5474=CARTESIAN_POINT('Ctrl Pts',(-30.8812765042042,-38.7476331604066,0.0680918193639391));
#5475=CARTESIAN_POINT('Ctrl Pts',(-30.8830819249956,-38.5902107099351,0.0727725626788336));
#5476=CARTESIAN_POINT('Ctrl Pts',(-31.0254441128089,-38.4338649694117,0.0138477350783361));
#5477=CARTESIAN_POINT('Ctrl Pts',(-31.1689634020664,-38.4316041275656,-0.050981193831744));
#5478=CARTESIAN_POINT('Ctrl Pts',(-31.3124826695548,-38.4293402558062,-0.115810005633682));
#5479=CARTESIAN_POINT('Ctrl Pts',(-30.7908293404227,-38.853231593527,-0.131347291463692));
#5480=CARTESIAN_POINT('Ctrl Pts',(-30.7923705924123,-38.7111646102055,-0.127085008476481));
#5481=CARTESIAN_POINT('Ctrl Pts',(-30.7935192531971,-38.5690964853921,-0.122644711914084));
#5482=CARTESIAN_POINT('Ctrl Pts',(-30.9221993016338,-38.4272348579641,-0.176021880272648));
#5483=CARTESIAN_POINT('Ctrl Pts',(-31.0516717222143,-38.4251905921173,-0.234640820733018));
#5484=CARTESIAN_POINT('Ctrl Pts',(-31.1811441271972,-38.4231435769132,-0.293259659114316));
#5485=CARTESIAN_POINT('Ctrl Pts',(-30.7311487303226,-38.8183087312364,-0.262666948464046));
#5486=CARTESIAN_POINT('Ctrl Pts',(-30.7322981672795,-38.6865523543532,-0.258587800541087));
#5487=CARTESIAN_POINT('Ctrl Pts',(-30.7330752417279,-38.5547964134105,-0.254339615970157));
#5488=CARTESIAN_POINT('Ctrl Pts',(-30.8525367061399,-38.4227673185931,-0.303960919792445));
#5489=CARTESIAN_POINT('Ctrl Pts',(-30.9725836249815,-38.4208690950909,-0.358392292129822));
#5490=CARTESIAN_POINT('Ctrl Pts',(-31.0926305322955,-38.4189683127057,-0.412823569875454));
#5491=CARTESIAN_POINT('Ctrl Pts',(-30.6712255030995,-38.7833733165089,-0.393980663073892));
#5492=CARTESIAN_POINT('Ctrl Pts',(-30.6720490068774,-38.6618959158377,-0.390112868055149));
#5493=CARTESIAN_POINT('Ctrl Pts',(-30.6725232611699,-38.5404201946932,-0.386086362312479));
#5494=CARTESIAN_POINT('Ctrl Pts',(-30.7827660985114,-38.4182985594608,-0.431934929644743));
#5495=CARTESIAN_POINT('Ctrl Pts',(-30.893424170644,-38.4165464869511,-0.482175607776793));
#5496=CARTESIAN_POINT('Ctrl Pts',(-31.0040822335951,-38.4147920465018,-0.532416198534132));
#5497=CARTESIAN_POINT('Ctrl Pts',(-33.7511044490525,-40.7173544704889,6.97594094933556));
#5498=CARTESIAN_POINT('Ctrl Pts',(-33.7508301580511,-40.5797373826291,6.93223755587637));
#5499=CARTESIAN_POINT('Ctrl Pts',(-33.7500446011849,-40.4358713464121,6.88772183411115));
#5500=CARTESIAN_POINT('Ctrl Pts',(-33.7586483315349,-40.2837157331124,6.84111042265042));
#5501=CARTESIAN_POINT('Ctrl Pts',(-33.7662866388312,-40.1486334741447,6.79972926938734));
#5502=CARTESIAN_POINT('Ctrl Pts',(-33.7813253628899,-40.0070175293306,6.7566963029614));
#5503=CARTESIAN_POINT('Ctrl Pts',(-33.8142033893585,-39.8583266943632,6.71105518281178));
#5504=CARTESIAN_POINT('Ctrl Pts',(-33.8285560126732,-39.7934169727692,6.69113093931151));
#5505=CARTESIAN_POINT('Ctrl Pts',(-33.8463082747439,-39.7271589658333,6.67070963900822));
#5506=CARTESIAN_POINT('Ctrl Pts',(-33.8692970595264,-39.6598030900635,6.64965198817248));
#5507=CARTESIAN_POINT('Ctrl Pts',(-33.8922858443089,-39.5924472142938,6.62859433733673));
#5508=CARTESIAN_POINT('Ctrl Pts',(-33.9205111511546,-39.5239934704435,6.60690033666299));
#5509=CARTESIAN_POINT('Ctrl Pts',(-33.9555114504212,-39.455459674813,6.58463478102968));
#5510=CARTESIAN_POINT('Ctrl Pts',(-33.9870181527462,-39.3937666623709,6.56459168859508));
#5511=CARTESIAN_POINT('Ctrl Pts',(-34.0240148556223,-39.3320087753111,6.54408543826594));
#5512=CARTESIAN_POINT('Ctrl Pts',(-34.0674583339921,-39.2721367556634,6.52345748615224));
#5513=CARTESIAN_POINT('Ctrl Pts',(-34.1109018126514,-39.2122647356168,6.50282953390108));
#5514=CARTESIAN_POINT('Ctrl Pts',(-34.160792020736,-39.154278580017,6.48207990525888));
#5515=CARTESIAN_POINT('Ctrl Pts',(-34.2156990630485,-39.1011079059689,6.46212604756766));
#5516=CARTESIAN_POINT('Ctrl Pts',(-34.2708202319464,-39.0477298768278,6.44209437378527));
#5517=CARTESIAN_POINT('Ctrl Pts',(-34.3309973743916,-38.9992049392481,6.42286472282652));
#5518=CARTESIAN_POINT('Ctrl Pts',(-34.3932328703376,-38.9569929804759,6.40526076608586));
#5519=CARTESIAN_POINT('Ctrl Pts',(-34.4554683666968,-38.9147810214235,6.38765680922836));
#5520=CARTESIAN_POINT('Ctrl Pts',(-34.5197621791385,-38.8788820177473,6.3716785636752));
#5521=CARTESIAN_POINT('Ctrl Pts',(-34.5840014734105,-38.8484824537092,6.35747259860234));
#5522=CARTESIAN_POINT('Ctrl Pts',(-34.6561757613072,-38.8143278616999,6.34151187822648));
#5523=CARTESIAN_POINT('Ctrl Pts',(-34.7282812356655,-38.7871152336052,6.32778830979136));
#5524=CARTESIAN_POINT('Ctrl Pts',(-34.7992210336941,-38.7649963783257,6.31600632410408));
#5525=CARTESIAN_POINT('Ctrl Pts',(-34.8701585090685,-38.7428782472441,6.30422472417316));
#5526=CARTESIAN_POINT('Ctrl Pts',(-34.9399303718441,-38.7258535489633,6.29438447535822));
#5527=CARTESIAN_POINT('Ctrl Pts',(-35.008272528086,-38.7121877784667,6.28604655348998));
#5528=CARTESIAN_POINT('Ctrl Pts',(-35.1676843507041,-38.6803116202923,6.26659789405405));
#5529=CARTESIAN_POINT('Ctrl Pts',(-35.3193173933711,-38.6667107583556,6.25532311394912));
#5530=CARTESIAN_POINT('Ctrl Pts',(-35.4643273580799,-38.6594171667923,6.24831795136198));
#5531=CARTESIAN_POINT('Ctrl Pts',(-35.5477703895788,-38.6552202180392,6.24428697319033));
#5532=CARTESIAN_POINT('Ctrl Pts',(-35.6290203891053,-38.6531117300634,6.24166974860706));
#5533=CARTESIAN_POINT('Ctrl Pts',(-35.7084053795944,-38.6521404380508,6.240069548334));
#5534=CARTESIAN_POINT('Ctrl Pts',(-35.7877781047551,-38.651169296107,6.23846959529889));
#5535=CARTESIAN_POINT('Ctrl Pts',(-35.8652863222736,-38.6513349857924,6.23788637747148));
#5536=CARTESIAN_POINT('Ctrl Pts',(-35.9409970764298,-38.6512153247292,6.23785887371378));
#5537=CARTESIAN_POINT('Ctrl Pts',(-182.479317805901,-38.7833733165092,-0.393980663073901));
#5538=CARTESIAN_POINT('Ctrl Pts',(-182.478494301981,-38.6618958949014,-0.390112867388542));
#5539=CARTESIAN_POINT('Ctrl Pts',(-182.478020047667,-38.5404201528208,-0.386086360924487));
#5540=CARTESIAN_POINT('Ctrl Pts',(-182.367777153488,-38.4182984963179,-0.431934953350655));
#5541=CARTESIAN_POINT('Ctrl Pts',(-182.257119062069,-38.4165464857432,-0.48217564241262));
#5542=CARTESIAN_POINT('Ctrl Pts',(-182.146460980046,-38.4147920449899,-0.532416241828865));
#5543=CARTESIAN_POINT('Ctrl Pts',(-182.419394578677,-38.8183087312367,-0.262666948464055));
#5544=CARTESIAN_POINT('Ctrl Pts',(-182.418245141522,-38.6865523316452,-0.258587799838054));
#5545=CARTESIAN_POINT('Ctrl Pts',(-182.417468067004,-38.5547963679945,-0.254339614505748));
#5546=CARTESIAN_POINT('Ctrl Pts',(-182.298006541093,-38.4227672503276,-0.303960945449043));
#5547=CARTESIAN_POINT('Ctrl Pts',(-182.177959601258,-38.4208690937823,-0.358392329654705));
#5548=CARTESIAN_POINT('Ctrl Pts',(-182.057912673254,-38.4189683110677,-0.412823616781504));
#5549=CARTESIAN_POINT('Ctrl Pts',(-182.359713968577,-38.8532315935274,-0.131347291463701));
#5550=CARTESIAN_POINT('Ctrl Pts',(-182.358172716322,-38.7111645857205,-0.127085007741886));
#5551=CARTESIAN_POINT('Ctrl Pts',(-182.357024055407,-38.5690964364215,-0.122644710383449));
#5552=CARTESIAN_POINT('Ctrl Pts',(-182.228343940832,-38.4272347846147,-0.176021907871207));
#5553=CARTESIAN_POINT('Ctrl Pts',(-182.098871497528,-38.4251905907081,-0.234640861144802));
#5554=CARTESIAN_POINT('Ctrl Pts',(-181.96939907023,-38.4231435751492,-0.293259709628989));
#5555=CARTESIAN_POINT('Ctrl Pts',(-182.271488921861,-38.9050516724186,0.0635996654807273));
#5556=CARTESIAN_POINT('Ctrl Pts',(-182.269266804413,-38.7476331332758,0.0680918201381522));
#5557=CARTESIAN_POINT('Ctrl Pts',(-182.267461383382,-38.5902106556719,0.0727725642923568));
#5558=CARTESIAN_POINT('Ctrl Pts',(-182.125099122583,-38.4338648885733,0.0138477046113701));
#5559=CARTESIAN_POINT('Ctrl Pts',(-181.981579807992,-38.431604126007,-0.0509812385246828));
#5560=CARTESIAN_POINT('Ctrl Pts',(-181.838060515768,-38.4293402538553,-0.115810061499788));
#5561=CARTESIAN_POINT('Ctrl Pts',(-182.242753874547,-38.9219602908517,0.12722382136424));
#5562=CARTESIAN_POINT('Ctrl Pts',(-182.240294060097,-38.75952450338,0.131784487683104));
#5563=CARTESIAN_POINT('Ctrl Pts',(-182.238257726473,-38.597083830273,0.136536703762791));
#5564=CARTESIAN_POINT('Ctrl Pts',(-182.091430691015,-38.4360284183121,0.075805773050197));
#5565=CARTESIAN_POINT('Ctrl Pts',(-181.943318416671,-38.4336970134977,0.00895120891370681));
#5566=CARTESIAN_POINT('Ctrl Pts',(-181.795206168285,-38.4313624044761,-0.057903230630849));
#5567=CARTESIAN_POINT('Ctrl Pts',(-181.143599208407,-39.5699504859318,2.56454982881128));
#5568=CARTESIAN_POINT('Ctrl Pts',(-181.132005513255,-39.2151217557015,2.57172685183874));
#5569=CARTESIAN_POINT('Ctrl Pts',(-181.121053826962,-38.8603155844567,2.57923577896613));
#5570=CARTESIAN_POINT('Ctrl Pts',(-180.803085138044,-38.5189089746087,2.44929719259747));
#5571=CARTESIAN_POINT('Ctrl Pts',(-180.478943192999,-38.5138729421399,2.30488942273524));
#5572=CARTESIAN_POINT('Ctrl Pts',(-180.154801372578,-38.5088301223861,2.16048194489385));
#5573=CARTESIAN_POINT('Ctrl Pts',(-180.160143945911,-40.1928607139099,4.93622219632339));
#5574=CARTESIAN_POINT('Ctrl Pts',(-180.114655754382,-39.6405687719667,4.93538300708538));
#5575=CARTESIAN_POINT('Ctrl Pts',(-180.068600701581,-39.0878522835458,4.93411041114458));
#5576=CARTESIAN_POINT('Ctrl Pts',(-179.585657237956,-38.5990490542716,4.74429278866289));
#5577=CARTESIAN_POINT('Ctrl Pts',(-179.076850925707,-38.5914365899029,4.5260216919745));
#5578=CARTESIAN_POINT('Ctrl Pts',(-178.568045135456,-38.5838144156303,4.30775116953048));
#5579=CARTESIAN_POINT('Ctrl Pts',(-179.029797793962,-40.977775229528,7.96561662081318));
#5580=CARTESIAN_POINT('Ctrl Pts',(-178.924849977921,-40.1717190884533,7.95202946526284));
#5581=CARTESIAN_POINT('Ctrl Pts',(-178.802218700172,-39.3678544468886,7.93132602894995));
#5582=CARTESIAN_POINT('Ctrl Pts',(-178.123805701441,-38.7017407060069,7.68509827591953));
#5583=CARTESIAN_POINT('Ctrl Pts',(-177.368236212974,-38.6912841813391,7.38528260112522));
#5584=CARTESIAN_POINT('Ctrl Pts',(-176.612668282679,-38.6808144248526,7.08546800781789));
#5585=CARTESIAN_POINT('Ctrl Pts',(-178.79118470055,-41.1480929678809,8.62442347850163));
#5586=CARTESIAN_POINT('Ctrl Pts',(-178.672673270191,-40.2867793725912,8.60804902401907));
#5587=CARTESIAN_POINT('Ctrl Pts',(-178.531858511395,-39.4284537493868,8.5828126866549));
#5588=CARTESIAN_POINT('Ctrl Pts',(-177.811727898281,-38.7240987999503,8.32537217981207));
#5589=CARTESIAN_POINT('Ctrl Pts',(-177.001985925184,-38.7130502122393,8.00858018091875));
#5590=CARTESIAN_POINT('Ctrl Pts',(-176.19224576061,-38.7019876339132,7.69178937982776));
#5591=CARTESIAN_POINT('Ctrl Pts',(-178.559166647041,-41.3185052080609,9.28421028537742));
#5592=CARTESIAN_POINT('Ctrl Pts',(-178.426992299106,-40.4019412693419,9.26523216728332));
#5593=CARTESIAN_POINT('Ctrl Pts',(-178.267037750207,-39.4893630689239,9.23539887472403));
#5594=CARTESIAN_POINT('Ctrl Pts',(-177.505801511118,-38.7465279208743,8.96768021113944));
#5595=CARTESIAN_POINT('Ctrl Pts',(-176.641560691434,-38.7349145767792,8.63469364253461));
#5596=CARTESIAN_POINT('Ctrl Pts',(-175.777321951566,-38.723286474892,8.30170839113184));
#5597=CARTESIAN_POINT('Ctrl Pts',(-177.209580917191,-38.6512155302046,6.23785893818647));
#5598=CARTESIAN_POINT('Ctrl Pts',(-177.361295720235,-38.6517252091571,6.23801307838244));
#5599=CARTESIAN_POINT('Ctrl Pts',(-177.656695834939,-38.6504052745867,6.24220052297384));
#5600=CARTESIAN_POINT('Ctrl Pts',(-178.047880192,-38.686485696,6.27150946));
#5601=CARTESIAN_POINT('Ctrl Pts',(-178.35015818,-38.759677704,6.314012659));
#5602=CARTESIAN_POINT('Ctrl Pts',(-178.558540791,-38.838681999,6.353755712));
#5603=CARTESIAN_POINT('Ctrl Pts',(-178.759361206,-38.950606048,6.403615711));
#5604=CARTESIAN_POINT('Ctrl Pts',(-178.939693296,-39.096107091,6.461260108));
#5605=CARTESIAN_POINT('Ctrl Pts',(-179.089460528,-39.270241451,6.52356468));
#5606=CARTESIAN_POINT('Ctrl Pts',(-179.204734641,-39.462381818,6.587385688));
#5607=CARTESIAN_POINT('Ctrl Pts',(-179.286273362,-39.660892068,6.650254095));
#5608=CARTESIAN_POINT('Ctrl Pts',(-179.362959185,-39.945245491,6.737962884));
#5609=CARTESIAN_POINT('Ctrl Pts',(-179.392314697,-40.228321057,6.823883994));
#5610=CARTESIAN_POINT('Ctrl Pts',(-179.400435827,-40.507851467,6.91003669));
#5611=CARTESIAN_POINT('Ctrl Pts',(-179.39969165,-40.648710488,6.954142275));
#5612=CARTESIAN_POINT('Ctrl Pts',(-179.399427037,-40.717355979,6.975936125));
#5613=CARTESIAN_POINT('Ctrl Pts',(-179.399583546607,-40.7171137358541,6.97551452796689));
#5614=CARTESIAN_POINT('Ctrl Pts',(-179.350912035092,-40.6818330905344,7.08375971783401));
#5615=CARTESIAN_POINT('Ctrl Pts',(-179.302145546521,-40.6465463489149,7.19202137250206));
#5616=CARTESIAN_POINT('Ctrl Pts',(-179.20891423186,-40.6269128840754,7.25064387085445));
#5617=CARTESIAN_POINT('Ctrl Pts',(-179.085101679877,-40.6260300146473,7.25035944197793));
#5618=CARTESIAN_POINT('Ctrl Pts',(-178.961289127895,-40.6251471552331,7.25007498306122));
#5619=CARTESIAN_POINT('Ctrl Pts',(-179.390061783091,-42.357974278989,7.49575488242152));
#5620=CARTESIAN_POINT('Ctrl Pts',(-179.345565454036,-42.3277159499431,7.60755697616548));
#5621=CARTESIAN_POINT('Ctrl Pts',(-179.301125312396,-42.2974317520321,7.71943919266582));
#5622=CARTESIAN_POINT('Ctrl Pts',(-179.204692762486,-42.2796021615892,7.78327446548009));
#5623=CARTESIAN_POINT('Ctrl Pts',(-179.080877345223,-42.2790334491897,7.7831442836249));
#5624=CARTESIAN_POINT('Ctrl Pts',(-178.957061926959,-42.2784647367901,7.78301409576262));
#5625=CARTESIAN_POINT('Ctrl Pts',(-179.379711611057,-45.8144664367078,8.32070109443752));
#5626=CARTESIAN_POINT('Ctrl Pts',(-179.339648208299,-45.7958284010591,8.4368002477015));
#5627=CARTESIAN_POINT('Ctrl Pts',(-179.299705158382,-45.7771812441587,8.5529782878449));
#5628=CARTESIAN_POINT('Ctrl Pts',(-179.200154978806,-45.765498456718,8.6236576002994));
#5629=CARTESIAN_POINT('Ctrl Pts',(-179.076339546554,-45.7652380670211,8.62362657130536));
#5630=CARTESIAN_POINT('Ctrl Pts',(-178.952524115303,-45.7649776783255,8.6235955373053));
#5631=CARTESIAN_POINT('Ctrl Pts',(-179.377739708099,-49.3566565828104,8.60762504698601));
#5632=CARTESIAN_POINT('Ctrl Pts',(-179.338547706672,-49.3502268814031,8.72506772701445));
#5633=CARTESIAN_POINT('Ctrl Pts',(-179.299483476813,-49.343793397867,8.84259677650312));
#5634=CARTESIAN_POINT('Ctrl Pts',(-179.199304440817,-49.3398519018451,8.91485160432417));
#5635=CARTESIAN_POINT('Ctrl Pts',(-179.075488369126,-49.3398296402021,8.91485776047469));
#5636=CARTESIAN_POINT('Ctrl Pts',(-178.951672297435,-49.3398073785591,8.91486391762679));
#5637=CARTESIAN_POINT('Ctrl Pts',(-179.379050447552,-51.1796176509523,8.61156503584819));
#5638=CARTESIAN_POINT('Ctrl Pts',(-179.339333042134,-51.179466492907,8.72883975575596));
#5639=CARTESIAN_POINT('Ctrl Pts',(-179.299709548916,-51.1793149434101,8.84619094053311));
#5640=CARTESIAN_POINT('Ctrl Pts',(-179.199928276201,-51.1792886639319,8.91785920308388));
#5641=CARTESIAN_POINT('Ctrl Pts',(-179.076112295625,-51.1793981382684,8.91785976529216));
#5642=CARTESIAN_POINT('Ctrl Pts',(-178.95229631505,-51.179507612605,8.91786032750023));
#5643=CARTESIAN_POINT('Ctrl Pts',(-179.378932889401,-51.1792518470473,8.61191058781139));
#5644=CARTESIAN_POINT('Ctrl Pts',(-179.374114961925,-51.1792333579755,8.6261367066124));
#5645=CARTESIAN_POINT('Ctrl Pts',(-179.369292454532,-51.1792148713725,8.64036170489572));
#5646=CARTESIAN_POINT('Ctrl Pts',(-179.364259858506,-51.1791968404731,8.65441528139651));
#5647=CARTESIAN_POINT('Ctrl Pts',(-179.359150814058,-51.1791785356725,8.66868234090517));
#5648=CARTESIAN_POINT('Ctrl Pts',(-179.353825430774,-51.1791607007906,8.6827724698305));
#5649=CARTESIAN_POINT('Ctrl Pts',(-179.34812098563,-51.1791437403773,8.69652258454583));
#5650=CARTESIAN_POINT('Ctrl Pts',(-179.342334529967,-51.179126536131,8.71047037914091));
#5651=CARTESIAN_POINT('Ctrl Pts',(-179.336158250771,-51.1791102319539,8.72406802606174));
#5652=CARTESIAN_POINT('Ctrl Pts',(-179.32947267204,-51.1790951748425,8.73716490208599));
#5653=CARTESIAN_POINT('Ctrl Pts',(-179.322701210527,-51.1790799243078,8.75043002026358));
#5654=CARTESIAN_POINT('Ctrl Pts',(-179.315407537495,-51.1790659533602,8.76318111053435));
#5655=CARTESIAN_POINT('Ctrl Pts',(-179.307515193946,-51.1790535417093,8.77528615849884));
#5656=CARTESIAN_POINT('Ctrl Pts',(-179.299540437881,-51.179041000455,8.787517608392));
#5657=CARTESIAN_POINT('Ctrl Pts',(-179.290954745486,-51.1790300514914,8.79908913096786));
#5658=CARTESIAN_POINT('Ctrl Pts',(-179.281723331655,-51.1790208973545,8.80989415991472));
#5659=CARTESIAN_POINT('Ctrl Pts',(-179.272318764566,-51.1790115715139,8.82090185835469));
#5660=CARTESIAN_POINT('Ctrl Pts',(-179.262244308997,-51.1790041088718,8.83111363389288));
#5661=CARTESIAN_POINT('Ctrl Pts',(-179.251504325498,-51.1789986294733,8.84045301939775));
#5662=CARTESIAN_POINT('Ctrl Pts',(-179.240855950428,-51.1789931968123,8.84971274310041));
#5663=CARTESIAN_POINT('Ctrl Pts',(-179.229553810524,-51.178989713692,8.85811465913106));
#5664=CARTESIAN_POINT('Ctrl Pts',(-179.217636366389,-51.1789882031492,8.86562407599546));
#5665=CARTESIAN_POINT('Ctrl Pts',(-179.2057564876,-51.1789866973678,8.87310982219379));
#5666=CARTESIAN_POINT('Ctrl Pts',(-179.19326559143,-51.1789871518156,8.8797084231138));
#5667=CARTESIAN_POINT('Ctrl Pts',(-179.180229465984,-51.1789894950145,8.88542905141016));
#5668=CARTESIAN_POINT('Ctrl Pts',(-179.167280708074,-51.1789918225093,8.89111134030835));
#5669=CARTESIAN_POINT('Ctrl Pts',(-179.15379441663,-51.1789960135323,8.89592715909733));
#5670=CARTESIAN_POINT('Ctrl Pts',(-179.139856252469,-51.1790019043616,8.89993213158279));
#5671=CARTESIAN_POINT('Ctrl Pts',(-179.125522049962,-51.1790079625728,8.90405090116946));
#5672=CARTESIAN_POINT('Ctrl Pts',(-179.110710277284,-51.1790158191668,8.90731152927872));
#5673=CARTESIAN_POINT('Ctrl Pts',(-179.095530973658,-51.1790251911894,8.90983040297521));
#5674=CARTESIAN_POINT('Ctrl Pts',(-179.081177456954,-51.1790340533537,8.91221224449881));
#5675=CARTESIAN_POINT('Ctrl Pts',(-179.066495758301,-51.1790442697999,8.91393106463132));
#5676=CARTESIAN_POINT('Ctrl Pts',(-179.051587664699,-51.1790555122501,8.91513570114389));
#5677=CARTESIAN_POINT('Ctrl Pts',(-179.036854169022,-51.1790666230329,8.91632622941152));
#5678=CARTESIAN_POINT('Ctrl Pts',(-179.021899877476,-51.1790787358557,8.91701441685329));
#5679=CARTESIAN_POINT('Ctrl Pts',(-179.006826325047,-51.1790914493514,8.91739447714689));
#5680=CARTESIAN_POINT('Ctrl Pts',(-178.99201069441,-51.179103945308,8.91776803427324));
#5681=CARTESIAN_POINT('Ctrl Pts',(-178.97708014199,-51.1791170214115,8.91784385211982));
#5682=CARTESIAN_POINT('Ctrl Pts',(-178.962129708646,-51.1791302161684,8.91785683824823));
#5683=CARTESIAN_POINT('Ctrl Pts',(-178.958852515539,-51.1791331085104,8.91785968485806));
#5684=CARTESIAN_POINT('Ctrl Pts',(-178.955574352371,-51.1791360062472,8.91785971008525));
#5685=CARTESIAN_POINT('Ctrl Pts',(-178.95229619,-51.179138904,8.917859725));
#5686=CARTESIAN_POINT('Ctrl Pts',(-179.399438839178,-40.7173588546788,6.97594237111862));
#5687=CARTESIAN_POINT('Ctrl Pts',(-179.393125100331,-40.7127822852293,6.98998434862127));
#5688=CARTESIAN_POINT('Ctrl Pts',(-179.386804380985,-40.7082069307317,7.00402238442492));
#5689=CARTESIAN_POINT('Ctrl Pts',(-179.380288797159,-40.7037018663186,7.01783762626537));
#5690=CARTESIAN_POINT('Ctrl Pts',(-179.373751139404,-40.6991815393482,7.03169967230212));
#5691=CARTESIAN_POINT('Ctrl Pts',(-179.36701743169,-40.6947320209149,7.04533728722542));
#5692=CARTESIAN_POINT('Ctrl Pts',(-179.359938720785,-40.6904132196677,7.05856100324466));
#5693=CARTESIAN_POINT('Ctrl Pts',(-179.352840389086,-40.6860824475529,7.07182137280399));
#5694=CARTESIAN_POINT('Ctrl Pts',(-179.345395283578,-40.6818831594739,7.08466542152145));
#5695=CARTESIAN_POINT('Ctrl Pts',(-179.337492086322,-40.6778652345507,7.09693571146505));
#5696=CARTESIAN_POINT('Ctrl Pts',(-179.329572261348,-40.6738388562231,7.1092318171533));
#5697=CARTESIAN_POINT('Ctrl Pts',(-179.321192566571,-40.6699946456752,7.12095162478169));
#5698=CARTESIAN_POINT('Ctrl Pts',(-179.312277733048,-40.6663716246201,7.13197225546821));
#5699=CARTESIAN_POINT('Ctrl Pts',(-179.303350467767,-40.6627435512527,7.14300825445298));
#5700=CARTESIAN_POINT('Ctrl Pts',(-179.293886727955,-40.6593373244959,7.1533430055639));
#5701=CARTESIAN_POINT('Ctrl Pts',(-179.283845415192,-40.6561803344989,7.16289054438564));
#5702=CARTESIAN_POINT('Ctrl Pts',(-179.27379705857,-40.6530211299117,7.17244478069057));
#5703=CARTESIAN_POINT('Ctrl Pts',(-179.263170481184,-40.6501115505389,7.18121058394362));
#5704=CARTESIAN_POINT('Ctrl Pts',(-179.251956595303,-40.6474666538302,7.18914102623813));
#5705=CARTESIAN_POINT('Ctrl Pts',(-179.240747510863,-40.6448228895848,7.19706807296134));
#5706=CARTESIAN_POINT('Ctrl Pts',(-179.228951789354,-40.6424436176555,7.20416036556711));
#5707=CARTESIAN_POINT('Ctrl Pts',(-179.216589918803,-40.6403309423412,7.2104118777019));
#5708=CARTESIAN_POINT('Ctrl Pts',(-179.204241358493,-40.6382205417812,7.21665665872455));
#5709=CARTESIAN_POINT('Ctrl Pts',(-179.191328038264,-40.6363761986435,7.22206236572299));
#5710=CARTESIAN_POINT('Ctrl Pts',(-179.177897340617,-40.6347865729223,7.22666533186158));
#5711=CARTESIAN_POINT('Ctrl Pts',(-179.164489556419,-40.6331996591829,7.23126044510736));
#5712=CARTESIAN_POINT('Ctrl Pts',(-179.150566330096,-40.6318666272401,7.2350554567617));
#5713=CARTESIAN_POINT('Ctrl Pts',(-179.136199120192,-40.6307622939957,7.2381302276136));
#5714=CARTESIAN_POINT('Ctrl Pts',(-179.121886136668,-40.629662128853,7.24119339331101));
#5715=CARTESIAN_POINT('Ctrl Pts',(-179.107132690274,-40.6287889664407,7.24354166489563));
#5716=CARTESIAN_POINT('Ctrl Pts',(-179.092030983619,-40.6281036594117,7.24529872516352));
#5717=CARTESIAN_POINT('Ctrl Pts',(-179.076969578119,-40.6274201812267,7.24705109645416));
#5718=CARTESIAN_POINT('Ctrl Pts',(-179.061561936633,-40.6269235861834,7.2482153216514));
#5719=CARTESIAN_POINT('Ctrl Pts',(-179.04591844072,-40.6265604165052,7.24895991667734));
#5720=CARTESIAN_POINT('Ctrl Pts',(-179.030352891321,-40.6261990563849,7.24970080162551));
#5721=CARTESIAN_POINT('Ctrl Pts',(-179.014554001714,-40.6259698177119,7.25002616241104));
#5722=CARTESIAN_POINT('Ctrl Pts',(-178.998646733442,-40.6258051654722,7.25014853680307));
#5723=CARTESIAN_POINT('Ctrl Pts',(-178.986237760145,-40.6256767232273,7.25024399886085));
#5724=CARTESIAN_POINT('Ctrl Pts',(-178.973763179957,-40.6255872943188,7.25021684385332));
#5725=CARTESIAN_POINT('Ctrl Pts',(-178.96128823,-40.625498347,7.250188186));
#5726=CARTESIAN_POINT('Ctrl Pts',(-177.302350137,-53.333724617,8.567569114));
#5727=CARTESIAN_POINT('Ctrl Pts',(-7.55736177900001,-53.333724617,8.567569114));
#5728=CARTESIAN_POINT('Ctrl Pts',(-177.302350137,-53.290431676,8.683492457));
#5729=CARTESIAN_POINT('Ctrl Pts',(-7.55736177900001,-53.290431676,8.683492457));
#5730=CARTESIAN_POINT('Ctrl Pts',(-177.302350137,-53.247138736,8.799415799));
#5731=CARTESIAN_POINT('Ctrl Pts',(-7.55736177900001,-53.247138736,8.799415799));
#5732=CARTESIAN_POINT('Ctrl Pts',(-177.302350137,-53.156968466,8.864716603));
#5733=CARTESIAN_POINT('Ctrl Pts',(-7.55736177900001,-53.156968466,8.864716603));
#5734=CARTESIAN_POINT('Ctrl Pts',(-177.302350137,-53.033397066,8.871267592));
#5735=CARTESIAN_POINT('Ctrl Pts',(-7.55736177900001,-53.033397066,8.871267592));
#5736=CARTESIAN_POINT('Ctrl Pts',(-177.302350137,-52.909798831,8.877265624));
#5737=CARTESIAN_POINT('Ctrl Pts',(-7.55736177900001,-52.909798831,8.877265624));
#5738=CARTESIAN_POINT('Ctrl Pts',(-35.848193172,-52.909798831,8.877265624));
#5739=CARTESIAN_POINT('Ctrl Pts',(-35.848193172,-52.9259716152765,8.87648078368558));
#5740=CARTESIAN_POINT('Ctrl Pts',(-35.848193172,-52.9421425078004,8.87568043005373));
#5741=CARTESIAN_POINT('Ctrl Pts',(-35.848193172,-52.9581579262613,8.87460792313436));
#5742=CARTESIAN_POINT('Ctrl Pts',(-35.848193172,-52.9742085374976,8.87353305945514));
#5743=CARTESIAN_POINT('Ctrl Pts',(-35.848193172,-52.9901028220429,8.87218492256234));
#5744=CARTESIAN_POINT('Ctrl Pts',(-35.848193172,-53.0057038525819,8.87035452825862));
#5745=CARTESIAN_POINT('Ctrl Pts',(-35.848193172,-53.0213295758411,8.86852123687611));
#5746=CARTESIAN_POINT('Ctrl Pts',(-35.848193172,-53.0366609471553,8.8662042439187));
#5747=CARTESIAN_POINT('Ctrl Pts',(-35.848193172,-53.0515806283833,8.86324180613202));
#5748=CARTESIAN_POINT('Ctrl Pts',(-35.848193172,-53.0665143309546,8.86027658428069));
#5749=CARTESIAN_POINT('Ctrl Pts',(-35.848193172,-53.0810354012078,8.85666479340787));
#5750=CARTESIAN_POINT('Ctrl Pts',(-35.848193172,-53.095048959969,8.85229121265808));
#5751=CARTESIAN_POINT('Ctrl Pts',(-35.848193172,-53.109066434769,8.84791640972685));
#5752=CARTESIAN_POINT('Ctrl Pts',(-35.848193172,-53.1225759483231,8.84277948610146));
#5753=CARTESIAN_POINT('Ctrl Pts',(-35.848193172,-53.1355078378953,8.83681071462642));
#5754=CARTESIAN_POINT('Ctrl Pts',(-35.848193172,-53.1484288616978,8.83084695829595));
#5755=CARTESIAN_POINT('Ctrl Pts',(-35.848193172,-53.1607730711899,8.82405285446415));
#5756=CARTESIAN_POINT('Ctrl Pts',(-35.848193172,-53.1724986706197,8.81640286163248));
#5757=CARTESIAN_POINT('Ctrl Pts',(-35.848193172,-53.1842094433522,8.80876254200591));
#5758=CARTESIAN_POINT('Ctrl Pts',(-35.848193172,-53.1953030122531,8.80026860177363));
#5759=CARTESIAN_POINT('Ctrl Pts',(-35.848193172,-53.2057677503512,8.79093794861542));
#5760=CARTESIAN_POINT('Ctrl Pts',(-35.848193172,-53.2162135305802,8.78162419882359));
#5761=CARTESIAN_POINT('Ctrl Pts',(-35.848193172,-53.2260326038657,8.77147687275715));
#5762=CARTESIAN_POINT('Ctrl Pts',(-35.848193172,-53.2352456406509,8.76055341139917));
#5763=CARTESIAN_POINT('Ctrl Pts',(-35.848193172,-53.2444371988923,8.74965541613326));
#5764=CARTESIAN_POINT('Ctrl Pts',(-35.848193172,-53.2530253960039,8.73798500982922));
#5765=CARTESIAN_POINT('Ctrl Pts',(-35.848193172,-53.2610651076062,8.72563807332649));
#5766=CARTESIAN_POINT('Ctrl Pts',(-35.848193172,-53.2690686491319,8.71334668479125));
#5767=CARTESIAN_POINT('Ctrl Pts',(-35.848193172,-53.2765284990729,8.70038496010101));
#5768=CARTESIAN_POINT('Ctrl Pts',(-35.848193172,-53.2835349271018,8.68688429021329));
#5769=CARTESIAN_POINT('Ctrl Pts',(-35.848193172,-53.2905205926135,8.67342362757172));
#5770=CARTESIAN_POINT('Ctrl Pts',(-35.848193172,-53.2970553836486,8.65942731761452));
#5771=CARTESIAN_POINT('Ctrl Pts',(-35.848193172,-53.303266768826,8.64506055527173));
#5772=CARTESIAN_POINT('Ctrl Pts',(-35.848193172,-53.3094454951024,8.63076933206477));
#5773=CARTESIAN_POINT('Ctrl Pts',(-35.848193172,-53.3153040910667,8.61611165992316));
#5774=CARTESIAN_POINT('Ctrl Pts',(-35.848193172,-53.3210075408472,8.60128308519994));
#5775=CARTESIAN_POINT('Ctrl Pts',(-35.848193172,-53.3253051465494,8.59010960778916));
#5776=CARTESIAN_POINT('Ctrl Pts',(-35.848193172,-53.3295154550665,8.57883977640561));
#5777=CARTESIAN_POINT('Ctrl Pts',(-35.848193172,-53.3337246169625,8.56756911410036));
#5778=CARTESIAN_POINT('Ctrl Pts',(-177.302350137,-52.909798831,8.877265624));
#5779=CARTESIAN_POINT('Ctrl Pts',(-177.302350137,-52.9259716152765,8.87648078368558));
#5780=CARTESIAN_POINT('Ctrl Pts',(-177.302350137,-52.9421425078004,8.87568043005373));
#5781=CARTESIAN_POINT('Ctrl Pts',(-177.302350137,-52.9581579262613,8.87460792313436));
#5782=CARTESIAN_POINT('Ctrl Pts',(-177.302350137,-52.9742085374976,8.87353305945514));
#5783=CARTESIAN_POINT('Ctrl Pts',(-177.302350137,-52.9901028220429,8.87218492256234));
#5784=CARTESIAN_POINT('Ctrl Pts',(-177.302350137,-53.0057038525819,8.87035452825861));
#5785=CARTESIAN_POINT('Ctrl Pts',(-177.302350137,-53.0213295758412,8.86852123687611));
#5786=CARTESIAN_POINT('Ctrl Pts',(-177.302350137,-53.0366609471554,8.86620424391869));
#5787=CARTESIAN_POINT('Ctrl Pts',(-177.302350137,-53.0515806283834,8.86324180613201));
#5788=CARTESIAN_POINT('Ctrl Pts',(-177.302350137,-53.0665143309547,8.86027658428068));
#5789=CARTESIAN_POINT('Ctrl Pts',(-177.302350137,-53.0810354012078,8.85666479340786));
#5790=CARTESIAN_POINT('Ctrl Pts',(-177.302350137,-53.0950489599691,8.85229121265807));
#5791=CARTESIAN_POINT('Ctrl Pts',(-177.302350137,-53.109066434769,8.84791640972684));
#5792=CARTESIAN_POINT('Ctrl Pts',(-177.302350137,-53.1225759483231,8.84277948610145));
#5793=CARTESIAN_POINT('Ctrl Pts',(-177.302350137,-53.1355078378953,8.8368107146264));
#5794=CARTESIAN_POINT('Ctrl Pts',(-177.302350137,-53.1484288616978,8.83084695829594));
#5795=CARTESIAN_POINT('Ctrl Pts',(-177.302350137,-53.1607730711899,8.82405285446414));
#5796=CARTESIAN_POINT('Ctrl Pts',(-177.302350137,-53.1724986706197,8.81640286163247));
#5797=CARTESIAN_POINT('Ctrl Pts',(-177.302350137,-53.1842094433522,8.8087625420059));
#5798=CARTESIAN_POINT('Ctrl Pts',(-177.302350137,-53.1953030122531,8.80026860177362));
#5799=CARTESIAN_POINT('Ctrl Pts',(-177.302350137,-53.2057677503512,8.79093794861542));
#5800=CARTESIAN_POINT('Ctrl Pts',(-177.302350137,-53.2162135305802,8.78162419882359));
#5801=CARTESIAN_POINT('Ctrl Pts',(-177.302350137,-53.2260326038657,8.77147687275716));
#5802=CARTESIAN_POINT('Ctrl Pts',(-177.302350137,-53.2352456406509,8.76055341139918));
#5803=CARTESIAN_POINT('Ctrl Pts',(-177.302350137,-53.2444371988923,8.74965541613329));
#5804=CARTESIAN_POINT('Ctrl Pts',(-177.302350137,-53.2530253960039,8.73798500982926));
#5805=CARTESIAN_POINT('Ctrl Pts',(-177.302350137,-53.2610651076061,8.72563807332654));
#5806=CARTESIAN_POINT('Ctrl Pts',(-177.302350137,-53.2690686491318,8.71334668479133));
#5807=CARTESIAN_POINT('Ctrl Pts',(-177.302350137,-53.2765284990728,8.70038496010112));
#5808=CARTESIAN_POINT('Ctrl Pts',(-177.302350137,-53.2835349271017,8.68688429021343));
#5809=CARTESIAN_POINT('Ctrl Pts',(-177.302350137,-53.2905205926135,8.67342362757189));
#5810=CARTESIAN_POINT('Ctrl Pts',(-177.302350137,-53.2970553836485,8.65942731761473));
#5811=CARTESIAN_POINT('Ctrl Pts',(-177.302350137,-53.3032667688258,8.64506055527198));
#5812=CARTESIAN_POINT('Ctrl Pts',(-177.302350137,-53.3094454951022,8.6307693320651));
#5813=CARTESIAN_POINT('Ctrl Pts',(-177.302350137,-53.3153040910665,8.61611165992356));
#5814=CARTESIAN_POINT('Ctrl Pts',(-177.302350137,-53.321007540847,8.60128308520043));
#5815=CARTESIAN_POINT('Ctrl Pts',(-177.302350137,-53.3253051465621,8.59010960775632));
#5816=CARTESIAN_POINT('Ctrl Pts',(-177.302350137,-53.3295154550915,8.57883977633887));
#5817=CARTESIAN_POINT('Ctrl Pts',(-177.302350137,-53.333724617,8.567569114));
#5818=CARTESIAN_POINT('Ctrl Pts',(-33.7714928474751,-51.1796176488325,8.61156503594073));
#5819=CARTESIAN_POINT('Ctrl Pts',(-33.8112102538844,-51.179466496794,8.72883975683255));
#5820=CARTESIAN_POINT('Ctrl Pts',(-33.8508337491272,-51.179314952306,8.8461909415682));
#5821=CARTESIAN_POINT('Ctrl Pts',(-33.9506150238346,-51.1792886748257,8.91785920408391));
#5822=CARTESIAN_POINT('Ctrl Pts',(-34.0744310073914,-51.1793981541662,8.91785976629277));
#5823=CARTESIAN_POINT('Ctrl Pts',(-34.1982469919496,-51.1795076335066,8.91786032750006));
#5824=CARTESIAN_POINT('Ctrl Pts',(-33.772803600933,-49.3566565827374,8.60762504707635));
#5825=CARTESIAN_POINT('Ctrl Pts',(-33.8119956023535,-49.3502268813308,8.72506772708566));
#5826=CARTESIAN_POINT('Ctrl Pts',(-33.8510598322363,-49.3437933977968,8.84259677653296));
#5827=CARTESIAN_POINT('Ctrl Pts',(-33.9512388682237,-49.3398519017767,8.9148516043186));
#5828=CARTESIAN_POINT('Ctrl Pts',(-34.0750549398942,-49.3398296401338,8.91485776046912));
#5829=CARTESIAN_POINT('Ctrl Pts',(-34.1988710115647,-49.3398073784907,8.91486391762122));
#5830=CARTESIAN_POINT('Ctrl Pts',(-33.7708316979756,-45.8144664366934,8.32070109452711));
#5831=CARTESIAN_POINT('Ctrl Pts',(-33.8108951007267,-45.7958284010477,8.43680024777216));
#5832=CARTESIAN_POINT('Ctrl Pts',(-33.8508381506671,-45.7771812441538,8.55297828787431));
#5833=CARTESIAN_POINT('Ctrl Pts',(-33.9503883302341,-45.7654984567188,8.62365760029414));
#5834=CARTESIAN_POINT('Ctrl Pts',(-34.0742037624662,-45.7652380670219,8.6236265713001));
#5835=CARTESIAN_POINT('Ctrl Pts',(-34.1980191936971,-45.7649776783263,8.62359553730004));
#5836=CARTESIAN_POINT('Ctrl Pts',(-33.7604815259451,-42.3579742790304,7.49575488252852));
#5837=CARTESIAN_POINT('Ctrl Pts',(-33.8049778549935,-42.3277159499896,7.60755697625438));
#5838=CARTESIAN_POINT('Ctrl Pts',(-33.8494179966512,-42.2974317520899,7.71943919271301));
#5839=CARTESIAN_POINT('Ctrl Pts',(-33.9458505465546,-42.2796021616557,7.78327446549612));
#5840=CARTESIAN_POINT('Ctrl Pts',(-34.0696659637972,-42.2790334492563,7.78314428364095));
#5841=CARTESIAN_POINT('Ctrl Pts',(-34.1934813820412,-42.2784647368567,7.78301409577869));
#5842=CARTESIAN_POINT('Ctrl Pts',(-33.7509597624331,-40.7171137359223,6.97551452808597));
#5843=CARTESIAN_POINT('Ctrl Pts',(-33.7996312739401,-40.6818330906086,7.08375971793565));
#5844=CARTESIAN_POINT('Ctrl Pts',(-33.8483977625247,-40.6465463490028,7.19202137256195));
#5845=CARTESIAN_POINT('Ctrl Pts',(-33.9416290771811,-40.6269128841728,7.25064387088584));
#5846=CARTESIAN_POINT('Ctrl Pts',(-34.0654416291434,-40.6260300147449,7.25035944200938));
#5847=CARTESIAN_POINT('Ctrl Pts',(-34.1892541811054,-40.6251471553308,7.25007498309273));
#5848=CARTESIAN_POINT('Ctrl Pts',(-34.189255079,-40.625498347,7.250188186));
#5849=CARTESIAN_POINT('Ctrl Pts',(-34.1732693526289,-40.6256123264152,7.25022490892098));
#5850=CARTESIAN_POINT('Ctrl Pts',(-34.15728466571,-40.6257276002635,7.25025759131574));
#5851=CARTESIAN_POINT('Ctrl Pts',(-34.1414368321007,-40.6259235484196,7.2500366891696));
#5852=CARTESIAN_POINT('Ctrl Pts',(-34.1255250161964,-40.6261202876751,7.2498148951775));
#5853=CARTESIAN_POINT('Ctrl Pts',(-34.1097513275133,-40.6263983293399,7.24933753723264));
#5854=CARTESIAN_POINT('Ctrl Pts',(-34.0942386837179,-40.6268225859722,7.24840026198837));
#5855=CARTESIAN_POINT('Ctrl Pts',(-34.0786718709121,-40.6272483240775,7.24745971384793));
#5856=CARTESIAN_POINT('Ctrl Pts',(-34.0633680990098,-40.6278212732216,7.24605610995921));
#5857=CARTESIAN_POINT('Ctrl Pts',(-34.0484344253577,-40.6285919089527,7.24403026607554));
#5858=CARTESIAN_POINT('Ctrl Pts',(-34.0334576474748,-40.6293647690299,7.24199857484016));
#5859=CARTESIAN_POINT('Ctrl Pts',(-34.0188532791531,-40.6303364294294,7.23934113247795));
#5860=CARTESIAN_POINT('Ctrl Pts',(-34.0047095175282,-40.6315430473176,7.23594362918251));
#5861=CARTESIAN_POINT('Ctrl Pts',(-33.9905342517551,-40.6327523528549,7.23253855820811));
#5862=CARTESIAN_POINT('Ctrl Pts',(-33.9768218194243,-40.6341976324201,7.22839021872383));
#5863=CARTESIAN_POINT('Ctrl Pts',(-33.9636385721335,-40.6359009412003,7.22342857706815));
#5864=CARTESIAN_POINT('Ctrl Pts',(-33.950428592108,-40.6376077039173,7.2184568742912));
#5865=CARTESIAN_POINT('Ctrl Pts',(-33.9377501198377,-40.6395735110191,7.21266866366835));
#5866=CARTESIAN_POINT('Ctrl Pts',(-33.9256448015314,-40.6418066452726,7.20603723532696));
#5867=CARTESIAN_POINT('Ctrl Pts',(-33.9135346373562,-40.6440406734701,7.19940315236464));
#5868=CARTESIAN_POINT('Ctrl Pts',(-33.9019982546117,-40.6465422065708,7.19192528498982));
#5869=CARTESIAN_POINT('Ctrl Pts',(-33.8910496803561,-40.64930615464,7.18361907845527));
#5870=CARTESIAN_POINT('Ctrl Pts',(-33.880103907854,-40.6520693954115,7.1753149974891));
#5871=CARTESIAN_POINT('Ctrl Pts',(-33.8697458083373,-40.6550948791073,7.16618311433167));
#5872=CARTESIAN_POINT('Ctrl Pts',(-33.8599592497281,-40.6583647043185,7.15627935058519));
#5873=CARTESIAN_POINT('Ctrl Pts',(-33.850181574096,-40.6616315616036,7.14638457619946));
#5874=CARTESIAN_POINT('Ctrl Pts',(-33.8409745633469,-40.6651422781049,7.13571943865817));
#5875=CARTESIAN_POINT('Ctrl Pts',(-33.8322895911598,-40.6688667841645,7.12437839778602));
#5876=CARTESIAN_POINT('Ctrl Pts',(-33.8236274072788,-40.6725815175752,7.11306711441976));
#5877=CARTESIAN_POINT('Ctrl Pts',(-33.8154846750221,-40.6765088783301,7.10108359597008));
#5878=CARTESIAN_POINT('Ctrl Pts',(-33.8077784621242,-40.6806074834621,7.08855823286032));
#5879=CARTESIAN_POINT('Ctrl Pts',(-33.8000882592169,-40.6846975735646,7.07605889173407));
#5880=CARTESIAN_POINT('Ctrl Pts',(-33.7928329133492,-40.688958157159,7.06302007571597));
#5881=CARTESIAN_POINT('Ctrl Pts',(-33.7858931812982,-40.6933372027049,7.04960609290885));
#5882=CARTESIAN_POINT('Ctrl Pts',(-33.7789821312699,-40.697698149586,7.03624755030546));
#5883=CARTESIAN_POINT('Ctrl Pts',(-33.7723842243301,-40.7021765384961,7.0225170649611));
#5884=CARTESIAN_POINT('Ctrl Pts',(-33.7659430394655,-40.7067107773043,7.00860950907817));
#5885=CARTESIAN_POINT('Ctrl Pts',(-33.7609330020719,-40.710237567244,6.99779203116205));
#5886=CARTESIAN_POINT('Ctrl Pts',(-33.7560170354293,-40.7137979380455,6.9868680900014));
#5887=CARTESIAN_POINT('Ctrl Pts',(-33.7511044692399,-40.7173588551006,6.97594236982413));
#5888=CARTESIAN_POINT('Ctrl Pts',(-34.198247117,-51.179138925,8.917859725));
#5889=CARTESIAN_POINT('Ctrl Pts',(-34.183230116079,-51.1791256500188,8.91785965679808));
#5890=CARTESIAN_POINT('Ctrl Pts',(-34.1682127064092,-51.1791123818863,8.91785513020888));
#5891=CARTESIAN_POINT('Ctrl Pts',(-34.153290233874,-51.1790996055729,8.9175968711409));
#5892=CARTESIAN_POINT('Ctrl Pts',(-34.1381409863247,-51.1790866350995,8.91733468734104));
#5893=CARTESIAN_POINT('Ctrl Pts',(-34.1230898883409,-51.1790741716293,8.91681108838941));
#5894=CARTESIAN_POINT('Ctrl Pts',(-34.1082391581081,-51.1790626368686,8.91581963776108));
#5895=CARTESIAN_POINT('Ctrl Pts',(-34.0931747283321,-51.1790509361245,8.91481392032275));
#5896=CARTESIAN_POINT('Ctrl Pts',(-34.0783168145944,-51.1790401911228,8.91332690234913));
#5897=CARTESIAN_POINT('Ctrl Pts',(-34.0637696987313,-51.1790307527271,8.91119709955166));
#5898=CARTESIAN_POINT('Ctrl Pts',(-34.0490353865666,-51.1790211928755,8.909039889864));
#5899=CARTESIAN_POINT('Ctrl Pts',(-34.0346202967973,-51.1790129735644,8.90622339029152));
#5900=CARTESIAN_POINT('Ctrl Pts',(-34.0206248881262,-51.1790063668893,8.9026328213281));
#5901=CARTESIAN_POINT('Ctrl Pts',(-34.0064828808057,-51.1789996910109,8.89900464199024));
#5902=CARTESIAN_POINT('Ctrl Pts',(-33.9927697946967,-51.1789946617821,8.89458627473467));
#5903=CARTESIAN_POINT('Ctrl Pts',(-33.979575366948,-51.1789914650693,8.88931056835009));
#5904=CARTESIAN_POINT('Ctrl Pts',(-33.9661309129742,-51.1789882077808,8.88393489060054));
#5905=CARTESIAN_POINT('Ctrl Pts',(-33.9532254354714,-51.1789868533057,8.87766921128683));
#5906=CARTESIAN_POINT('Ctrl Pts',(-33.9409327711256,-51.1789874982493,8.8704931047082));
#5907=CARTESIAN_POINT('Ctrl Pts',(-33.9287458494585,-51.1789881376451,8.86337872768726));
#5908=CARTESIAN_POINT('Ctrl Pts',(-33.9171616137318,-51.1789907419497,8.85536987829896));
#5909=CARTESIAN_POINT('Ctrl Pts',(-33.9062252625891,-51.1789953091277,8.84649185285212));
#5910=CARTESIAN_POINT('Ctrl Pts',(-33.8953228907821,-51.1789998621154,8.83764141150566));
#5911=CARTESIAN_POINT('Ctrl Pts',(-33.885064766475,-51.1790063656321,8.82792749446683));
#5912=CARTESIAN_POINT('Ctrl Pts',(-33.8754633220049,-51.1790147247117,8.81741537051982));
#5913=CARTESIAN_POINT('Ctrl Pts',(-33.8659258487096,-51.1790230280976,8.8069732852968));
#5914=CARTESIAN_POINT('Ctrl Pts',(-33.8570366805449,-51.1790331621889,8.79574391212108));
#5915=CARTESIAN_POINT('Ctrl Pts',(-33.8487706342065,-51.1790449449583,8.78382626228306));
#5916=CARTESIAN_POINT('Ctrl Pts',(-33.8402696308216,-51.1790570626453,8.77156986091955));
#5917=CARTESIAN_POINT('Ctrl Pts',(-33.8324283195407,-51.1790709243847,8.7585856475711));
#5918=CARTESIAN_POINT('Ctrl Pts',(-33.8251717914817,-51.1790862362778,8.74501522685985));
#5919=CARTESIAN_POINT('Ctrl Pts',(-33.8183096829981,-51.179100715912,8.73218240952216));
#5920=CARTESIAN_POINT('Ctrl Pts',(-33.8119704485335,-51.179116491483,8.71882587393399));
#5921=CARTESIAN_POINT('Ctrl Pts',(-33.8060457799054,-51.1791332360231,8.70508982987683));
#5922=CARTESIAN_POINT('Ctrl Pts',(-33.8001904445748,-51.1791497846106,8.69151453155748));
#5923=CARTESIAN_POINT('Ctrl Pts',(-33.7947402576067,-51.1791672793852,8.677568823771));
#5924=CARTESIAN_POINT('Ctrl Pts',(-33.7895438445232,-51.1791853329926,8.66341122821327));
#5925=CARTESIAN_POINT('Ctrl Pts',(-33.784436312943,-51.1792030778039,8.64949578976594));
#5926=CARTESIAN_POINT('Ctrl Pts',(-33.779574105176,-51.1792213622163,8.63537590633915));
#5927=CARTESIAN_POINT('Ctrl Pts',(-33.7747652120386,-51.1792397525881,8.62121698875599));
#5928=CARTESIAN_POINT('Ctrl Pts',(-33.7737120260745,-51.1792437802263,8.61811607284064));
#5929=CARTESIAN_POINT('Ctrl Pts',(-33.7726612056301,-51.1792478127012,8.61501333394106));
#5930=CARTESIAN_POINT('Ctrl Pts',(-33.7716104059116,-51.1792518450462,8.61191058873478));
#5931=CARTESIAN_POINT('Ctrl Pts',(-35.941037334,-38.651215261,6.237858857));
#5932=CARTESIAN_POINT('Ctrl Pts',(-205.4631997032,-38.651215261,6.237858857));
#5933=CARTESIAN_POINT('Ctrl Pts',(-35.941037334,-38.655533854,6.361527162));
#5934=CARTESIAN_POINT('Ctrl Pts',(-205.4631997032,-38.655533854,6.361527162));
#5935=CARTESIAN_POINT('Ctrl Pts',(-35.941037334,-38.659852446,6.485195467));
#5936=CARTESIAN_POINT('Ctrl Pts',(-205.4631997032,-38.659852446,6.485195467));
#5937=CARTESIAN_POINT('Ctrl Pts',(-35.941037334,-38.725670791,6.576335951));
#5938=CARTESIAN_POINT('Ctrl Pts',(-205.4631997032,-38.725670791,6.576335951));
#5939=CARTESIAN_POINT('Ctrl Pts',(-35.941037334,-38.841153664,6.620793938));
#5940=CARTESIAN_POINT('Ctrl Pts',(-205.4631997032,-38.841153664,6.620793938));
#5941=CARTESIAN_POINT('Ctrl Pts',(-35.941037334,-38.956833118,6.664734395));
#5942=CARTESIAN_POINT('Ctrl Pts',(-205.4631997032,-38.956833118,6.664734395));
#5943=CARTESIAN_POINT('Ctrl Pts',(-177.209505975,-38.6512159700878,6.2378791626148));
#5944=CARTESIAN_POINT('Ctrl Pts',(-177.209505975,-38.6517702030822,6.2537503152232));
#5945=CARTESIAN_POINT('Ctrl Pts',(-177.209505975,-38.6523287882948,6.26962025215605));
#5946=CARTESIAN_POINT('Ctrl Pts',(-177.209505975,-38.6531469993117,6.28534726832225));
#5947=CARTESIAN_POINT('Ctrl Pts',(-177.209505975,-38.6539694679222,6.30115612064554));
#5948=CARTESIAN_POINT('Ctrl Pts',(-177.209505975,-38.6550541836845,6.31682039341275));
#5949=CARTESIAN_POINT('Ctrl Pts',(-177.209505975,-38.6566098889085,6.33221163076952));
#5950=CARTESIAN_POINT('Ctrl Pts',(-177.209505975,-38.6581728559731,6.34767471253037));
#5951=CARTESIAN_POINT('Ctrl Pts',(-177.209505975,-38.6602111236939,6.36286203195523));
#5952=CARTESIAN_POINT('Ctrl Pts',(-177.209505975,-38.6628868863678,6.37766146265817));
#5953=CARTESIAN_POINT('Ctrl Pts',(-177.209505975,-38.6655734804877,6.3925208012276));
#5954=CARTESIAN_POINT('Ctrl Pts',(-177.209505975,-38.668902636267,6.40698892905711));
#5955=CARTESIAN_POINT('Ctrl Pts',(-177.209505975,-38.6729902783205,6.42097320968116));
#5956=CARTESIAN_POINT('Ctrl Pts',(-177.209505975,-38.6770916042775,6.43500430446941));
#5957=CARTESIAN_POINT('Ctrl Pts',(-177.209505975,-38.6819563895437,6.44854812981994));
#5958=CARTESIAN_POINT('Ctrl Pts',(-177.209505975,-38.6876549091068,6.46153472347865));
#5959=CARTESIAN_POINT('Ctrl Pts',(-177.209505975,-38.6933738817275,6.47456792846244));
#5960=CARTESIAN_POINT('Ctrl Pts',(-177.209505975,-38.6999324690439,6.48703971168083));
#5961=CARTESIAN_POINT('Ctrl Pts',(-177.209505975,-38.7073563512884,6.49890580722165));
#5962=CARTESIAN_POINT('Ctrl Pts',(-177.209505975,-38.7147893978569,6.5107865507246));
#5963=CARTESIAN_POINT('Ctrl Pts',(-177.209505975,-38.7230897422948,6.52205993553404));
#5964=CARTESIAN_POINT('Ctrl Pts',(-177.209505975,-38.7322396807787,6.53271067530286));
#5965=CARTESIAN_POINT('Ctrl Pts',(-177.209505975,-38.7413938441316,6.54336633291693));
#5966=CARTESIAN_POINT('Ctrl Pts',(-177.209505975,-38.7513982453596,6.5533985985964));
#5967=CARTESIAN_POINT('Ctrl Pts',(-177.209505975,-38.762193740905,6.56282391288368));
#5968=CARTESIAN_POINT('Ctrl Pts',(-177.209505975,-38.7729857679973,6.57224619893943));
#5969=CARTESIAN_POINT('Ctrl Pts',(-177.209505975,-38.7845682349971,6.58106175613771));
#5970=CARTESIAN_POINT('Ctrl Pts',(-177.209505975,-38.7968428374443,6.58932126702467));
#5971=CARTESIAN_POINT('Ctrl Pts',(-177.209505975,-38.8090928643685,6.59756424118065));
#5972=CARTESIAN_POINT('Ctrl Pts',(-177.209505975,-38.8220321027239,6.60525323759558));
#5973=CARTESIAN_POINT('Ctrl Pts',(-177.209505975,-38.8355260434014,6.61247516644167));
#5974=CARTESIAN_POINT('Ctrl Pts',(-177.209505975,-38.8489946463118,6.61968353456771));
#5975=CARTESIAN_POINT('Ctrl Pts',(-177.209505975,-38.8630157179571,6.62642643328458));
#5976=CARTESIAN_POINT('Ctrl Pts',(-177.209505975,-38.8774211137444,6.63282903550617));
#5977=CARTESIAN_POINT('Ctrl Pts',(-177.209505975,-38.8917683875118,6.63920580489544));
#5978=CARTESIAN_POINT('Ctrl Pts',(-177.209505975,-38.9064967296858,6.64524488210925));
#5979=CARTESIAN_POINT('Ctrl Pts',(-177.209505975,-38.9214082331079,6.65111055430671));
#5980=CARTESIAN_POINT('Ctrl Pts',(-177.209505975,-38.9331402424556,6.6557255229724));
#5981=CARTESIAN_POINT('Ctrl Pts',(-177.209505975,-38.9449849852186,6.6602339210523));
#5982=CARTESIAN_POINT('Ctrl Pts',(-177.209505975,-38.956833118,6.664734395));
#5983=CARTESIAN_POINT('Ctrl Pts',(-35.941037334,-38.956833118,6.664734395));
#5984=CARTESIAN_POINT('Ctrl Pts',(-35.941037334,-38.9417795265194,6.65901633819494));
#5985=CARTESIAN_POINT('Ctrl Pts',(-35.941037334,-38.9267323299344,6.65328410936055));
#5986=CARTESIAN_POINT('Ctrl Pts',(-35.941037334,-38.9119126976349,6.64734001697993));
#5987=CARTESIAN_POINT('Ctrl Pts',(-35.941037334,-38.8970434740557,6.64137603374496));
#5988=CARTESIAN_POINT('Ctrl Pts',(-35.941037334,-38.8824034969783,6.63519890702455));
#5989=CARTESIAN_POINT('Ctrl Pts',(-35.941037334,-38.8681857631596,6.62865185212064));
#5990=CARTESIAN_POINT('Ctrl Pts',(-35.941037334,-38.853931438227,6.62208794755318));
#5991=CARTESIAN_POINT('Ctrl Pts',(-35.941037334,-38.84010168853,6.61515235727982));
#5992=CARTESIAN_POINT('Ctrl Pts',(-35.941037334,-38.826858152887,6.60772794379158));
#5993=CARTESIAN_POINT('Ctrl Pts',(-35.941037334,-38.8135915523293,6.60029059995988));
#5994=CARTESIAN_POINT('Ctrl Pts',(-35.941037334,-38.8009133628637,6.59236288575346));
#5995=CARTESIAN_POINT('Ctrl Pts',(-35.941037334,-38.7889508275345,6.5838656916902));
#5996=CARTESIAN_POINT('Ctrl Pts',(-35.941037334,-38.7769779164193,6.57536112752819));
#5997=CARTESIAN_POINT('Ctrl Pts',(-35.941037334,-38.7657220508159,6.56628625909839));
#5998=CARTESIAN_POINT('Ctrl Pts',(-35.941037334,-38.7552732666785,6.5565980267482));
#5999=CARTESIAN_POINT('Ctrl Pts',(-35.941037334,-38.7448285913747,6.54691360415563));
#6000=CARTESIAN_POINT('Ctrl Pts',(-35.941037334,-38.7351905042643,6.53661647127501));
#6001=CARTESIAN_POINT('Ctrl Pts',(-35.941037334,-38.726409273622,6.52569730498409));
#6002=CARTESIAN_POINT('Ctrl Pts',(-35.941037334,-38.7176390972516,6.51479188431006));
#6003=CARTESIAN_POINT('Ctrl Pts',(-35.941037334,-38.7097237558825,6.50326617013245));
#6004=CARTESIAN_POINT('Ctrl Pts',(-35.941037334,-38.7026717009996,6.49114188189377));
#6005=CARTESIAN_POINT('Ctrl Pts',(-35.941037334,-38.6956337858185,6.47904190342362));
#6006=CARTESIAN_POINT('Ctrl Pts',(-35.941037334,-38.6894558261494,6.46634592507938));
#6007=CARTESIAN_POINT('Ctrl Pts',(-35.941037334,-38.6841027840316,6.45310380561346));
#6008=CARTESIAN_POINT('Ctrl Pts',(-35.941037334,-38.6787642495007,6.43989757437608));
#6009=CARTESIAN_POINT('Ctrl Pts',(-35.941037334,-38.6742462870423,6.42614833452973));
#6010=CARTESIAN_POINT('Ctrl Pts',(-35.941037334,-38.6704690553831,6.4119310447068));
#6011=CARTESIAN_POINT('Ctrl Pts',(-35.941037334,-38.6667122638529,6.39779069039215));
#6012=CARTESIAN_POINT('Ctrl Pts',(-35.941037334,-38.6636883031013,6.38318751944645));
#6013=CARTESIAN_POINT('Ctrl Pts',(-35.941037334,-38.661272388318,6.36821785822548));
#6014=CARTESIAN_POINT('Ctrl Pts',(-35.941037334,-38.6588651834369,6.35330216591314));
#6015=CARTESIAN_POINT('Ctrl Pts',(-35.941037334,-38.6570617536618,6.33802279074946));
#6016=CARTESIAN_POINT('Ctrl Pts',(-35.941037334,-38.6556911169501,6.32249488893453));
#6017=CARTESIAN_POINT('Ctrl Pts',(-35.941037334,-38.6543293644487,6.30706763606757));
#6018=CARTESIAN_POINT('Ctrl Pts',(-35.941037334,-38.6533948905164,6.29139523976773));
#6019=CARTESIAN_POINT('Ctrl Pts',(-35.941037334,-38.6526716728116,6.27560772023889));
#6020=CARTESIAN_POINT('Ctrl Pts',(-35.941037334,-38.6520983054619,6.26309136704379));
#6021=CARTESIAN_POINT('Ctrl Pts',(-35.941037334,-38.6516568050493,6.2505030136381));
#6022=CARTESIAN_POINT('Ctrl Pts',(-35.941037334,-38.6512171901925,6.23791410182527));
#6023=CARTESIAN_POINT('Ctrl Pts',(-179.37893418,-51.179251852,8.611906777));
#6024=CARTESIAN_POINT('Ctrl Pts',(-179.339240177,-51.179099524,8.729113109));
#6025=CARTESIAN_POINT('Ctrl Pts',(-179.299534616,-51.178947025,8.846315741));
#6026=CARTESIAN_POINT('Ctrl Pts',(-179.199783496,-51.178920136,8.917858599));
#6027=CARTESIAN_POINT('Ctrl Pts',(-179.076039843,-51.17902952,8.917859162));
#6028=CARTESIAN_POINT('Ctrl Pts',(-178.95229619,-51.179138904,8.917859725));
#6029=CARTESIAN_POINT('Ctrl Pts',(-179.378841509,-51.319241888,8.612198962));
#6030=CARTESIAN_POINT('Ctrl Pts',(-179.339142906,-51.319520382,8.729387562));
#6031=CARTESIAN_POINT('Ctrl Pts',(-179.299026764,-51.319805445,8.846437439));
#6032=CARTESIAN_POINT('Ctrl Pts',(-179.199731632,-51.320064433,8.918080562));
#6033=CARTESIAN_POINT('Ctrl Pts',(-179.076032446,-51.320137847,8.918082779));
#6034=CARTESIAN_POINT('Ctrl Pts',(-178.95233326,-51.320211241,8.918084409));
#6035=CARTESIAN_POINT('Ctrl Pts',(-179.378800362,-51.597005407,8.614732377));
#6036=CARTESIAN_POINT('Ctrl Pts',(-179.336931757,-51.597148643,8.731252047));
#6037=CARTESIAN_POINT('Ctrl Pts',(-179.294044185,-51.597271113,8.847415734));
#6038=CARTESIAN_POINT('Ctrl Pts',(-179.196624507,-51.59488199,8.916900664));
#6039=CARTESIAN_POINT('Ctrl Pts',(-179.072707139,-51.591118993,8.916886332));
#6040=CARTESIAN_POINT('Ctrl Pts',(-178.948789771,-51.587356046,8.916873926));
#6041=CARTESIAN_POINT('Ctrl Pts',(-179.331726248,-52.03195645,8.621384699));
#6042=CARTESIAN_POINT('Ctrl Pts',(-179.282896454,-52.026372759,8.735141188));
#6043=CARTESIAN_POINT('Ctrl Pts',(-179.232837106,-52.020563579,8.848363273));
#6044=CARTESIAN_POINT('Ctrl Pts',(-179.14202565,-52.005703548,8.910043967));
#6045=CARTESIAN_POINT('Ctrl Pts',(-179.019490831,-51.984362017,8.910428885));
#6046=CARTESIAN_POINT('Ctrl Pts',(-178.896956012,-51.963020342,8.910802802));
#6047=CARTESIAN_POINT('Ctrl Pts',(-179.22235264,-52.389624772,8.626036228));
#6048=CARTESIAN_POINT('Ctrl Pts',(-179.168784023,-52.372644049,8.736576967));
#6049=CARTESIAN_POINT('Ctrl Pts',(-179.114500943,-52.355322122,8.846709703));
#6050=CARTESIAN_POINT('Ctrl Pts',(-179.033208368,-52.325126931,8.901079701));
#6051=CARTESIAN_POINT('Ctrl Pts',(-178.916852845,-52.280169957,8.902391649));
#6052=CARTESIAN_POINT('Ctrl Pts',(-178.800497321,-52.235211297,8.903638436));
#6053=CARTESIAN_POINT('Ctrl Pts',(-179.073150908,-52.65547027,8.625960445));
#6054=CARTESIAN_POINT('Ctrl Pts',(-179.021326033,-52.625719296,8.734480459));
#6055=CARTESIAN_POINT('Ctrl Pts',(-178.969286394,-52.595803359,8.842850905));
#6056=CARTESIAN_POINT('Ctrl Pts',(-178.898934982,-52.551769695,8.892993593));
#6057=CARTESIAN_POINT('Ctrl Pts',(-178.794644661,-52.484183609,8.895449673));
#6058=CARTESIAN_POINT('Ctrl Pts',(-178.69035434,-52.416592083,8.897743837));
#6059=CARTESIAN_POINT('Ctrl Pts',(-178.932757734,-52.833804809,8.623096054));
#6060=CARTESIAN_POINT('Ctrl Pts',(-178.885729674,-52.794688237,8.730844755));
#6061=CARTESIAN_POINT('Ctrl Pts',(-178.838701659,-52.755557458,8.838587499));
#6062=CARTESIAN_POINT('Ctrl Pts',(-178.77796975,-52.701398238,8.886998832));
#6063=CARTESIAN_POINT('Ctrl Pts',(-178.68643916,-52.617273734,8.890398278));
#6064=CARTESIAN_POINT('Ctrl Pts',(-178.594908571,-52.53313982,8.893544746));
#6065=CARTESIAN_POINT('Ctrl Pts',(-178.762178866,-52.989003158,8.617020403));
#6066=CARTESIAN_POINT('Ctrl Pts',(-178.723269164,-52.942131239,8.724925255));
#6067=CARTESIAN_POINT('Ctrl Pts',(-178.684373134,-52.895287439,8.83284695));
#6068=CARTESIAN_POINT('Ctrl Pts',(-178.634573468,-52.831740128,8.881243599));
#6069=CARTESIAN_POINT('Ctrl Pts',(-178.55927576,-52.732831237,8.885592983));
#6070=CARTESIAN_POINT('Ctrl Pts',(-178.483978052,-52.633908166,8.889590349));
#6071=CARTESIAN_POINT('Ctrl Pts',(-178.501550456,-53.156897411,8.605068687));
#6072=CARTESIAN_POINT('Ctrl Pts',(-178.475953747,-53.104118059,8.714416552));
#6073=CARTESIAN_POINT('Ctrl Pts',(-178.450217159,-53.05111439,8.823618774));
#6074=CARTESIAN_POINT('Ctrl Pts',(-178.415728214,-52.977005391,8.874327698));
#6075=CARTESIAN_POINT('Ctrl Pts',(-178.364432061,-52.863125093,8.879775126));
#6076=CARTESIAN_POINT('Ctrl Pts',(-178.313135909,-52.749224431,8.884755398));
#6077=CARTESIAN_POINT('Ctrl Pts',(-178.218888163,-53.255246822,8.590803891));
#6078=CARTESIAN_POINT('Ctrl Pts',(-178.20520694,-53.203597557,8.702583904));
#6079=CARTESIAN_POINT('Ctrl Pts',(-178.191335211,-53.151244132,8.814011361));
#6080=CARTESIAN_POINT('Ctrl Pts',(-178.170555109,-53.070337648,8.869429307));
#6081=CARTESIAN_POINT('Ctrl Pts',(-178.140812282,-52.949887519,8.875520692));
#6082=CARTESIAN_POINT('Ctrl Pts',(-178.111069455,-52.82941311,8.881086419));
#6083=CARTESIAN_POINT('Ctrl Pts',(-177.943006086,-53.305091901,8.579651193));
#6084=CARTESIAN_POINT('Ctrl Pts',(-177.936518886,-53.256681615,8.69338528));
#6085=CARTESIAN_POINT('Ctrl Pts',(-177.929934483,-53.207421599,8.806754587));
#6086=CARTESIAN_POINT('Ctrl Pts',(-177.919192493,-53.122198176,8.866640872));
#6087=CARTESIAN_POINT('Ctrl Pts',(-177.904235109,-52.99939299,8.873027653));
#6088=CARTESIAN_POINT('Ctrl Pts',(-177.889277725,-52.87656185,8.878868585));
#6089=CARTESIAN_POINT('Ctrl Pts',(-177.724343921,-53.326008587,8.572744422));
#6090=CARTESIAN_POINT('Ctrl Pts',(-177.721807823,-53.280256321,8.687719236));
#6091=CARTESIAN_POINT('Ctrl Pts',(-177.719233802,-53.233723852,8.802383698));
#6092=CARTESIAN_POINT('Ctrl Pts',(-177.71458215,-53.146024938,8.865322145));
#6093=CARTESIAN_POINT('Ctrl Pts',(-177.708303792,-53.02254501,8.871830098));
#6094=CARTESIAN_POINT('Ctrl Pts',(-177.702025434,-52.899038449,8.877785779));
#6095=CARTESIAN_POINT('Ctrl Pts',(-177.510330359,-53.333362276,8.568526639));
#6096=CARTESIAN_POINT('Ctrl Pts',(-177.509855226,-53.289581292,8.684265368));
#6097=CARTESIAN_POINT('Ctrl Pts',(-177.509381621,-53.245307925,8.799820837));
#6098=CARTESIAN_POINT('Ctrl Pts',(-177.50850215,-53.155946606,8.864775843));
#6099=CARTESIAN_POINT('Ctrl Pts',(-177.507325489,-53.032371744,8.871322679));
#6100=CARTESIAN_POINT('Ctrl Pts',(-177.506148828,-52.908770072,8.877316641));
#6101=CARTESIAN_POINT('Ctrl Pts',(-177.370197183,-53.333746306,8.567559168));
#6102=CARTESIAN_POINT('Ctrl Pts',(-177.370211293,-53.290453869,8.683485047));
#6103=CARTESIAN_POINT('Ctrl Pts',(-177.370224404,-53.246981771,8.799343374));
#6104=CARTESIAN_POINT('Ctrl Pts',(-177.370231367,-53.156989095,8.864714336));
#6105=CARTESIAN_POINT('Ctrl Pts',(-177.370247405,-53.033416144,8.871265807));
#6106=CARTESIAN_POINT('Ctrl Pts',(-177.370263444,-52.909816353,8.877264251));
#6107=CARTESIAN_POINT('Ctrl Pts',(-177.302350137,-53.333724617,8.567569114));
#6108=CARTESIAN_POINT('Ctrl Pts',(-177.302350137,-53.290431676,8.683492457));
#6109=CARTESIAN_POINT('Ctrl Pts',(-177.302350137,-53.247138736,8.799415799));
#6110=CARTESIAN_POINT('Ctrl Pts',(-177.302350137,-53.156968466,8.864716603));
#6111=CARTESIAN_POINT('Ctrl Pts',(-177.302350137,-53.033397066,8.871267592));
#6112=CARTESIAN_POINT('Ctrl Pts',(-177.302350137,-52.909798831,8.877265624));
#6113=CARTESIAN_POINT('Ctrl Pts',(-35.848193172,-53.333724617,8.567569114));
#6114=CARTESIAN_POINT('Ctrl Pts',(-35.848193172,-53.290431676,8.683492457));
#6115=CARTESIAN_POINT('Ctrl Pts',(-35.848193172,-53.247138736,8.799415799));
#6116=CARTESIAN_POINT('Ctrl Pts',(-35.848193172,-53.156968466,8.864716603));
#6117=CARTESIAN_POINT('Ctrl Pts',(-35.848193172,-53.033397066,8.871267592));
#6118=CARTESIAN_POINT('Ctrl Pts',(-35.848193172,-52.909798831,8.877265624));
#6119=CARTESIAN_POINT('Ctrl Pts',(-35.712409464,-53.333472425,8.567534425));
#6120=CARTESIAN_POINT('Ctrl Pts',(-35.712395301,-53.290235476,8.683467455));
#6121=CARTESIAN_POINT('Ctrl Pts',(-35.712385354,-53.246631085,8.799261245));
#6122=CARTESIAN_POINT('Ctrl Pts',(-35.712375426,-53.156849218,8.864721516));
#6123=CARTESIAN_POINT('Ctrl Pts',(-35.71235772,-53.033336682,8.871270136));
#6124=CARTESIAN_POINT('Ctrl Pts',(-35.712340014,-52.909797315,8.877266094));
#6125=CARTESIAN_POINT('Ctrl Pts',(-35.440509962,-53.333413296,8.571191399));
#6126=CARTESIAN_POINT('Ctrl Pts',(-35.442149271,-53.288113454,8.686422886));
#6127=CARTESIAN_POINT('Ctrl Pts',(-35.443788523,-53.241960095,8.801334821));
#6128=CARTESIAN_POINT('Ctrl Pts',(-35.447071876,-53.153736937,8.86490222));
#6129=CARTESIAN_POINT('Ctrl Pts',(-35.451376679,-53.029947671,8.871450598));
#6130=CARTESIAN_POINT('Ctrl Pts',(-35.455681483,-52.906131575,8.877444525));
#6131=CARTESIAN_POINT('Ctrl Pts',(-35.010128885,-53.281763724,8.586816897));
#6132=CARTESIAN_POINT('Ctrl Pts',(-35.020601434,-53.230597558,8.699282644));
#6133=CARTESIAN_POINT('Ctrl Pts',(-35.031267928,-53.178584915,8.811339098));
#6134=CARTESIAN_POINT('Ctrl Pts',(-35.048282839,-53.095855427,8.868092195));
#6135=CARTESIAN_POINT('Ctrl Pts',(-35.072144169,-52.973754221,8.874351368));
#6136=CARTESIAN_POINT('Ctrl Pts',(-35.096005499,-52.851627727,8.880070435));
#6137=CARTESIAN_POINT('Ctrl Pts',(-34.649338758,-53.15743868,8.605062383));
#6138=CARTESIAN_POINT('Ctrl Pts',(-34.674863061,-53.104568251,8.714408261));
#6139=CARTESIAN_POINT('Ctrl Pts',(-34.700532773,-53.051477691,8.823607927));
#6140=CARTESIAN_POINT('Ctrl Pts',(-34.734981821,-52.977325872,8.874308454));
#6141=CARTESIAN_POINT('Ctrl Pts',(-34.786192219,-52.863343598,8.87976283));
#6142=CARTESIAN_POINT('Ctrl Pts',(-34.837402618,-52.749340913,8.884748988));
#6143=CARTESIAN_POINT('Ctrl Pts',(-34.388068816,-52.988649257,8.617033773));
#6144=CARTESIAN_POINT('Ctrl Pts',(-34.427034463,-52.94183333,8.724937742));
#6145=CARTESIAN_POINT('Ctrl Pts',(-34.465983009,-52.895043936,8.832859328));
#6146=CARTESIAN_POINT('Ctrl Pts',(-34.515813285,-52.831524219,8.881258159));
#6147=CARTESIAN_POINT('Ctrl Pts',(-34.59117756,-52.732679955,8.885602765));
#6148=CARTESIAN_POINT('Ctrl Pts',(-34.666541835,-52.633821545,8.889596051));
#6149=CARTESIAN_POINT('Ctrl Pts',(-34.217993706,-52.834110456,8.623093922));
#6150=CARTESIAN_POINT('Ctrl Pts',(-34.26498917,-52.794939964,8.730839884));
#6151=CARTESIAN_POINT('Ctrl Pts',(-34.311985151,-52.755758019,8.83858081));
#6152=CARTESIAN_POINT('Ctrl Pts',(-34.372695871,-52.701574096,8.886987003));
#6153=CARTESIAN_POINT('Ctrl Pts',(-34.464183657,-52.617390203,8.89039046));
#6154=CARTESIAN_POINT('Ctrl Pts',(-34.555671444,-52.533196875,8.893540395));
#6155=CARTESIAN_POINT('Ctrl Pts',(-34.07721716,-52.655134204,8.625952062));
#6156=CARTESIAN_POINT('Ctrl Pts',(-34.129059761,-52.625448777,8.734479106));
#6157=CARTESIAN_POINT('Ctrl Pts',(-34.181119297,-52.59559382,8.842853755));
#6158=CARTESIAN_POINT('Ctrl Pts',(-34.251488002,-52.551588272,8.893005797));
#6159=CARTESIAN_POINT('Ctrl Pts',(-34.355808513,-52.484071493,8.895457601));
#6160=CARTESIAN_POINT('Ctrl Pts',(-34.460129024,-52.416549294,8.897748015));
#6161=CARTESIAN_POINT('Ctrl Pts',(-33.928446424,-52.390057156,8.626047254));
#6162=CARTESIAN_POINT('Ctrl Pts',(-33.981987932,-52.372982124,8.736578778));
#6163=CARTESIAN_POINT('Ctrl Pts',(-34.036240697,-52.355574278,8.846707244));
#6164=CARTESIAN_POINT('Ctrl Pts',(-34.117509654,-52.32534004,8.901065314));
#6165=CARTESIAN_POINT('Ctrl Pts',(-34.233821622,-52.280285693,8.902383173));
#6166=CARTESIAN_POINT('Ctrl Pts',(-34.350133591,-52.235229629,8.903635086));
#6167=CARTESIAN_POINT('Ctrl Pts',(-33.842417898,-52.109684238,8.622391626));
#6168=CARTESIAN_POINT('Ctrl Pts',(-33.892317264,-52.101714889,8.735454471));
#6169=CARTESIAN_POINT('Ctrl Pts',(-33.943337399,-52.093484387,8.848004446));
#6170=CARTESIAN_POINT('Ctrl Pts',(-34.032094954,-52.075314958,8.908098613));
#6171=CARTESIAN_POINT('Ctrl Pts',(-34.15333079,-52.048919024,8.908679663));
#6172=CARTESIAN_POINT('Ctrl Pts',(-34.274566626,-52.022522644,8.909238776));
#6173=CARTESIAN_POINT('Ctrl Pts',(-33.797288819,-51.831706458,8.618325684));
#6174=CARTESIAN_POINT('Ctrl Pts',(-33.842896115,-51.82870094,8.733349453));
#6175=CARTESIAN_POINT('Ctrl Pts',(-33.889631566,-51.825569914,8.847925323));
#6176=CARTESIAN_POINT('Ctrl Pts',(-33.983475532,-51.816435835,8.913197325));
#6177=CARTESIAN_POINT('Ctrl Pts',(-34.106622404,-51.803136191,8.913401802));
#6178=CARTESIAN_POINT('Ctrl Pts',(-34.229769275,-51.789836477,8.913600779));
#6179=CARTESIAN_POINT('Ctrl Pts',(-33.778506778,-51.610793321,8.615230517));
#6180=CARTESIAN_POINT('Ctrl Pts',(-33.820962263,-51.610141506,8.731477852));
#6181=CARTESIAN_POINT('Ctrl Pts',(-33.864368825,-51.609447514,8.847380092));
#6182=CARTESIAN_POINT('Ctrl Pts',(-33.961164965,-51.605734224,8.916128143));
#6183=CARTESIAN_POINT('Ctrl Pts',(-34.084823795,-51.600125977,8.916174346));
#6184=CARTESIAN_POINT('Ctrl Pts',(-34.208482626,-51.594517726,8.916219896));
#6185=CARTESIAN_POINT('Ctrl Pts',(-33.77173699,-51.392682171,8.612874925));
#6186=CARTESIAN_POINT('Ctrl Pts',(-33.812015927,-51.392903006,8.729881312));
#6187=CARTESIAN_POINT('Ctrl Pts',(-33.852868506,-51.393123784,8.846693126));
#6188=CARTESIAN_POINT('Ctrl Pts',(-33.951663284,-51.392680068,8.917766263));
#6189=CARTESIAN_POINT('Ctrl Pts',(-34.075419915,-51.391722765,8.917764815));
#6190=CARTESIAN_POINT('Ctrl Pts',(-34.199176546,-51.390765464,8.917763401));
#6191=CARTESIAN_POINT('Ctrl Pts',(-33.771570545,-51.249100433,8.612049668));
#6192=CARTESIAN_POINT('Ctrl Pts',(-33.811276788,-51.249197662,8.729250611));
#6193=CARTESIAN_POINT('Ctrl Pts',(-33.851196365,-51.249294957,8.846379173));
#6194=CARTESIAN_POINT('Ctrl Pts',(-33.95073353,-51.249422393,8.917975693));
#6195=CARTESIAN_POINT('Ctrl Pts',(-34.074473803,-51.249544236,8.917975222));
#6196=CARTESIAN_POINT('Ctrl Pts',(-34.198214077,-51.249666078,8.917974762));
#6197=CARTESIAN_POINT('Ctrl Pts',(-33.771609115,-51.17925185,8.611906777));
#6198=CARTESIAN_POINT('Ctrl Pts',(-33.811303119,-51.179099528,8.72911311));
#6199=CARTESIAN_POINT('Ctrl Pts',(-33.851008682,-51.178947034,8.846315742));
#6200=CARTESIAN_POINT('Ctrl Pts',(-33.950759804,-51.178920147,8.9178586));
#6201=CARTESIAN_POINT('Ctrl Pts',(-34.07450346,-51.179029536,8.917859163));
#6202=CARTESIAN_POINT('Ctrl Pts',(-34.198247117,-51.179138925,8.917859725));
#6203=CARTESIAN_POINT('Ctrl Pts',(-33.751103941,-40.717359238,6.975941195));
#6204=CARTESIAN_POINT('Ctrl Pts',(-33.799746447,-40.682100286,7.084123845));
#6205=CARTESIAN_POINT('Ctrl Pts',(-33.848561396,-40.646862637,7.192236078));
#6206=CARTESIAN_POINT('Ctrl Pts',(-33.941774625,-40.627262911,7.250756676));
#6207=CARTESIAN_POINT('Ctrl Pts',(-34.065514852,-40.626380624,7.250472446));
#6208=CARTESIAN_POINT('Ctrl Pts',(-34.189255079,-40.625498347,7.250188186));
#6209=CARTESIAN_POINT('Ctrl Pts',(-33.750829644,-40.579741972,6.932237688));
#6210=CARTESIAN_POINT('Ctrl Pts',(-33.799712125,-40.544114386,7.040156856));
#6211=CARTESIAN_POINT('Ctrl Pts',(-33.849199046,-40.508557327,7.147827914));
#6212=CARTESIAN_POINT('Ctrl Pts',(-33.941695107,-40.488769148,7.206112343));
#6213=CARTESIAN_POINT('Ctrl Pts',(-34.065326703,-40.487918846,7.205839065));
#6214=CARTESIAN_POINT('Ctrl Pts',(-34.188958299,-40.487068916,7.205564783));
#6215=CARTESIAN_POINT('Ctrl Pts',(-33.749346384,-40.308153305,6.848201151));
#6216=CARTESIAN_POINT('Ctrl Pts',(-33.801034065,-40.27313523,6.955150292));
#6217=CARTESIAN_POINT('Ctrl Pts',(-33.853891888,-40.238290982,7.061606282));
#6218=CARTESIAN_POINT('Ctrl Pts',(-33.944098398,-40.221423172,7.118150293));
#6219=CARTESIAN_POINT('Ctrl Pts',(-34.068036457,-40.223875689,7.118920281));
#6220=CARTESIAN_POINT('Ctrl Pts',(-34.191974515,-40.226327601,7.119692002));
#6221=CARTESIAN_POINT('Ctrl Pts',(-33.787888607,-39.945201903,6.73791049));
#6222=CARTESIAN_POINT('Ctrl Pts',(-33.845898059,-39.91680292,6.843635949));
#6223=CARTESIAN_POINT('Ctrl Pts',(-33.905088856,-39.888783024,6.948811848));
#6224=CARTESIAN_POINT('Ctrl Pts',(-33.989512208,-39.883083612,7.002048498));
#6225=CARTESIAN_POINT('Ctrl Pts',(-34.112474505,-39.899362106,7.007643292));
#6226=CARTESIAN_POINT('Ctrl Pts',(-34.235436801,-39.915642868,7.013231363));
#6227=CARTESIAN_POINT('Ctrl Pts',(-33.864057601,-39.660906995,6.650288326));
#6228=CARTESIAN_POINT('Ctrl Pts',(-33.925753841,-39.64263937,6.756118197));
#6229=CARTESIAN_POINT('Ctrl Pts',(-33.988182903,-39.62475256,6.861582205));
#6230=CARTESIAN_POINT('Ctrl Pts',(-34.065950512,-39.631095033,6.913072196));
#6231=CARTESIAN_POINT('Ctrl Pts',(-34.184922452,-39.664316206,6.924851103));
#6232=CARTESIAN_POINT('Ctrl Pts',(-34.303894392,-39.697551348,6.936590348));
#6233=CARTESIAN_POINT('Ctrl Pts',(-33.945915152,-39.462378675,6.587371992));
#6234=CARTESIAN_POINT('Ctrl Pts',(-34.008016064,-39.453556479,6.694203241));
#6235=CARTESIAN_POINT('Ctrl Pts',(-34.070444865,-39.444976336,6.800860142));
#6236=CARTESIAN_POINT('Ctrl Pts',(-34.142171374,-39.461053478,6.852003718));
#6237=CARTESIAN_POINT('Ctrl Pts',(-34.255412024,-39.509015055,6.869284849));
#6238=CARTESIAN_POINT('Ctrl Pts',(-34.368652674,-39.557007168,6.886480636));
#6239=CARTESIAN_POINT('Ctrl Pts',(-34.061006532,-39.270256801,6.523579753));
#6240=CARTESIAN_POINT('Ctrl Pts',(-34.12006334,-39.272356331,6.632533855));
#6241=CARTESIAN_POINT('Ctrl Pts',(-34.179102659,-39.274464874,6.741494939));
#6242=CARTESIAN_POINT('Ctrl Pts',(-34.243177134,-39.301014011,6.793621414));
#6243=CARTESIAN_POINT('Ctrl Pts',(-34.346714529,-39.365751924,6.817289895));
#6244=CARTESIAN_POINT('Ctrl Pts',(-34.450251925,-39.43054697,6.840800749));
#6245=CARTESIAN_POINT('Ctrl Pts',(-34.210870804,-39.096071547,6.461250274));
#6246=CARTESIAN_POINT('Ctrl Pts',(-34.262372248,-39.108359903,6.573363751));
#6247=CARTESIAN_POINT('Ctrl Pts',(-34.313784202,-39.120528024,6.685530547));
#6248=CARTESIAN_POINT('Ctrl Pts',(-34.368544898,-39.157190739,6.740409848));
#6249=CARTESIAN_POINT('Ctrl Pts',(-34.45773219,-39.238642347,6.770575527));
#6250=CARTESIAN_POINT('Ctrl Pts',(-34.546919482,-39.320186654,6.800488333));
#6251=CARTESIAN_POINT('Ctrl Pts',(-34.39116786,-38.950684265,6.403636257));
#6252=CARTESIAN_POINT('Ctrl Pts',(-34.431694149,-38.969613825,6.519246307));
#6253=CARTESIAN_POINT('Ctrl Pts',(-34.472314761,-38.988660762,6.634800837));
#6254=CARTESIAN_POINT('Ctrl Pts',(-34.516677341,-39.03385115,6.694194757));
#6255=CARTESIAN_POINT('Ctrl Pts',(-34.588190663,-39.129174408,6.729888959));
#6256=CARTESIAN_POINT('Ctrl Pts',(-34.659703985,-39.224627046,6.765233632));
#6257=CARTESIAN_POINT('Ctrl Pts',(-34.591990751,-38.838551817,6.353727946));
#6258=CARTESIAN_POINT('Ctrl Pts',(-34.620857188,-38.859539701,6.472391087));
#6259=CARTESIAN_POINT('Ctrl Pts',(-34.650018054,-38.881192171,6.590859992));
#6260=CARTESIAN_POINT('Ctrl Pts',(-34.683969913,-38.932827393,6.655943632));
#6261=CARTESIAN_POINT('Ctrl Pts',(-34.737310297,-39.037786032,6.695601189));
#6262=CARTESIAN_POINT('Ctrl Pts',(-34.790650681,-39.142903531,6.734833026));
#6263=CARTESIAN_POINT('Ctrl Pts',(-34.800379767,-38.759904726,6.314065987));
#6264=CARTESIAN_POINT('Ctrl Pts',(-34.819313416,-38.779325596,6.434922747));
#6265=CARTESIAN_POINT('Ctrl Pts',(-34.838598873,-38.799972068,6.555523845));
#6266=CARTESIAN_POINT('Ctrl Pts',(-34.863174221,-38.85610946,6.626645852));
#6267=CARTESIAN_POINT('Ctrl Pts',(-34.900469789,-38.966703254,6.668720861));
#6268=CARTESIAN_POINT('Ctrl Pts',(-34.937765356,-39.077474928,6.710322199));
#6269=CARTESIAN_POINT('Ctrl Pts',(-35.102674856,-38.686142714,6.271431724));
#6270=CARTESIAN_POINT('Ctrl Pts',(-35.110923728,-38.700560324,6.394268426));
#6271=CARTESIAN_POINT('Ctrl Pts',(-35.119423201,-38.716708654,6.516884175));
#6272=CARTESIAN_POINT('Ctrl Pts',(-35.132553749,-38.777306479,6.596355104));
#6273=CARTESIAN_POINT('Ctrl Pts',(-35.151182491,-38.892033114,6.640310689));
#6274=CARTESIAN_POINT('Ctrl Pts',(-35.169811233,-39.006952657,6.683755969));
#6275=CARTESIAN_POINT('Ctrl Pts',(-35.406571511,-38.658884417,6.248835271));
#6276=CARTESIAN_POINT('Ctrl Pts',(-35.409403573,-38.667317676,6.372287688));
#6277=CARTESIAN_POINT('Ctrl Pts',(-35.412296503,-38.677330433,6.495643119));
#6278=CARTESIAN_POINT('Ctrl Pts',(-35.417419587,-38.740345476,6.582020553));
#6279=CARTESIAN_POINT('Ctrl Pts',(-35.424383252,-38.855685611,6.626364835));
#6280=CARTESIAN_POINT('Ctrl Pts',(-35.431346916,-38.971221576,6.670192894));
#6281=CARTESIAN_POINT('Ctrl Pts',(-35.710270385,-38.651003242,6.239052524));
#6282=CARTESIAN_POINT('Ctrl Pts',(-35.710633481,-38.656019257,6.362709687));
#6283=CARTESIAN_POINT('Ctrl Pts',(-35.711000978,-38.661901972,6.486333845));
#6284=CARTESIAN_POINT('Ctrl Pts',(-35.711755728,-38.726700651,6.576740508));
#6285=CARTESIAN_POINT('Ctrl Pts',(-35.712737586,-38.842230776,6.621211657));
#6286=CARTESIAN_POINT('Ctrl Pts',(-35.713719444,-38.957957601,6.665164898));
#6287=CARTESIAN_POINT('Ctrl Pts',(-35.865310361,-38.65133505,6.237886172));
#6288=CARTESIAN_POINT('Ctrl Pts',(-35.865319294,-38.655630479,6.361549733));
#6289=CARTESIAN_POINT('Ctrl Pts',(-35.8653262,-38.660239161,6.485203539));
#6290=CARTESIAN_POINT('Ctrl Pts',(-35.865328347,-38.725735514,6.576358521));
#6291=CARTESIAN_POINT('Ctrl Pts',(-35.865335476,-38.841196705,6.620808306));
#6292=CARTESIAN_POINT('Ctrl Pts',(-35.865342606,-38.956854413,6.664740736));
#6293=CARTESIAN_POINT('Ctrl Pts',(-35.941037334,-38.651215261,6.237858857));
#6294=CARTESIAN_POINT('Ctrl Pts',(-35.941037334,-38.655533854,6.361527162));
#6295=CARTESIAN_POINT('Ctrl Pts',(-35.941037334,-38.659852446,6.485195467));
#6296=CARTESIAN_POINT('Ctrl Pts',(-35.941037334,-38.725670791,6.576335951));
#6297=CARTESIAN_POINT('Ctrl Pts',(-35.941037334,-38.841153664,6.620793938));
#6298=CARTESIAN_POINT('Ctrl Pts',(-35.941037334,-38.956833118,6.664734395));
#6299=CARTESIAN_POINT('Ctrl Pts',(-177.209505975,-38.651215261,6.237858857));
#6300=CARTESIAN_POINT('Ctrl Pts',(-177.209505975,-38.655533854,6.361527162));
#6301=CARTESIAN_POINT('Ctrl Pts',(-177.209505975,-38.659852446,6.485195467));
#6302=CARTESIAN_POINT('Ctrl Pts',(-177.209505975,-38.725670791,6.576335951));
#6303=CARTESIAN_POINT('Ctrl Pts',(-177.209505975,-38.841153664,6.620793938));
#6304=CARTESIAN_POINT('Ctrl Pts',(-177.209505975,-38.956833118,6.664734395));
#6305=CARTESIAN_POINT('Ctrl Pts',(-177.361245497,-38.651725571,6.238012466));
#6306=CARTESIAN_POINT('Ctrl Pts',(-177.361195777,-38.655940798,6.361651086));
#6307=CARTESIAN_POINT('Ctrl Pts',(-177.361150343,-38.660798099,6.485268857));
#6308=CARTESIAN_POINT('Ctrl Pts',(-177.361128523,-38.725930415,6.576434132));
#6309=CARTESIAN_POINT('Ctrl Pts',(-177.36107641,-38.841305011,6.620850693));
#6310=CARTESIAN_POINT('Ctrl Pts',(-177.361024297,-38.956875854,6.664750645));
#6311=CARTESIAN_POINT('Ctrl Pts',(-177.656671013,-38.650402775,6.242198739));
#6312=CARTESIAN_POINT('Ctrl Pts',(-177.655416702,-38.657273898,6.365854391));
#6313=CARTESIAN_POINT('Ctrl Pts',(-177.654149003,-38.665663656,6.48944698));
#6314=CARTESIAN_POINT('Ctrl Pts',(-177.651345579,-38.729431126,6.57779774));
#6315=CARTESIAN_POINT('Ctrl Pts',(-177.647762642,-38.845088392,6.622306542));
#6316=CARTESIAN_POINT('Ctrl Pts',(-177.644179705,-38.960942739,6.666296279));
#6317=CARTESIAN_POINT('Ctrl Pts',(-178.047886793,-38.686486352,6.27151048));
#6318=CARTESIAN_POINT('Ctrl Pts',(-178.039623728,-38.70082404,6.394333144));
#6319=CARTESIAN_POINT('Ctrl Pts',(-178.031114032,-38.716900666,6.516936043));
#6320=CARTESIAN_POINT('Ctrl Pts',(-178.017972916,-38.777468263,6.596412377));
#6321=CARTESIAN_POINT('Ctrl Pts',(-177.999326383,-38.892122216,6.640340642));
#6322=CARTESIAN_POINT('Ctrl Pts',(-177.980679849,-39.006968864,6.683759196));
#6323=CARTESIAN_POINT('Ctrl Pts',(-178.350165411,-38.759678646,6.314014125));
#6324=CARTESIAN_POINT('Ctrl Pts',(-178.331243641,-38.779150103,6.434880166));
#6325=CARTESIAN_POINT('Ctrl Pts',(-178.311966991,-38.799843053,6.555489324));
#6326=CARTESIAN_POINT('Ctrl Pts',(-178.287398155,-38.85599945,6.62660719));
#6327=CARTESIAN_POINT('Ctrl Pts',(-178.250115404,-38.966639519,6.668699624));
#6328=CARTESIAN_POINT('Ctrl Pts',(-178.212832652,-39.077457606,6.710318007));
#6329=CARTESIAN_POINT('Ctrl Pts',(-178.558548507,-38.838683161,6.353757521));
#6330=CARTESIAN_POINT('Ctrl Pts',(-178.529674866,-38.859640919,6.472415082));
#6331=CARTESIAN_POINT('Ctrl Pts',(-178.500508664,-38.881265743,6.590879153));
#6332=CARTESIAN_POINT('Ctrl Pts',(-178.466553146,-38.932889831,6.655965354));
#6333=CARTESIAN_POINT('Ctrl Pts',(-178.413205247,-39.037821083,6.695612609));
#6334=CARTESIAN_POINT('Ctrl Pts',(-178.359857347,-39.142911113,6.734834371));
#6335=CARTESIAN_POINT('Ctrl Pts',(-178.75936945,-38.95060745,6.403617893));
#6336=CARTESIAN_POINT('Ctrl Pts',(-178.718849911,-38.969555582,6.519232012));
#6337=CARTESIAN_POINT('Ctrl Pts',(-178.678234719,-38.988619489,6.634790075));
#6338=CARTESIAN_POINT('Ctrl Pts',(-178.633874913,-39.033816678,6.69418292));
#6339=CARTESIAN_POINT('Ctrl Pts',(-178.562368297,-39.129157007,6.729883583));
#6340=CARTESIAN_POINT('Ctrl Pts',(-178.490861681,-39.224626772,6.76523456));
#6341=CARTESIAN_POINT('Ctrl Pts',(-178.939702091,-39.096108744,6.46126268));
#6342=CARTESIAN_POINT('Ctrl Pts',(-178.888190797,-39.108386416,6.57337227));
#6343=CARTESIAN_POINT('Ctrl Pts',(-178.836770311,-39.120544947,6.685535729));
#6344=CARTESIAN_POINT('Ctrl Pts',(-178.782006209,-39.157203771,6.740414125));
#6345=CARTESIAN_POINT('Ctrl Pts',(-178.692809343,-39.238644906,6.770575733));
#6346=CARTESIAN_POINT('Ctrl Pts',(-178.603612478,-39.320178691,6.8004846));
#6347=CARTESIAN_POINT('Ctrl Pts',(-179.08946987,-39.270243352,6.523567638));
#6348=CARTESIAN_POINT('Ctrl Pts',(-179.030429688,-39.272349504,6.632526878));
#6349=CARTESIAN_POINT('Ctrl Pts',(-178.9714053,-39.27446379,6.741492372));
#6350=CARTESIAN_POINT('Ctrl Pts',(-178.907336249,-39.301015419,6.793622147));
#6351=CARTESIAN_POINT('Ctrl Pts',(-178.803815034,-39.365761137,6.817293852));
#6352=CARTESIAN_POINT('Ctrl Pts',(-178.700293819,-39.430564046,6.840807779));
#6353=CARTESIAN_POINT('Ctrl Pts',(-179.204744503,-39.462383956,6.587389014));
#6354=CARTESIAN_POINT('Ctrl Pts',(-179.142617067,-39.453555316,6.694212526));
#6355=CARTESIAN_POINT('Ctrl Pts',(-179.080164203,-39.444969914,6.800862738));
#6356=CARTESIAN_POINT('Ctrl Pts',(-179.008429035,-39.461044247,6.852000323));
#6357=CARTESIAN_POINT('Ctrl Pts',(-178.895162409,-39.508996731,6.86927754));
#6358=CARTESIAN_POINT('Ctrl Pts',(-178.781895783,-39.556979668,6.886469631));
#6359=CARTESIAN_POINT('Ctrl Pts',(-179.286283699,-39.660894422,6.650257756));
#6360=CARTESIAN_POINT('Ctrl Pts',(-179.224631929,-39.642637358,6.756100605));
#6361=CARTESIAN_POINT('Ctrl Pts',(-179.162243337,-39.624759093,6.861575902));
#6362=CARTESIAN_POINT('Ctrl Pts',(-179.084490585,-39.631106633,6.913076155));
#6363=CARTESIAN_POINT('Ctrl Pts',(-178.965562576,-39.664343212,6.924861711));
#6364=CARTESIAN_POINT('Ctrl Pts',(-178.846634567,-39.697593901,6.936607241));
#6365=CARTESIAN_POINT('Ctrl Pts',(-179.362970134,-39.945248123,6.737966977));
#6366=CARTESIAN_POINT('Ctrl Pts',(-179.304889812,-39.916834114,6.843672556));
#6367=CARTESIAN_POINT('Ctrl Pts',(-179.245635428,-39.888801584,6.948831905));
#6368=CARTESIAN_POINT('Ctrl Pts',(-179.161187639,-39.883092838,7.002052792));
#6369=CARTESIAN_POINT('Ctrl Pts',(-179.038155256,-39.89934696,7.007637011));
#6370=CARTESIAN_POINT('Ctrl Pts',(-178.915122872,-39.915603128,7.013215089));
#6371=CARTESIAN_POINT('Ctrl Pts',(-179.392326178,-40.22832393,6.823888464));
#6372=CARTESIAN_POINT('Ctrl Pts',(-179.339340947,-40.194777658,6.930593831));
#6373=CARTESIAN_POINT('Ctrl Pts',(-179.285173124,-40.161447788,7.03678891));
#6374=CARTESIAN_POINT('Ctrl Pts',(-179.196269102,-40.147046948,7.092625952));
#6375=CARTESIAN_POINT('Ctrl Pts',(-179.072635827,-40.152568324,7.094469566));
#6376=CARTESIAN_POINT('Ctrl Pts',(-178.949002553,-40.158090014,7.096312301));
#6377=CARTESIAN_POINT('Ctrl Pts',(-179.4004478,-40.507854564,6.910041508));
#6378=CARTESIAN_POINT('Ctrl Pts',(-179.350743188,-40.472377006,7.017682221));
#6379=CARTESIAN_POINT('Ctrl Pts',(-179.300292733,-40.436999443,7.125013994));
#6380=CARTESIAN_POINT('Ctrl Pts',(-179.208377258,-40.417974118,7.182820909));
#6381=CARTESIAN_POINT('Ctrl Pts',(-179.084587429,-40.417974697,7.182813295));
#6382=CARTESIAN_POINT('Ctrl Pts',(-178.9607976,-40.417975144,7.182806038));
#6383=CARTESIAN_POINT('Ctrl Pts',(-179.399703864,-40.648713694,6.954147262));
#6384=CARTESIAN_POINT('Ctrl Pts',(-179.350916125,-40.613247129,7.062191222));
#6385=CARTESIAN_POINT('Ctrl Pts',(-179.301746097,-40.577826585,7.170078764));
#6386=CARTESIAN_POINT('Ctrl Pts',(-179.208869233,-40.558120244,7.228478526));
#6387=CARTESIAN_POINT('Ctrl Pts',(-179.085149207,-40.557227601,7.228189402));
#6388=CARTESIAN_POINT('Ctrl Pts',(-178.961429182,-40.556335025,7.227900096));
#6389=CARTESIAN_POINT('Ctrl Pts',(-179.399439368,-40.717359238,6.975941195));
#6390=CARTESIAN_POINT('Ctrl Pts',(-179.350796862,-40.682100286,7.084123845));
#6391=CARTESIAN_POINT('Ctrl Pts',(-179.301981913,-40.646862637,7.192236078));
#6392=CARTESIAN_POINT('Ctrl Pts',(-179.208768684,-40.627262911,7.250756676));
#6393=CARTESIAN_POINT('Ctrl Pts',(-179.085028457,-40.626380624,7.250472446));
#6394=CARTESIAN_POINT('Ctrl Pts',(-178.96128823,-40.625498347,7.250188186));
#6395=CARTESIAN_POINT('Origin',(-106.575271668,-45.483968821,6.451035727));
#6396=CARTESIAN_POINT('',(-106.075271668,-45.483968825194,7.21883732869193));
#6397=CARTESIAN_POINT('',(-107.075271668,-45.483968825194,7.21883732869193));
#6398=CARTESIAN_POINT('',(-106.075271668,-45.483968829,7.218837329));
#6399=CARTESIAN_POINT('',(-107.075271668,-45.483968821,1.3));
#6400=CARTESIAN_POINT('',(-107.075271668,-45.483968821,1.3));
#6401=CARTESIAN_POINT('',(-106.075271668,-45.483968821,1.3));
#6402=CARTESIAN_POINT('',(-107.075271668,-45.483968821,1.3));
#6403=CARTESIAN_POINT('',(-106.075271668,-45.483968821,1.3));
#6404=CARTESIAN_POINT('Origin',(-106.075271668,-46.233968821,6.451035727));
#6405=CARTESIAN_POINT('',(-106.075271668,-46.9839688256905,7.44617189480106));
#6406=CARTESIAN_POINT('Origin',(-106.075271307303,-51.2222627481115,-25.581279726152));
#6407=CARTESIAN_POINT('',(-106.075271668,-46.983968821,1.3));
#6408=CARTESIAN_POINT('',(-106.075271668,-45.483968821,1.3));
#6409=CARTESIAN_POINT('',(-106.075271668,-46.983968821,1.3));
#6410=CARTESIAN_POINT('Origin',(-105.325271668,-46.983968821,6.451035727));
#6411=CARTESIAN_POINT('',(-104.575271668,-46.9839688256905,7.44617189480104));
#6412=CARTESIAN_POINT('',(-104.575271668,-46.98396883,7.446171895));
#6413=CARTESIAN_POINT('',(-104.575271668,-46.983968821,1.3));
#6414=CARTESIAN_POINT('',(-106.075271668,-46.983968821,1.3));
#6415=CARTESIAN_POINT('',(-104.575271668,-46.983968821,1.3));
#6416=CARTESIAN_POINT('Origin',(-104.575271668,-47.483968821,6.451035727));
#6417=CARTESIAN_POINT('',(-104.575271668,-47.9839688255645,7.55921383496572));
#6418=CARTESIAN_POINT('Origin',(-104.575266050023,-51.2329920164434,-25.6621942399661));
#6419=CARTESIAN_POINT('',(-104.575271668,-47.983968821,1.3));
#6420=CARTESIAN_POINT('',(-104.575271668,-46.983968821,1.3));
#6421=CARTESIAN_POINT('',(-104.575271668,-47.983968821,1.3));
#6422=CARTESIAN_POINT('Origin',(-105.325271668,-47.983968821,6.451035727));
#6423=CARTESIAN_POINT('',(-106.075271668,-47.9839688255645,7.5592138349657));
#6424=CARTESIAN_POINT('',(-106.075271668,-47.98396883,7.559213835));
#6425=CARTESIAN_POINT('',(-106.075271668,-47.983968821,1.3));
#6426=CARTESIAN_POINT('',(-104.575271668,-47.983968821,1.3));
#6427=CARTESIAN_POINT('',(-106.075271668,-47.983968821,1.3));
#6428=CARTESIAN_POINT('Origin',(-106.075271668,-48.733968821,6.451035727));
#6429=CARTESIAN_POINT('',(-106.075271668,-49.4839688255552,7.6718938391047));
#6430=CARTESIAN_POINT('Origin',(-106.075269311199,-51.2364187667691,-25.6971437802929));
#6431=CARTESIAN_POINT('',(-106.075271668,-49.483968821,1.3));
#6432=CARTESIAN_POINT('',(-106.075271668,-47.983968821,1.3));
#6433=CARTESIAN_POINT('',(-106.075271668,-49.483968821,1.3));
#6434=CARTESIAN_POINT('Origin',(-106.575271668,-49.483968821,6.451035727));
#6435=CARTESIAN_POINT('',(-107.075271668,-49.4839688255552,7.67189383910468));
#6436=CARTESIAN_POINT('',(-107.075271668,-49.48396883,7.671893839));
#6437=CARTESIAN_POINT('',(-107.075271668,-49.483968821,1.3));
#6438=CARTESIAN_POINT('',(-106.075271668,-49.483968821,1.3));
#6439=CARTESIAN_POINT('',(-107.075271668,-49.483968821,1.3));
#6440=CARTESIAN_POINT('Origin',(-107.075271668,-48.733968821,6.451035727));
#6441=CARTESIAN_POINT('',(-107.075271668,-47.9839688255645,7.55921383496572));
#6442=CARTESIAN_POINT('Origin',(-107.075274024801,-51.2364187667674,-25.6971437802992));
#6443=CARTESIAN_POINT('',(-107.075271668,-47.983968821,1.3));
#6444=CARTESIAN_POINT('',(-107.075271668,-49.483968821,1.3));
#6445=CARTESIAN_POINT('',(-107.075271668,-47.983968821,1.3));
#6446=CARTESIAN_POINT('Origin',(-107.825271668,-47.983968821,6.451035727));
#6447=CARTESIAN_POINT('',(-108.575271668,-47.9839688255645,7.5592138349657));
#6448=CARTESIAN_POINT('',(-108.575271668,-47.98396883,7.559213835));
#6449=CARTESIAN_POINT('',(-108.575271668,-47.983968821,1.3));
#6450=CARTESIAN_POINT('',(-107.075271668,-47.983968821,1.3));
#6451=CARTESIAN_POINT('',(-108.575271668,-47.983968821,1.3));
#6452=CARTESIAN_POINT('Origin',(-108.575271668,-47.483968821,6.451035727));
#6453=CARTESIAN_POINT('',(-108.575271668,-46.9839688256905,7.44617189480103));
#6454=CARTESIAN_POINT('Origin',(-108.575277285352,-51.2329920164459,-25.6621942399968));
#6455=CARTESIAN_POINT('',(-108.575271668,-46.983968821,1.3));
#6456=CARTESIAN_POINT('',(-108.575271668,-47.983968821,1.3));
#6457=CARTESIAN_POINT('',(-108.575271668,-46.983968821,1.3));
#6458=CARTESIAN_POINT('Origin',(-107.825271668,-46.983968821,6.451035727));
#6459=CARTESIAN_POINT('',(-107.075271668,-46.9839688256905,7.44617189480105));
#6460=CARTESIAN_POINT('',(-107.075271668,-46.98396883,7.446171895));
#6461=CARTESIAN_POINT('',(-107.075271668,-46.983968821,1.3));
#6462=CARTESIAN_POINT('',(-108.575271668,-46.983968821,1.3));
#6463=CARTESIAN_POINT('',(-107.075271668,-46.983968821,1.3));
#6464=CARTESIAN_POINT('Origin',(-107.075271668,-46.233968821,6.451035727));
#6465=CARTESIAN_POINT('Origin',(-107.075271862411,-51.22226275992,-25.5812798040698));
#6466=CARTESIAN_POINT('',(-107.075271668,-46.983968821,1.3));
#6467=CARTESIAN_POINT('Origin',(-107.075271668,-45.483968821,1.));
#6468=CARTESIAN_POINT('',(-103.825271668,-47.483384393,1.));
#6469=CARTESIAN_POINT('Origin',(-106.57527166795,-47.4833843928213,1.));
#6470=CARTESIAN_POINT('',(-105.775271668,-49.783968821,1.));
#6471=CARTESIAN_POINT('',(-105.775271668,-48.283968821,1.));
#6472=CARTESIAN_POINT('',(-105.775271668,-47.983968821,1.));
#6473=CARTESIAN_POINT('',(-104.275271668,-48.283968821,1.));
#6474=CARTESIAN_POINT('',(-104.575271668,-48.283968821,1.));
#6475=CARTESIAN_POINT('',(-104.275271668,-46.683968821,1.));
#6476=CARTESIAN_POINT('',(-104.275271668,-46.983968821,1.));
#6477=CARTESIAN_POINT('',(-105.775271668,-46.683968821,1.));
#6478=CARTESIAN_POINT('',(-106.075271668,-46.683968821,1.));
#6479=CARTESIAN_POINT('',(-105.775271668,-45.183968821,1.));
#6480=CARTESIAN_POINT('',(-105.775271668,-45.483968821,1.));
#6481=CARTESIAN_POINT('',(-107.375271668,-45.183968821,1.));
#6482=CARTESIAN_POINT('',(-107.075271668,-45.183968821,1.));
#6483=CARTESIAN_POINT('',(-107.375271668,-46.683968821,1.));
#6484=CARTESIAN_POINT('',(-107.375271668,-46.983968821,1.));
#6485=CARTESIAN_POINT('',(-108.875271668,-46.683968821,1.));
#6486=CARTESIAN_POINT('',(-108.575271668,-46.683968821,1.));
#6487=CARTESIAN_POINT('',(-108.875271668,-48.283968821,1.));
#6488=CARTESIAN_POINT('',(-108.875271668,-47.983968821,1.));
#6489=CARTESIAN_POINT('',(-107.375271668,-48.283968821,1.));
#6490=CARTESIAN_POINT('',(-107.075271668,-48.283968821,1.));
#6491=CARTESIAN_POINT('',(-107.375271668,-49.783968821,1.));
#6492=CARTESIAN_POINT('',(-107.375271668,-49.483968821,1.));
#6493=CARTESIAN_POINT('',(-106.075271668,-49.783968821,1.));
#6494=CARTESIAN_POINT('Origin',(-106.575271668,-45.483968821,1.3));
#6495=CARTESIAN_POINT('',(-107.375271668,-45.183968821,1.));
#6496=CARTESIAN_POINT('',(-106.075271668,-45.483968821,1.3));
#6497=CARTESIAN_POINT('Origin',(-106.075271668,-46.083968821,1.3));
#6498=CARTESIAN_POINT('',(-105.775271668,-46.683968821,1.));
#6499=CARTESIAN_POINT('Origin',(-105.175271668,-46.983968821,1.3));
#6500=CARTESIAN_POINT('',(-104.575271668,-46.983968821,1.3));
#6501=CARTESIAN_POINT('Origin',(-104.575271668,-47.483968821,1.3));
#6502=CARTESIAN_POINT('',(-104.575271668,-47.983968821,1.3));
#6503=CARTESIAN_POINT('Origin',(-105.175271668,-47.983968821,1.3));
#6504=CARTESIAN_POINT('',(-105.775271668,-48.283968821,1.));
#6505=CARTESIAN_POINT('Origin',(-106.075271668,-48.883968821,1.3));
#6506=CARTESIAN_POINT('',(-106.075271668,-49.483968821,1.3));
#6507=CARTESIAN_POINT('Origin',(-106.575271668,-49.483968821,1.3));
#6508=CARTESIAN_POINT('',(-107.375271668,-49.783968821,1.));
#6509=CARTESIAN_POINT('Origin',(-107.075271668,-48.883968821,1.3));
#6510=CARTESIAN_POINT('',(-107.075271668,-47.983968821,1.3));
#6511=CARTESIAN_POINT('Origin',(-107.975271668,-47.983968821,1.3));
#6512=CARTESIAN_POINT('',(-108.575271668,-47.983968821,1.3));
#6513=CARTESIAN_POINT('Origin',(-108.575271668,-47.483968821,1.3));
#6514=CARTESIAN_POINT('',(-108.875271668,-46.683968821,1.));
#6515=CARTESIAN_POINT('Origin',(-107.975271668,-46.983968821,1.3));
#6516=CARTESIAN_POINT('',(-107.075271668,-46.983968821,1.3));
#6517=CARTESIAN_POINT('Origin',(-107.075271668,-46.083968821,1.3));
#6518=CARTESIAN_POINT('Ctrl Pts',(-34.642616484,-39.833527271,5.710387039));
#6519=CARTESIAN_POINT('Ctrl Pts',(-34.843546714,-41.829830998,6.435951352));
#6520=CARTESIAN_POINT('Ctrl Pts',(-34.920245626,-43.901871133,6.972333316));
#6521=CARTESIAN_POINT('Ctrl Pts',(-34.92478019,-48.114413818,7.640141054));
#6522=CARTESIAN_POINT('Ctrl Pts',(-34.852601105,-50.250021614,7.771241911));
#6523=CARTESIAN_POINT('Ctrl Pts',(-34.732051566,-52.377406214,7.698310263));
#6524=CARTESIAN_POINT('Ctrl Pts',(-178.507926819,-39.833527271,5.710387039));
#6525=CARTESIAN_POINT('Ctrl Pts',(-178.30699659,-41.829830998,6.435951352));
#6526=CARTESIAN_POINT('Ctrl Pts',(-178.230297679,-43.901871133,6.972333316));
#6527=CARTESIAN_POINT('Ctrl Pts',(-178.225763116,-48.114413818,7.640141054));
#6528=CARTESIAN_POINT('Ctrl Pts',(-178.297942203,-50.250021614,7.771241911));
#6529=CARTESIAN_POINT('Ctrl Pts',(-178.418491743,-52.377406214,7.698310263));
#6530=CARTESIAN_POINT('Origin',(-173.25027167,-45.483968821,6.451035727));
#6531=CARTESIAN_POINT('',(-173.75027167,-45.483968825194,7.21883732869193));
#6532=CARTESIAN_POINT('',(-173.75027167,-45.483968821,1.3));
#6533=CARTESIAN_POINT('',(-172.75027167,-45.483968825194,7.21883732869191));
#6534=CARTESIAN_POINT('',(-172.75027167,-45.483968821,1.3));
#6535=CARTESIAN_POINT('',(-173.75027167,-45.483968829,7.218837329));
#6536=CARTESIAN_POINT('Origin',(-172.75027167,-46.233968821,6.451035727));
#6537=CARTESIAN_POINT('',(-172.75027167,-46.9839688256905,7.44617189480105));
#6538=CARTESIAN_POINT('',(-172.75027167,-46.983968821,1.3));
#6539=CARTESIAN_POINT('Origin',(-172.750297400414,-51.2222627599177,-25.5812798040483));
#6540=CARTESIAN_POINT('Origin',(-172.00027167,-46.983968821,6.451035727));
#6541=CARTESIAN_POINT('',(-171.25027167,-46.983968825688,7.44617189482068));
#6542=CARTESIAN_POINT('',(-171.25027167,-46.983968821,1.3));
#6543=CARTESIAN_POINT('',(-172.75027167,-46.98396883,7.446171895));
#6544=CARTESIAN_POINT('Origin',(-171.25027167,-47.483968821,6.451035727));
#6545=CARTESIAN_POINT('',(-171.25027167,-47.9839688255706,7.55921383490378));
#6546=CARTESIAN_POINT('',(-171.25027167,-47.983968821,1.3));
#6547=CARTESIAN_POINT('Origin',(-171.25027167,-51.2329920324408,-25.662194454161));
#6548=CARTESIAN_POINT('Origin',(-172.00027167,-47.983968821,6.451035727));
#6549=CARTESIAN_POINT('',(-172.75027167,-47.9839688255706,7.55921383490379));
#6550=CARTESIAN_POINT('',(-172.75027167,-47.983968821,1.3));
#6551=CARTESIAN_POINT('',(-171.25027167,-47.98396883,7.559213835));
#6552=CARTESIAN_POINT('Origin',(-172.75027167,-48.733968821,6.451035727));
#6553=CARTESIAN_POINT('',(-172.75027167,-49.4839688255608,7.67189383899887));
#6554=CARTESIAN_POINT('',(-172.75027167,-49.483968821,1.3));
#6555=CARTESIAN_POINT('Origin',(-172.75027167,-51.2364186912087,-25.6971428133651));
#6556=CARTESIAN_POINT('Origin',(-173.25027167,-49.483968821,6.451035727));
#6557=CARTESIAN_POINT('',(-173.75027167,-49.4839688255608,7.67189383899889));
#6558=CARTESIAN_POINT('',(-173.75027167,-49.483968821,1.3));
#6559=CARTESIAN_POINT('',(-172.75027167,-49.48396883,7.671893839));
#6560=CARTESIAN_POINT('Origin',(-173.75027167,-48.733968821,6.451035727));
#6561=CARTESIAN_POINT('',(-173.75027167,-47.9839688255706,7.55921383490378));
#6562=CARTESIAN_POINT('',(-173.75027167,-47.983968821,1.3));
#6563=CARTESIAN_POINT('Origin',(-173.75027167,-51.2364186496808,-25.6971422605184));
#6564=CARTESIAN_POINT('Origin',(-174.50027167,-47.983968821,6.451035727));
#6565=CARTESIAN_POINT('',(-175.25027167,-47.9839688255706,7.55921383490378));
#6566=CARTESIAN_POINT('',(-175.25027167,-47.983968821,1.3));
#6567=CARTESIAN_POINT('',(-173.75027167,-47.98396883,7.559213835));
#6568=CARTESIAN_POINT('Origin',(-175.25027167,-47.483968821,6.451035727));
#6569=CARTESIAN_POINT('',(-175.25027167,-46.983968825688,7.4461718948207));
#6570=CARTESIAN_POINT('',(-175.25027167,-46.983968821,1.3));
#6571=CARTESIAN_POINT('Origin',(-175.25027167,-51.2329918242367,-25.6621926123421));
#6572=CARTESIAN_POINT('Origin',(-174.50027167,-46.983968821,6.451035727));
#6573=CARTESIAN_POINT('',(-173.75027167,-46.9839688256905,7.44617189480106));
#6574=CARTESIAN_POINT('',(-173.75027167,-46.983968821,1.3));
#6575=CARTESIAN_POINT('',(-175.25027167,-46.98396883,7.446171895));
#6576=CARTESIAN_POINT('Origin',(-173.75027167,-46.233968821,6.451035727));
#6577=CARTESIAN_POINT('Origin',(-173.750320129876,-51.2222627481004,-25.5812797260815));
#6578=CARTESIAN_POINT('Ctrl Pts',(-34.642616484,-39.833527271,5.710387039));
#6579=CARTESIAN_POINT('Ctrl Pts',(-34.843546714,-41.829830998,6.435951352));
#6580=CARTESIAN_POINT('Ctrl Pts',(-34.920245626,-43.901871133,6.972333316));
#6581=CARTESIAN_POINT('Ctrl Pts',(-34.92478019,-48.114413818,7.640141054));
#6582=CARTESIAN_POINT('Ctrl Pts',(-34.852601105,-50.250021614,7.771241911));
#6583=CARTESIAN_POINT('Ctrl Pts',(-34.732051566,-52.377406214,7.698310263));
#6584=CARTESIAN_POINT('Ctrl Pts',(-178.507926819,-39.833527271,5.710387039));
#6585=CARTESIAN_POINT('Ctrl Pts',(-178.30699659,-41.829830998,6.435951352));
#6586=CARTESIAN_POINT('Ctrl Pts',(-178.230297679,-43.901871133,6.972333316));
#6587=CARTESIAN_POINT('Ctrl Pts',(-178.225763116,-48.114413818,7.640141054));
#6588=CARTESIAN_POINT('Ctrl Pts',(-178.297942203,-50.250021614,7.771241911));
#6589=CARTESIAN_POINT('Ctrl Pts',(-178.418491743,-52.377406214,7.698310263));
#6590=CARTESIAN_POINT('Origin',(-39.900271666,-45.483968821,6.451035727));
#6591=CARTESIAN_POINT('',(-40.400271666,-45.483968825194,7.21883732869193));
#6592=CARTESIAN_POINT('',(-40.400271666,-45.483968821,1.3));
#6593=CARTESIAN_POINT('',(-39.400271666,-45.483968825194,7.21883732869192));
#6594=CARTESIAN_POINT('',(-39.400271666,-45.483968821,1.3));
#6595=CARTESIAN_POINT('',(-40.400271666,-45.483968829,7.218837329));
#6596=CARTESIAN_POINT('Origin',(-39.400271666,-46.233968821,6.451035727));
#6597=CARTESIAN_POINT('',(-39.400271666,-46.9839688256905,7.44617189480105));
#6598=CARTESIAN_POINT('',(-39.400271666,-46.983968821,1.3));
#6599=CARTESIAN_POINT('Origin',(-39.4002455466957,-51.2222627599173,-25.5812798040468));
#6600=CARTESIAN_POINT('Origin',(-38.650271666,-46.983968821,6.451035727));
#6601=CARTESIAN_POINT('',(-37.900271666,-46.983968825688,7.44617189482068));
#6602=CARTESIAN_POINT('',(-37.900271666,-46.983968821,1.3));
#6603=CARTESIAN_POINT('',(-39.400271666,-46.98396883,7.446171895));
#6604=CARTESIAN_POINT('Origin',(-37.900271666,-47.483968821,6.451035727));
#6605=CARTESIAN_POINT('',(-37.900271666,-47.9839688255706,7.55921383490378));
#6606=CARTESIAN_POINT('',(-37.900271666,-47.983968821,1.3));
#6607=CARTESIAN_POINT('Origin',(-37.900271666,-51.2329920324408,-25.662194454161));
#6608=CARTESIAN_POINT('Origin',(-38.650271666,-47.983968821,6.451035727));
#6609=CARTESIAN_POINT('',(-39.400271666,-47.9839688255706,7.55921383490379));
#6610=CARTESIAN_POINT('',(-39.400271666,-47.983968821,1.3));
#6611=CARTESIAN_POINT('',(-37.900271666,-47.98396883,7.559213835));
#6612=CARTESIAN_POINT('Origin',(-39.400271666,-48.733968821,6.451035727));
#6613=CARTESIAN_POINT('',(-39.400271666,-49.4839688255608,7.67189383899887));
#6614=CARTESIAN_POINT('',(-39.400271666,-49.483968821,1.3));
#6615=CARTESIAN_POINT('Origin',(-39.400271666,-51.2364186912087,-25.6971428133651));
#6616=CARTESIAN_POINT('Origin',(-39.900271666,-49.483968821,6.451035727));
#6617=CARTESIAN_POINT('',(-40.400271666,-49.4839688255608,7.67189383899889));
#6618=CARTESIAN_POINT('',(-40.400271666,-49.483968821,1.3));
#6619=CARTESIAN_POINT('',(-39.400271666,-49.48396883,7.671893839));
#6620=CARTESIAN_POINT('Origin',(-40.400271666,-48.733968821,6.451035727));
#6621=CARTESIAN_POINT('',(-40.400271666,-47.9839688255706,7.55921383490378));
#6622=CARTESIAN_POINT('',(-40.400271666,-47.983968821,1.3));
#6623=CARTESIAN_POINT('Origin',(-40.400271666,-51.2364186496808,-25.6971422605184));
#6624=CARTESIAN_POINT('Origin',(-41.150271666,-47.983968821,6.451035727));
#6625=CARTESIAN_POINT('',(-41.900271666,-47.9839688255706,7.55921383490377));
#6626=CARTESIAN_POINT('',(-41.900271666,-47.983968821,1.3));
#6627=CARTESIAN_POINT('',(-40.400271666,-47.98396883,7.559213835));
#6628=CARTESIAN_POINT('Origin',(-41.900271666,-47.483968821,6.451035727));
#6629=CARTESIAN_POINT('',(-41.900271666,-46.983968825688,7.4461718948207));
#6630=CARTESIAN_POINT('',(-41.900271666,-46.983968821,1.3));
#6631=CARTESIAN_POINT('Origin',(-41.900271666,-51.2329918242341,-25.6621926123324));
#6632=CARTESIAN_POINT('Origin',(-41.150271666,-46.983968821,6.451035727));
#6633=CARTESIAN_POINT('',(-40.400271666,-46.9839688256905,7.44617189480106));
#6634=CARTESIAN_POINT('',(-40.400271666,-46.983968821,1.3));
#6635=CARTESIAN_POINT('',(-41.900271666,-46.98396883,7.446171895));
#6636=CARTESIAN_POINT('Origin',(-40.400271666,-46.233968821,6.451035727));
#6637=CARTESIAN_POINT('Origin',(-40.4002239275863,-51.2222627481012,-25.5812797260856));
#6638=CARTESIAN_POINT('Ctrl Pts',(-34.642616484,-39.833527271,5.710387039));
#6639=CARTESIAN_POINT('Ctrl Pts',(-34.843546714,-41.829830998,6.435951352));
#6640=CARTESIAN_POINT('Ctrl Pts',(-34.920245626,-43.901871133,6.972333316));
#6641=CARTESIAN_POINT('Ctrl Pts',(-34.92478019,-48.114413818,7.640141054));
#6642=CARTESIAN_POINT('Ctrl Pts',(-34.852601105,-50.250021614,7.771241911));
#6643=CARTESIAN_POINT('Ctrl Pts',(-34.732051566,-52.377406214,7.698310263));
#6644=CARTESIAN_POINT('Ctrl Pts',(-178.507926819,-39.833527271,5.710387039));
#6645=CARTESIAN_POINT('Ctrl Pts',(-178.30699659,-41.829830998,6.435951352));
#6646=CARTESIAN_POINT('Ctrl Pts',(-178.230297679,-43.901871133,6.972333316));
#6647=CARTESIAN_POINT('Ctrl Pts',(-178.225763116,-48.114413818,7.640141054));
#6648=CARTESIAN_POINT('Ctrl Pts',(-178.297942203,-50.250021614,7.771241911));
#6649=CARTESIAN_POINT('Ctrl Pts',(-178.418491743,-52.377406214,7.698310263));
#6650=CARTESIAN_POINT('Origin',(-175.721005487,-47.857799965,6.1923654305));
#6651=CARTESIAN_POINT('',(-175.974663918842,-47.8577998313147,7.5466324007287));
#6652=CARTESIAN_POINT('Ctrl Pts',(-175.974663918842,-47.857799965,7.54663240350442));
#6653=CARTESIAN_POINT('Ctrl Pts',(-176.352953598586,-47.857799965,7.54663240350442));
#6654=CARTESIAN_POINT('Ctrl Pts',(-176.73124327833,-47.857799965,7.54663240350443));
#6655=CARTESIAN_POINT('Ctrl Pts',(-177.487821710775,-47.857799965,7.54663240350443));
#6656=CARTESIAN_POINT('Ctrl Pts',(-177.866110463475,-47.857799965,7.54663240350442));
#6657=CARTESIAN_POINT('Ctrl Pts',(-178.244399216174,-47.857799965,7.54663240350442));
#6658=CARTESIAN_POINT('',(-175.974663945534,-47.8577995838406,7.546600571));
#6659=CARTESIAN_POINT('Origin',(-179.076099821,-47.107799965,6.1923654305));
#6660=CARTESIAN_POINT('',(-175.974503214022,-47.1077993547324,7.46182889090515));
#6661=CARTESIAN_POINT('',(-178.233444969193,-47.1077987727645,7.46182886218722));
#6662=CARTESIAN_POINT('',(-175.974502999028,-47.1077999649961,4.500000055));
#6663=CARTESIAN_POINT('Origin',(-34.0744435145,-47.107799965,6.1923654305));
#6664=CARTESIAN_POINT('',(-34.917053571,-47.107799965,7.461819289));
#6665=CARTESIAN_POINT('Ctrl Pts',(-34.9169847498676,-47.107799965,7.46187139820367));
#6666=CARTESIAN_POINT('Ctrl Pts',(-34.7338252852789,-47.107799965,6.96734708963958));
#6667=CARTESIAN_POINT('Ctrl Pts',(-34.5491393017816,-47.1077999650013,6.47301372902175));
#6668=CARTESIAN_POINT('Ctrl Pts',(-34.1775068922013,-47.1077999650013,5.48598472396795));
#6669=CARTESIAN_POINT('Ctrl Pts',(-33.9902987714819,-47.107799965,4.9925941785475));
#6670=CARTESIAN_POINT('Ctrl Pts',(-33.8020999772012,-47.107799965,4.50000005492312));
#6671=CARTESIAN_POINT('',(-37.1760401214664,-47.1077993547995,7.46182889090925));
#6672=CARTESIAN_POINT('',(-37.1760403369532,-47.1077999651314,4.500000055));
#6673=CARTESIAN_POINT('',(-34.91709833669,-47.1077987727645,7.46182886218722));
#6674=CARTESIAN_POINT('Ctrl Pts',(-34.903837511,-39.853694927,6.28580168));
#6675=CARTESIAN_POINT('Ctrl Pts',(-35.002284636,-52.079543192,8.474040595));
#6676=CARTESIAN_POINT('Ctrl Pts',(-33.952648893,-39.780258095,4.190534453));
#6677=CARTESIAN_POINT('Ctrl Pts',(-34.018280309,-53.164156938,5.649360397));
#6678=CARTESIAN_POINT('Ctrl Pts',(-33.001460274,-39.706821262,2.095267227));
#6679=CARTESIAN_POINT('Ctrl Pts',(-33.034275982,-54.248770684,2.824680198));
#6680=CARTESIAN_POINT('Ctrl Pts',(-32.050271655,-39.63338443,0.));
#6681=CARTESIAN_POINT('Ctrl Pts',(-32.050271655,-55.33338443,0.));
#6682=CARTESIAN_POINT('Ctrl Pts',(-34.727595102,-40.771569545,6.035552845));
#6683=CARTESIAN_POINT('Ctrl Pts',(-34.86558553,-42.476048694,6.598101551));
#6684=CARTESIAN_POINT('Ctrl Pts',(-34.920553725,-44.229932652,7.024332415));
#6685=CARTESIAN_POINT('Ctrl Pts',(-34.922861967,-46.374039338,7.36423301));
#6686=CARTESIAN_POINT('Ctrl Pts',(-34.921011558,-46.740572608,7.416085426));
#6687=CARTESIAN_POINT('Ctrl Pts',(-34.917053571,-47.107799965,7.461819289));
#6688=CARTESIAN_POINT('Ctrl Pts',(-34.9060992510591,-47.8578065491794,7.54662277918716));
#6689=CARTESIAN_POINT('Ctrl Pts',(-34.884620720044,-49.0271234366501,7.66546691115659));
#6690=CARTESIAN_POINT('Ctrl Pts',(-34.8428088095694,-50.2020870750149,7.72251653869427));
#6691=CARTESIAN_POINT('Ctrl Pts',(-34.785038632,-51.376352687,7.71755859));
#6692=CARTESIAN_POINT('Origin',(-64.675271653,-53.727353605,4.500000055));
#6693=CARTESIAN_POINT('',(-64.675271653,-52.377406214,7.698310263));
#6694=CARTESIAN_POINT('Origin',(-64.675271653,-50.7711556519071,-18.144253085203));
#6695=CARTESIAN_POINT('',(-64.675271653,-53.605485491,4.500000055));
#6696=CARTESIAN_POINT('',(-64.675271653,-52.377406214,7.698310263));
#6697=CARTESIAN_POINT('',(-64.675271653,-53.605485491,4.500000055));
#6698=CARTESIAN_POINT('Origin',(-88.700271641,-53.727353605,4.500000055));
#6699=CARTESIAN_POINT('',(-88.700271641,-47.107799959822,7.46182894660953));
#6700=CARTESIAN_POINT('',(-88.700271641,-47.107799965,7.461828884));
#6701=CARTESIAN_POINT('',(-88.700271641,-39.791104527,4.500000055));
#6702=CARTESIAN_POINT('',(-88.700271641,-47.107799965,4.500000055));
#6703=CARTESIAN_POINT('',(-88.700271641,-39.833527271,5.710387039));
#6704=CARTESIAN_POINT('',(-88.700271641,-39.791104527,4.500000055));
#6705=CARTESIAN_POINT('Ctrl Pts',(-88.700271641,-47.107799965,7.461828884));
#6706=CARTESIAN_POINT('Ctrl Pts',(-88.700271641,-46.740517096,7.416087889));
#6707=CARTESIAN_POINT('Ctrl Pts',(-88.700271641,-46.373983696,7.364233416));
#6708=CARTESIAN_POINT('Ctrl Pts',(-88.700271641,-46.008397733,7.306277651));
#6709=CARTESIAN_POINT('Ctrl Pts',(-88.700271641,-43.906196107,6.973018947));
#6710=CARTESIAN_POINT('Ctrl Pts',(-88.700271641,-41.833950816,6.437448716));
#6711=CARTESIAN_POINT('Ctrl Pts',(-88.700271641,-39.833527271,5.710387039));
#6712=CARTESIAN_POINT('Ctrl Pts',(-34.642616484,-39.833527271,5.710387039));
#6713=CARTESIAN_POINT('Ctrl Pts',(-34.843546714,-41.829830998,6.435951352));
#6714=CARTESIAN_POINT('Ctrl Pts',(-34.920245626,-43.901871133,6.972333316));
#6715=CARTESIAN_POINT('Ctrl Pts',(-34.92478019,-48.114413818,7.640141054));
#6716=CARTESIAN_POINT('Ctrl Pts',(-34.852601105,-50.250021614,7.771241911));
#6717=CARTESIAN_POINT('Ctrl Pts',(-34.732051566,-52.377406214,7.698310263));
#6718=CARTESIAN_POINT('Ctrl Pts',(-178.507926819,-39.833527271,5.710387039));
#6719=CARTESIAN_POINT('Ctrl Pts',(-178.30699659,-41.829830998,6.435951352));
#6720=CARTESIAN_POINT('Ctrl Pts',(-178.230297679,-43.901871133,6.972333316));
#6721=CARTESIAN_POINT('Ctrl Pts',(-178.225763116,-48.114413818,7.640141054));
#6722=CARTESIAN_POINT('Ctrl Pts',(-178.297942203,-50.250021614,7.771241911));
#6723=CARTESIAN_POINT('Ctrl Pts',(-178.418491743,-52.377406214,7.698310263));
#6724=CARTESIAN_POINT('',(-65.425271653,-39.833527271,5.710387039));
#6725=CARTESIAN_POINT('',(-88.700271641,-47.1077999494659,7.46182900873245));
#6726=CARTESIAN_POINT('Origin',(-159.385482305,-47.857799965,6.192365431));
#6727=CARTESIAN_POINT('',(-148.475271683,-47.857799965,4.500000055));
#6728=CARTESIAN_POINT('',(-148.475271683,-47.8577999692994,7.54663232072539));
#6729=CARTESIAN_POINT('',(-148.475271683,-47.857799965,4.500000055));
#6730=CARTESIAN_POINT('',(-170.525879420869,-47.8577998312693,7.54663240072863));
#6731=CARTESIAN_POINT('Ctrl Pts',(-170.525879420869,-47.857799965,7.54663240350442));
#6732=CARTESIAN_POINT('Ctrl Pts',(-166.850777664413,-47.857799965,7.54663240350442));
#6733=CARTESIAN_POINT('Ctrl Pts',(-163.175675907957,-47.857799965,7.54663240350443));
#6734=CARTESIAN_POINT('Ctrl Pts',(-155.825473328667,-47.857799965,7.54663240350443));
#6735=CARTESIAN_POINT('Ctrl Pts',(-152.150372505833,-47.857799965,7.54663240350442));
#6736=CARTESIAN_POINT('Ctrl Pts',(-148.475271683,-47.857799965,7.54663240350442));
#6737=CARTESIAN_POINT('',(-170.525879447,-47.857799965,4.500000055));
#6738=CARTESIAN_POINT('',(-170.525879394447,-47.8577995837057,7.546600571));
#6739=CARTESIAN_POINT('',(-170.525879447,-47.857799965,4.500000055));
#6740=CARTESIAN_POINT('Origin',(-159.385482305,-47.857799965,6.192365431));
#6741=CARTESIAN_POINT('',(-147.725271683,-47.8577999593832,7.54663231922521));
#6742=CARTESIAN_POINT('',(-147.725271683,-47.857799965,4.500000055));
#6743=CARTESIAN_POINT('',(-147.725271683,-47.857799965,4.500000055));
#6744=CARTESIAN_POINT('',(-147.725271683,-47.857799965,4.500000055));
#6745=CARTESIAN_POINT('',(-124.450271694,-47.8577999593832,7.54663231922521));
#6746=CARTESIAN_POINT('',(-124.450271694,-47.857799965,4.500000055));
#6747=CARTESIAN_POINT('',(-147.725271683,-47.8577999481495,7.5466324017918));
#6748=CARTESIAN_POINT('Origin',(-159.385482305,-47.107799965,6.192365431));
#6749=CARTESIAN_POINT('',(-123.700271694,-47.1077999570609,7.46182900795193));
#6750=CARTESIAN_POINT('',(-109.299503212023,-47.1077993547324,7.46182889090515));
#6751=CARTESIAN_POINT('',(-109.299503709,-47.1077986127233,7.46182884225584));
#6752=CARTESIAN_POINT('',(-109.299502997,-47.107799965,4.500000055));
#6753=CARTESIAN_POINT('',(-109.299503009803,-47.1078000613969,7.461817984));
#6754=CARTESIAN_POINT('',(-123.700271694,-47.107799965,4.500000055));
#6755=CARTESIAN_POINT('',(-109.299502997,-47.107799965,4.500000055));
#6756=CARTESIAN_POINT('',(-123.700271694,-47.107799965,7.461828884));
#6757=CARTESIAN_POINT('Origin',(-159.385482305,-47.107799965,6.192365431));
#6758=CARTESIAN_POINT('',(-148.475271683,-47.1077999570609,7.46182900795194));
#6759=CARTESIAN_POINT('',(-148.475271683,-47.107799965,7.461828884));
#6760=CARTESIAN_POINT('',(-170.52604034,-47.107799965,4.500000055));
#6761=CARTESIAN_POINT('',(-148.475271683,-47.107799965,4.500000055));
#6762=CARTESIAN_POINT('',(-170.526040125466,-47.1077993547995,7.46182889090924));
#6763=CARTESIAN_POINT('',(-170.526040340953,-47.1077999651314,4.500000055));
#6764=CARTESIAN_POINT('',(-148.475271683,-47.1077999494659,7.46182900873245));
#6765=CARTESIAN_POINT('Origin',(-161.254537877,-47.857799965,4.500000055));
#6766=CARTESIAN_POINT('',(-170.50027167,-47.4833843969667,4.500000055));
#6767=CARTESIAN_POINT('Origin',(-173.250271668848,-47.4833843974099,4.500000055));
#6768=CARTESIAN_POINT('Origin',(-173.250271668848,-47.4833843974099,4.500000055));
#6769=CARTESIAN_POINT('',(-123.700271694,-47.107799965,4.500000055));
#6770=CARTESIAN_POINT('Origin',(-106.575271669252,-47.4833843974168,4.50000005500003));
#6771=CARTESIAN_POINT('',(-148.475271683,-47.857799965,4.500000055));
#6772=CARTESIAN_POINT('Origin',(-123.700271694,-46.6496975205,4.500000055));
#6773=CARTESIAN_POINT('',(-124.450271694,-39.791104527,4.500000055));
#6774=CARTESIAN_POINT('',(-124.450271694,-39.791104527,4.500000055));
#6775=CARTESIAN_POINT('',(-123.700271694,-39.791104527,4.500000055));
#6776=CARTESIAN_POINT('',(-124.450271694,-39.791104527,4.500000055));
#6777=CARTESIAN_POINT('',(-123.700271694,-39.791104527,4.500000055));
#6778=CARTESIAN_POINT('Origin',(-123.700271694,-53.727353605,4.500000055));
#6779=CARTESIAN_POINT('',(-123.700271694,-39.833527271,5.710387039));
#6780=CARTESIAN_POINT('',(-123.700271694,-39.833527271,5.710387039));
#6781=CARTESIAN_POINT('Ctrl Pts',(-123.700271694,-39.833527271,5.710387039));
#6782=CARTESIAN_POINT('Ctrl Pts',(-123.700271694,-41.0082397690909,6.13734084123066));
#6783=CARTESIAN_POINT('Ctrl Pts',(-123.70027169432,-42.2074587320655,6.49816414526676));
#6784=CARTESIAN_POINT('Ctrl Pts',(-123.70027169432,-44.6368846538922,7.08311219576084));
#6785=CARTESIAN_POINT('Ctrl Pts',(-123.700271694,-45.8667677181374,7.30727210214463));
#6786=CARTESIAN_POINT('Ctrl Pts',(-123.700271694,-47.1077999568492,7.46182900965196));
#6787=CARTESIAN_POINT('Origin',(-123.700271694,-53.727353605,4.500000055));
#6788=CARTESIAN_POINT('',(-123.700271694,-52.377406214,7.698310263));
#6789=CARTESIAN_POINT('Origin',(-123.700271694,-50.7711556519171,-18.1442530848984));
#6790=CARTESIAN_POINT('',(-123.700271694,-53.605485491,4.500000055));
#6791=CARTESIAN_POINT('Origin',(-147.725271683,-46.6496975205,4.500000055));
#6792=CARTESIAN_POINT('',(-147.725271683,-53.605485491,4.500000055));
#6793=CARTESIAN_POINT('',(-147.725271683,-47.857799965,4.500000055));
#6794=CARTESIAN_POINT('',(-148.475271683,-53.605485491,4.500000055));
#6795=CARTESIAN_POINT('',(-147.725271683,-53.605485491,4.500000055));
#6796=CARTESIAN_POINT('',(-148.475271683,-47.857799965,4.500000055));
#6797=CARTESIAN_POINT('Origin',(-147.725271683,-53.727353605,4.500000055));
#6798=CARTESIAN_POINT('',(-147.725271683,-39.833527271,5.710387039));
#6799=CARTESIAN_POINT('',(-147.725271683,-39.833527271,5.710387039));
#6800=CARTESIAN_POINT('Ctrl Pts',(-147.725271683,-39.833527271,5.710387039));
#6801=CARTESIAN_POINT('Ctrl Pts',(-147.725271683,-41.0082397690909,6.13734084123065));
#6802=CARTESIAN_POINT('Ctrl Pts',(-147.725271683769,-42.2074587320654,6.49816414526675));
#6803=CARTESIAN_POINT('Ctrl Pts',(-147.725271683769,-44.6368846538922,7.08311219576085));
#6804=CARTESIAN_POINT('Ctrl Pts',(-147.725271683,-45.8667677181374,7.30727210214464));
#6805=CARTESIAN_POINT('Ctrl Pts',(-147.725271683,-47.1077999568492,7.46182900965196));
#6806=CARTESIAN_POINT('Origin',(-147.725271683,-53.727353605,4.500000055));
#6807=CARTESIAN_POINT('',(-147.725271683,-52.377406214,7.698310263));
#6808=CARTESIAN_POINT('Origin',(-147.725271683,-50.7711556519171,-18.1442530848984));
#6809=CARTESIAN_POINT('',(-147.725271683,-53.605485491,4.500000055));
#6810=CARTESIAN_POINT('Origin',(-173.250271669747,-47.483384393,1.));
#6811=CARTESIAN_POINT('',(-170.500271669495,-47.4833843925499,1.));
#6812=CARTESIAN_POINT('Ctrl Pts',(-172.875271669633,-50.20769624141,7.70204093011277));
#6813=CARTESIAN_POINT('Ctrl Pts',(-172.623733004942,-50.1730720849869,7.70097448506838));
#6814=CARTESIAN_POINT('Ctrl Pts',(-172.378203571099,-50.1037762154322,7.69883417581773));
#6815=CARTESIAN_POINT('Ctrl Pts',(-171.831029343606,-49.8637872577282,7.68996075247047));
#6816=CARTESIAN_POINT('Ctrl Pts',(-171.54507997321,-49.6680450310491,7.68194084676931));
#6817=CARTESIAN_POINT('Ctrl Pts',(-171.082690580707,-49.2041871821013,7.65675553748269));
#6818=CARTESIAN_POINT('Ctrl Pts',(-170.902018976195,-48.9479556896458,7.6406121698462));
#6819=CARTESIAN_POINT('Ctrl Pts',(-170.645999186354,-48.4111434403822,7.59921554916936));
#6820=CARTESIAN_POINT('Ctrl Pts',(-170.564403519644,-48.1381160138326,7.57512275417456));
#6821=CARTESIAN_POINT('Ctrl Pts',(-170.525879443595,-47.8577999451061,7.54663240148248));
#6822=CARTESIAN_POINT('Ctrl Pts',(-175.974663895899,-47.8577999451073,7.5466324014826));
#6823=CARTESIAN_POINT('Ctrl Pts',(-175.936146683308,-48.1380660726638,7.57511767832742));
#6824=CARTESIAN_POINT('Ctrl Pts',(-175.854573180025,-48.4110464729264,7.59920702004654));
#6825=CARTESIAN_POINT('Ctrl Pts',(-175.598582861874,-48.9478726161751,7.64060691631025));
#6826=CARTESIAN_POINT('Ctrl Pts',(-175.417888533886,-49.2041512944194,7.65675358897975));
#6827=CARTESIAN_POINT('Ctrl Pts',(-174.955223867016,-49.6682852897831,7.68195389166034));
#6828=CARTESIAN_POINT('Ctrl Pts',(-174.668951111558,-49.8641717982205,7.68997664600287));
#6829=CARTESIAN_POINT('Ctrl Pts',(-174.121687437263,-50.1039604963917,7.69883975014986));
#6830=CARTESIAN_POINT('Ctrl Pts',(-173.87647536286,-50.1731181936061,7.70097590524178));
#6831=CARTESIAN_POINT('Ctrl Pts',(-173.62527167036,-50.2076962413414,7.70204093011066));
#6832=CARTESIAN_POINT('Ctrl Pts',(-173.625271670044,-44.7590725607502,7.08372890575208));
#6833=CARTESIAN_POINT('Ctrl Pts',(-173.877346633685,-44.7937705384481,7.09059384381194));
#6834=CARTESIAN_POINT('Ctrl Pts',(-174.123014980529,-44.8632254285563,7.10432797741575));
#6835=CARTESIAN_POINT('Ctrl Pts',(-174.670069858931,-45.1033112372449,7.15025981339978));
#6836=CARTESIAN_POINT('Ctrl Pts',(-174.955315623372,-45.2988107453472,7.18682531669694));
#6837=CARTESIAN_POINT('Ctrl Pts',(-175.41887549751,-45.7633924897401,7.26727501938377));
#6838=CARTESIAN_POINT('Ctrl Pts',(-175.600877455338,-46.0220218406879,7.30968344886335));
#6839=CARTESIAN_POINT('Ctrl Pts',(-175.855391231342,-46.5589784489522,7.38984370884195));
#6840=CARTESIAN_POINT('Ctrl Pts',(-175.936137175118,-46.8295210886186,7.42717243428825));
#6841=CARTESIAN_POINT('Ctrl Pts',(-175.97450291917,-47.1077993893957,7.46182893898187));
#6842=CARTESIAN_POINT('Ctrl Pts',(-170.526040420315,-47.1077993894619,7.4618289389901));
#6843=CARTESIAN_POINT('Ctrl Pts',(-170.564409161047,-46.8294993528162,7.42716972733346));
#6844=CARTESIAN_POINT('Ctrl Pts',(-170.645164706298,-46.5589363010243,7.38983788138351));
#6845=CARTESIAN_POINT('Ctrl Pts',(-170.89969123043,-46.0219857824469,7.30967754610572));
#6846=CARTESIAN_POINT('Ctrl Pts',(-171.081683356194,-45.7633769409586,7.26727232687687));
#6847=CARTESIAN_POINT('Ctrl Pts',(-171.544972964368,-45.2990660590819,7.18686952830993));
#6848=CARTESIAN_POINT('Ctrl Pts',(-171.829874340527,-45.1037212580261,7.15033636075014));
#6849=CARTESIAN_POINT('Ctrl Pts',(-172.376831425433,-44.8634227923651,7.10436713422517));
#6850=CARTESIAN_POINT('Ctrl Pts',(-172.62283814862,-44.7938198935976,7.0906036086475));
#6851=CARTESIAN_POINT('Ctrl Pts',(-172.875271669949,-44.7590725606817,7.08372890573852));
#6852=CARTESIAN_POINT('Origin',(-148.475271683,-53.727353605,4.500000055));
#6853=CARTESIAN_POINT('',(-148.475271683,-39.833527271,5.710387039));
#6854=CARTESIAN_POINT('Ctrl Pts',(-148.475271683,-39.833527271,5.710387039));
#6855=CARTESIAN_POINT('Ctrl Pts',(-148.475271683,-41.0082397690909,6.13734084123065));
#6856=CARTESIAN_POINT('Ctrl Pts',(-148.475271683783,-42.2074587320654,6.49816414526675));
#6857=CARTESIAN_POINT('Ctrl Pts',(-148.475271683783,-44.6368846538922,7.08311219576085));
#6858=CARTESIAN_POINT('Ctrl Pts',(-148.475271683,-45.8667677180057,7.3072721021232));
#6859=CARTESIAN_POINT('Ctrl Pts',(-148.475271683,-47.1077999567169,7.46182900963548));
#6860=CARTESIAN_POINT('',(-148.475271683,-39.833527271,5.710387039));
#6861=CARTESIAN_POINT('Origin',(-148.475271683,-53.727353605,4.500000055));
#6862=CARTESIAN_POINT('',(-148.475271683,-52.377406214,7.698310263));
#6863=CARTESIAN_POINT('',(-148.475271683,-53.605485491,4.500000055));
#6864=CARTESIAN_POINT('Origin',(-148.475271683,-50.7711556519171,-18.1442530848984));
#6865=CARTESIAN_POINT('Ctrl Pts',(-34.642616484,-39.833527271,5.710387039));
#6866=CARTESIAN_POINT('Ctrl Pts',(-34.843546714,-41.829830998,6.435951352));
#6867=CARTESIAN_POINT('Ctrl Pts',(-34.920245626,-43.901871133,6.972333316));
#6868=CARTESIAN_POINT('Ctrl Pts',(-34.92478019,-48.114413818,7.640141054));
#6869=CARTESIAN_POINT('Ctrl Pts',(-34.852601105,-50.250021614,7.771241911));
#6870=CARTESIAN_POINT('Ctrl Pts',(-34.732051566,-52.377406214,7.698310263));
#6871=CARTESIAN_POINT('Ctrl Pts',(-178.507926819,-39.833527271,5.710387039));
#6872=CARTESIAN_POINT('Ctrl Pts',(-178.30699659,-41.829830998,6.435951352));
#6873=CARTESIAN_POINT('Ctrl Pts',(-178.230297679,-43.901871133,6.972333316));
#6874=CARTESIAN_POINT('Ctrl Pts',(-178.225763116,-48.114413818,7.640141054));
#6875=CARTESIAN_POINT('Ctrl Pts',(-178.297942203,-50.250021614,7.771241911));
#6876=CARTESIAN_POINT('Ctrl Pts',(-178.418491743,-52.377406214,7.698310263));
#6877=CARTESIAN_POINT('',(-148.475271683,-39.833527271,5.710387039));
#6878=CARTESIAN_POINT('Ctrl Pts',(-34.642616484,-39.833527271,5.710387039));
#6879=CARTESIAN_POINT('Ctrl Pts',(-34.843546714,-41.829830998,6.435951352));
#6880=CARTESIAN_POINT('Ctrl Pts',(-34.920245626,-43.901871133,6.972333316));
#6881=CARTESIAN_POINT('Ctrl Pts',(-34.92478019,-48.114413818,7.640141054));
#6882=CARTESIAN_POINT('Ctrl Pts',(-34.852601105,-50.250021614,7.771241911));
#6883=CARTESIAN_POINT('Ctrl Pts',(-34.732051566,-52.377406214,7.698310263));
#6884=CARTESIAN_POINT('Ctrl Pts',(-178.507926819,-39.833527271,5.710387039));
#6885=CARTESIAN_POINT('Ctrl Pts',(-178.30699659,-41.829830998,6.435951352));
#6886=CARTESIAN_POINT('Ctrl Pts',(-178.230297679,-43.901871133,6.972333316));
#6887=CARTESIAN_POINT('Ctrl Pts',(-178.225763116,-48.114413818,7.640141054));
#6888=CARTESIAN_POINT('Ctrl Pts',(-178.297942203,-50.250021614,7.771241911));
#6889=CARTESIAN_POINT('Ctrl Pts',(-178.418491743,-52.377406214,7.698310263));
#6890=CARTESIAN_POINT('',(-172.87527167,-52.377406214,7.698310263));
#6891=CARTESIAN_POINT('Origin',(-124.450271694,-53.727353605,4.500000055));
#6892=CARTESIAN_POINT('',(-124.450271694,-39.833527271,5.710387039));
#6893=CARTESIAN_POINT('Ctrl Pts',(-124.450271694,-39.833527271,5.710387039));
#6894=CARTESIAN_POINT('Ctrl Pts',(-124.450271694,-41.0082397690909,6.13734084123065));
#6895=CARTESIAN_POINT('Ctrl Pts',(-124.450271694334,-42.2074587320654,6.49816414526675));
#6896=CARTESIAN_POINT('Ctrl Pts',(-124.450271694334,-44.6368846538922,7.08311219576085));
#6897=CARTESIAN_POINT('Ctrl Pts',(-124.450271694,-45.8667677180057,7.3072721021232));
#6898=CARTESIAN_POINT('Ctrl Pts',(-124.450271694,-47.1077999567169,7.46182900963548));
#6899=CARTESIAN_POINT('',(-124.450271694,-39.833527271,5.710387039));
#6900=CARTESIAN_POINT('Origin',(-124.450271694,-53.727353605,4.500000055));
#6901=CARTESIAN_POINT('',(-124.450271694,-52.377406214,7.698310263));
#6902=CARTESIAN_POINT('',(-124.450271694,-53.605485491,4.500000055));
#6903=CARTESIAN_POINT('Origin',(-124.450271694,-50.7711556519171,-18.1442530848984));
#6904=CARTESIAN_POINT('Ctrl Pts',(-34.642616484,-39.833527271,5.710387039));
#6905=CARTESIAN_POINT('Ctrl Pts',(-34.843546714,-41.829830998,6.435951352));
#6906=CARTESIAN_POINT('Ctrl Pts',(-34.920245626,-43.901871133,6.972333316));
#6907=CARTESIAN_POINT('Ctrl Pts',(-34.92478019,-48.114413818,7.640141054));
#6908=CARTESIAN_POINT('Ctrl Pts',(-34.852601105,-50.250021614,7.771241911));
#6909=CARTESIAN_POINT('Ctrl Pts',(-34.732051566,-52.377406214,7.698310263));
#6910=CARTESIAN_POINT('Ctrl Pts',(-178.507926819,-39.833527271,5.710387039));
#6911=CARTESIAN_POINT('Ctrl Pts',(-178.30699659,-41.829830998,6.435951352));
#6912=CARTESIAN_POINT('Ctrl Pts',(-178.230297679,-43.901871133,6.972333316));
#6913=CARTESIAN_POINT('Ctrl Pts',(-178.225763116,-48.114413818,7.640141054));
#6914=CARTESIAN_POINT('Ctrl Pts',(-178.297942203,-50.250021614,7.771241911));
#6915=CARTESIAN_POINT('Ctrl Pts',(-178.418491743,-52.377406214,7.698310263));
#6916=CARTESIAN_POINT('',(-124.450271694,-39.833527271,5.710387039));
#6917=CARTESIAN_POINT('Ctrl Pts',(-34.642616484,-39.833527271,5.710387039));
#6918=CARTESIAN_POINT('Ctrl Pts',(-34.843546714,-41.829830998,6.435951352));
#6919=CARTESIAN_POINT('Ctrl Pts',(-34.920245626,-43.901871133,6.972333316));
#6920=CARTESIAN_POINT('Ctrl Pts',(-34.92478019,-48.114413818,7.640141054));
#6921=CARTESIAN_POINT('Ctrl Pts',(-34.852601105,-50.250021614,7.771241911));
#6922=CARTESIAN_POINT('Ctrl Pts',(-34.732051566,-52.377406214,7.698310263));
#6923=CARTESIAN_POINT('Ctrl Pts',(-178.507926819,-39.833527271,5.710387039));
#6924=CARTESIAN_POINT('Ctrl Pts',(-178.30699659,-41.829830998,6.435951352));
#6925=CARTESIAN_POINT('Ctrl Pts',(-178.230297679,-43.901871133,6.972333316));
#6926=CARTESIAN_POINT('Ctrl Pts',(-178.225763116,-48.114413818,7.640141054));
#6927=CARTESIAN_POINT('Ctrl Pts',(-178.297942203,-50.250021614,7.771241911));
#6928=CARTESIAN_POINT('Ctrl Pts',(-178.418491743,-52.377406214,7.698310263));
#6929=CARTESIAN_POINT('',(-147.725271683,-52.377406214,7.698310263));
#6930=CARTESIAN_POINT('Ctrl Pts',(-34.642616484,-39.833527271,5.710387039));
#6931=CARTESIAN_POINT('Ctrl Pts',(-34.843546714,-41.829830998,6.435951352));
#6932=CARTESIAN_POINT('Ctrl Pts',(-34.920245626,-43.901871133,6.972333316));
#6933=CARTESIAN_POINT('Ctrl Pts',(-34.92478019,-48.114413818,7.640141054));
#6934=CARTESIAN_POINT('Ctrl Pts',(-34.852601105,-50.250021614,7.771241911));
#6935=CARTESIAN_POINT('Ctrl Pts',(-34.732051566,-52.377406214,7.698310263));
#6936=CARTESIAN_POINT('Ctrl Pts',(-178.507926819,-39.833527271,5.710387039));
#6937=CARTESIAN_POINT('Ctrl Pts',(-178.30699659,-41.829830998,6.435951352));
#6938=CARTESIAN_POINT('Ctrl Pts',(-178.230297679,-43.901871133,6.972333316));
#6939=CARTESIAN_POINT('Ctrl Pts',(-178.225763116,-48.114413818,7.640141054));
#6940=CARTESIAN_POINT('Ctrl Pts',(-178.297942203,-50.250021614,7.771241911));
#6941=CARTESIAN_POINT('Ctrl Pts',(-178.418491743,-52.377406214,7.698310263));
#6942=CARTESIAN_POINT('',(-173.62527167,-39.833527271,5.710387039));
#6943=CARTESIAN_POINT('Ctrl Pts',(-34.642616484,-39.833527271,5.710387039));
#6944=CARTESIAN_POINT('Ctrl Pts',(-34.843546714,-41.829830998,6.435951352));
#6945=CARTESIAN_POINT('Ctrl Pts',(-34.920245626,-43.901871133,6.972333316));
#6946=CARTESIAN_POINT('Ctrl Pts',(-34.92478019,-48.114413818,7.640141054));
#6947=CARTESIAN_POINT('Ctrl Pts',(-34.852601105,-50.250021614,7.771241911));
#6948=CARTESIAN_POINT('Ctrl Pts',(-34.732051566,-52.377406214,7.698310263));
#6949=CARTESIAN_POINT('Ctrl Pts',(-178.507926819,-39.833527271,5.710387039));
#6950=CARTESIAN_POINT('Ctrl Pts',(-178.30699659,-41.829830998,6.435951352));
#6951=CARTESIAN_POINT('Ctrl Pts',(-178.230297679,-43.901871133,6.972333316));
#6952=CARTESIAN_POINT('Ctrl Pts',(-178.225763116,-48.114413818,7.640141054));
#6953=CARTESIAN_POINT('Ctrl Pts',(-178.297942203,-50.250021614,7.771241911));
#6954=CARTESIAN_POINT('Ctrl Pts',(-178.418491743,-52.377406214,7.698310263));
#6955=CARTESIAN_POINT('',(-177.439746487,-52.377406214,7.698310263));
#6956=CARTESIAN_POINT('Origin',(-53.76506103,-47.857799965,6.192365431));
#6957=CARTESIAN_POINT('',(-65.425271653,-47.8577999593832,7.5466323192252));
#6958=CARTESIAN_POINT('',(-65.425271653,-47.857799965,4.500000055));
#6959=CARTESIAN_POINT('',(-88.700271641,-47.8577999593832,7.5466323192252));
#6960=CARTESIAN_POINT('',(-65.425271653,-47.8577999481495,7.5466324017918));
#6961=CARTESIAN_POINT('',(-88.700271641,-47.857799965,4.500000055));
#6962=CARTESIAN_POINT('Origin',(-53.76506103,-47.857799965,6.192365431));
#6963=CARTESIAN_POINT('',(-103.850879418869,-47.8577998312696,7.54663240072867));
#6964=CARTESIAN_POINT('Ctrl Pts',(-89.450271641,-47.857799965,7.54663240350443));
#6965=CARTESIAN_POINT('Ctrl Pts',(-91.8503724705001,-47.857799965,7.54663240350442));
#6966=CARTESIAN_POINT('Ctrl Pts',(-94.2504733000003,-47.857799965,7.54663240350442));
#6967=CARTESIAN_POINT('Ctrl Pts',(-99.0506758926234,-47.857799965,7.54663240350442));
#6968=CARTESIAN_POINT('Ctrl Pts',(-101.450777655746,-47.857799965,7.54663240350442));
#6969=CARTESIAN_POINT('Ctrl Pts',(-103.850879418869,-47.857799965,7.54663240350442));
#6970=CARTESIAN_POINT('',(-103.85087944537,-47.8577999649491,4.500000055));
#6971=CARTESIAN_POINT('Origin',(-53.76506103,-47.107799965,6.192365431));
#6972=CARTESIAN_POINT('',(-103.851040123466,-47.1077993547995,7.46182889090924));
#6973=CARTESIAN_POINT('',(-89.450271641,-47.107799959822,7.46182894660953));
#6974=CARTESIAN_POINT('',(-103.851039626,-47.1077986127233,7.46182884225584));
#6975=CARTESIAN_POINT('',(-89.450271641,-47.107799965,7.461828884));
#6976=CARTESIAN_POINT('',(-103.851040326178,-47.1078000615321,7.461817984));
#6977=CARTESIAN_POINT('Origin',(-53.76506103,-47.107799965,6.192365431));
#6978=CARTESIAN_POINT('Origin',(-89.450271641,-46.6496975205,4.500000055));
#6979=CARTESIAN_POINT('',(-89.450271641,-39.791104527,4.500000055));
#6980=CARTESIAN_POINT('',(-89.450271641,-47.107799965,4.500000055));
#6981=CARTESIAN_POINT('',(-89.450271641,-39.791104527,4.500000055));
#6982=CARTESIAN_POINT('Origin',(-89.450271641,-46.6496975205,4.500000055));
#6983=CARTESIAN_POINT('',(-88.700271641,-53.605485491,4.500000055));
#6984=CARTESIAN_POINT('',(-88.700271641,-53.605485491,4.500000055));
#6985=CARTESIAN_POINT('',(-88.700271641,-53.605485491,4.500000055));
#6986=CARTESIAN_POINT('Origin',(-89.450271641,-53.727353605,4.500000055));
#6987=CARTESIAN_POINT('',(-89.450271641,-39.833527271,5.710387039));
#6988=CARTESIAN_POINT('Ctrl Pts',(-89.450271641,-47.107799965,7.461828884));
#6989=CARTESIAN_POINT('Ctrl Pts',(-89.450271641,-46.740517096,7.416087889));
#6990=CARTESIAN_POINT('Ctrl Pts',(-89.450271641,-46.373983696,7.364233416));
#6991=CARTESIAN_POINT('Ctrl Pts',(-89.450271641,-46.008397733,7.306277651));
#6992=CARTESIAN_POINT('Ctrl Pts',(-89.450271641,-43.906196107,6.973018947));
#6993=CARTESIAN_POINT('Ctrl Pts',(-89.450271641,-41.833950816,6.437448716));
#6994=CARTESIAN_POINT('Ctrl Pts',(-89.450271641,-39.833527271,5.710387039));
#6995=CARTESIAN_POINT('',(-89.450271641,-39.791104527,4.500000055));
#6996=CARTESIAN_POINT('Origin',(-65.425271653,-46.6496975205,4.500000055));
#6997=CARTESIAN_POINT('',(-65.425271653,-53.605485491,4.500000055));
#6998=CARTESIAN_POINT('',(-64.675271653,-53.605485491,4.500000055));
#6999=CARTESIAN_POINT('',(-65.425271653,-53.605485491,4.500000055));
#7000=CARTESIAN_POINT('Origin',(-65.425271653,-46.6496975205,4.500000055));
#7001=CARTESIAN_POINT('',(-64.675271653,-39.791104527,4.500000055));
#7002=CARTESIAN_POINT('',(-65.425271653,-39.791104527,4.500000055));
#7003=CARTESIAN_POINT('',(-64.675271653,-47.107799965,4.500000055));
#7004=CARTESIAN_POINT('Origin',(-65.425271653,-53.727353605,4.500000055));
#7005=CARTESIAN_POINT('',(-65.425271653,-52.377406214,7.698310263));
#7006=CARTESIAN_POINT('',(-65.425271653,-52.377406214,7.698310263));
#7007=CARTESIAN_POINT('Origin',(-65.425271653,-50.7711556519071,-18.144253085203));
#7008=CARTESIAN_POINT('Origin',(-64.675271653,-53.727353605,4.500000055));
#7009=CARTESIAN_POINT('',(-64.675271653,-39.833527271,5.710387039));
#7010=CARTESIAN_POINT('',(-64.675271653,-39.791104527,4.500000055));
#7011=CARTESIAN_POINT('Ctrl Pts',(-64.675271653,-47.107799965,7.461828884));
#7012=CARTESIAN_POINT('Ctrl Pts',(-64.675271653,-46.740517096,7.416087889));
#7013=CARTESIAN_POINT('Ctrl Pts',(-64.675271653,-46.373983696,7.364233416));
#7014=CARTESIAN_POINT('Ctrl Pts',(-64.675271653,-46.008397733,7.306277651));
#7015=CARTESIAN_POINT('Ctrl Pts',(-64.675271653,-43.906196107,6.973018947));
#7016=CARTESIAN_POINT('Ctrl Pts',(-64.675271653,-41.833950816,6.437448716));
#7017=CARTESIAN_POINT('Ctrl Pts',(-64.675271653,-39.833527271,5.710387039));
#7018=CARTESIAN_POINT('Origin',(-88.700271641,-53.727353605,4.500000055));
#7019=CARTESIAN_POINT('',(-88.700271641,-52.377406214,7.698310263));
#7020=CARTESIAN_POINT('Origin',(-88.700271641,-50.7711556519071,-18.144253085203));
#7021=CARTESIAN_POINT('',(-88.700271641,-52.377406214,7.698310263));
#7022=CARTESIAN_POINT('Ctrl Pts',(-34.642616484,-39.833527271,5.710387039));
#7023=CARTESIAN_POINT('Ctrl Pts',(-34.843546714,-41.829830998,6.435951352));
#7024=CARTESIAN_POINT('Ctrl Pts',(-34.920245626,-43.901871133,6.972333316));
#7025=CARTESIAN_POINT('Ctrl Pts',(-34.92478019,-48.114413818,7.640141054));
#7026=CARTESIAN_POINT('Ctrl Pts',(-34.852601105,-50.250021614,7.771241911));
#7027=CARTESIAN_POINT('Ctrl Pts',(-34.732051566,-52.377406214,7.698310263));
#7028=CARTESIAN_POINT('Ctrl Pts',(-178.507926819,-39.833527271,5.710387039));
#7029=CARTESIAN_POINT('Ctrl Pts',(-178.30699659,-41.829830998,6.435951352));
#7030=CARTESIAN_POINT('Ctrl Pts',(-178.230297679,-43.901871133,6.972333316));
#7031=CARTESIAN_POINT('Ctrl Pts',(-178.225763116,-48.114413818,7.640141054));
#7032=CARTESIAN_POINT('Ctrl Pts',(-178.297942203,-50.250021614,7.771241911));
#7033=CARTESIAN_POINT('Ctrl Pts',(-178.418491743,-52.377406214,7.698310263));
#7034=CARTESIAN_POINT('',(-88.700271641,-52.377406214,7.698310263));
#7035=CARTESIAN_POINT('Origin',(-33.3464440695,-39.7334558505,2.8551935195));
#7036=CARTESIAN_POINT('',(-106.950271668,-39.833527271,5.710387039));
#7037=CARTESIAN_POINT('',(-35.659645592,-39.833527271,5.710387039));
#7038=CARTESIAN_POINT('',(-40.275271666,-39.833527271,5.710387039));
#7039=CARTESIAN_POINT('',(-89.450271641,-39.833527271,5.710387039));
#7040=CARTESIAN_POINT('Ctrl Pts',(-34.642616484,-39.833527271,5.710387039));
#7041=CARTESIAN_POINT('Ctrl Pts',(-34.843546714,-41.829830998,6.435951352));
#7042=CARTESIAN_POINT('Ctrl Pts',(-34.920245626,-43.901871133,6.972333316));
#7043=CARTESIAN_POINT('Ctrl Pts',(-34.92478019,-48.114413818,7.640141054));
#7044=CARTESIAN_POINT('Ctrl Pts',(-34.852601105,-50.250021614,7.771241911));
#7045=CARTESIAN_POINT('Ctrl Pts',(-34.732051566,-52.377406214,7.698310263));
#7046=CARTESIAN_POINT('Ctrl Pts',(-178.507926819,-39.833527271,5.710387039));
#7047=CARTESIAN_POINT('Ctrl Pts',(-178.30699659,-41.829830998,6.435951352));
#7048=CARTESIAN_POINT('Ctrl Pts',(-178.230297679,-43.901871133,6.972333316));
#7049=CARTESIAN_POINT('Ctrl Pts',(-178.225763116,-48.114413818,7.640141054));
#7050=CARTESIAN_POINT('Ctrl Pts',(-178.297942203,-50.250021614,7.771241911));
#7051=CARTESIAN_POINT('Ctrl Pts',(-178.418491743,-52.377406214,7.698310263));
#7052=CARTESIAN_POINT('Ctrl Pts',(-40.2752716649943,-44.7590725606057,7.08372890572349));
#7053=CARTESIAN_POINT('Ctrl Pts',(-40.5277085238187,-44.793820352874,7.09060369951467));
#7054=CARTESIAN_POINT('Ctrl Pts',(-40.7737088667288,-44.8634214554146,7.10436687846456));
#7055=CARTESIAN_POINT('Ctrl Pts',(-41.3206689942435,-45.1037212575752,7.1503363606656));
#7056=CARTESIAN_POINT('Ctrl Pts',(-41.6055703705659,-45.2990660586242,7.18686952822749));
#7057=CARTESIAN_POINT('Ctrl Pts',(-42.0688599789163,-45.7633769404769,7.2672723267964));
#7058=CARTESIAN_POINT('Ctrl Pts',(-42.2508521047263,-46.0219857819076,7.30967754602003));
#7059=CARTESIAN_POINT('Ctrl Pts',(-42.5053786290609,-46.5589363005839,7.38983788132239));
#7060=CARTESIAN_POINT('Ctrl Pts',(-42.5861341744054,-46.8294993525565,7.42716972730055));
#7061=CARTESIAN_POINT('Ctrl Pts',(-42.6245029151702,-47.1077993893957,7.46182893898187));
#7062=CARTESIAN_POINT('Ctrl Pts',(-34.642616484,-39.833527271,5.710387039));
#7063=CARTESIAN_POINT('Ctrl Pts',(-34.843546714,-41.829830998,6.435951352));
#7064=CARTESIAN_POINT('Ctrl Pts',(-34.920245626,-43.901871133,6.972333316));
#7065=CARTESIAN_POINT('Ctrl Pts',(-34.92478019,-48.114413818,7.640141054));
#7066=CARTESIAN_POINT('Ctrl Pts',(-34.852601105,-50.250021614,7.771241911));
#7067=CARTESIAN_POINT('Ctrl Pts',(-34.732051566,-52.377406214,7.698310263));
#7068=CARTESIAN_POINT('Ctrl Pts',(-178.507926819,-39.833527271,5.710387039));
#7069=CARTESIAN_POINT('Ctrl Pts',(-178.30699659,-41.829830998,6.435951352));
#7070=CARTESIAN_POINT('Ctrl Pts',(-178.230297679,-43.901871133,6.972333316));
#7071=CARTESIAN_POINT('Ctrl Pts',(-178.225763116,-48.114413818,7.640141054));
#7072=CARTESIAN_POINT('Ctrl Pts',(-178.297942203,-50.250021614,7.771241911));
#7073=CARTESIAN_POINT('Ctrl Pts',(-178.418491743,-52.377406214,7.698310263));
#7074=CARTESIAN_POINT('Ctrl Pts',(-37.1760404163154,-47.1077993894619,7.4618289389901));
#7075=CARTESIAN_POINT('Ctrl Pts',(-37.2144061603461,-46.8295210887874,7.42717243430984));
#7076=CARTESIAN_POINT('Ctrl Pts',(-37.29515210407,-46.5589784492163,7.3898437088787));
#7077=CARTESIAN_POINT('Ctrl Pts',(-37.5496658799606,-46.0220218410007,7.30968344891307));
#7078=CARTESIAN_POINT('Ctrl Pts',(-37.7316678377616,-45.7633924900195,7.26727501943045));
#7079=CARTESIAN_POINT('Ctrl Pts',(-38.1952277117736,-45.2988107456359,7.1868253167488));
#7080=CARTESIAN_POINT('Ctrl Pts',(-38.4804734760883,-45.1033112375438,7.15025981345579));
#7081=CARTESIAN_POINT('Ctrl Pts',(-39.0275313980848,-44.8632240929565,7.10432772189735));
#7082=CARTESIAN_POINT('Ctrl Pts',(-39.2731933650717,-44.7937709976025,7.09059393465511));
#7083=CARTESIAN_POINT('Ctrl Pts',(-39.5252716669961,-44.7590725605375,7.08372890570999));
#7084=CARTESIAN_POINT('Origin',(-39.9002716657473,-47.483384393,1.));
#7085=CARTESIAN_POINT('',(-37.1502716654946,-47.4833843925499,1.));
#7086=CARTESIAN_POINT('Ctrl Pts',(-39.5252716656332,-50.2076962414099,7.70204093011277));
#7087=CARTESIAN_POINT('Ctrl Pts',(-39.2740679727349,-50.1731181936668,7.70097590524372));
#7088=CARTESIAN_POINT('Ctrl Pts',(-39.028855897949,-50.1039604963358,7.69883975014862));
#7089=CARTESIAN_POINT('Ctrl Pts',(-38.4815922234513,-49.8641717979157,7.68997664599047));
#7090=CARTESIAN_POINT('Ctrl Pts',(-38.195319468124,-49.6682852894888,7.68195389164617));
#7091=CARTESIAN_POINT('Ctrl Pts',(-37.7326548013841,-49.2041512941378,7.65675358896283));
#7092=CARTESIAN_POINT('Ctrl Pts',(-37.5519604734242,-48.9478726158618,7.64060691628897));
#7093=CARTESIAN_POINT('Ctrl Pts',(-37.2959701553966,-48.4110464726832,7.59920702002515));
#7094=CARTESIAN_POINT('Ctrl Pts',(-37.2143966521695,-48.1380660725377,7.57511767831461));
#7095=CARTESIAN_POINT('Ctrl Pts',(-37.1758794395953,-47.8577999451061,7.54663240148248));
#7096=CARTESIAN_POINT('Ctrl Pts',(-42.6246638918991,-47.8577999451073,7.5466324014826));
#7097=CARTESIAN_POINT('Ctrl Pts',(-42.5861398158506,-48.1381160138308,7.57512275417437));
#7098=CARTESIAN_POINT('Ctrl Pts',(-42.5045441491417,-48.4111434403768,7.59921554916888));
#7099=CARTESIAN_POINT('Ctrl Pts',(-42.2485243593047,-48.9479556896379,7.64061216984566));
#7100=CARTESIAN_POINT('Ctrl Pts',(-42.0678527547933,-49.2041871820948,7.6567555374823));
#7101=CARTESIAN_POINT('Ctrl Pts',(-41.6054633622341,-49.6680450311009,7.68194084677216));
#7102=CARTESIAN_POINT('Ctrl Pts',(-41.3195139917629,-49.8637872578145,7.68996075247405));
#7103=CARTESIAN_POINT('Ctrl Pts',(-40.7723397644014,-50.1037762154064,7.69883417581649));
#7104=CARTESIAN_POINT('Ctrl Pts',(-40.526810330802,-50.1730720849057,7.70097448506581));
#7105=CARTESIAN_POINT('Ctrl Pts',(-40.2752716663597,-50.2076962413413,7.70204093011066));
#7106=CARTESIAN_POINT('Ctrl Pts',(-34.642616484,-39.833527271,5.710387039));
#7107=CARTESIAN_POINT('Ctrl Pts',(-34.843546714,-41.829830998,6.435951352));
#7108=CARTESIAN_POINT('Ctrl Pts',(-34.920245626,-43.901871133,6.972333316));
#7109=CARTESIAN_POINT('Ctrl Pts',(-34.92478019,-48.114413818,7.640141054));
#7110=CARTESIAN_POINT('Ctrl Pts',(-34.852601105,-50.250021614,7.771241911));
#7111=CARTESIAN_POINT('Ctrl Pts',(-34.732051566,-52.377406214,7.698310263));
#7112=CARTESIAN_POINT('Ctrl Pts',(-178.507926819,-39.833527271,5.710387039));
#7113=CARTESIAN_POINT('Ctrl Pts',(-178.30699659,-41.829830998,6.435951352));
#7114=CARTESIAN_POINT('Ctrl Pts',(-178.230297679,-43.901871133,6.972333316));
#7115=CARTESIAN_POINT('Ctrl Pts',(-178.225763116,-48.114413818,7.640141054));
#7116=CARTESIAN_POINT('Ctrl Pts',(-178.297942203,-50.250021614,7.771241911));
#7117=CARTESIAN_POINT('Ctrl Pts',(-178.418491743,-52.377406214,7.698310263));
#7118=CARTESIAN_POINT('',(-64.675271653,-52.377406214,7.698310263));
#7119=CARTESIAN_POINT('Ctrl Pts',(-34.642616484,-39.833527271,5.710387039));
#7120=CARTESIAN_POINT('Ctrl Pts',(-34.843546714,-41.829830998,6.435951352));
#7121=CARTESIAN_POINT('Ctrl Pts',(-34.920245626,-43.901871133,6.972333316));
#7122=CARTESIAN_POINT('Ctrl Pts',(-34.92478019,-48.114413818,7.640141054));
#7123=CARTESIAN_POINT('Ctrl Pts',(-34.852601105,-50.250021614,7.771241911));
#7124=CARTESIAN_POINT('Ctrl Pts',(-34.732051566,-52.377406214,7.698310263));
#7125=CARTESIAN_POINT('Ctrl Pts',(-178.507926819,-39.833527271,5.710387039));
#7126=CARTESIAN_POINT('Ctrl Pts',(-178.30699659,-41.829830998,6.435951352));
#7127=CARTESIAN_POINT('Ctrl Pts',(-178.230297679,-43.901871133,6.972333316));
#7128=CARTESIAN_POINT('Ctrl Pts',(-178.225763116,-48.114413818,7.640141054));
#7129=CARTESIAN_POINT('Ctrl Pts',(-178.297942203,-50.250021614,7.771241911));
#7130=CARTESIAN_POINT('Ctrl Pts',(-178.418491743,-52.377406214,7.698310263));
#7131=CARTESIAN_POINT('',(-39.525271666,-52.377406214,7.698310263));
#7132=CARTESIAN_POINT('Origin',(-179.7593816985,-53.855395322,3.8491551315));
#7133=CARTESIAN_POINT('',(-106.200271668,-52.377406214,7.698310263));
#7134=CARTESIAN_POINT('',(-123.700271694,-52.377406214,7.698310263));
#7135=CARTESIAN_POINT('Ctrl Pts',(-34.642616484,-39.833527271,5.710387039));
#7136=CARTESIAN_POINT('Ctrl Pts',(-34.843546714,-41.829830998,6.435951352));
#7137=CARTESIAN_POINT('Ctrl Pts',(-34.920245626,-43.901871133,6.972333316));
#7138=CARTESIAN_POINT('Ctrl Pts',(-34.92478019,-48.114413818,7.640141054));
#7139=CARTESIAN_POINT('Ctrl Pts',(-34.852601105,-50.250021614,7.771241911));
#7140=CARTESIAN_POINT('Ctrl Pts',(-34.732051566,-52.377406214,7.698310263));
#7141=CARTESIAN_POINT('Ctrl Pts',(-178.507926819,-39.833527271,5.710387039));
#7142=CARTESIAN_POINT('Ctrl Pts',(-178.30699659,-41.829830998,6.435951352));
#7143=CARTESIAN_POINT('Ctrl Pts',(-178.230297679,-43.901871133,6.972333316));
#7144=CARTESIAN_POINT('Ctrl Pts',(-178.225763116,-48.114413818,7.640141054));
#7145=CARTESIAN_POINT('Ctrl Pts',(-178.297942203,-50.250021614,7.771241911));
#7146=CARTESIAN_POINT('Ctrl Pts',(-178.418491743,-52.377406214,7.698310263));
#7147=CARTESIAN_POINT('Ctrl Pts',(-106.95027166836,-50.2076962413413,7.70204093011066));
#7148=CARTESIAN_POINT('Ctrl Pts',(-107.201642607558,-50.1730951721917,7.70097519616824));
#7149=CARTESIAN_POINT('Ctrl Pts',(-107.447013138616,-50.1038685027576,7.69883696734425));
#7150=CARTESIAN_POINT('Ctrl Pts',(-107.994232160984,-49.8639798140304,7.68996871173615));
#7151=CARTESIAN_POINT('Ctrl Pts',(-108.280343443975,-49.6681653314875,7.68194737849894));
#7152=CARTESIAN_POINT('Ctrl Pts',(-108.742870507145,-49.2041693760206,7.65675457071483));
#7153=CARTESIAN_POINT('Ctrl Pts',(-108.923553386953,-48.9479144711877,7.64060956322444));
#7154=CARTESIAN_POINT('Ctrl Pts',(-109.179558553891,-48.4110953276451,7.59921131727241));
#7155=CARTESIAN_POINT('Ctrl Pts',(-109.261143223326,-48.1380912342752,7.57512023566631));
#7156=CARTESIAN_POINT('Ctrl Pts',(-109.299663893899,-47.8577999451065,7.54663240148252));
#7157=CARTESIAN_POINT('Ctrl Pts',(-34.642616484,-39.833527271,5.710387039));
#7158=CARTESIAN_POINT('Ctrl Pts',(-34.843546714,-41.829830998,6.435951352));
#7159=CARTESIAN_POINT('Ctrl Pts',(-34.920245626,-43.901871133,6.972333316));
#7160=CARTESIAN_POINT('Ctrl Pts',(-34.92478019,-48.114413818,7.640141054));
#7161=CARTESIAN_POINT('Ctrl Pts',(-34.852601105,-50.250021614,7.771241911));
#7162=CARTESIAN_POINT('Ctrl Pts',(-34.732051566,-52.377406214,7.698310263));
#7163=CARTESIAN_POINT('Ctrl Pts',(-178.507926819,-39.833527271,5.710387039));
#7164=CARTESIAN_POINT('Ctrl Pts',(-178.30699659,-41.829830998,6.435951352));
#7165=CARTESIAN_POINT('Ctrl Pts',(-178.230297679,-43.901871133,6.972333316));
#7166=CARTESIAN_POINT('Ctrl Pts',(-178.225763116,-48.114413818,7.640141054));
#7167=CARTESIAN_POINT('Ctrl Pts',(-178.297942203,-50.250021614,7.771241911));
#7168=CARTESIAN_POINT('Ctrl Pts',(-178.418491743,-52.377406214,7.698310263));
#7169=CARTESIAN_POINT('Ctrl Pts',(-103.850879441595,-47.857799945107,7.54663240148256));
#7170=CARTESIAN_POINT('Ctrl Pts',(-103.889400112135,-48.1380912340315,7.57512023564154));
#7171=CARTESIAN_POINT('Ctrl Pts',(-103.970984781462,-48.4110953271717,7.59921131723076));
#7172=CARTESIAN_POINT('Ctrl Pts',(-104.226989948158,-48.9479144705765,7.64060956318293));
#7173=CARTESIAN_POINT('Ctrl Pts',(-104.407672827911,-49.2041693754717,7.65675457068184));
#7174=CARTESIAN_POINT('Ctrl Pts',(-104.870199890882,-49.6681653309679,7.68194737847424));
#7175=CARTESIAN_POINT('Ctrl Pts',(-105.156311173692,-49.8639798135223,7.68996871171555));
#7176=CARTESIAN_POINT('Ctrl Pts',(-105.703530196326,-50.1038685026256,7.69883696734071));
#7177=CARTESIAN_POINT('Ctrl Pts',(-105.948900727899,-50.1730951722333,7.70097519616959));
#7178=CARTESIAN_POINT('Ctrl Pts',(-106.200271667633,-50.2076962414099,7.70204093011277));
#7179=CARTESIAN_POINT('Origin',(-106.575271667747,-47.483384393,1.));
#7180=CARTESIAN_POINT('',(-103.825271667495,-47.4833843925499,1.));
#7181=CARTESIAN_POINT('Ctrl Pts',(-109.29950291717,-47.1077993893957,7.46182893898187));
#7182=CARTESIAN_POINT('Ctrl Pts',(-109.26113566992,-46.8295101854662,7.42717107642043));
#7183=CARTESIAN_POINT('Ctrl Pts',(-109.180384909909,-46.5589573066481,7.38984078567001));
#7184=CARTESIAN_POINT('Ctrl Pts',(-108.925864739205,-46.0220037531567,7.30968048792446));
#7185=CARTESIAN_POINT('Ctrl Pts',(-108.743867713361,-45.7633846902923,7.26727366878998));
#7186=CARTESIAN_POINT('Ctrl Pts',(-108.280442761347,-45.2989381657449,7.18684738155639));
#7187=CARTESIAN_POINT('Ctrl Pts',(-107.995368882758,-45.1035158535604,7.1502980143152));
#7188=CARTESIAN_POINT('Ctrl Pts',(-107.448359758108,-44.8633225731645,7.10434726020407));
#7189=CARTESIAN_POINT('Ctrl Pts',(-107.20252891288,-44.7937956291871,7.09059880797382));
#7190=CARTESIAN_POINT('Ctrl Pts',(-106.95027166629,-44.7590725605088,7.08372890570431));
#7191=CARTESIAN_POINT('Ctrl Pts',(-106.200271669701,-44.7590725604405,7.08372890569081));
#7192=CARTESIAN_POINT('Ctrl Pts',(-105.948014422717,-44.7937956291262,7.09059880796185));
#7193=CARTESIAN_POINT('Ctrl Pts',(-105.702183577111,-44.8633225732187,7.1043472602153));
#7194=CARTESIAN_POINT('Ctrl Pts',(-105.155174452261,-45.1035158538594,7.15029801437124));
#7195=CARTESIAN_POINT('Ctrl Pts',(-104.870100573799,-45.2989381660338,7.18684738160827));
#7196=CARTESIAN_POINT('Ctrl Pts',(-104.406675621911,-45.7633846905717,7.26727366883667));
#7197=CARTESIAN_POINT('Ctrl Pts',(-104.224678596094,-46.0220037534696,7.30968048797418));
#7198=CARTESIAN_POINT('Ctrl Pts',(-103.970158425503,-46.558957306912,7.38984078570673));
#7199=CARTESIAN_POINT('Ctrl Pts',(-103.889407665545,-46.8295101856349,7.427171076442));
#7200=CARTESIAN_POINT('Ctrl Pts',(-103.851040418315,-47.1077993894619,7.4618289389901));
#7201=CARTESIAN_POINT('Ctrl Pts',(-34.642616484,-39.833527271,5.710387039));
#7202=CARTESIAN_POINT('Ctrl Pts',(-34.843546714,-41.829830998,6.435951352));
#7203=CARTESIAN_POINT('Ctrl Pts',(-34.920245626,-43.901871133,6.972333316));
#7204=CARTESIAN_POINT('Ctrl Pts',(-34.92478019,-48.114413818,7.640141054));
#7205=CARTESIAN_POINT('Ctrl Pts',(-34.852601105,-50.250021614,7.771241911));
#7206=CARTESIAN_POINT('Ctrl Pts',(-34.732051566,-52.377406214,7.698310263));
#7207=CARTESIAN_POINT('Ctrl Pts',(-178.507926819,-39.833527271,5.710387039));
#7208=CARTESIAN_POINT('Ctrl Pts',(-178.30699659,-41.829830998,6.435951352));
#7209=CARTESIAN_POINT('Ctrl Pts',(-178.230297679,-43.901871133,6.972333316));
#7210=CARTESIAN_POINT('Ctrl Pts',(-178.225763116,-48.114413818,7.640141054));
#7211=CARTESIAN_POINT('Ctrl Pts',(-178.297942203,-50.250021614,7.771241911));
#7212=CARTESIAN_POINT('Ctrl Pts',(-178.418491743,-52.377406214,7.698310263));
#7213=CARTESIAN_POINT('Ctrl Pts',(-34.642616484,-39.833527271,5.710387039));
#7214=CARTESIAN_POINT('Ctrl Pts',(-34.843546714,-41.829830998,6.435951352));
#7215=CARTESIAN_POINT('Ctrl Pts',(-34.920245626,-43.901871133,6.972333316));
#7216=CARTESIAN_POINT('Ctrl Pts',(-34.92478019,-48.114413818,7.640141054));
#7217=CARTESIAN_POINT('Ctrl Pts',(-34.852601105,-50.250021614,7.771241911));
#7218=CARTESIAN_POINT('Ctrl Pts',(-34.732051566,-52.377406214,7.698310263));
#7219=CARTESIAN_POINT('Ctrl Pts',(-178.507926819,-39.833527271,5.710387039));
#7220=CARTESIAN_POINT('Ctrl Pts',(-178.30699659,-41.829830998,6.435951352));
#7221=CARTESIAN_POINT('Ctrl Pts',(-178.230297679,-43.901871133,6.972333316));
#7222=CARTESIAN_POINT('Ctrl Pts',(-178.225763116,-48.114413818,7.640141054));
#7223=CARTESIAN_POINT('Ctrl Pts',(-178.297942203,-50.250021614,7.771241911));
#7224=CARTESIAN_POINT('Ctrl Pts',(-178.418491743,-52.377406214,7.698310263));
#7225=UNCERTAINTY_MEASURE_WITH_UNIT(LENGTH_MEASURE(0.01),#7229,
'DISTANCE_ACCURACY_VALUE',
'Maximum model space distance between geometric entities at asserted c
onnectivities');
#7226=UNCERTAINTY_MEASURE_WITH_UNIT(LENGTH_MEASURE(0.01),#7229,
'DISTANCE_ACCURACY_VALUE',
'Maximum model space distance between geometric entities at asserted c
onnectivities');
#7227=(
GEOMETRIC_REPRESENTATION_CONTEXT(3)
GLOBAL_UNCERTAINTY_ASSIGNED_CONTEXT((#7225))
GLOBAL_UNIT_ASSIGNED_CONTEXT((#7229,#7231,#7232))
REPRESENTATION_CONTEXT('','3D')
);
#7228=(
GEOMETRIC_REPRESENTATION_CONTEXT(3)
GLOBAL_UNCERTAINTY_ASSIGNED_CONTEXT((#7226))
GLOBAL_UNIT_ASSIGNED_CONTEXT((#7229,#7231,#7232))
REPRESENTATION_CONTEXT('','3D')
);
#7229=(
LENGTH_UNIT()
NAMED_UNIT(*)
SI_UNIT(.MILLI.,.METRE.)
);
#7230=(
LENGTH_UNIT()
NAMED_UNIT(*)
SI_UNIT(.CENTI.,.METRE.)
);
#7231=(
NAMED_UNIT(*)
PLANE_ANGLE_UNIT()
SI_UNIT($,.RADIAN.)
);
#7232=(
NAMED_UNIT(*)
SI_UNIT($,.STERADIAN.)
SOLID_ANGLE_UNIT()
);
#7233=SHAPE_DEFINITION_REPRESENTATION(#7234,#7235);
#7234=PRODUCT_DEFINITION_SHAPE('',$,#7237);
#7235=SHAPE_REPRESENTATION('',(#3322),#7227);
#7236=PRODUCT_DEFINITION_CONTEXT('part definition',#7241,'design');
#7237=PRODUCT_DEFINITION('Convex_8u','Convex_8u',#7238,#7236);
#7238=PRODUCT_DEFINITION_FORMATION('',$,#7243);
#7239=PRODUCT_RELATED_PRODUCT_CATEGORY('Convex_8u','Convex_8u',(#7243));
#7240=APPLICATION_PROTOCOL_DEFINITION('international standard',
'automotive_design',2009,#7241);
#7241=APPLICATION_CONTEXT(
'Core Data for Automotive Mechanical Design Process');
#7242=PRODUCT_CONTEXT('part definition',#7241,'mechanical');
#7243=PRODUCT('Convex_8u','Convex_8u',$,(#7242));
#7244=PRESENTATION_STYLE_ASSIGNMENT((#7245));
#7245=SURFACE_STYLE_USAGE(.BOTH.,#7248);
#7246=SURFACE_STYLE_RENDERING_WITH_PROPERTIES($,#7252,(#7247));
#7247=SURFACE_STYLE_TRANSPARENT(0.);
#7248=SURFACE_SIDE_STYLE('',(#7249,#7246));
#7249=SURFACE_STYLE_FILL_AREA(#7250);
#7250=FILL_AREA_STYLE('',(#7251));
#7251=FILL_AREA_STYLE_COLOUR('',#7252);
#7252=COLOUR_RGB('',0.905882352941176,0.83921568627451,0.674509803921569);
ENDSEC;
END-ISO-10303-21;
