ISO-10303-21;
HEADER;
FILE_DESCRIPTION (( 'STEP AP214' ),
    '1' );
FILE_NAME ('900.STEP',
    '2008-07-29T19:53:26',
    ( 'Richard Maletta' ),
    ( '' ),
    'SwSTEP 2.0',
    'SolidWorks 2008',
    '' );
FILE_SCHEMA (( 'AUTOMOTIVE_DESIGN' ));
ENDSEC;

DATA;
#1 = CARTESIAN_POINT ( 'NONE',  ( 0.08684494201223642900, -2.900167489365551800, -1.666148800632544200 ) ) ;
#2 = DIRECTION ( 'NONE',  ( -1.000000000000000000, 0.0000000000000000000, -0.0000000000000000000 ) ) ;
#3 = CIRCLE ( 'NONE', #17, 1.270000000000000200 ) ;
#4 = VECTOR ( 'NONE', #7, 1000.000000000000000 ) ;
#5 = DIRECTION ( 'NONE',  ( 0.0000000000000000000, -0.9396926207859082100, 0.3420201433256694300 ) ) ;
#6 = DIRECTION ( 'NONE',  ( -3.792838652404491600E-016, 0.3420201433256696600, 0.9396926207859080900 ) ) ;
#7 = DIRECTION ( 'NONE',  ( -1.000000000000000000, -0.0000000000000000000, 8.869636343065785700E-017 ) ) ;
#8 = LINE ( 'NONE', #15, #4 ) ;
#9 = LINE ( 'NONE', #1, #19 ) ;
#10 = SURFACE_STYLE_FILL_AREA ( #25 ) ;
#11 = DIRECTION ( 'NONE',  ( 0.9659258262890699800, -0.2588190451025146300, -0.0000000000000000000 ) ) ;
#12 = VECTOR ( 'NONE', #11, 1000.000000000000000 ) ;
#13 = CARTESIAN_POINT ( 'NONE',  ( 0.3812591338651447600, -2.979055534312798200, -1.666148800632544200 ) ) ;
#14 = LINE ( 'NONE', #13, #12 ) ;
#15 = CARTESIAN_POINT ( 'NONE',  ( 0.4046272021961012700, -2.801557433181492800, -1.666148800632544200 ) ) ;
#16 = CARTESIAN_POINT ( 'NONE',  ( 5.560827202196103200, -5.840993823293208800, -5.675455246065899600 ) ) ;
#17 = AXIS2_PLACEMENT_3D ( 'NONE', #16, #6, #5 ) ;
#18 = CARTESIAN_POINT ( 'NONE',  ( 5.560827202196104000, -7.034403451691311200, -5.241089664042299000 ) ) ;
#19 = VECTOR ( 'NONE', #24, 1000.000000000000000 ) ;
#20 = DIRECTION ( 'NONE',  ( -0.9659258262890699800, 0.2588190451025145800, 0.0000000000000000000 ) ) ;
#21 = VECTOR ( 'NONE', #20, 1000.000000000000000 ) ;
#22 = CARTESIAN_POINT ( 'NONE',  ( -0.1316789055993000700, -4.893366358728926900, 0.8738511993674558100 ) ) ;
#23 = LINE ( 'NONE', #22, #21 ) ;
#24 = DIRECTION ( 'NONE',  ( -8.537024980200635200E-017, -3.186061097159427500E-016, 1.000000000000000000 ) ) ;
#25 = FILL_AREA_STYLE ('',( #26 ) ) ;
#26 = FILL_AREA_STYLE_COLOUR ( '', #27 ) ;
#27 = COLOUR_RGB ( '',1.000000000000000000, 0.8588235294117646500, 0.5568627450980392400 ) ;
#28 = FACE_OUTER_BOUND ( 'NONE', #7166, .T. ) ;
#29 = CARTESIAN_POINT ( 'NONE',  ( 0.3812591338651447600, -2.979055534312798200, -1.666148800632544000 ) ) ;
#30 = CARTESIAN_POINT ( 'NONE',  ( -0.4260930974522084100, -4.814478313781680000, 0.8738511993674558100 ) ) ;
#31 = PRESENTATION_STYLE_ASSIGNMENT (( #37 ) ) ;
#32 =( LENGTH_UNIT ( ) NAMED_UNIT ( * ) SI_UNIT ( .MILLI., .METRE. ) );
#33 = MECHANICAL_DESIGN_GEOMETRIC_PRESENTATION_REPRESENTATION (  '', ( #35 ), #53 ) ;
#34 = PRESENTATION_LAYER_ASSIGNMENT (  '', '', ( #35 ) ) ;
#35 = STYLED_ITEM ( 'NONE', ( #31 ), #7185 ) ;
#36 = SURFACE_SIDE_STYLE ('',( #10 ) ) ;
#37 = SURFACE_STYLE_USAGE ( .BOTH. , #36 ) ;
#38 =( NAMED_UNIT ( * ) PLANE_ANGLE_UNIT ( ) SI_UNIT ( $, .RADIAN. ) );
#39 = UNCERTAINTY_MEASURE_WITH_UNIT (LENGTH_MEASURE( 1.000000000000000100E-005 ), #32, 'distance_accuracy_value', 'NONE');
#40 = VECTOR ( 'NONE', #61, 1000.000000000000000 ) ;
#41 = CARTESIAN_POINT ( 'NONE',  ( 0.3942413940490096000, -2.930605079709536700, -1.666148800632544200 ) ) ;
#42 = LINE ( 'NONE', #41, #40 ) ;
#43 = CARTESIAN_POINT ( 'NONE',  ( 0.3942413940490096000, -2.930605079709536700, 0.8738511993674558100 ) ) ;
#44 = AXIS2_PLACEMENT_3D ( 'NONE', #43, #52, #51 ) ;
#45 = PLANE ( 'NONE',  #44 ) ;
#46 = FILL_AREA_STYLE ('',( #47 ) ) ;
#47 = FILL_AREA_STYLE_COLOUR ( '', #48 ) ;
#48 = COLOUR_RGB ( '',0.2509803921568627400, 0.2509803921568627400, 0.2509803921568627400 ) ;
#49 = FACE_OUTER_BOUND ( 'NONE', #7199, .T. ) ;
#50 =( NAMED_UNIT ( * ) SI_UNIT ( $, .STERADIAN. ) SOLID_ANGLE_UNIT ( ) );
#51 = DIRECTION ( 'NONE',  ( -0.2588190451025146300, -0.9659258262890699800, 0.0000000000000000000 ) ) ;
#52 = DIRECTION ( 'NONE',  ( -0.9659258262890699800, 0.2588190451025146300, 0.0000000000000000000 ) ) ;
#53 =( GEOMETRIC_REPRESENTATION_CONTEXT ( 3 ) GLOBAL_UNCERTAINTY_ASSIGNED_CONTEXT ( ( #39 ) ) GLOBAL_UNIT_ASSIGNED_CONTEXT ( ( #32, #38, #50 ) ) REPRESENTATION_CONTEXT ( 'NONE', 'WORKASPACE' ) );
#54 = STYLED_ITEM ( 'NONE', ( #55 ), #7198 ) ;
#55 = PRESENTATION_STYLE_ASSIGNMENT (( #56 ) ) ;
#56 = SURFACE_STYLE_USAGE ( .BOTH. , #57 ) ;
#57 = SURFACE_SIDE_STYLE ('',( #58 ) ) ;
#58 = SURFACE_STYLE_FILL_AREA ( #46 ) ;
#59 = CARTESIAN_POINT ( 'NONE',  ( -0.4260930974522101300, -4.814478313781680000, -1.666148800632544000 ) ) ;
#60 = CARTESIAN_POINT ( 'NONE',  ( -0.1150208201047926400, -5.274899243380822600, 0.8738511993674545900 ) ) ;
#61 = DIRECTION ( 'NONE',  ( 0.2588190451025146300, 0.9659258262890699800, -0.0000000000000000000 ) ) ;
#62 =( LENGTH_UNIT ( ) NAMED_UNIT ( * ) SI_UNIT ( .MILLI., .METRE. ) );
#63 = MECHANICAL_DESIGN_GEOMETRIC_PRESENTATION_REPRESENTATION (  '', ( #54 ), #85 ) ;
#64 = PRESENTATION_LAYER_ASSIGNMENT (  '', '', ( #54 ) ) ;
#65 = LINE ( 'NONE', #115, #114 ) ;
#66 = CARTESIAN_POINT ( 'NONE',  ( 0.6308272021961032200, 3.675442566818504900, 3.439251199367455000 ) ) ;
#67 = CARTESIAN_POINT ( 'NONE',  ( 0.6308272021961032200, 3.675442566818505800, -4.231548800632544300 ) ) ;
#68 = DIRECTION ( 'NONE',  ( 0.0000000000000000000, 0.0000000000000000000, -1.000000000000000000 ) ) ;
#69 = DIRECTION ( 'NONE',  ( -1.000000000000000000, -1.063803735850569600E-016, -0.0000000000000000000 ) ) ;
#70 = CARTESIAN_POINT ( 'NONE',  ( 0.6308272021961032200, 3.675442566818505800, -0.3961488006325448700 ) ) ;
#71 = AXIS2_PLACEMENT_3D ( 'NONE', #70, #69, #68 ) ;
#72 = CIRCLE ( 'NONE', #71, 3.835399999999999500 ) ;
#73 = DIRECTION ( 'NONE',  ( 0.0000000000000000000, 0.0000000000000000000, -1.000000000000000000 ) ) ;
#74 = DIRECTION ( 'NONE',  ( -1.000000000000000000, -1.063803735850569600E-016, -0.0000000000000000000 ) ) ;
#75 = CARTESIAN_POINT ( 'NONE',  ( 0.6308272021961041100, 3.675442566818505800, -0.3961488006325448700 ) ) ;
#76 = AXIS2_PLACEMENT_3D ( 'NONE', #75, #74, #73 ) ;
#77 = CIRCLE ( 'NONE', #76, 2.222499999999999300 ) ;
#78 = DIRECTION ( 'NONE',  ( 0.0000000000000000000, 0.0000000000000000000, -1.000000000000000000 ) ) ;
#79 = DIRECTION ( 'NONE',  ( -1.000000000000000000, -1.063803735850569600E-016, -0.0000000000000000000 ) ) ;
#80 = CARTESIAN_POINT ( 'NONE',  ( -5.566772797803896100, 3.675442566818504900, -0.3961488006325448700 ) ) ;
#81 = AXIS2_PLACEMENT_3D ( 'NONE', #80, #79, #78 ) ;
#82 = CARTESIAN_POINT ( 'NONE',  ( -5.566772797803896100, 3.675442566818504900, -2.618648800632544600 ) ) ;
#83 = UNCERTAINTY_MEASURE_WITH_UNIT (LENGTH_MEASURE( 1.000000000000000100E-005 ), #62, 'distance_accuracy_value', 'NONE');
#84 = CYLINDRICAL_SURFACE ( 'NONE', #81, 3.835399999999999500 ) ;
#85 =( GEOMETRIC_REPRESENTATION_CONTEXT ( 3 ) GLOBAL_UNCERTAINTY_ASSIGNED_CONTEXT ( ( #83 ) ) GLOBAL_UNIT_ASSIGNED_CONTEXT ( ( #62, #86, #97 ) ) REPRESENTATION_CONTEXT ( 'NONE', 'WORKASPACE' ) );
#86 =( NAMED_UNIT ( * ) PLANE_ANGLE_UNIT ( ) SI_UNIT ( $, .RADIAN. ) );
#87 = CARTESIAN_POINT ( 'NONE',  ( -5.566772797803896100, 3.675442566818504900, -0.3961488006325448700 ) ) ;
#88 = AXIS2_PLACEMENT_3D ( 'NONE', #87, #140, #141 ) ;
#89 = CARTESIAN_POINT ( 'NONE',  ( -0.1834982910761699400, -5.086758938145604400, -1.666148800632544200 ) ) ;
#90 = DIRECTION ( 'NONE',  ( 0.0000000000000000000, 0.0000000000000000000, -1.000000000000000000 ) ) ;
#91 = DIRECTION ( 'NONE',  ( -1.000000000000000000, -1.063803735850569600E-016, -0.0000000000000000000 ) ) ;
#92 = AXIS2_PLACEMENT_3D ( 'NONE', #95, #91, #90 ) ;
#93 = CYLINDRICAL_SURFACE ( 'NONE', #92, 3.835399999999999500 ) ;
#94 = CIRCLE ( 'NONE', #88, 2.222499999999999700 ) ;
#95 = CARTESIAN_POINT ( 'NONE',  ( -5.566772797803896100, 3.675442566818504900, -0.3961488006325448700 ) ) ;
#96 =( GEOMETRIC_REPRESENTATION_CONTEXT ( 3 ) GLOBAL_UNCERTAINTY_ASSIGNED_CONTEXT ( ( #116 ) ) GLOBAL_UNIT_ASSIGNED_CONTEXT ( ( #119, #118, #117 ) ) REPRESENTATION_CONTEXT ( 'NONE', 'WORKASPACE' ) );
#97 =( NAMED_UNIT ( * ) SI_UNIT ( $, .STERADIAN. ) SOLID_ANGLE_UNIT ( ) );
#98 = MECHANICAL_DESIGN_GEOMETRIC_PRESENTATION_REPRESENTATION (  '', ( #100 ), #96 ) ;
#99 = PRESENTATION_LAYER_ASSIGNMENT (  '', '', ( #100 ) ) ;
#100 = STYLED_ITEM ( 'NONE', ( #101 ), #7210 ) ;
#101 = PRESENTATION_STYLE_ASSIGNMENT (( #102 ) ) ;
#102 = SURFACE_STYLE_USAGE ( .BOTH. , #103 ) ;
#103 = SURFACE_SIDE_STYLE ('',( #104 ) ) ;
#104 = SURFACE_STYLE_FILL_AREA ( #105 ) ;
#105 = FILL_AREA_STYLE ('',( #112 ) ) ;
#106 = COLOUR_RGB ( '',0.2509803921568627400, 0.2509803921568627400, 0.2509803921568627400 ) ;
#107 = FACE_OUTER_BOUND ( 'NONE', #7213, .T. ) ;
#108 = DIRECTION ( 'NONE',  ( -1.000000000000000000, -1.063803735850569600E-016, -0.0000000000000000000 ) ) ;
#109 = VECTOR ( 'NONE', #108, 1000.000000000000000 ) ;
#110 = CARTESIAN_POINT ( 'NONE',  ( -5.566772797803896100, 3.675442566818504900, -2.618648800632544600 ) ) ;
#111 = LINE ( 'NONE', #110, #109 ) ;
#112 = FILL_AREA_STYLE_COLOUR ( '', #106 ) ;
#113 = DIRECTION ( 'NONE',  ( -1.000000000000000000, -1.063803735850569600E-016, -0.0000000000000000000 ) ) ;
#114 = VECTOR ( 'NONE', #113, 1000.000000000000000 ) ;
#115 = CARTESIAN_POINT ( 'NONE',  ( -5.566772797803896100, 3.675442566818504500, 1.826351199367454800 ) ) ;
#116 = UNCERTAINTY_MEASURE_WITH_UNIT (LENGTH_MEASURE( 1.000000000000000100E-005 ), #119, 'distance_accuracy_value', 'NONE');
#117 =( NAMED_UNIT ( * ) SI_UNIT ( $, .STERADIAN. ) SOLID_ANGLE_UNIT ( ) );
#118 =( NAMED_UNIT ( * ) PLANE_ANGLE_UNIT ( ) SI_UNIT ( $, .RADIAN. ) );
#119 =( LENGTH_UNIT ( ) NAMED_UNIT ( * ) SI_UNIT ( .MILLI., .METRE. ) );
#120 = UNCERTAINTY_MEASURE_WITH_UNIT (LENGTH_MEASURE( 1.000000000000000100E-005 ), #144, 'distance_accuracy_value', 'NONE');
#121 =( NAMED_UNIT ( * ) SI_UNIT ( $, .STERADIAN. ) SOLID_ANGLE_UNIT ( ) );
#122 =( NAMED_UNIT ( * ) PLANE_ANGLE_UNIT ( ) SI_UNIT ( $, .RADIAN. ) );
#123 =( GEOMETRIC_REPRESENTATION_CONTEXT ( 3 ) GLOBAL_UNCERTAINTY_ASSIGNED_CONTEXT ( ( #124 ) ) GLOBAL_UNIT_ASSIGNED_CONTEXT ( ( #213, #212, #125 ) ) REPRESENTATION_CONTEXT ( 'NONE', 'WORKASPACE' ) );
#124 = UNCERTAINTY_MEASURE_WITH_UNIT (LENGTH_MEASURE( 1.000000000000000100E-005 ), #213, 'distance_accuracy_value', 'NONE');
#125 =( NAMED_UNIT ( * ) SI_UNIT ( $, .STERADIAN. ) SOLID_ANGLE_UNIT ( ) );
#126 = COLOUR_RGB ( '',1.000000000000000000, 0.8588235294117646500, 0.5568627450980392400 ) ;
#127 = FACE_OUTER_BOUND ( 'NONE', #7227, .T. ) ;
#128 = DIRECTION ( 'NONE',  ( 1.000000000000000000, 0.0000000000000000000, -0.0000000000000000000 ) ) ;
#129 = DIRECTION ( 'NONE',  ( 0.0000000000000000000, 0.0000000000000000000, 1.000000000000000000 ) ) ;
#130 = CARTESIAN_POINT ( 'NONE',  ( 0.3942413940490096000, -2.930605079709536700, -1.666148800632544200 ) ) ;
#131 = AXIS2_PLACEMENT_3D ( 'NONE', #130, #129, #128 ) ;
#132 = PLANE ( 'NONE',  #131 ) ;
#133 = FILL_AREA_STYLE ('',( #134 ) ) ;
#134 = FILL_AREA_STYLE_COLOUR ( '', #126 ) ;
#135 = DIRECTION ( 'NONE',  ( -1.000000000000000000, -1.063803735850569600E-016, -0.0000000000000000000 ) ) ;
#136 = FILL_AREA_STYLE_COLOUR ( '', #192 ) ;
#137 = AXIS2_PLACEMENT_3D ( 'NONE', #226, #225, #211 ) ;
#138 = CONICAL_SURFACE ( 'NONE', #137, 1.981200000000001600, 0.7853981633974461700 ) ;
#139 = CARTESIAN_POINT ( 'NONE',  ( -5.566772797803896100, 3.675442566818504900, 1.826351199367454800 ) ) ;
#140 = DIRECTION ( 'NONE',  ( -1.000000000000000000, -1.063803735850569600E-016, -0.0000000000000000000 ) ) ;
#141 = DIRECTION ( 'NONE',  ( 0.0000000000000000000, 0.0000000000000000000, -1.000000000000000000 ) ) ;
#142 = MECHANICAL_DESIGN_GEOMETRIC_PRESENTATION_REPRESENTATION (  '', ( #172 ), #181 ) ;
#143 = CARTESIAN_POINT ( 'NONE',  ( -5.566772797803896100, 3.675442566818504900, 3.439251199367454600 ) ) ;
#144 =( LENGTH_UNIT ( ) NAMED_UNIT ( * ) SI_UNIT ( .MILLI., .METRE. ) );
#145 = MECHANICAL_DESIGN_GEOMETRIC_PRESENTATION_REPRESENTATION (  '', ( #147 ), #166 ) ;
#146 = PRESENTATION_LAYER_ASSIGNMENT (  '', '', ( #147 ) ) ;
#147 = STYLED_ITEM ( 'NONE', ( #148 ), #7226 ) ;
#148 = PRESENTATION_STYLE_ASSIGNMENT (( #149 ) ) ;
#149 = SURFACE_STYLE_USAGE ( .BOTH. , #150 ) ;
#150 = SURFACE_SIDE_STYLE ('',( #151 ) ) ;
#151 = SURFACE_STYLE_FILL_AREA ( #133 ) ;
#152 =( NAMED_UNIT ( * ) PLANE_ANGLE_UNIT ( ) SI_UNIT ( $, .RADIAN. ) );
#153 = STYLED_ITEM ( 'NONE', ( #154 ), #7223 ) ;
#154 = PRESENTATION_STYLE_ASSIGNMENT (( #155 ) ) ;
#155 = SURFACE_STYLE_USAGE ( .BOTH. , #156 ) ;
#156 = SURFACE_SIDE_STYLE ('',( #157 ) ) ;
#157 = SURFACE_STYLE_FILL_AREA ( #208 ) ;
#158 =( NAMED_UNIT ( * ) SI_UNIT ( $, .STERADIAN. ) SOLID_ANGLE_UNIT ( ) );
#159 = PRESENTATION_STYLE_ASSIGNMENT (( #178 ) ) ;
#160 =( GEOMETRIC_REPRESENTATION_CONTEXT ( 3 ) GLOBAL_UNCERTAINTY_ASSIGNED_CONTEXT ( ( #193 ) ) GLOBAL_UNIT_ASSIGNED_CONTEXT ( ( #195, #152, #194 ) ) REPRESENTATION_CONTEXT ( 'NONE', 'WORKASPACE' ) );
#161 = CARTESIAN_POINT ( 'NONE',  ( 0.4816839940942592700, -5.057716452369022300, 0.8738511993674545900 ) ) ;
#162 = AXIS2_PLACEMENT_3D ( 'NONE', #161, #224, #223 ) ;
#163 = FILL_AREA_STYLE ('',( #164 ) ) ;
#164 = FILL_AREA_STYLE_COLOUR ( '', #221 ) ;
#165 = PLANE ( 'NONE',  #162 ) ;
#166 =( GEOMETRIC_REPRESENTATION_CONTEXT ( 3 ) GLOBAL_UNCERTAINTY_ASSIGNED_CONTEXT ( ( #120 ) ) GLOBAL_UNIT_ASSIGNED_CONTEXT ( ( #144, #122, #121 ) ) REPRESENTATION_CONTEXT ( 'NONE', 'WORKASPACE' ) );
#167 =( LENGTH_UNIT ( ) NAMED_UNIT ( * ) SI_UNIT ( .MILLI., .METRE. ) );
#168 = MECHANICAL_DESIGN_GEOMETRIC_PRESENTATION_REPRESENTATION (  '', ( #153 ), #176 ) ;
#169 = PRESENTATION_LAYER_ASSIGNMENT (  '', '', ( #153 ) ) ;
#170 = UNCERTAINTY_MEASURE_WITH_UNIT (LENGTH_MEASURE( 1.000000000000000100E-005 ), #167, 'distance_accuracy_value', 'NONE');
#171 = PRESENTATION_LAYER_ASSIGNMENT (  '', '', ( #172 ) ) ;
#172 = STYLED_ITEM ( 'NONE', ( #159 ), #7220 ) ;
#173 = UNCERTAINTY_MEASURE_WITH_UNIT (LENGTH_MEASURE( 1.000000000000000100E-005 ), #180, 'distance_accuracy_value', 'NONE');
#174 = VECTOR ( 'NONE', #135, 1000.000000000000000 ) ;
#175 = FACE_OUTER_BOUND ( 'NONE', #7221, .T. ) ;
#176 =( GEOMETRIC_REPRESENTATION_CONTEXT ( 3 ) GLOBAL_UNCERTAINTY_ASSIGNED_CONTEXT ( ( #170 ) ) GLOBAL_UNIT_ASSIGNED_CONTEXT ( ( #167, #228, #227 ) ) REPRESENTATION_CONTEXT ( 'NONE', 'WORKASPACE' ) );
#177 = CARTESIAN_POINT ( 'NONE',  ( -5.566772797803896100, 3.675442566818504500, 3.439251199367455000 ) ) ;
#178 = SURFACE_STYLE_USAGE ( .BOTH. , #179 ) ;
#179 = SURFACE_SIDE_STYLE ('',( #191 ) ) ;
#180 =( LENGTH_UNIT ( ) NAMED_UNIT ( * ) SI_UNIT ( .MILLI., .METRE. ) );
#181 =( GEOMETRIC_REPRESENTATION_CONTEXT ( 3 ) GLOBAL_UNCERTAINTY_ASSIGNED_CONTEXT ( ( #173 ) ) GLOBAL_UNIT_ASSIGNED_CONTEXT ( ( #180, #190, #158 ) ) REPRESENTATION_CONTEXT ( 'NONE', 'WORKASPACE' ) );
#182 = DIRECTION ( 'NONE',  ( 0.0000000000000000000, -0.9396926207859080900, 0.3420201433256695500 ) ) ;
#183 = DIRECTION ( 'NONE',  ( -3.792838652404492100E-016, 0.3420201433256696600, 0.9396926207859080900 ) ) ;
#184 = AXIS2_PLACEMENT_3D ( 'NONE', #188, #183, #182 ) ;
#185 = CYLINDRICAL_SURFACE ( 'NONE', #184, 1.269999999999999800 ) ;
#186 = DIRECTION ( 'NONE',  ( 0.3420201433256696600, -0.9396926207859080900, 0.0000000000000000000 ) ) ;
#187 = DIRECTION ( 'NONE',  ( -0.9396926207859080900, -0.3420201433256696600, 5.839669014606213400E-017 ) ) ;
#188 = CARTESIAN_POINT ( 'NONE',  ( 5.560827202196104000, -5.945241562978872600, -5.961873556881442900 ) ) ;
#189 = LINE ( 'NONE', #177, #174 ) ;
#190 =( NAMED_UNIT ( * ) PLANE_ANGLE_UNIT ( ) SI_UNIT ( $, .RADIAN. ) );
#191 = SURFACE_STYLE_FILL_AREA ( #207 ) ;
#192 = COLOUR_RGB ( '',0.2509803921568627400, 0.2509803921568627400, 0.2509803921568627400 ) ;
#193 = UNCERTAINTY_MEASURE_WITH_UNIT (LENGTH_MEASURE( 1.000000000000000100E-005 ), #195, 'distance_accuracy_value', 'NONE');
#194 =( NAMED_UNIT ( * ) SI_UNIT ( $, .STERADIAN. ) SOLID_ANGLE_UNIT ( ) );
#195 =( LENGTH_UNIT ( ) NAMED_UNIT ( * ) SI_UNIT ( .MILLI., .METRE. ) );
#196 = MECHANICAL_DESIGN_GEOMETRIC_PRESENTATION_REPRESENTATION (  '', ( #198 ), #160 ) ;
#197 = PRESENTATION_LAYER_ASSIGNMENT (  '', '', ( #198 ) ) ;
#198 = STYLED_ITEM ( 'NONE', ( #199 ), #7225 ) ;
#199 = PRESENTATION_STYLE_ASSIGNMENT (( #200 ) ) ;
#200 = SURFACE_STYLE_USAGE ( .BOTH. , #201 ) ;
#201 = SURFACE_SIDE_STYLE ('',( #202 ) ) ;
#202 = SURFACE_STYLE_FILL_AREA ( #203 ) ;
#203 = FILL_AREA_STYLE ('',( #232 ) ) ;
#204 = COLOUR_RGB ( '',1.000000000000000000, 0.8588235294117646500, 0.5568627450980392400 ) ;
#205 = FACE_OUTER_BOUND ( 'NONE', #7190, .T. ) ;
#206 = DIRECTION ( 'NONE',  ( 8.537024980200635200E-017, 3.186061097159427500E-016, -1.000000000000000000 ) ) ;
#207 = FILL_AREA_STYLE ('',( #136 ) ) ;
#208 = FILL_AREA_STYLE ('',( #209 ) ) ;
#209 = FILL_AREA_STYLE_COLOUR ( '', #210 ) ;
#210 = COLOUR_RGB ( '',1.000000000000000000, 0.8588235294117646500, 0.5568627450980392400 ) ;
#211 = DIRECTION ( 'NONE',  ( 0.0000000000000000000, 0.0000000000000000000, 1.000000000000000000 ) ) ;
#212 =( NAMED_UNIT ( * ) PLANE_ANGLE_UNIT ( ) SI_UNIT ( $, .RADIAN. ) );
#213 =( LENGTH_UNIT ( ) NAMED_UNIT ( * ) SI_UNIT ( .MILLI., .METRE. ) );
#214 = MECHANICAL_DESIGN_GEOMETRIC_PRESENTATION_REPRESENTATION (  '', ( #216 ), #123 ) ;
#215 = PRESENTATION_LAYER_ASSIGNMENT (  '', '', ( #216 ) ) ;
#216 = STYLED_ITEM ( 'NONE', ( #217 ), #7233 ) ;
#217 = PRESENTATION_STYLE_ASSIGNMENT (( #218 ) ) ;
#218 = SURFACE_STYLE_USAGE ( .BOTH. , #219 ) ;
#219 = SURFACE_SIDE_STYLE ('',( #220 ) ) ;
#220 = SURFACE_STYLE_FILL_AREA ( #163 ) ;
#221 = COLOUR_RGB ( '',1.000000000000000000, 0.8588235294117646500, 0.5568627450980392400 ) ;
#222 = FACE_OUTER_BOUND ( 'NONE', #7240, .T. ) ;
#223 = DIRECTION ( 'NONE',  ( 1.000000000000000000, 0.0000000000000000000, -6.816428854007561700E-016 ) ) ;
#224 = DIRECTION ( 'NONE',  ( 6.816428854007561700E-016, -0.0000000000000000000, 1.000000000000000000 ) ) ;
#225 = DIRECTION ( 'NONE',  ( -1.000000000000000000, -1.063803735850569600E-016, 0.0000000000000000000 ) ) ;
#226 = CARTESIAN_POINT ( 'NONE',  ( -7.243972797803897000, 3.675442566818504500, -0.3961488006325448700 ) ) ;
#227 =( NAMED_UNIT ( * ) SI_UNIT ( $, .STERADIAN. ) SOLID_ANGLE_UNIT ( ) );
#228 =( NAMED_UNIT ( * ) PLANE_ANGLE_UNIT ( ) SI_UNIT ( $, .RADIAN. ) );
#229 = VECTOR ( 'NONE', #206, 1000.000000000000000 ) ;
#230 = CARTESIAN_POINT ( 'NONE',  ( 0.3812591338651447600, -2.979055534312798200, -1.666148800632544200 ) ) ;
#231 = LINE ( 'NONE', #230, #229 ) ;
#232 = FILL_AREA_STYLE_COLOUR ( '', #204 ) ;
#233 =( NAMED_UNIT ( * ) SI_UNIT ( $, .STERADIAN. ) SOLID_ANGLE_UNIT ( ) );
#234 = DIRECTION ( 'NONE',  ( 0.9396926207859080900, 0.3420201433256696600, -5.839669014606214700E-017 ) ) ;
#235 = DIRECTION ( 'NONE',  ( 0.3420201433256695500, -0.9396926207859080900, 0.0000000000000000000 ) ) ;
#236 =( NAMED_UNIT ( * ) PLANE_ANGLE_UNIT ( ) SI_UNIT ( $, .RADIAN. ) );
#237 =( LENGTH_UNIT ( ) NAMED_UNIT ( * ) SI_UNIT ( .MILLI., .METRE. ) );
#238 = MECHANICAL_DESIGN_GEOMETRIC_PRESENTATION_REPRESENTATION (  '', ( #279 ), #273 ) ;
#239 = PRESENTATION_LAYER_ASSIGNMENT (  '', '', ( #279 ) ) ;
#240 = CIRCLE ( 'NONE', #266, 1.269999999999999800 ) ;
#241 =( GEOMETRIC_REPRESENTATION_CONTEXT ( 3 ) GLOBAL_UNCERTAINTY_ASSIGNED_CONTEXT ( ( #251 ) ) GLOBAL_UNIT_ASSIGNED_CONTEXT ( ( #249, #236, #233 ) ) REPRESENTATION_CONTEXT ( 'NONE', 'WORKASPACE' ) );
#242 = COLOUR_RGB ( '',1.000000000000000000, 0.8588235294117646500, 0.5568627450980392400 ) ;
#243 = FACE_OUTER_BOUND ( 'NONE', #7249, .T. ) ;
#244 = VECTOR ( 'NONE', #245, 999.9999999999998900 ) ;
#245 = DIRECTION ( 'NONE',  ( -3.792838652404492100E-016, 0.3420201433256696600, 0.9396926207859080900 ) ) ;
#246 = CARTESIAN_POINT ( 'NONE',  ( 5.560827202196104000, -7.138651191376975000, -5.527507974857843300 ) ) ;
#247 = LINE ( 'NONE', #246, #244 ) ;
#248 = FILL_AREA_STYLE_COLOUR ( '', #242 ) ;
#249 =( LENGTH_UNIT ( ) NAMED_UNIT ( * ) SI_UNIT ( .MILLI., .METRE. ) );
#250 = MECHANICAL_DESIGN_GEOMETRIC_PRESENTATION_REPRESENTATION (  '', ( #256 ), #241 ) ;
#251 = UNCERTAINTY_MEASURE_WITH_UNIT (LENGTH_MEASURE( 1.000000000000000100E-005 ), #249, 'distance_accuracy_value', 'NONE');
#252 = AXIS2_PLACEMENT_3D ( 'NONE', #89, #187, #186 ) ;
#253 =( GEOMETRIC_REPRESENTATION_CONTEXT ( 3 ) GLOBAL_UNCERTAINTY_ASSIGNED_CONTEXT ( ( #316 ) ) GLOBAL_UNIT_ASSIGNED_CONTEXT ( ( #332, #331, #317 ) ) REPRESENTATION_CONTEXT ( 'NONE', 'WORKASPACE' ) );
#254 = PLANE ( 'NONE',  #252 ) ;
#255 = PRESENTATION_LAYER_ASSIGNMENT (  '', '', ( #256 ) ) ;
#256 = STYLED_ITEM ( 'NONE', ( #257 ), #7248 ) ;
#257 = PRESENTATION_STYLE_ASSIGNMENT (( #289 ) ) ;
#258 = CARTESIAN_POINT ( 'NONE',  ( -0.1953975540527983500, -5.945241562978872600, -0.3961488006325440400 ) ) ;
#259 = CYLINDRICAL_SURFACE ( 'NONE', #271, 1.269999999999999800 ) ;
#260 = SURFACE_STYLE_FILL_AREA ( #261 ) ;
#261 = FILL_AREA_STYLE ('',( #262 ) ) ;
#262 = FILL_AREA_STYLE_COLOUR ( '', #267 ) ;
#263 = CIRCLE ( 'NONE', #277, 1.270000000000000500 ) ;
#264 = DIRECTION ( 'NONE',  ( -0.9396926207859080900, -0.3420201433256696600, 5.839669014606214700E-017 ) ) ;
#265 = CARTESIAN_POINT ( 'NONE',  ( 0.09102075676274604100, -5.840993823293207900, -0.3961488006325439300 ) ) ;
#266 = AXIS2_PLACEMENT_3D ( 'NONE', #265, #234, #283 ) ;
#267 = COLOUR_RGB ( '',1.000000000000000000, 0.8588235294117646500, 0.5568627450980392400 ) ;
#268 = FACE_OUTER_BOUND ( 'NONE', #7251, .T. ) ;
#269 = DIRECTION ( 'NONE',  ( 0.0000000000000000000, -0.9396926207859080900, 0.3420201433256695500 ) ) ;
#270 = DIRECTION ( 'NONE',  ( -3.792838652404491600E-016, 0.3420201433256696600, 0.9396926207859080900 ) ) ;
#271 = AXIS2_PLACEMENT_3D ( 'NONE', #278, #270, #269 ) ;
#272 = CARTESIAN_POINT ( 'NONE',  ( 0.5253863387863463300, -7.034403451691311200, -0.3961488006325436000 ) ) ;
#273 =( GEOMETRIC_REPRESENTATION_CONTEXT ( 3 ) GLOBAL_UNCERTAINTY_ASSIGNED_CONTEXT ( ( #274 ) ) GLOBAL_UNIT_ASSIGNED_CONTEXT ( ( #237, #276, #275 ) ) REPRESENTATION_CONTEXT ( 'NONE', 'WORKASPACE' ) );
#274 = UNCERTAINTY_MEASURE_WITH_UNIT (LENGTH_MEASURE( 1.000000000000000100E-005 ), #237, 'distance_accuracy_value', 'NONE');
#275 =( NAMED_UNIT ( * ) SI_UNIT ( $, .STERADIAN. ) SOLID_ANGLE_UNIT ( ) );
#276 =( NAMED_UNIT ( * ) PLANE_ANGLE_UNIT ( ) SI_UNIT ( $, .RADIAN. ) );
#277 = AXIS2_PLACEMENT_3D ( 'NONE', #258, #264, #235 ) ;
#278 = CARTESIAN_POINT ( 'NONE',  ( 5.560827202196103200, -5.945241562978872600, -5.961873556881442900 ) ) ;
#279 = STYLED_ITEM ( 'NONE', ( #280 ), #7250 ) ;
#280 = PRESENTATION_STYLE_ASSIGNMENT (( #281 ) ) ;
#281 = SURFACE_STYLE_USAGE ( .BOTH. , #282 ) ;
#282 = SURFACE_SIDE_STYLE ('',( #260 ) ) ;
#283 = DIRECTION ( 'NONE',  ( 0.3420201433256697100, -0.9396926207859080900, -8.963876229210864500E-016 ) ) ;
#284 = DIRECTION ( 'NONE',  ( 0.3420201433256697100, -0.9396926207859080900, 0.0000000000000000000 ) ) ;
#285 = DIRECTION ( 'NONE',  ( 0.9396926207859080900, 0.3420201433256696600, -5.839669014606214700E-017 ) ) ;
#286 = CARTESIAN_POINT ( 'NONE',  ( 0.09102075676274604100, -5.840993823293207900, -0.3961488006325440400 ) ) ;
#287 = AXIS2_PLACEMENT_3D ( 'NONE', #286, #285, #284 ) ;
#288 = CIRCLE ( 'NONE', #287, 1.269999999999999800 ) ;
#289 = SURFACE_STYLE_USAGE ( .BOTH. , #290 ) ;
#290 = SURFACE_SIDE_STYLE ('',( #291 ) ) ;
#291 = SURFACE_STYLE_FILL_AREA ( #292 ) ;
#292 = FILL_AREA_STYLE ('',( #248 ) ) ;
#293 = SURFACE_STYLE_FILL_AREA ( #294 ) ;
#294 = FILL_AREA_STYLE ('',( #302 ) ) ;
#295 = VECTOR ( 'NONE', #339, 999.9999999999998900 ) ;
#296 = UNCERTAINTY_MEASURE_WITH_UNIT (LENGTH_MEASURE( 1.000000000000000100E-005 ), #330, 'distance_accuracy_value', 'NONE');
#297 =( NAMED_UNIT ( * ) SI_UNIT ( $, .STERADIAN. ) SOLID_ANGLE_UNIT ( ) );
#298 = DIRECTION ( 'NONE',  ( -0.0000000000000000000, -0.0000000000000000000, -1.000000000000000000 ) ) ;
#299 = VECTOR ( 'NONE', #298, 1000.000000000000000 ) ;
#300 = CARTESIAN_POINT ( 'NONE',  ( 5.660027202196098500, 2.286442566818506900, 1.254851199367454700 ) ) ;
#301 = LINE ( 'NONE', #300, #299 ) ;
#302 = FILL_AREA_STYLE_COLOUR ( '', #306 ) ;
#303 = CARTESIAN_POINT ( 'NONE',  ( 5.660027202196102000, 1.473642566818507800, 0.04835119936745513300 ) ) ;
#304 = DIRECTION ( 'NONE',  ( -1.000000000000000000, 0.0000000000000000000, 0.0000000000000000000 ) ) ;
#305 = DIRECTION ( 'NONE',  ( -0.0000000000000000000, -0.0000000000000000000, -1.000000000000000000 ) ) ;
#306 = COLOUR_RGB ( '',1.000000000000000000, 0.8588235294117646500, 0.5568627450980392400 ) ;
#307 = FACE_OUTER_BOUND ( 'NONE', #7260, .T. ) ;
#308 = CARTESIAN_POINT ( 'NONE',  ( -0.1150208201047917700, -5.274899243380821700, -1.666148800632544200 ) ) ;
#309 = CARTESIAN_POINT ( 'NONE',  ( 5.660027202196102000, 2.286442566818506900, 0.04835119936745513300 ) ) ;
#310 = STYLED_ITEM ( 'NONE', ( #311 ), #7259 ) ;
#311 = PRESENTATION_STYLE_ASSIGNMENT (( #352 ) ) ;
#312 = CARTESIAN_POINT ( 'NONE',  ( 6.472827202196101300, 1.473642566818507800, 0.04835119936745513300 ) ) ;
#313 = LINE ( 'NONE', #308, #295 ) ;
#314 = CIRCLE ( 'NONE', #329, 0.8127999999999998600 ) ;
#315 = CARTESIAN_POINT ( 'NONE',  ( 0.4816839940942575500, -5.057716452369022300, -1.666148800632544700 ) ) ;
#316 = UNCERTAINTY_MEASURE_WITH_UNIT (LENGTH_MEASURE( 1.000000000000000100E-005 ), #332, 'distance_accuracy_value', 'NONE');
#317 =( NAMED_UNIT ( * ) SI_UNIT ( $, .STERADIAN. ) SOLID_ANGLE_UNIT ( ) );
#318 = MECHANICAL_DESIGN_GEOMETRIC_PRESENTATION_REPRESENTATION (  '', ( #320 ), #253 ) ;
#319 = PRESENTATION_LAYER_ASSIGNMENT (  '', '', ( #320 ) ) ;
#320 = STYLED_ITEM ( 'NONE', ( #321 ), #7269 ) ;
#321 = PRESENTATION_STYLE_ASSIGNMENT (( #322 ) ) ;
#322 = SURFACE_STYLE_USAGE ( .BOTH. , #323 ) ;
#323 = SURFACE_SIDE_STYLE ('',( #342 ) ) ;
#324 = MECHANICAL_DESIGN_GEOMETRIC_PRESENTATION_REPRESENTATION (  '', ( #310 ), #349 ) ;
#325 = PRESENTATION_LAYER_ASSIGNMENT (  '', '', ( #310 ) ) ;
#326 = DIRECTION ( 'NONE',  ( -6.816428854007560700E-016, 0.0000000000000000000, -1.000000000000000000 ) ) ;
#327 = DIRECTION ( 'NONE',  ( 1.000000000000000000, 0.0000000000000000000, 0.0000000000000000000 ) ) ;
#328 = DIRECTION ( 'NONE',  ( 0.0000000000000000000, -0.0000000000000000000, 1.000000000000000000 ) ) ;
#329 = AXIS2_PLACEMENT_3D ( 'NONE', #303, #328, #327 ) ;
#330 =( LENGTH_UNIT ( ) NAMED_UNIT ( * ) SI_UNIT ( .MILLI., .METRE. ) );
#331 =( NAMED_UNIT ( * ) PLANE_ANGLE_UNIT ( ) SI_UNIT ( $, .RADIAN. ) );
#332 =( LENGTH_UNIT ( ) NAMED_UNIT ( * ) SI_UNIT ( .MILLI., .METRE. ) );
#333 = CARTESIAN_POINT ( 'NONE',  ( -0.4014391309203378900, -5.379146983066486400, -1.666148800632544200 ) ) ;
#334 = DIRECTION ( 'NONE',  ( -1.000000000000000000, 0.0000000000000000000, 6.829619984160655100E-016 ) ) ;
#335 = AXIS2_PLACEMENT_3D ( 'NONE', #315, #326, #334 ) ;
#336 = CARTESIAN_POINT ( 'NONE',  ( 5.660027202196102000, 1.473642566818507800, 1.254851199367454700 ) ) ;
#337 = AXIS2_PLACEMENT_3D ( 'NONE', #336, #305, #304 ) ;
#338 = CYLINDRICAL_SURFACE ( 'NONE', #337, 0.8127999999999998600 ) ;
#339 = DIRECTION ( 'NONE',  ( -0.9396926207859080900, -0.3420201433256696600, 5.839669014606217100E-017 ) ) ;
#340 = CARTESIAN_POINT ( 'NONE',  ( 5.660027202196098500, 1.981642566818507600, 1.254851199367454700 ) ) ;
#341 = LINE ( 'NONE', #340, #355 ) ;
#342 = SURFACE_STYLE_FILL_AREA ( #343 ) ;
#343 = FILL_AREA_STYLE ('',( #344 ) ) ;
#344 = FILL_AREA_STYLE_COLOUR ( '', #345 ) ;
#345 = COLOUR_RGB ( '',0.2509803921568627400, 0.2509803921568627400, 0.2509803921568627400 ) ;
#346 = FACE_BOUND ( 'NONE', #7422, .T. ) ;
#347 = FACE_OUTER_BOUND ( 'NONE', #7311, .T. ) ;
#348 = CARTESIAN_POINT ( 'NONE',  ( 5.660027202196098500, 2.286442566818506900, 1.254851199367454700 ) ) ;
#349 =( GEOMETRIC_REPRESENTATION_CONTEXT ( 3 ) GLOBAL_UNCERTAINTY_ASSIGNED_CONTEXT ( ( #296 ) ) GLOBAL_UNIT_ASSIGNED_CONTEXT ( ( #330, #356, #297 ) ) REPRESENTATION_CONTEXT ( 'NONE', 'WORKASPACE' ) );
#350 = CARTESIAN_POINT ( 'NONE',  ( 0.09102075676274604100, -5.840993823293208800, -1.666148800632543800 ) ) ;
#351 = CIRCLE ( 'NONE', #335, 0.6350000000000002300 ) ;
#352 = SURFACE_STYLE_USAGE ( .BOTH. , #353 ) ;
#353 = SURFACE_SIDE_STYLE ('',( #293 ) ) ;
#354 = DIRECTION ( 'NONE',  ( -0.0000000000000000000, -0.0000000000000000000, -1.000000000000000000 ) ) ;
#355 = VECTOR ( 'NONE', #354, 1000.000000000000000 ) ;
#356 =( NAMED_UNIT ( * ) PLANE_ANGLE_UNIT ( ) SI_UNIT ( $, .RADIAN. ) );
#357 = SURFACE_STYLE_USAGE ( .BOTH. , #358 ) ;
#358 = SURFACE_SIDE_STYLE ('',( #379 ) ) ;
#359 = AXIS2_PLACEMENT_3D ( 'NONE', #391, #378, #361 ) ;
#360 = DIRECTION ( 'NONE',  ( -0.9396926207859080900, -0.3420201433256696600, 5.839669014606214700E-017 ) ) ;
#361 = DIRECTION ( 'NONE',  ( 0.0000000000000000000, 0.0000000000000000000, -1.000000000000000000 ) ) ;
#362 = DIRECTION ( 'NONE',  ( 0.0000000000000000000, -0.9396926207859082100, 0.3420201433256694300 ) ) ;
#363 = DIRECTION ( 'NONE',  ( -3.792838652404491600E-016, 0.3420201433256696600, 0.9396926207859080900 ) ) ;
#364 = CARTESIAN_POINT ( 'NONE',  ( 5.560827202196104000, -5.840993823293208800, -5.675455246065899600 ) ) ;
#365 = AXIS2_PLACEMENT_3D ( 'NONE', #364, #363, #362 ) ;
#366 = COLOUR_RGB ( '',1.000000000000000000, 0.8588235294117646500, 0.5568627450980392400 ) ;
#367 = CIRCLE ( 'NONE', #368, 1.270000000000000500 ) ;
#368 = AXIS2_PLACEMENT_3D ( 'NONE', #392, #360, #407 ) ;
#369 =( LENGTH_UNIT ( ) NAMED_UNIT ( * ) SI_UNIT ( .MILLI., .METRE. ) );
#370 = MECHANICAL_DESIGN_GEOMETRIC_PRESENTATION_REPRESENTATION (  '', ( #372 ), #410 ) ;
#371 = PRESENTATION_LAYER_ASSIGNMENT (  '', '', ( #372 ) ) ;
#372 = STYLED_ITEM ( 'NONE', ( #373 ), #7295 ) ;
#373 = PRESENTATION_STYLE_ASSIGNMENT (( #374 ) ) ;
#374 = SURFACE_STYLE_USAGE ( .BOTH. , #375 ) ;
#375 = SURFACE_SIDE_STYLE ('',( #376 ) ) ;
#376 = SURFACE_STYLE_FILL_AREA ( #377 ) ;
#377 = FILL_AREA_STYLE ('',( #401 ) ) ;
#378 = DIRECTION ( 'NONE',  ( -1.000000000000000000, -1.063803735850569600E-016, -0.0000000000000000000 ) ) ;
#379 = SURFACE_STYLE_FILL_AREA ( #393 ) ;
#380 =( GEOMETRIC_REPRESENTATION_CONTEXT ( 3 ) GLOBAL_UNCERTAINTY_ASSIGNED_CONTEXT ( ( #382 ) ) GLOBAL_UNIT_ASSIGNED_CONTEXT ( ( #402, #381, #383 ) ) REPRESENTATION_CONTEXT ( 'NONE', 'WORKASPACE' ) );
#381 =( NAMED_UNIT ( * ) PLANE_ANGLE_UNIT ( ) SI_UNIT ( $, .RADIAN. ) );
#382 = UNCERTAINTY_MEASURE_WITH_UNIT (LENGTH_MEASURE( 1.000000000000000100E-005 ), #402, 'distance_accuracy_value', 'NONE');
#383 =( NAMED_UNIT ( * ) SI_UNIT ( $, .STERADIAN. ) SOLID_ANGLE_UNIT ( ) );
#384 = FILL_AREA_STYLE_COLOUR ( '', #366 ) ;
#385 = FACE_OUTER_BOUND ( 'NONE', #7159, .T. ) ;
#386 = AXIS2_PLACEMENT_3D ( 'NONE', #406, #405, #404 ) ;
#387 = MECHANICAL_DESIGN_GEOMETRIC_PRESENTATION_REPRESENTATION (  '', ( #408 ), #380 ) ;
#388 = PRESENTATION_LAYER_ASSIGNMENT (  '', '', ( #408 ) ) ;
#389 = CARTESIAN_POINT ( 'NONE',  ( 0.2389680279708018800, -7.138651191376975000, -0.3961488006325436000 ) ) ;
#390 = PLANE ( 'NONE',  #359 ) ;
#391 = CARTESIAN_POINT ( 'NONE',  ( -5.566772797803896100, 1.452942566818505400, -0.3961488006325448700 ) ) ;
#392 = CARTESIAN_POINT ( 'NONE',  ( -0.1953975540527983500, -5.945241562978872600, -0.3961488006325439300 ) ) ;
#393 = FILL_AREA_STYLE ('',( #384 ) ) ;
#394 = PLANE ( 'NONE',  #386 ) ;
#395 = COLOUR_RGB ( '',1.000000000000000000, 0.8588235294117646500, 0.5568627450980392400 ) ;
#396 = FACE_OUTER_BOUND ( 'NONE', #7147, .T. ) ;
#397 = DIRECTION ( 'NONE',  ( -1.646248164257272400E-016, 2.815624662075301800E-016, -1.000000000000000000 ) ) ;
#398 = VECTOR ( 'NONE', #397, 1000.000000000000000 ) ;
#399 = CARTESIAN_POINT ( 'NONE',  ( -0.4014391309203378900, -5.379146983066485500, -1.666148800632544200 ) ) ;
#400 = LINE ( 'NONE', #399, #398 ) ;
#401 = FILL_AREA_STYLE_COLOUR ( '', #395 ) ;
#402 =( LENGTH_UNIT ( ) NAMED_UNIT ( * ) SI_UNIT ( .MILLI., .METRE. ) );
#403 = CIRCLE ( 'NONE', #365, 1.270000000000000200 ) ;
#404 = DIRECTION ( 'NONE',  ( 0.3420201433256696600, -0.9396926207859080900, 0.0000000000000000000 ) ) ;
#405 = DIRECTION ( 'NONE',  ( -0.9396926207859080900, -0.3420201433256696600, 5.839669014606213400E-017 ) ) ;
#406 = CARTESIAN_POINT ( 'NONE',  ( -0.4699166018917143600, -5.191006677831270000, -1.666148800632544200 ) ) ;
#407 = DIRECTION ( 'NONE',  ( 0.3420201433256695500, -0.9396926207859080900, 0.0000000000000000000 ) ) ;
#408 = STYLED_ITEM ( 'NONE', ( #409 ), #7282 ) ;
#409 = PRESENTATION_STYLE_ASSIGNMENT (( #357 ) ) ;
#410 =( GEOMETRIC_REPRESENTATION_CONTEXT ( 3 ) GLOBAL_UNCERTAINTY_ASSIGNED_CONTEXT ( ( #475 ) ) GLOBAL_UNIT_ASSIGNED_CONTEXT ( ( #369, #474, #438 ) ) REPRESENTATION_CONTEXT ( 'NONE', 'WORKASPACE' ) );
#411 =( LENGTH_UNIT ( ) NAMED_UNIT ( * ) SI_UNIT ( .MILLI., .METRE. ) );
#412 = UNCERTAINTY_MEASURE_WITH_UNIT (LENGTH_MEASURE( 1.000000000000000100E-005 ), #436, 'distance_accuracy_value', 'NONE');
#413 = DIRECTION ( 'NONE',  ( 0.9396926207859080900, 0.3420201433256696600, -5.839669014606214700E-017 ) ) ;
#414 = VECTOR ( 'NONE', #413, 999.9999999999998900 ) ;
#415 = CARTESIAN_POINT ( 'NONE',  ( -0.1953975540527983500, -5.945241562978871700, 0.8738511993674562600 ) ) ;
#416 = LINE ( 'NONE', #415, #414 ) ;
#417 = CARTESIAN_POINT ( 'NONE',  ( 0.2389680279708018800, -7.138651191376974100, 0.8738511993674567000 ) ) ;
#418 = LINE ( 'NONE', #417, #468 ) ;
#419 =( NAMED_UNIT ( * ) PLANE_ANGLE_UNIT ( ) SI_UNIT ( $, .RADIAN. ) );
#420 = PRESENTATION_LAYER_ASSIGNMENT (  '', '', ( #421 ) ) ;
#421 = STYLED_ITEM ( 'NONE', ( #422 ), #7313 ) ;
#422 = PRESENTATION_STYLE_ASSIGNMENT (( #423 ) ) ;
#423 = SURFACE_STYLE_USAGE ( .BOTH. , #424 ) ;
#424 = SURFACE_SIDE_STYLE ('',( #425 ) ) ;
#425 = SURFACE_STYLE_FILL_AREA ( #426 ) ;
#426 = FILL_AREA_STYLE ('',( #465 ) ) ;
#427 = COLOUR_RGB ( '',0.2509803921568627400, 0.2509803921568627400, 0.2509803921568627400 ) ;
#428 = FACE_OUTER_BOUND ( 'NONE', #7271, .T. ) ;
#429 =( GEOMETRIC_REPRESENTATION_CONTEXT ( 3 ) GLOBAL_UNCERTAINTY_ASSIGNED_CONTEXT ( ( #459 ) ) GLOBAL_UNIT_ASSIGNED_CONTEXT ( ( #411, #419, #473 ) ) REPRESENTATION_CONTEXT ( 'NONE', 'WORKASPACE' ) );
#430 = CARTESIAN_POINT ( 'NONE',  ( 0.4816839940942575500, -5.057716452369022300, -1.666148800632544200 ) ) ;
#431 = CARTESIAN_POINT ( 'NONE',  ( 0.6308272021961032200, -0.1599574331814942200, -0.3961488006325448700 ) ) ;
#432 = AXIS2_PLACEMENT_3D ( 'NONE', #431, #488, #476 ) ;
#433 =( NAMED_UNIT ( * ) SI_UNIT ( $, .STERADIAN. ) SOLID_ANGLE_UNIT ( ) );
#434 = PLANE ( 'NONE',  #432 ) ;
#435 =( GEOMETRIC_REPRESENTATION_CONTEXT ( 3 ) GLOBAL_UNCERTAINTY_ASSIGNED_CONTEXT ( ( #412 ) ) GLOBAL_UNIT_ASSIGNED_CONTEXT ( ( #436, #470, #469 ) ) REPRESENTATION_CONTEXT ( 'NONE', 'WORKASPACE' ) );
#436 =( LENGTH_UNIT ( ) NAMED_UNIT ( * ) SI_UNIT ( .MILLI., .METRE. ) );
#437 = MECHANICAL_DESIGN_GEOMETRIC_PRESENTATION_REPRESENTATION (  '', ( #421 ), #435 ) ;
#438 =( NAMED_UNIT ( * ) SI_UNIT ( $, .STERADIAN. ) SOLID_ANGLE_UNIT ( ) );
#439 = DIRECTION ( 'NONE',  ( -0.2588190451025146300, -0.9659258262890699800, 0.0000000000000000000 ) ) ;
#440 = DIRECTION ( 'NONE',  ( -0.9659258262890699800, 0.2588190451025146300, 0.0000000000000000000 ) ) ;
#441 = CARTESIAN_POINT ( 'NONE',  ( 0.09982720219610125000, -2.851717034762289800, 0.8738511993674558100 ) ) ;
#442 = MECHANICAL_DESIGN_GEOMETRIC_PRESENTATION_REPRESENTATION (  '', ( #444 ), #429 ) ;
#443 = PRESENTATION_LAYER_ASSIGNMENT (  '', '', ( #444 ) ) ;
#444 = STYLED_ITEM ( 'NONE', ( #445 ), #7310 ) ;
#445 = PRESENTATION_STYLE_ASSIGNMENT (( #446 ) ) ;
#446 = SURFACE_STYLE_USAGE ( .BOTH. , #454 ) ;
#447 = DIRECTION ( 'NONE',  ( -0.3420201433256696600, 0.9396926207859080900, -4.184816166765108600E-016 ) ) ;
#448 = VECTOR ( 'NONE', #447, 1000.000000000000000 ) ;
#449 = AXIS2_PLACEMENT_3D ( 'NONE', #441, #440, #439 ) ;
#450 = PLANE ( 'NONE',  #449 ) ;
#451 = FACE_OUTER_BOUND ( 'NONE', #7291, .T. ) ;
#452 = CARTESIAN_POINT ( 'NONE',  ( -0.1150208201047943600, -5.274899243380822600, -1.666148800632544200 ) ) ;
#453 = CARTESIAN_POINT ( 'NONE',  ( 0.09102075676274604100, -5.840993823293207000, 0.8738511993674562600 ) ) ;
#454 = SURFACE_SIDE_STYLE ('',( #455 ) ) ;
#455 = SURFACE_STYLE_FILL_AREA ( #456 ) ;
#456 = FILL_AREA_STYLE ('',( #457 ) ) ;
#457 = FILL_AREA_STYLE_COLOUR ( '', #458 ) ;
#458 = COLOUR_RGB ( '',1.000000000000000000, 0.8588235294117646500, 0.5568627450980392400 ) ;
#459 = UNCERTAINTY_MEASURE_WITH_UNIT (LENGTH_MEASURE( 1.000000000000000100E-005 ), #411, 'distance_accuracy_value', 'NONE');
#460 = DIRECTION ( 'NONE',  ( -0.9396926207859082100, -0.3420201433256694300, 6.829619984160656100E-016 ) ) ;
#461 = DIRECTION ( 'NONE',  ( -6.816428854007560700E-016, 0.0000000000000000000, -1.000000000000000000 ) ) ;
#462 = AXIS2_PLACEMENT_3D ( 'NONE', #430, #461, #460 ) ;
#463 = CYLINDRICAL_SURFACE ( 'NONE', #462, 0.6350000000000001200 ) ;
#464 = FACE_BOUND ( 'NONE', #7314, .T. ) ;
#465 = FILL_AREA_STYLE_COLOUR ( '', #427 ) ;
#466 = CARTESIAN_POINT ( 'NONE',  ( -0.1953975540527983500, -5.945241562978871700, 0.8738511993674562600 ) ) ;
#467 = DIRECTION ( 'NONE',  ( 0.3420201433256696600, -0.9396926207859080900, 4.184816166765108600E-016 ) ) ;
#468 = VECTOR ( 'NONE', #467, 1000.000000000000000 ) ;
#469 =( NAMED_UNIT ( * ) SI_UNIT ( $, .STERADIAN. ) SOLID_ANGLE_UNIT ( ) );
#470 =( NAMED_UNIT ( * ) PLANE_ANGLE_UNIT ( ) SI_UNIT ( $, .RADIAN. ) );
#471 = CARTESIAN_POINT ( 'NONE',  ( -0.4699166018917143600, -5.191006677831270000, -1.666148800632544200 ) ) ;
#472 = LINE ( 'NONE', #471, #448 ) ;
#473 =( NAMED_UNIT ( * ) SI_UNIT ( $, .STERADIAN. ) SOLID_ANGLE_UNIT ( ) );
#474 =( NAMED_UNIT ( * ) PLANE_ANGLE_UNIT ( ) SI_UNIT ( $, .RADIAN. ) );
#475 = UNCERTAINTY_MEASURE_WITH_UNIT (LENGTH_MEASURE( 1.000000000000000100E-005 ), #369, 'distance_accuracy_value', 'NONE');
#476 = DIRECTION ( 'NONE',  ( 0.0000000000000000000, 0.0000000000000000000, 1.000000000000000000 ) ) ;
#477 =( NAMED_UNIT ( * ) PLANE_ANGLE_UNIT ( ) SI_UNIT ( $, .RADIAN. ) );
#478 =( LENGTH_UNIT ( ) NAMED_UNIT ( * ) SI_UNIT ( .MILLI., .METRE. ) );
#479 = DIRECTION ( 'NONE',  ( 0.0000000000000000000, 0.0000000000000000000, -1.000000000000000000 ) ) ;
#480 = DIRECTION ( 'NONE',  ( -1.000000000000000000, -1.063803735850569600E-016, -0.0000000000000000000 ) ) ;
#481 = UNCERTAINTY_MEASURE_WITH_UNIT (LENGTH_MEASURE( 1.000000000000000100E-005 ), #502, 'distance_accuracy_value', 'NONE');
#482 = FILL_AREA_STYLE_COLOUR ( '', #501 ) ;
#483 = DIRECTION ( 'NONE',  ( 0.0000000000000000000, 0.0000000000000000000, -1.000000000000000000 ) ) ;
#484 = DIRECTION ( 'NONE',  ( -1.000000000000000000, -1.063803735850569600E-016, -0.0000000000000000000 ) ) ;
#485 = CARTESIAN_POINT ( 'NONE',  ( 0.6308272021961032200, 3.675442566818505800, -0.3961488006325448700 ) ) ;
#486 = AXIS2_PLACEMENT_3D ( 'NONE', #485, #484, #483 ) ;
#487 = CIRCLE ( 'NONE', #486, 3.835399999999999500 ) ;
#488 = DIRECTION ( 'NONE',  ( 1.000000000000000000, 1.063803735850569600E-016, -0.0000000000000000000 ) ) ;
#489 = DIRECTION ( 'NONE',  ( -1.000000000000000000, 0.0000000000000000000, 0.0000000000000000000 ) ) ;
#490 = DIRECTION ( 'NONE',  ( 0.0000000000000000000, 1.000000000000000000, -3.491483361109382100E-015 ) ) ;
#491 = CARTESIAN_POINT ( 'NONE',  ( 7.817723848119914700, -7.606857433181492200, -0.4632353685051981400 ) ) ;
#492 = AXIS2_PLACEMENT_3D ( 'NONE', #491, #490, #489 ) ;
#493 = FACE_OUTER_BOUND ( 'NONE', #7318, .T. ) ;
#494 = FACE_OUTER_BOUND ( 'NONE', #7493, .T. ) ;
#495 =( NAMED_UNIT ( * ) PLANE_ANGLE_UNIT ( ) SI_UNIT ( $, .RADIAN. ) );
#496 = PRESENTATION_STYLE_ASSIGNMENT (( #497 ) ) ;
#497 = SURFACE_STYLE_USAGE ( .BOTH. , #498 ) ;
#498 = SURFACE_SIDE_STYLE ('',( #499 ) ) ;
#499 = SURFACE_STYLE_FILL_AREA ( #500 ) ;
#500 = FILL_AREA_STYLE ('',( #482 ) ) ;
#501 = COLOUR_RGB ( '',0.2509803921568627400, 0.2509803921568627400, 0.2509803921568627400 ) ;
#502 =( LENGTH_UNIT ( ) NAMED_UNIT ( * ) SI_UNIT ( .MILLI., .METRE. ) );
#503 = MECHANICAL_DESIGN_GEOMETRIC_PRESENTATION_REPRESENTATION (  '', ( #505 ), #506 ) ;
#504 = PRESENTATION_LAYER_ASSIGNMENT (  '', '', ( #505 ) ) ;
#505 = STYLED_ITEM ( 'NONE', ( #496 ), #7325 ) ;
#506 =( GEOMETRIC_REPRESENTATION_CONTEXT ( 3 ) GLOBAL_UNCERTAINTY_ASSIGNED_CONTEXT ( ( #481 ) ) GLOBAL_UNIT_ASSIGNED_CONTEXT ( ( #502, #495, #525 ) ) REPRESENTATION_CONTEXT ( 'NONE', 'WORKASPACE' ) );
#507 = CARTESIAN_POINT ( 'NONE',  ( 5.660027202196098500, 1.981642566818507600, 0.04835119936745513300 ) ) ;
#508 =( NAMED_UNIT ( * ) PLANE_ANGLE_UNIT ( ) SI_UNIT ( $, .RADIAN. ) );
#509 =( LENGTH_UNIT ( ) NAMED_UNIT ( * ) SI_UNIT ( .MILLI., .METRE. ) );
#510 = MECHANICAL_DESIGN_GEOMETRIC_PRESENTATION_REPRESENTATION (  '', ( #512 ), #676 ) ;
#511 = PRESENTATION_LAYER_ASSIGNMENT (  '', '', ( #512 ) ) ;
#512 = STYLED_ITEM ( 'NONE', ( #513 ), #7340 ) ;
#513 = PRESENTATION_STYLE_ASSIGNMENT (( #514 ) ) ;
#514 = SURFACE_STYLE_USAGE ( .BOTH. , #515 ) ;
#515 = SURFACE_SIDE_STYLE ('',( #516 ) ) ;
#516 = SURFACE_STYLE_FILL_AREA ( #517 ) ;
#517 = FILL_AREA_STYLE ('',( #556 ) ) ;
#518 = CARTESIAN_POINT ( 'NONE',  ( -5.566772797803896100, 3.675442566818504900, -0.3961488006325448700 ) ) ;
#519 = AXIS2_PLACEMENT_3D ( 'NONE', #518, #480, #479 ) ;
#520 = CYLINDRICAL_SURFACE ( 'NONE', #519, 2.222499999999999700 ) ;
#521 = DIRECTION ( 'NONE',  ( -0.0000000000000000000, 1.000000000000000000, -3.491483361109382100E-015 ) ) ;
#522 = CARTESIAN_POINT ( 'NONE',  ( 7.438725510214177400, -7.606857433181492200, -0.3961488006325119000 ) ) ;
#523 = AXIS2_PLACEMENT_3D ( 'NONE', #522, #521, #529 ) ;
#524 = CIRCLE ( 'NONE', #523, 1.346199999999999800 ) ;
#525 =( NAMED_UNIT ( * ) SI_UNIT ( $, .STERADIAN. ) SOLID_ANGLE_UNIT ( ) );
#526 = CIRCLE ( 'NONE', #492, 1.727199999999999800 ) ;
#527 = CARTESIAN_POINT ( 'NONE',  ( 6.091827202196101100, -7.606857433181492200, -0.3961488006325451000 ) ) ;
#528 = CARTESIAN_POINT ( 'NONE',  ( 6.092655323112672300, -7.606857433181492200, -0.3774541116402065900 ) ) ;
#529 = DIRECTION ( 'NONE',  ( 0.0000000000000000000, -3.221518860453140800E-015, -1.000000000000000000 ) ) ;
#530 = CARTESIAN_POINT ( 'NONE',  ( 6.168027202196101100, 1.473642566818504300, 1.254851199367454700 ) ) ;
#531 = LINE ( 'NONE', #530, #533 ) ;
#532 = DIRECTION ( 'NONE',  ( -0.0000000000000000000, -0.0000000000000000000, -1.000000000000000000 ) ) ;
#533 = VECTOR ( 'NONE', #532, 1000.000000000000000 ) ;
#534 = AXIS2_PLACEMENT_3D ( 'NONE', #570, #569, #568 ) ;
#535 = CIRCLE ( 'NONE', #567, 1.346200000000000500 ) ;
#536 = PLANE ( 'NONE',  #534 ) ;
#537 =( GEOMETRIC_REPRESENTATION_CONTEXT ( 3 ) GLOBAL_UNCERTAINTY_ASSIGNED_CONTEXT ( ( #538 ) ) GLOBAL_UNIT_ASSIGNED_CONTEXT ( ( #478, #477, #539 ) ) REPRESENTATION_CONTEXT ( 'NONE', 'WORKASPACE' ) );
#538 = UNCERTAINTY_MEASURE_WITH_UNIT (LENGTH_MEASURE( 1.000000000000000100E-005 ), #478, 'distance_accuracy_value', 'NONE');
#539 =( NAMED_UNIT ( * ) SI_UNIT ( $, .STERADIAN. ) SOLID_ANGLE_UNIT ( ) );
#540 = MECHANICAL_DESIGN_GEOMETRIC_PRESENTATION_REPRESENTATION (  '', ( #542 ), #537 ) ;
#541 = PRESENTATION_LAYER_ASSIGNMENT (  '', '', ( #542 ) ) ;
#542 = STYLED_ITEM ( 'NONE', ( #543 ), #7332 ) ;
#543 = PRESENTATION_STYLE_ASSIGNMENT (( #544 ) ) ;
#544 = SURFACE_STYLE_USAGE ( .BOTH. , #545 ) ;
#545 = SURFACE_SIDE_STYLE ('',( #546 ) ) ;
#546 = SURFACE_STYLE_FILL_AREA ( #547 ) ;
#547 = FILL_AREA_STYLE ('',( #548 ) ) ;
#548 = FILL_AREA_STYLE_COLOUR ( '', #549 ) ;
#549 = COLOUR_RGB ( '',1.000000000000000000, 0.8588235294117646500, 0.5568627450980392400 ) ;
#550 = COLOUR_RGB ( '',1.000000000000000000, 0.8588235294117646500, 0.5568627450980392400 ) ;
#551 = FACE_OUTER_BOUND ( 'NONE', #7341, .T. ) ;
#552 = DIRECTION ( 'NONE',  ( 1.000000000000000000, 0.0000000000000000000, 0.0000000000000000000 ) ) ;
#553 = DIRECTION ( 'NONE',  ( 0.0000000000000000000, 0.0000000000000000000, 1.000000000000000000 ) ) ;
#554 = AXIS2_PLACEMENT_3D ( 'NONE', #562, #553, #552 ) ;
#555 = CIRCLE ( 'NONE', #554, 0.8127999999999998600 ) ;
#556 = FILL_AREA_STYLE_COLOUR ( '', #550 ) ;
#557 = DIRECTION ( 'NONE',  ( 0.0000000000000000000, 0.0000000000000000000, -1.000000000000000000 ) ) ;
#558 = DIRECTION ( 'NONE',  ( -1.000000000000000000, -1.063803735850569600E-016, -0.0000000000000000000 ) ) ;
#559 = CARTESIAN_POINT ( 'NONE',  ( -5.566772797803896100, 3.675442566818504900, -0.3961488006325448700 ) ) ;
#560 = AXIS2_PLACEMENT_3D ( 'NONE', #559, #558, #557 ) ;
#561 = CIRCLE ( 'NONE', #560, 2.222499999999999700 ) ;
#562 = CARTESIAN_POINT ( 'NONE',  ( 5.660027202196102000, 1.473642566818507800, -2.047148800632545100 ) ) ;
#563 = CARTESIAN_POINT ( 'NONE',  ( 1.242609159078351700, 1.981642566818507600, 0.04835119936745600100 ) ) ;
#564 = DIRECTION ( 'NONE',  ( -3.543670746498453200E-015, 0.0000000000000000000, -1.000000000000000000 ) ) ;
#565 = DIRECTION ( 'NONE',  ( 1.000000000000000000, 0.0000000000000000000, -3.491483361109382100E-015 ) ) ;
#566 = CARTESIAN_POINT ( 'NONE',  ( 1.242609159078362800, 3.252340874836586100, -0.3961488006325368800 ) ) ;
#567 = AXIS2_PLACEMENT_3D ( 'NONE', #566, #565, #564 ) ;
#568 = DIRECTION ( 'NONE',  ( -3.491483361109382100E-015, 0.0000000000000000000, 1.000000000000000000 ) ) ;
#569 = DIRECTION ( 'NONE',  ( -1.000000000000000000, 0.0000000000000000000, -3.491483361109382100E-015 ) ) ;
#570 = CARTESIAN_POINT ( 'NONE',  ( 1.242609159078350800, 3.429281725262189900, -0.4159520877564844000 ) ) ;
#571 = CARTESIAN_POINT ( 'NONE',  ( 6.472827202196101300, -1.282257433181492700, 1.254851199367454700 ) ) ;
#572 = CARTESIAN_POINT ( 'NONE',  ( 6.472827202196101300, 1.473642566818507800, -0.8406488006325453200 ) ) ;
#573 = CARTESIAN_POINT ( 'NONE',  ( 6.472827202196101300, -2.945957433181492400, 0.2388511993674556900 ) ) ;
#574 = DIRECTION ( 'NONE',  ( 1.000000000000000000, 0.0000000000000000000, -0.0000000000000000000 ) ) ;
#575 = DIRECTION ( 'NONE',  ( 0.0000000000000000000, 0.0000000000000000000, 1.000000000000000000 ) ) ;
#576 = CARTESIAN_POINT ( 'NONE',  ( 5.660027202196102000, 1.473642566818507800, 1.254851199367454700 ) ) ;
#577 = AXIS2_PLACEMENT_3D ( 'NONE', #576, #575, #574 ) ;
#578 = PLANE ( 'NONE',  #577 ) ;
#579 =( GEOMETRIC_REPRESENTATION_CONTEXT ( 3 ) GLOBAL_UNCERTAINTY_ASSIGNED_CONTEXT ( ( #580 ) ) GLOBAL_UNIT_ASSIGNED_CONTEXT ( ( #690, #582, #581 ) ) REPRESENTATION_CONTEXT ( 'NONE', 'WORKASPACE' ) );
#580 = UNCERTAINTY_MEASURE_WITH_UNIT (LENGTH_MEASURE( 1.000000000000000100E-005 ), #690, 'distance_accuracy_value', 'NONE');
#581 =( NAMED_UNIT ( * ) SI_UNIT ( $, .STERADIAN. ) SOLID_ANGLE_UNIT ( ) );
#582 =( NAMED_UNIT ( * ) PLANE_ANGLE_UNIT ( ) SI_UNIT ( $, .RADIAN. ) );
#583 = DIRECTION ( 'NONE',  ( 1.000000000000000000, 0.0000000000000000000, 0.0000000000000000000 ) ) ;
#584 = DIRECTION ( 'NONE',  ( 0.0000000000000000000, 0.0000000000000000000, 1.000000000000000000 ) ) ;
#585 = CARTESIAN_POINT ( 'NONE',  ( 5.660027202196102000, 1.473642566818507800, 1.254851199367454700 ) ) ;
#586 = AXIS2_PLACEMENT_3D ( 'NONE', #585, #584, #583 ) ;
#587 = FACE_OUTER_BOUND ( 'NONE', #7598, .T. ) ;
#588 = DIRECTION ( 'NONE',  ( -0.0000000000000000000, -0.0000000000000000000, -1.000000000000000000 ) ) ;
#589 = VECTOR ( 'NONE', #588, 1000.000000000000000 ) ;
#590 = CARTESIAN_POINT ( 'NONE',  ( 6.472827202196101300, 1.473642566818502500, 1.254851199367454700 ) ) ;
#591 = LINE ( 'NONE', #590, #589 ) ;
#592 = DIRECTION ( 'NONE',  ( -1.000000000000000000, 5.691349986800549500E-015, 0.0000000000000000000 ) ) ;
#593 = VECTOR ( 'NONE', #592, 1000.000000000000000 ) ;
#594 = CARTESIAN_POINT ( 'NONE',  ( 6.472827202196101300, 1.473642566818502500, 1.254851199367454700 ) ) ;
#595 = DIRECTION ( 'NONE',  ( 1.000000000000000000, 0.0000000000000000000, -0.0000000000000000000 ) ) ;
#596 = DIRECTION ( 'NONE',  ( 0.0000000000000000000, 0.0000000000000000000, 1.000000000000000000 ) ) ;
#597 = UNCERTAINTY_MEASURE_WITH_UNIT (LENGTH_MEASURE( 1.000000000000000100E-005 ), #509, 'distance_accuracy_value', 'NONE');
#598 = CARTESIAN_POINT ( 'NONE',  ( 6.472827202196101300, -1.282257433181489100, -2.047148800632546000 ) ) ;
#599 = CIRCLE ( 'NONE', #586, 0.8127999999999998600 ) ;
#600 = CARTESIAN_POINT ( 'NONE',  ( 1.242609159078352600, 2.286442566818506900, -0.8406488006325453200 ) ) ;
#601 = DIRECTION ( 'NONE',  ( -1.000000000000000000, 0.0000000000000000000, 0.0000000000000000000 ) ) ;
#602 = DIRECTION ( 'NONE',  ( -1.545162892344040800E-016, 1.000000000000000000, 0.0000000000000000000 ) ) ;
#603 = CARTESIAN_POINT ( 'NONE',  ( 1.242609159078351700, 2.286442566818506900, -0.3961488006325444300 ) ) ;
#604 = AXIS2_PLACEMENT_3D ( 'NONE', #603, #602, #601 ) ;
#605 =( NAMED_UNIT ( * ) PLANE_ANGLE_UNIT ( ) SI_UNIT ( $, .RADIAN. ) );
#606 =( LENGTH_UNIT ( ) NAMED_UNIT ( * ) SI_UNIT ( .MILLI., .METRE. ) );
#607 = MECHANICAL_DESIGN_GEOMETRIC_PRESENTATION_REPRESENTATION (  '', ( #648 ), #707 ) ;
#608 = PRESENTATION_LAYER_ASSIGNMENT (  '', '', ( #648 ) ) ;
#609 = CARTESIAN_POINT ( 'NONE',  ( 5.660027202196098500, 1.981642566818507600, 1.254851199367454700 ) ) ;
#610 = AXIS2_PLACEMENT_3D ( 'NONE', #609, #596, #595 ) ;
#611 = LINE ( 'NONE', #594, #593 ) ;
#612 = PLANE ( 'NONE',  #610 ) ;
#613 =( GEOMETRIC_REPRESENTATION_CONTEXT ( 3 ) GLOBAL_UNCERTAINTY_ASSIGNED_CONTEXT ( ( #614 ) ) GLOBAL_UNIT_ASSIGNED_CONTEXT ( ( #622, #621, #620 ) ) REPRESENTATION_CONTEXT ( 'NONE', 'WORKASPACE' ) );
#614 = UNCERTAINTY_MEASURE_WITH_UNIT (LENGTH_MEASURE( 1.000000000000000100E-005 ), #622, 'distance_accuracy_value', 'NONE');
#615 = CARTESIAN_POINT ( 'NONE',  ( 6.168027202196101100, -1.282257433181492700, -2.047148800632545100 ) ) ;
#616 = DIRECTION ( 'NONE',  ( 1.000000000000000000, -0.0000000000000000000, -0.0000000000000000000 ) ) ;
#617 = VECTOR ( 'NONE', #616, 1000.000000000000000 ) ;
#618 = CARTESIAN_POINT ( 'NONE',  ( 6.168027202196101100, -1.282257433181492700, -2.047148800632545100 ) ) ;
#619 = LINE ( 'NONE', #618, #617 ) ;
#620 =( NAMED_UNIT ( * ) SI_UNIT ( $, .STERADIAN. ) SOLID_ANGLE_UNIT ( ) );
#621 =( NAMED_UNIT ( * ) PLANE_ANGLE_UNIT ( ) SI_UNIT ( $, .RADIAN. ) );
#622 =( LENGTH_UNIT ( ) NAMED_UNIT ( * ) SI_UNIT ( .MILLI., .METRE. ) );
#623 = MECHANICAL_DESIGN_GEOMETRIC_PRESENTATION_REPRESENTATION (  '', ( #625 ), #613 ) ;
#624 = PRESENTATION_LAYER_ASSIGNMENT (  '', '', ( #625 ) ) ;
#625 = STYLED_ITEM ( 'NONE', ( #626 ), #7375 ) ;
#626 = PRESENTATION_STYLE_ASSIGNMENT (( #627 ) ) ;
#627 = SURFACE_STYLE_USAGE ( .BOTH. , #628 ) ;
#628 = SURFACE_SIDE_STYLE ('',( #629 ) ) ;
#629 = SURFACE_STYLE_FILL_AREA ( #630 ) ;
#630 = FILL_AREA_STYLE ('',( #637 ) ) ;
#631 = COLOUR_RGB ( '',1.000000000000000000, 0.8588235294117646500, 0.5568627450980392400 ) ;
#632 = FACE_OUTER_BOUND ( 'NONE', #7558, .T. ) ;
#633 = DIRECTION ( 'NONE',  ( -0.0000000000000000000, -0.0000000000000000000, -1.000000000000000000 ) ) ;
#634 = VECTOR ( 'NONE', #633, 1000.000000000000000 ) ;
#635 = CARTESIAN_POINT ( 'NONE',  ( 5.660027202196098500, 2.286442566818506900, 1.254851199367454700 ) ) ;
#636 = LINE ( 'NONE', #635, #634 ) ;
#637 = FILL_AREA_STYLE_COLOUR ( '', #631 ) ;
#638 = CARTESIAN_POINT ( 'NONE',  ( 5.660027202196102000, 2.286442566818506900, -0.8406488006325453200 ) ) ;
#639 = DIRECTION ( 'NONE',  ( -1.000000000000000000, 0.0000000000000000000, 0.0000000000000000000 ) ) ;
#640 = DIRECTION ( 'NONE',  ( 0.0000000000000000000, 0.0000000000000000000, -1.000000000000000000 ) ) ;
#641 = CARTESIAN_POINT ( 'NONE',  ( 5.660027202196102000, 1.473642566818507800, -0.8406488006325453200 ) ) ;
#642 = AXIS2_PLACEMENT_3D ( 'NONE', #641, #640, #639 ) ;
#643 = CIRCLE ( 'NONE', #642, 0.8127999999999998600 ) ;
#644 = UNCERTAINTY_MEASURE_WITH_UNIT (LENGTH_MEASURE( 1.000000000000000100E-005 ), #606, 'distance_accuracy_value', 'NONE');
#645 =( NAMED_UNIT ( * ) SI_UNIT ( $, .STERADIAN. ) SOLID_ANGLE_UNIT ( ) );
#646 = DIRECTION ( 'NONE',  ( -0.0000000000000000000, 0.0000000000000000000, -1.000000000000000000 ) ) ;
#647 = PLANE ( 'NONE',  #678 ) ;
#648 = STYLED_ITEM ( 'NONE', ( #649 ), #7358 ) ;
#649 = PRESENTATION_STYLE_ASSIGNMENT (( #650 ) ) ;
#650 = SURFACE_STYLE_USAGE ( .BOTH. , #651 ) ;
#651 = SURFACE_SIDE_STYLE ('',( #652 ) ) ;
#652 = SURFACE_STYLE_FILL_AREA ( #653 ) ;
#653 = FILL_AREA_STYLE ('',( #654 ) ) ;
#654 = FILL_AREA_STYLE_COLOUR ( '', #655 ) ;
#655 = COLOUR_RGB ( '',1.000000000000000000, 0.8588235294117646500, 0.5568627450980392400 ) ;
#656 = FILL_AREA_STYLE ('',( #735 ) ) ;
#657 = CARTESIAN_POINT ( 'NONE',  ( 0.6308272021961005600, 2.286442566818506900, 1.000851199367456300 ) ) ;
#658 = LINE ( 'NONE', #657, #733 ) ;
#659 = SURFACE_STYLE_FILL_AREA ( #656 ) ;
#660 = CARTESIAN_POINT ( 'NONE',  ( -5.566772797803900600, 2.286442566818503300, 1.000851199367456300 ) ) ;
#661 = DIRECTION ( 'NONE',  ( -0.0000000000000000000, -0.0000000000000000000, -1.000000000000000000 ) ) ;
#662 = VECTOR ( 'NONE', #661, 1000.000000000000000 ) ;
#663 = CARTESIAN_POINT ( 'NONE',  ( -5.566772797803898800, 2.286442566818505100, 1.254851199367454700 ) ) ;
#664 = LINE ( 'NONE', #663, #662 ) ;
#665 = DIRECTION ( 'NONE',  ( -0.0000000000000000000, -0.0000000000000000000, -1.000000000000000000 ) ) ;
#666 = VECTOR ( 'NONE', #665, 1000.000000000000000 ) ;
#667 = CARTESIAN_POINT ( 'NONE',  ( 6.472827202196101300, -8.432357433181492100, 1.254851199367454700 ) ) ;
#668 = LINE ( 'NONE', #667, #666 ) ;
#669 = CARTESIAN_POINT ( 'NONE',  ( 5.660027202196098500, 2.286442566818506900, -2.047148800632545100 ) ) ;
#670 = CARTESIAN_POINT ( 'NONE',  ( 5.660027202196098500, 1.981642566818507600, -2.047148800632545100 ) ) ;
#671 = DIRECTION ( 'NONE',  ( 1.000000000000000000, 0.0000000000000000000, 0.0000000000000000000 ) ) ;
#672 = DIRECTION ( 'NONE',  ( 0.0000000000000000000, 0.0000000000000000000, 1.000000000000000000 ) ) ;
#673 = CARTESIAN_POINT ( 'NONE',  ( 5.660027202196102000, 1.473642566818507800, -2.047148800632545100 ) ) ;
#674 = AXIS2_PLACEMENT_3D ( 'NONE', #673, #672, #671 ) ;
#675 = CIRCLE ( 'NONE', #674, 0.5079999999999997900 ) ;
#676 =( GEOMETRIC_REPRESENTATION_CONTEXT ( 3 ) GLOBAL_UNCERTAINTY_ASSIGNED_CONTEXT ( ( #597 ) ) GLOBAL_UNIT_ASSIGNED_CONTEXT ( ( #509, #508, #433 ) ) REPRESENTATION_CONTEXT ( 'NONE', 'WORKASPACE' ) );
#677 = CARTESIAN_POINT ( 'NONE',  ( 5.660027202196098500, 2.286442566818506900, -2.047148800632545100 ) ) ;
#678 = AXIS2_PLACEMENT_3D ( 'NONE', #677, #646, #685 ) ;
#679 = CARTESIAN_POINT ( 'NONE',  ( 1.242609159078351700, 2.286442566818506900, 0.04835119936745600100 ) ) ;
#680 = CIRCLE ( 'NONE', #604, 0.4445000000000002300 ) ;
#681 = DIRECTION ( 'NONE',  ( 1.000000000000000000, -0.0000000000000000000, -0.0000000000000000000 ) ) ;
#682 = VECTOR ( 'NONE', #681, 1000.000000000000000 ) ;
#683 = CARTESIAN_POINT ( 'NONE',  ( 6.472827202196099500, 2.286442566818506900, 0.04835119936745513300 ) ) ;
#684 = LINE ( 'NONE', #683, #682 ) ;
#685 = DIRECTION ( 'NONE',  ( -1.000000000000000000, 0.0000000000000000000, 0.0000000000000000000 ) ) ;
#686 = DIRECTION ( 'NONE',  ( 1.000000000000000000, -0.0000000000000000000, -0.0000000000000000000 ) ) ;
#687 = VECTOR ( 'NONE', #686, 1000.000000000000000 ) ;
#688 = CARTESIAN_POINT ( 'NONE',  ( 6.472827202196099500, 2.286442566818506900, 0.04835119936745513300 ) ) ;
#689 = LINE ( 'NONE', #688, #687 ) ;
#690 =( LENGTH_UNIT ( ) NAMED_UNIT ( * ) SI_UNIT ( .MILLI., .METRE. ) );
#691 = MECHANICAL_DESIGN_GEOMETRIC_PRESENTATION_REPRESENTATION (  '', ( #693 ), #579 ) ;
#692 = PRESENTATION_LAYER_ASSIGNMENT (  '', '', ( #693 ) ) ;
#693 = STYLED_ITEM ( 'NONE', ( #694 ), #7363 ) ;
#694 = PRESENTATION_STYLE_ASSIGNMENT (( #695 ) ) ;
#695 = SURFACE_STYLE_USAGE ( .BOTH. , #696 ) ;
#696 = SURFACE_SIDE_STYLE ('',( #697 ) ) ;
#697 = SURFACE_STYLE_FILL_AREA ( #698 ) ;
#698 = FILL_AREA_STYLE ('',( #706 ) ) ;
#699 = COLOUR_RGB ( '',1.000000000000000000, 0.8588235294117646500, 0.5568627450980392400 ) ;
#700 = DIRECTION ( 'NONE',  ( -1.000000000000000000, 0.0000000000000000000, 0.0000000000000000000 ) ) ;
#701 = DIRECTION ( 'NONE',  ( -0.0000000000000000000, -0.0000000000000000000, -1.000000000000000000 ) ) ;
#702 = CARTESIAN_POINT ( 'NONE',  ( 5.660027202196102000, 1.473642566818507800, 1.254851199367454700 ) ) ;
#703 = AXIS2_PLACEMENT_3D ( 'NONE', #702, #701, #700 ) ;
#704 = CYLINDRICAL_SURFACE ( 'NONE', #703, 0.8127999999999998600 ) ;
#705 = FACE_OUTER_BOUND ( 'NONE', #7364, .T. ) ;
#706 = FILL_AREA_STYLE_COLOUR ( '', #699 ) ;
#707 =( GEOMETRIC_REPRESENTATION_CONTEXT ( 3 ) GLOBAL_UNCERTAINTY_ASSIGNED_CONTEXT ( ( #644 ) ) GLOBAL_UNIT_ASSIGNED_CONTEXT ( ( #606, #605, #645 ) ) REPRESENTATION_CONTEXT ( 'NONE', 'WORKASPACE' ) );
#708 = FACE_OUTER_BOUND ( 'NONE', #7396, .T. ) ;
#709 = CARTESIAN_POINT ( 'NONE',  ( -5.566772797803900600, 1.981642566818505800, 1.000851199367455400 ) ) ;
#710 = DIRECTION ( 'NONE',  ( -1.545162892344040800E-016, 1.000000000000000000, -0.0000000000000000000 ) ) ;
#711 = VECTOR ( 'NONE', #710, 1000.000000000000000 ) ;
#712 = CARTESIAN_POINT ( 'NONE',  ( -5.566772797803900600, 1.981642566818505800, 1.000851199367455400 ) ) ;
#713 = VECTOR ( 'NONE', #730, 1000.000000000000000 ) ;
#714 =( NAMED_UNIT ( * ) PLANE_ANGLE_UNIT ( ) SI_UNIT ( $, .RADIAN. ) );
#715 =( GEOMETRIC_REPRESENTATION_CONTEXT ( 3 ) GLOBAL_UNCERTAINTY_ASSIGNED_CONTEXT ( ( #716 ) ) GLOBAL_UNIT_ASSIGNED_CONTEXT ( ( #731, #714, #717 ) ) REPRESENTATION_CONTEXT ( 'NONE', 'WORKASPACE' ) );
#716 = UNCERTAINTY_MEASURE_WITH_UNIT (LENGTH_MEASURE( 1.000000000000000100E-005 ), #731, 'distance_accuracy_value', 'NONE');
#717 =( NAMED_UNIT ( * ) SI_UNIT ( $, .STERADIAN. ) SOLID_ANGLE_UNIT ( ) );
#718 = DIRECTION ( 'NONE',  ( -1.000000000000000000, -2.799024583672400300E-016, -1.399512291836200100E-016 ) ) ;
#719 = LINE ( 'NONE', #743, #713 ) ;
#720 = CARTESIAN_POINT ( 'NONE',  ( -5.566772797803898800, 1.981642566818505800, 1.254851199367454700 ) ) ;
#721 = PLANE ( 'NONE',  #729 ) ;
#722 = PRESENTATION_LAYER_ASSIGNMENT (  '', '', ( #723 ) ) ;
#723 = STYLED_ITEM ( 'NONE', ( #724 ), #7395 ) ;
#724 = PRESENTATION_STYLE_ASSIGNMENT (( #725 ) ) ;
#725 = SURFACE_STYLE_USAGE ( .BOTH. , #744 ) ;
#726 = LINE ( 'NONE', #712, #711 ) ;
#727 = DIRECTION ( 'NONE',  ( 0.0000000000000000000, 0.0000000000000000000, 1.000000000000000000 ) ) ;
#728 = DIRECTION ( 'NONE',  ( -1.000000000000000000, 0.0000000000000000000, 0.0000000000000000000 ) ) ;
#729 = AXIS2_PLACEMENT_3D ( 'NONE', #720, #728, #727 ) ;
#730 = DIRECTION ( 'NONE',  ( 0.0000000000000000000, 0.0000000000000000000, -1.000000000000000000 ) ) ;
#731 =( LENGTH_UNIT ( ) NAMED_UNIT ( * ) SI_UNIT ( .MILLI., .METRE. ) );
#732 = MECHANICAL_DESIGN_GEOMETRIC_PRESENTATION_REPRESENTATION (  '', ( #723 ), #715 ) ;
#733 = VECTOR ( 'NONE', #718, 1000.000000000000000 ) ;
#734 = CARTESIAN_POINT ( 'NONE',  ( 0.6308272021961005600, 2.286442566818503300, 1.000851199367456300 ) ) ;
#735 = FILL_AREA_STYLE_COLOUR ( '', #736 ) ;
#736 = COLOUR_RGB ( '',1.000000000000000000, 0.8588235294117646500, 0.5568627450980392400 ) ;
#737 = FACE_OUTER_BOUND ( 'NONE', #7405, .T. ) ;
#738 = CARTESIAN_POINT ( 'NONE',  ( 5.660027202196098500, 1.981642566818507600, -0.8406488006325453200 ) ) ;
#739 = DIRECTION ( 'NONE',  ( -1.000000000000000000, -1.545162892344040800E-016, 0.0000000000000000000 ) ) ;
#740 = VECTOR ( 'NONE', #739, 1000.000000000000000 ) ;
#741 = CARTESIAN_POINT ( 'NONE',  ( 5.660027202196098500, 2.286442566818506900, 1.254851199367454700 ) ) ;
#742 = LINE ( 'NONE', #741, #740 ) ;
#743 = CARTESIAN_POINT ( 'NONE',  ( 0.6308272021961005600, 2.286442566818506900, 1.254851199367455200 ) ) ;
#744 = SURFACE_SIDE_STYLE ('',( #745 ) ) ;
#745 = SURFACE_STYLE_FILL_AREA ( #746 ) ;
#746 = FILL_AREA_STYLE ('',( #747 ) ) ;
#747 = FILL_AREA_STYLE_COLOUR ( '', #748 ) ;
#748 = COLOUR_RGB ( '',1.000000000000000000, 0.8588235294117646500, 0.5568627450980392400 ) ;
#749 = SURFACE_STYLE_USAGE ( .BOTH. , #750 ) ;
#750 = SURFACE_SIDE_STYLE ('',( #659 ) ) ;
#751 = PRESENTATION_STYLE_ASSIGNMENT (( #749 ) ) ;
#752 = AXIS2_PLACEMENT_3D ( 'NONE', #764, #769, #766 ) ;
#753 = STYLED_ITEM ( 'NONE', ( #751 ), #7404 ) ;
#754 = PRESENTATION_LAYER_ASSIGNMENT (  '', '', ( #753 ) ) ;
#755 =( NAMED_UNIT ( * ) PLANE_ANGLE_UNIT ( ) SI_UNIT ( $, .RADIAN. ) );
#756 = MECHANICAL_DESIGN_GEOMETRIC_PRESENTATION_REPRESENTATION (  '', ( #753 ), #762 ) ;
#757 =( NAMED_UNIT ( * ) SI_UNIT ( $, .STERADIAN. ) SOLID_ANGLE_UNIT ( ) );
#758 = UNCERTAINTY_MEASURE_WITH_UNIT (LENGTH_MEASURE( 1.000000000000000100E-005 ), #761, 'distance_accuracy_value', 'NONE');
#759 = PLANE ( 'NONE',  #752 ) ;
#760 =( LENGTH_UNIT ( ) NAMED_UNIT ( * ) SI_UNIT ( .MILLI., .METRE. ) );
#761 =( LENGTH_UNIT ( ) NAMED_UNIT ( * ) SI_UNIT ( .MILLI., .METRE. ) );
#762 =( GEOMETRIC_REPRESENTATION_CONTEXT ( 3 ) GLOBAL_UNCERTAINTY_ASSIGNED_CONTEXT ( ( #758 ) ) GLOBAL_UNIT_ASSIGNED_CONTEXT ( ( #761, #755, #757 ) ) REPRESENTATION_CONTEXT ( 'NONE', 'WORKASPACE' ) );
#763 =( NAMED_UNIT ( * ) SI_UNIT ( $, .STERADIAN. ) SOLID_ANGLE_UNIT ( ) );
#764 = CARTESIAN_POINT ( 'NONE',  ( 6.472827202196101300, -8.432357433181492100, 1.254851199367454700 ) ) ;
#765 =( GEOMETRIC_REPRESENTATION_CONTEXT ( 3 ) GLOBAL_UNCERTAINTY_ASSIGNED_CONTEXT ( ( #767 ) ) GLOBAL_UNIT_ASSIGNED_CONTEXT ( ( #760, #770, #768 ) ) REPRESENTATION_CONTEXT ( 'NONE', 'WORKASPACE' ) );
#766 = DIRECTION ( 'NONE',  ( 0.0000000000000000000, -0.0000000000000000000, -1.000000000000000000 ) ) ;
#767 = UNCERTAINTY_MEASURE_WITH_UNIT (LENGTH_MEASURE( 1.000000000000000100E-005 ), #760, 'distance_accuracy_value', 'NONE');
#768 =( NAMED_UNIT ( * ) SI_UNIT ( $, .STERADIAN. ) SOLID_ANGLE_UNIT ( ) );
#769 = DIRECTION ( 'NONE',  ( 0.0000000000000000000, -1.000000000000000000, 0.0000000000000000000 ) ) ;
#770 =( NAMED_UNIT ( * ) PLANE_ANGLE_UNIT ( ) SI_UNIT ( $, .RADIAN. ) );
#771 = CYLINDRICAL_SURFACE ( 'NONE', #774, 0.5079999999999997900 ) ;
#772 = DIRECTION ( 'NONE',  ( -1.000000000000000000, 0.0000000000000000000, 0.0000000000000000000 ) ) ;
#773 = DIRECTION ( 'NONE',  ( -0.0000000000000000000, -0.0000000000000000000, -1.000000000000000000 ) ) ;
#774 = AXIS2_PLACEMENT_3D ( 'NONE', #776, #773, #772 ) ;
#775 = UNCERTAINTY_MEASURE_WITH_UNIT (LENGTH_MEASURE( 1.000000000000000100E-005 ), #833, 'distance_accuracy_value', 'NONE');
#776 = CARTESIAN_POINT ( 'NONE',  ( 5.660027202196102000, 1.473642566818507800, 1.254851199367454700 ) ) ;
#777 =( GEOMETRIC_REPRESENTATION_CONTEXT ( 3 ) GLOBAL_UNCERTAINTY_ASSIGNED_CONTEXT ( ( #775 ) ) GLOBAL_UNIT_ASSIGNED_CONTEXT ( ( #833, #832, #763 ) ) REPRESENTATION_CONTEXT ( 'NONE', 'WORKASPACE' ) );
#778 = DIRECTION ( 'NONE',  ( -1.000000000000000000, 0.0000000000000000000, 0.0000000000000000000 ) ) ;
#779 = PRESENTATION_STYLE_ASSIGNMENT (( #903 ) ) ;
#780 = CARTESIAN_POINT ( 'NONE',  ( -5.566772797803900600, 1.981642566818505800, -1.793148800632545100 ) ) ;
#781 = VECTOR ( 'NONE', #782, 1000.000000000000000 ) ;
#782 = DIRECTION ( 'NONE',  ( -1.545162892344040800E-016, 1.000000000000000000, -0.0000000000000000000 ) ) ;
#783 = LINE ( 'NONE', #780, #781 ) ;
#784 = DIRECTION ( 'NONE',  ( 1.000000000000000000, -0.0000000000000000000, -0.0000000000000000000 ) ) ;
#785 = CIRCLE ( 'NONE', #789, 1.219200000000000500 ) ;
#786 = CARTESIAN_POINT ( 'NONE',  ( 1.242609159078361200, 1.981642566818507600, -0.8406488006325296700 ) ) ;
#787 = FACE_OUTER_BOUND ( 'NONE', #7494, .T. ) ;
#788 = CARTESIAN_POINT ( 'NONE',  ( 6.472827202196101300, -8.432357433181492100, 0.2388511993674548300 ) ) ;
#789 = AXIS2_PLACEMENT_3D ( 'NONE', #804, #803, #802 ) ;
#790 = FILL_AREA_STYLE_COLOUR ( '', #813 ) ;
#791 = DIRECTION ( 'NONE',  ( -3.557093741750340800E-015, 0.0000000000000000000, 1.000000000000000000 ) ) ;
#792 = DIRECTION ( 'NONE',  ( -1.000000000000000000, 0.0000000000000000000, -3.491483361109382100E-015 ) ) ;
#793 = AXIS2_PLACEMENT_3D ( 'NONE', #800, #792, #791 ) ;
#794 = CIRCLE ( 'NONE', #793, 1.219200000000000500 ) ;
#795 = DIRECTION ( 'NONE',  ( 1.000000000000000000, -0.0000000000000000000, -0.0000000000000000000 ) ) ;
#796 = VECTOR ( 'NONE', #795, 1000.000000000000000 ) ;
#797 = CARTESIAN_POINT ( 'NONE',  ( 6.168027202196101100, -8.432357433181492100, -1.031148800632545100 ) ) ;
#798 = LINE ( 'NONE', #797, #796 ) ;
#799 = CARTESIAN_POINT ( 'NONE',  ( 6.472827202196101300, -8.432357433181492100, -1.031148800632545100 ) ) ;
#800 = CARTESIAN_POINT ( 'NONE',  ( 1.242609159078350800, 3.124481725262192400, -0.4159520877564844000 ) ) ;
#801 = CARTESIAN_POINT ( 'NONE',  ( 1.242609159078350800, 1.905442566818507300, -0.3961488006325446500 ) ) ;
#802 = DIRECTION ( 'NONE',  ( -3.557093741750340800E-015, 0.0000000000000000000, -1.000000000000000000 ) ) ;
#803 = DIRECTION ( 'NONE',  ( 1.000000000000000000, 0.0000000000000000000, -3.491483361109382100E-015 ) ) ;
#804 = CARTESIAN_POINT ( 'NONE',  ( 1.242609159078351700, 3.124481725262192400, -0.3763455135086055700 ) ) ;
#805 = MECHANICAL_DESIGN_GEOMETRIC_PRESENTATION_REPRESENTATION (  '', ( #807 ), #765 ) ;
#806 = PRESENTATION_LAYER_ASSIGNMENT (  '', '', ( #807 ) ) ;
#807 = STYLED_ITEM ( 'NONE', ( #808 ), #7419 ) ;
#808 = PRESENTATION_STYLE_ASSIGNMENT (( #809 ) ) ;
#809 = SURFACE_STYLE_USAGE ( .BOTH. , #810 ) ;
#810 = SURFACE_SIDE_STYLE ('',( #811 ) ) ;
#811 = SURFACE_STYLE_FILL_AREA ( #812 ) ;
#812 = FILL_AREA_STYLE ('',( #790 ) ) ;
#813 = COLOUR_RGB ( '',1.000000000000000000, 0.8588235294117646500, 0.5568627450980392400 ) ;
#814 = VECTOR ( 'NONE', #784, 1000.000000000000000 ) ;
#815 = CARTESIAN_POINT ( 'NONE',  ( 6.168027202196101100, -8.432357433181492100, 0.2388511993674548300 ) ) ;
#816 = LINE ( 'NONE', #815, #814 ) ;
#817 = AXIS2_PLACEMENT_3D ( 'NONE', #822, #821, #778 ) ;
#818 = PLANE ( 'NONE',  #817 ) ;
#819 = PRESENTATION_LAYER_ASSIGNMENT (  '', '', ( #820 ) ) ;
#820 = STYLED_ITEM ( 'NONE', ( #779 ), #7457 ) ;
#821 = DIRECTION ( 'NONE',  ( -0.0000000000000000000, 0.0000000000000000000, -1.000000000000000000 ) ) ;
#822 = CARTESIAN_POINT ( 'NONE',  ( 6.168027202196101100, 1.473642566818504300, -2.047148800632545100 ) ) ;
#823 = DIRECTION ( 'NONE',  ( 0.0000000000000000000, 0.0000000000000000000, -1.000000000000000000 ) ) ;
#824 = CIRCLE ( 'NONE', #834, 2.222499999999999300 ) ;
#825 = DIRECTION ( 'NONE',  ( -1.000000000000000000, -1.063803735850569600E-016, -0.0000000000000000000 ) ) ;
#826 = MECHANICAL_DESIGN_GEOMETRIC_PRESENTATION_REPRESENTATION (  '', ( #828 ), #777 ) ;
#827 = PRESENTATION_LAYER_ASSIGNMENT (  '', '', ( #828 ) ) ;
#828 = STYLED_ITEM ( 'NONE', ( #829 ), #7423 ) ;
#829 = PRESENTATION_STYLE_ASSIGNMENT (( #830 ) ) ;
#830 = SURFACE_STYLE_USAGE ( .BOTH. , #831 ) ;
#831 = SURFACE_SIDE_STYLE ('',( #835 ) ) ;
#832 =( NAMED_UNIT ( * ) PLANE_ANGLE_UNIT ( ) SI_UNIT ( $, .RADIAN. ) );
#833 =( LENGTH_UNIT ( ) NAMED_UNIT ( * ) SI_UNIT ( .MILLI., .METRE. ) );
#834 = AXIS2_PLACEMENT_3D ( 'NONE', #840, #825, #823 ) ;
#835 = SURFACE_STYLE_FILL_AREA ( #836 ) ;
#836 = FILL_AREA_STYLE ('',( #837 ) ) ;
#837 = FILL_AREA_STYLE_COLOUR ( '', #838 ) ;
#838 = COLOUR_RGB ( '',1.000000000000000000, 0.8588235294117646500, 0.5568627450980392400 ) ;
#839 = FACE_OUTER_BOUND ( 'NONE', #7424, .T. ) ;
#840 = CARTESIAN_POINT ( 'NONE',  ( 0.6308272021961041100, 3.675442566818505800, -0.3961488006325448700 ) ) ;
#841 =( NAMED_UNIT ( * ) PLANE_ANGLE_UNIT ( ) SI_UNIT ( $, .RADIAN. ) );
#842 =( LENGTH_UNIT ( ) NAMED_UNIT ( * ) SI_UNIT ( .MILLI., .METRE. ) );
#843 = MECHANICAL_DESIGN_GEOMETRIC_PRESENTATION_REPRESENTATION (  '', ( #820 ), #845 ) ;
#844 =( NAMED_UNIT ( * ) SI_UNIT ( $, .STERADIAN. ) SOLID_ANGLE_UNIT ( ) );
#845 =( GEOMETRIC_REPRESENTATION_CONTEXT ( 3 ) GLOBAL_UNCERTAINTY_ASSIGNED_CONTEXT ( ( #846 ) ) GLOBAL_UNIT_ASSIGNED_CONTEXT ( ( #842, #841, #844 ) ) REPRESENTATION_CONTEXT ( 'NONE', 'WORKASPACE' ) );
#846 = UNCERTAINTY_MEASURE_WITH_UNIT (LENGTH_MEASURE( 1.000000000000000100E-005 ), #842, 'distance_accuracy_value', 'NONE');
#847 = CARTESIAN_POINT ( 'NONE',  ( 6.168027202196101100, 1.473642566818504300, -2.047148800632545100 ) ) ;
#848 = CARTESIAN_POINT ( 'NONE',  ( 0.6308272021961005600, 1.981642566818507600, 1.254851199367455200 ) ) ;
#849 = LINE ( 'NONE', #847, #850 ) ;
#850 = VECTOR ( 'NONE', #851, 1000.000000000000000 ) ;
#851 = DIRECTION ( 'NONE',  ( 1.000000000000000000, -5.691349986800549500E-015, 0.0000000000000000000 ) ) ;
#852 = DIRECTION ( 'NONE',  ( -1.545162892344040800E-016, 1.000000000000000000, -0.0000000000000000000 ) ) ;
#853 = VECTOR ( 'NONE', #852, 1000.000000000000000 ) ;
#854 = CARTESIAN_POINT ( 'NONE',  ( 0.6308272021961005600, 1.981642566818507600, 1.254851199367455200 ) ) ;
#855 = LINE ( 'NONE', #854, #853 ) ;
#856 = LINE ( 'NONE', #881, #880 ) ;
#857 = DIRECTION ( 'NONE',  ( -1.000000000000000000, -1.545162892344040800E-016, 0.0000000000000000000 ) ) ;
#858 = VECTOR ( 'NONE', #857, 1000.000000000000000 ) ;
#859 = CARTESIAN_POINT ( 'NONE',  ( 5.660027202196098500, 1.981642566818507600, 1.254851199367454700 ) ) ;
#860 = LINE ( 'NONE', #859, #858 ) ;
#861 = CARTESIAN_POINT ( 'NONE',  ( 5.659669159078360300, 2.286442566818506900, -0.8406488006325453200 ) ) ;
#862 = DIRECTION ( 'NONE',  ( -1.000000000000000000, -0.0000000000000000000, 3.491483361109381700E-015 ) ) ;
#863 = VECTOR ( 'NONE', #862, 1000.000000000000000 ) ;
#864 = CARTESIAN_POINT ( 'NONE',  ( 5.659669159078360300, 2.286442566818506900, -0.8406488006325451000 ) ) ;
#865 = LINE ( 'NONE', #864, #863 ) ;
#866 = CARTESIAN_POINT ( 'NONE',  ( 6.168027202196101100, 1.473642566818504300, -2.047148800632545100 ) ) ;
#867 = PRESENTATION_STYLE_ASSIGNMENT (( #868 ) ) ;
#868 = SURFACE_STYLE_USAGE ( .BOTH. , #869 ) ;
#869 = SURFACE_SIDE_STYLE ('',( #870 ) ) ;
#870 = SURFACE_STYLE_FILL_AREA ( #871 ) ;
#871 = FILL_AREA_STYLE ('',( #878 ) ) ;
#872 = COLOUR_RGB ( '',1.000000000000000000, 0.8588235294117646500, 0.5568627450980392400 ) ;
#873 = FACE_OUTER_BOUND ( 'NONE', #7443, .T. ) ;
#874 = DIRECTION ( 'NONE',  ( -0.0000000000000000000, 1.000000000000000000, 0.0000000000000000000 ) ) ;
#875 = VECTOR ( 'NONE', #874, 1000.000000000000000 ) ;
#876 = CARTESIAN_POINT ( 'NONE',  ( 6.472827202196101300, -8.432357433181492100, -2.047148800632545100 ) ) ;
#877 = LINE ( 'NONE', #876, #875 ) ;
#878 = FILL_AREA_STYLE_COLOUR ( '', #872 ) ;
#879 = DIRECTION ( 'NONE',  ( 0.0000000000000000000, 1.000000000000000000, 0.0000000000000000000 ) ) ;
#880 = VECTOR ( 'NONE', #879, 1000.000000000000000 ) ;
#881 = CARTESIAN_POINT ( 'NONE',  ( 6.168027202196101100, -8.432357433181492100, -2.047148800632545100 ) ) ;
#882 =( NAMED_UNIT ( * ) SI_UNIT ( $, .STERADIAN. ) SOLID_ANGLE_UNIT ( ) );
#883 =( NAMED_UNIT ( * ) PLANE_ANGLE_UNIT ( ) SI_UNIT ( $, .RADIAN. ) );
#884 =( LENGTH_UNIT ( ) NAMED_UNIT ( * ) SI_UNIT ( .MILLI., .METRE. ) );
#885 = MECHANICAL_DESIGN_GEOMETRIC_PRESENTATION_REPRESENTATION (  '', ( #887 ), #896 ) ;
#886 = PRESENTATION_LAYER_ASSIGNMENT (  '', '', ( #887 ) ) ;
#887 = STYLED_ITEM ( 'NONE', ( #867 ), #7442 ) ;
#888 = UNCERTAINTY_MEASURE_WITH_UNIT (LENGTH_MEASURE( 1.000000000000000100E-005 ), #1104, 'distance_accuracy_value', 'NONE');
#889 = CARTESIAN_POINT ( 'NONE',  ( 0.6308272021961005600, 2.286442566818506900, 1.254851199367455200 ) ) ;
#890 = CARTESIAN_POINT ( 'NONE',  ( 5.659669159078363900, 2.286442566818506900, 0.04835119936745513300 ) ) ;
#891 = DIRECTION ( 'NONE',  ( 1.000000000000000000, 1.545162892344040800E-016, 0.0000000000000000000 ) ) ;
#892 = DIRECTION ( 'NONE',  ( 1.545162892344040800E-016, -1.000000000000000000, 0.0000000000000000000 ) ) ;
#893 = CARTESIAN_POINT ( 'NONE',  ( 5.660027202196098500, 2.286442566818506900, 1.254851199367454700 ) ) ;
#894 = AXIS2_PLACEMENT_3D ( 'NONE', #893, #892, #891 ) ;
#895 = PLANE ( 'NONE',  #894 ) ;
#896 =( GEOMETRIC_REPRESENTATION_CONTEXT ( 3 ) GLOBAL_UNCERTAINTY_ASSIGNED_CONTEXT ( ( #897 ) ) GLOBAL_UNIT_ASSIGNED_CONTEXT ( ( #884, #883, #882 ) ) REPRESENTATION_CONTEXT ( 'NONE', 'WORKASPACE' ) );
#897 = UNCERTAINTY_MEASURE_WITH_UNIT (LENGTH_MEASURE( 1.000000000000000100E-005 ), #884, 'distance_accuracy_value', 'NONE');
#898 = LINE ( 'NONE', #901, #900 ) ;
#899 = DIRECTION ( 'NONE',  ( -0.0000000000000000000, -0.0000000000000000000, -1.000000000000000000 ) ) ;
#900 = VECTOR ( 'NONE', #899, 1000.000000000000000 ) ;
#901 = CARTESIAN_POINT ( 'NONE',  ( -5.566772797803898800, 1.981642566818505800, 1.254851199367454700 ) ) ;
#902 = CARTESIAN_POINT ( 'NONE',  ( -5.566772797803900600, 1.981642566818500500, -1.793148800632545600 ) ) ;
#903 = SURFACE_STYLE_USAGE ( .BOTH. , #904 ) ;
#904 = SURFACE_SIDE_STYLE ('',( #905 ) ) ;
#905 = SURFACE_STYLE_FILL_AREA ( #906 ) ;
#906 = FILL_AREA_STYLE ('',( #913 ) ) ;
#907 = COLOUR_RGB ( '',1.000000000000000000, 0.8588235294117646500, 0.5568627450980392400 ) ;
#908 = FACE_OUTER_BOUND ( 'NONE', #7458, .T. ) ;
#909 = DIRECTION ( 'NONE',  ( -1.000000000000000000, -1.545162892344040800E-016, 0.0000000000000000000 ) ) ;
#910 = VECTOR ( 'NONE', #909, 1000.000000000000000 ) ;
#911 = CARTESIAN_POINT ( 'NONE',  ( 5.660027202196098500, 1.981642566818507600, -2.047148800632545100 ) ) ;
#912 = LINE ( 'NONE', #911, #910 ) ;
#913 = FILL_AREA_STYLE_COLOUR ( '', #907 ) ;
#914 = DIRECTION ( 'NONE',  ( -1.000000000000000000, 0.0000000000000000000, 0.0000000000000000000 ) ) ;
#915 = VECTOR ( 'NONE', #914, 1000.000000000000000 ) ;
#916 = CARTESIAN_POINT ( 'NONE',  ( 6.472827202196099500, 2.286442566818506900, -0.8406488006325453200 ) ) ;
#917 = LINE ( 'NONE', #916, #915 ) ;
#918 = DIRECTION ( 'NONE',  ( -1.000000000000000000, -0.0000000000000000000, 0.0000000000000000000 ) ) ;
#919 = DIRECTION ( 'NONE',  ( 1.000000000000000000, 0.0000000000000000000, 0.0000000000000000000 ) ) ;
#920 = CARTESIAN_POINT ( 'NONE',  ( 6.168027202196101100, -8.432357433181492100, 1.254851199367454700 ) ) ;
#921 = PLANE ( 'NONE',  #941 ) ;
#922 = CARTESIAN_POINT ( 'NONE',  ( 6.472827202196101300, -7.606857433181492200, 0.04835119936745513300 ) ) ;
#923 = LINE ( 'NONE', #922, #932 ) ;
#924 = CARTESIAN_POINT ( 'NONE',  ( 6.472827202196101300, 1.473427934620148000, 0.04835119936745513300 ) ) ;
#925 = DIRECTION ( 'NONE',  ( -0.0000000000000000000, -1.000000000000000000, -0.0000000000000000000 ) ) ;
#926 = DIRECTION ( 'NONE',  ( 0.0000000000000000000, 0.0000000000000000000, -1.000000000000000000 ) ) ;
#927 = MECHANICAL_DESIGN_GEOMETRIC_PRESENTATION_REPRESENTATION (  '', ( #929 ), #943 ) ;
#928 = PRESENTATION_LAYER_ASSIGNMENT (  '', '', ( #929 ) ) ;
#929 = STYLED_ITEM ( 'NONE', ( #930 ), #7471 ) ;
#930 = PRESENTATION_STYLE_ASSIGNMENT (( #973 ) ) ;
#931 = DIRECTION ( 'NONE',  ( -0.0000000000000000000, -1.000000000000000000, -0.0000000000000000000 ) ) ;
#932 = VECTOR ( 'NONE', #931, 1000.000000000000000 ) ;
#933 = CARTESIAN_POINT ( 'NONE',  ( 6.472827202196101300, -7.606857433181494000, -0.8406488006325134600 ) ) ;
#934 =( NAMED_UNIT ( * ) PLANE_ANGLE_UNIT ( ) SI_UNIT ( $, .RADIAN. ) );
#935 = DIRECTION ( 'NONE',  ( 0.0000000000000000000, -0.8534428337211275000, 0.5211864633411461600 ) ) ;
#936 = VECTOR ( 'NONE', #935, 1000.000000000000000 ) ;
#937 = CARTESIAN_POINT ( 'NONE',  ( 6.168027202196101100, -1.282257433181492700, -2.047148800632545100 ) ) ;
#938 = LINE ( 'NONE', #937, #936 ) ;
#939 = CARTESIAN_POINT ( 'NONE',  ( 0.6308272021961005600, 1.981642566818507600, -2.047148800632545100 ) ) ;
#940 = DIRECTION ( 'NONE',  ( -1.000000000000000000, 0.0000000000000000000, 0.0000000000000000000 ) ) ;
#941 = AXIS2_PLACEMENT_3D ( 'NONE', #920, #940, #955 ) ;
#942 = CARTESIAN_POINT ( 'NONE',  ( 6.168027202196101100, -2.945957433181492400, 0.2388511993674556900 ) ) ;
#943 =( GEOMETRIC_REPRESENTATION_CONTEXT ( 3 ) GLOBAL_UNCERTAINTY_ASSIGNED_CONTEXT ( ( #957 ) ) GLOBAL_UNIT_ASSIGNED_CONTEXT ( ( #944, #946, #963 ) ) REPRESENTATION_CONTEXT ( 'NONE', 'WORKASPACE' ) );
#944 =( LENGTH_UNIT ( ) NAMED_UNIT ( * ) SI_UNIT ( .MILLI., .METRE. ) );
#945 = VECTOR ( 'NONE', #925, 1000.000000000000000 ) ;
#946 =( NAMED_UNIT ( * ) PLANE_ANGLE_UNIT ( ) SI_UNIT ( $, .RADIAN. ) );
#947 = PLANE ( 'NONE',  #964 ) ;
#948 = CARTESIAN_POINT ( 'NONE',  ( 6.168027202196101100, -1.282257433181492700, 1.254851199367454700 ) ) ;
#949 = DIRECTION ( 'NONE',  ( -0.0000000000000000000, 0.8534428337211275000, 0.5211864633411461600 ) ) ;
#950 = VECTOR ( 'NONE', #949, 1000.000000000000000 ) ;
#951 = CARTESIAN_POINT ( 'NONE',  ( 6.168027202196101100, -1.282257433181492700, 1.254851199367454700 ) ) ;
#952 = LINE ( 'NONE', #951, #950 ) ;
#953 = CARTESIAN_POINT ( 'NONE',  ( 6.472827202196101300, -7.606857433181492200, 0.04835119936745513300 ) ) ;
#954 = LINE ( 'NONE', #953, #945 ) ;
#955 = DIRECTION ( 'NONE',  ( 0.0000000000000000000, 0.0000000000000000000, 1.000000000000000000 ) ) ;
#956 = DIRECTION ( 'NONE',  ( 0.0000000000000000000, 0.0000000000000000000, 1.000000000000000000 ) ) ;
#957 = UNCERTAINTY_MEASURE_WITH_UNIT (LENGTH_MEASURE( 1.000000000000000100E-005 ), #944, 'distance_accuracy_value', 'NONE');
#958 = FACE_OUTER_BOUND ( 'NONE', #7487, .T. ) ;
#959 = DIRECTION ( 'NONE',  ( -0.0000000000000000000, -0.0000000000000000000, -1.000000000000000000 ) ) ;
#960 = CARTESIAN_POINT ( 'NONE',  ( 6.168027202196101100, 1.473642566818504300, 1.254851199367454700 ) ) ;
#961 = LINE ( 'NONE', #960, #967 ) ;
#962 = CARTESIAN_POINT ( 'NONE',  ( 6.472827202196101300, -7.606857433181490400, 0.04835119936748678800 ) ) ;
#963 =( NAMED_UNIT ( * ) SI_UNIT ( $, .STERADIAN. ) SOLID_ANGLE_UNIT ( ) );
#964 = AXIS2_PLACEMENT_3D ( 'NONE', #978, #918, #956 ) ;
#965 = FILL_AREA_STYLE_COLOUR ( '', #966 ) ;
#966 = COLOUR_RGB ( '',1.000000000000000000, 0.8588235294117646500, 0.5568627450980392400 ) ;
#967 = VECTOR ( 'NONE', #959, 1000.000000000000000 ) ;
#968 = DIRECTION ( 'NONE',  ( 0.0000000000000000000, 1.000000000000000000, 0.0000000000000000000 ) ) ;
#969 = VECTOR ( 'NONE', #968, 1000.000000000000000 ) ;
#970 = CARTESIAN_POINT ( 'NONE',  ( 6.168027202196101100, -8.432357433181492100, 1.254851199367454700 ) ) ;
#971 = LINE ( 'NONE', #970, #969 ) ;
#972 = AXIS2_PLACEMENT_3D ( 'NONE', #977, #919, #926 ) ;
#973 = SURFACE_STYLE_USAGE ( .BOTH. , #974 ) ;
#974 = SURFACE_SIDE_STYLE ('',( #975 ) ) ;
#975 = SURFACE_STYLE_FILL_AREA ( #976 ) ;
#976 = FILL_AREA_STYLE ('',( #965 ) ) ;
#977 = CARTESIAN_POINT ( 'NONE',  ( 6.472827202196101300, -7.606857433181492200, -0.3961488006325451000 ) ) ;
#978 = CARTESIAN_POINT ( 'NONE',  ( 6.472827202196101300, -8.432357433181492100, 1.254851199367454700 ) ) ;
#979 = CIRCLE ( 'NONE', #972, 0.4445000000000002300 ) ;
#980 = CIRCLE ( 'NONE', #1143, 0.4445000000000002300 ) ;
#981 = CARTESIAN_POINT ( 'NONE',  ( 0.6308272021961005600, 1.981642566818507600, -1.793148800632545800 ) ) ;
#982 = CIRCLE ( 'NONE', #1159, 0.5079999999999997900 ) ;
#983 = CARTESIAN_POINT ( 'NONE',  ( 6.472827202196101300, -1.282257433181492700, 1.254851199367454700 ) ) ;
#984 = LINE ( 'NONE', #983, #1003 ) ;
#985 = DIRECTION ( 'NONE',  ( 1.000000000000000000, 0.0000000000000000000, 0.0000000000000000000 ) ) ;
#986 = DIRECTION ( 'NONE',  ( 0.0000000000000000000, 1.000000000000000000, 0.0000000000000000000 ) ) ;
#987 = VECTOR ( 'NONE', #986, 1000.000000000000000 ) ;
#988 = CARTESIAN_POINT ( 'NONE',  ( 6.168027202196101100, -7.606857433181492200, -0.8406488006325453200 ) ) ;
#989 = LINE ( 'NONE', #988, #987 ) ;
#990 = CARTESIAN_POINT ( 'NONE',  ( 6.168027202196101100, -7.606857433181492200, -0.8406488006325453200 ) ) ;
#991 = DIRECTION ( 'NONE',  ( 0.0000000000000000000, 0.0000000000000000000, -1.000000000000000000 ) ) ;
#992 = DIRECTION ( 'NONE',  ( 1.000000000000000000, 0.0000000000000000000, 0.0000000000000000000 ) ) ;
#993 = CARTESIAN_POINT ( 'NONE',  ( 6.168027202196101100, -7.606857433181492200, -0.3961488006325451000 ) ) ;
#994 = AXIS2_PLACEMENT_3D ( 'NONE', #993, #992, #991 ) ;
#995 = CIRCLE ( 'NONE', #994, 0.4445000000000002300 ) ;
#996 = CARTESIAN_POINT ( 'NONE',  ( 6.168027202196101100, -7.606857433181492200, 0.04835119936745513300 ) ) ;
#997 = CARTESIAN_POINT ( 'NONE',  ( 5.659669159078360300, 1.981642566818507600, -0.8406488006325453200 ) ) ;
#998 = DIRECTION ( 'NONE',  ( 1.000000000000000000, 1.545162892344040800E-016, 0.0000000000000000000 ) ) ;
#999 = VECTOR ( 'NONE', #998, 1000.000000000000000 ) ;
#1000 = CARTESIAN_POINT ( 'NONE',  ( 5.660027202196098500, 1.981642566818507600, -0.8406488006325453200 ) ) ;
#1001 = LINE ( 'NONE', #1000, #999 ) ;
#1002 = DIRECTION ( 'NONE',  ( -0.0000000000000000000, 0.8534428337211275000, 0.5211864633411461600 ) ) ;
#1003 = VECTOR ( 'NONE', #1002, 1000.000000000000000 ) ;
#1004 = VECTOR ( 'NONE', #1048, 1000.000000000000000 ) ;
#1005 = CARTESIAN_POINT ( 'NONE',  ( 6.168027202196101100, -7.606857433181492200, 0.04835119936745513300 ) ) ;
#1006 = LINE ( 'NONE', #1005, #1004 ) ;
#1007 = CARTESIAN_POINT ( 'NONE',  ( 6.168027202196101100, -8.432357433181492100, -1.031148800632545100 ) ) ;
#1008 = LINE ( 'NONE', #1094, #1093 ) ;
#1009 = DIRECTION ( 'NONE',  ( 0.0000000000000000000, -1.000000000000000000, 1.580930551889041200E-016 ) ) ;
#1010 = VECTOR ( 'NONE', #1009, 1000.000000000000000 ) ;
#1011 = CARTESIAN_POINT ( 'NONE',  ( 6.168027202196101100, -2.945957433181492400, -1.031148800632546000 ) ) ;
#1012 = LINE ( 'NONE', #1011, #1010 ) ;
#1013 = DIRECTION ( 'NONE',  ( 0.0000000000000000000, 0.0000000000000000000, -1.000000000000000000 ) ) ;
#1014 = VECTOR ( 'NONE', #1013, 1000.000000000000000 ) ;
#1015 = CARTESIAN_POINT ( 'NONE',  ( 0.6308272021961005600, 1.981642566818507600, 1.254851199367455200 ) ) ;
#1016 = LINE ( 'NONE', #1015, #1014 ) ;
#1017 = DIRECTION ( 'NONE',  ( 0.0000000000000000000, 0.0000000000000000000, 1.000000000000000000 ) ) ;
#1018 = CARTESIAN_POINT ( 'NONE',  ( 5.660027202196102000, 1.473642566818507800, 1.254851199367454700 ) ) ;
#1019 = AXIS2_PLACEMENT_3D ( 'NONE', #1018, #1017, #985 ) ;
#1020 = CIRCLE ( 'NONE', #1019, 0.5079999999999997900 ) ;
#1021 = CIRCLE ( 'NONE', #1134, 0.8128001771111901300 ) ;
#1022 = LINE ( 'NONE', #1130, #1129 ) ;
#1023 = CARTESIAN_POINT ( 'NONE',  ( 6.472827202196101300, 1.473427934620151500, -0.8406488006325451000 ) ) ;
#1024 = DIRECTION ( 'NONE',  ( 0.0000000000000000000, -1.000000000000000000, 1.580930551889041200E-016 ) ) ;
#1025 = DIRECTION ( 'NONE',  ( 0.0000000000000000000, 1.580930551889041200E-016, 1.000000000000000000 ) ) ;
#1026 = CARTESIAN_POINT ( 'NONE',  ( 6.168027202196101100, -2.945957433181492400, -1.031148800632546000 ) ) ;
#1027 = AXIS2_PLACEMENT_3D ( 'NONE', #1026, #1025, #1024 ) ;
#1028 = PLANE ( 'NONE',  #1027 ) ;
#1029 = UNCERTAINTY_MEASURE_WITH_UNIT (LENGTH_MEASURE( 1.000000000000000100E-005 ), #1032, 'distance_accuracy_value', 'NONE');
#1030 =( NAMED_UNIT ( * ) SI_UNIT ( $, .STERADIAN. ) SOLID_ANGLE_UNIT ( ) );
#1031 =( NAMED_UNIT ( * ) PLANE_ANGLE_UNIT ( ) SI_UNIT ( $, .RADIAN. ) );
#1032 =( LENGTH_UNIT ( ) NAMED_UNIT ( * ) SI_UNIT ( .MILLI., .METRE. ) );
#1033 = MECHANICAL_DESIGN_GEOMETRIC_PRESENTATION_REPRESENTATION (  '', ( #1035 ), #1086 ) ;
#1034 = PRESENTATION_LAYER_ASSIGNMENT (  '', '', ( #1035 ) ) ;
#1035 = STYLED_ITEM ( 'NONE', ( #1036 ), #7545 ) ;
#1036 = PRESENTATION_STYLE_ASSIGNMENT (( #1037 ) ) ;
#1037 = SURFACE_STYLE_USAGE ( .BOTH. , #1038 ) ;
#1038 = SURFACE_SIDE_STYLE ('',( #1039 ) ) ;
#1039 = SURFACE_STYLE_FILL_AREA ( #1040 ) ;
#1040 = FILL_AREA_STYLE ('',( #1041 ) ) ;
#1041 = FILL_AREA_STYLE_COLOUR ( '', #1042 ) ;
#1042 = COLOUR_RGB ( '',1.000000000000000000, 0.8588235294117646500, 0.5568627450980392400 ) ;
#1043 = FACE_OUTER_BOUND ( 'NONE', #7546, .T. ) ;
#1044 = CARTESIAN_POINT ( 'NONE',  ( 6.168027202196101100, 1.473642566818504300, 1.254851199367454700 ) ) ;
#1045 = VECTOR ( 'NONE', #1115, 1000.000000000000000 ) ;
#1046 = CARTESIAN_POINT ( 'NONE',  ( 5.660027202196098500, 1.981642566818507600, -0.8406488006325453200 ) ) ;
#1047 = CARTESIAN_POINT ( 'NONE',  ( 0.6308272021961005600, 1.981642566818502300, 1.000851199367456700 ) ) ;
#1048 = DIRECTION ( 'NONE',  ( -0.0000000000000000000, -1.000000000000000000, -0.0000000000000000000 ) ) ;
#1049 = DIRECTION ( 'NONE',  ( -1.000000000000000000, 0.0000000000000000000, 0.0000000000000000000 ) ) ;
#1050 = DIRECTION ( 'NONE',  ( -0.0000000000000000000, -0.0000000000000000000, -1.000000000000000000 ) ) ;
#1051 = CARTESIAN_POINT ( 'NONE',  ( 5.660027202196102000, 1.473642566818507800, -0.8406488006325453200 ) ) ;
#1052 = AXIS2_PLACEMENT_3D ( 'NONE', #1051, #1050, #1049 ) ;
#1053 = CIRCLE ( 'NONE', #1052, 0.5079999999999997900 ) ;
#1054 = DIRECTION ( 'NONE',  ( 1.000000000000000000, 2.799024583672400300E-016, -1.224573255356675000E-016 ) ) ;
#1055 = VECTOR ( 'NONE', #1054, 1000.000000000000000 ) ;
#1056 = CARTESIAN_POINT ( 'NONE',  ( 6.168027202196101100, -2.945957433181492400, -1.031148800632546000 ) ) ;
#1057 =( GEOMETRIC_REPRESENTATION_CONTEXT ( 3 ) GLOBAL_UNCERTAINTY_ASSIGNED_CONTEXT ( ( #1058 ) ) GLOBAL_UNIT_ASSIGNED_CONTEXT ( ( #1061, #1060, #1059 ) ) REPRESENTATION_CONTEXT ( 'NONE', 'WORKASPACE' ) );
#1058 = UNCERTAINTY_MEASURE_WITH_UNIT (LENGTH_MEASURE( 1.000000000000000100E-005 ), #1061, 'distance_accuracy_value', 'NONE');
#1059 =( NAMED_UNIT ( * ) SI_UNIT ( $, .STERADIAN. ) SOLID_ANGLE_UNIT ( ) );
#1060 =( NAMED_UNIT ( * ) PLANE_ANGLE_UNIT ( ) SI_UNIT ( $, .RADIAN. ) );
#1061 =( LENGTH_UNIT ( ) NAMED_UNIT ( * ) SI_UNIT ( .MILLI., .METRE. ) );
#1062 = MECHANICAL_DESIGN_GEOMETRIC_PRESENTATION_REPRESENTATION (  '', ( #1064 ), #1057 ) ;
#1063 = PRESENTATION_LAYER_ASSIGNMENT (  '', '', ( #1064 ) ) ;
#1064 = STYLED_ITEM ( 'NONE', ( #1065 ), #7547 ) ;
#1065 = PRESENTATION_STYLE_ASSIGNMENT (( #1066 ) ) ;
#1066 = SURFACE_STYLE_USAGE ( .BOTH. , #1067 ) ;
#1067 = SURFACE_SIDE_STYLE ('',( #1068 ) ) ;
#1068 = SURFACE_STYLE_FILL_AREA ( #1069 ) ;
#1069 = FILL_AREA_STYLE ('',( #1084 ) ) ;
#1070 = COLOUR_RGB ( '',1.000000000000000000, 0.8588235294117646500, 0.5568627450980392400 ) ;
#1071 = DIRECTION ( 'NONE',  ( 1.000000000000000000, 0.0000000000000000000, -0.0000000000000000000 ) ) ;
#1072 = VECTOR ( 'NONE', #1135, 1000.000000000000000 ) ;
#1073 = CARTESIAN_POINT ( 'NONE',  ( 0.6308272021961005600, 1.981642566818507600, 1.000851199367456300 ) ) ;
#1074 = LINE ( 'NONE', #1073, #1072 ) ;
#1075 = DIRECTION ( 'NONE',  ( -0.0000000000000000000, -0.0000000000000000000, -1.000000000000000000 ) ) ;
#1076 = AXIS2_PLACEMENT_3D ( 'NONE', #1078, #1075, #1101 ) ;
#1077 = CYLINDRICAL_SURFACE ( 'NONE', #1076, 0.5079999999999997900 ) ;
#1078 = CARTESIAN_POINT ( 'NONE',  ( 5.660027202196102000, 1.473642566818507800, 1.254851199367454700 ) ) ;
#1079 =( GEOMETRIC_REPRESENTATION_CONTEXT ( 3 ) GLOBAL_UNCERTAINTY_ASSIGNED_CONTEXT ( ( #1139 ) ) GLOBAL_UNIT_ASSIGNED_CONTEXT ( ( #1161, #1160, #1140 ) ) REPRESENTATION_CONTEXT ( 'NONE', 'WORKASPACE' ) );
#1080 = DIRECTION ( 'NONE',  ( 0.0000000000000000000, 0.0000000000000000000, 1.000000000000000000 ) ) ;
#1081 = CARTESIAN_POINT ( 'NONE',  ( 5.660027202196102000, 1.473642566818507800, -2.047148800632545100 ) ) ;
#1082 = AXIS2_PLACEMENT_3D ( 'NONE', #1081, #1080, #1071 ) ;
#1083 = FACE_OUTER_BOUND ( 'NONE', #7548, .T. ) ;
#1084 = FILL_AREA_STYLE_COLOUR ( '', #1070 ) ;
#1085 = PLANE ( 'NONE',  #1082 ) ;
#1086 =( GEOMETRIC_REPRESENTATION_CONTEXT ( 3 ) GLOBAL_UNCERTAINTY_ASSIGNED_CONTEXT ( ( #1029 ) ) GLOBAL_UNIT_ASSIGNED_CONTEXT ( ( #1032, #1031, #1030 ) ) REPRESENTATION_CONTEXT ( 'NONE', 'WORKASPACE' ) );
#1087 = LINE ( 'NONE', #1046, #1045 ) ;
#1088 = CARTESIAN_POINT ( 'NONE',  ( 6.168027202196101100, -2.945957433181492400, 0.2388511993674556900 ) ) ;
#1089 = LINE ( 'NONE', #1088, #1158 ) ;
#1090 = FILL_AREA_STYLE_COLOUR ( '', #1155 ) ;
#1091 = CARTESIAN_POINT ( 'NONE',  ( 6.168027202196101100, -8.432357433181492100, 0.2388511993674548300 ) ) ;
#1092 = DIRECTION ( 'NONE',  ( -0.0000000000000000000, -0.0000000000000000000, -1.000000000000000000 ) ) ;
#1093 = VECTOR ( 'NONE', #1092, 1000.000000000000000 ) ;
#1094 = CARTESIAN_POINT ( 'NONE',  ( 6.168027202196101100, -8.432357433181492100, 1.254851199367454700 ) ) ;
#1095 = CARTESIAN_POINT ( 'NONE',  ( 0.6308272021961005600, 1.981642566818507600, -1.793148800632545800 ) ) ;
#1096 = LINE ( 'NONE', #1095, #1055 ) ;
#1097 = DIRECTION ( 'NONE',  ( -0.0000000000000000000, -0.0000000000000000000, -1.000000000000000000 ) ) ;
#1098 = VECTOR ( 'NONE', #1097, 1000.000000000000000 ) ;
#1099 = CARTESIAN_POINT ( 'NONE',  ( 5.660027202196098500, 1.981642566818507600, 1.254851199367454700 ) ) ;
#1100 = LINE ( 'NONE', #1099, #1098 ) ;
#1101 = DIRECTION ( 'NONE',  ( -1.000000000000000000, 0.0000000000000000000, 0.0000000000000000000 ) ) ;
#1102 =( NAMED_UNIT ( * ) SI_UNIT ( $, .STERADIAN. ) SOLID_ANGLE_UNIT ( ) );
#1103 =( NAMED_UNIT ( * ) PLANE_ANGLE_UNIT ( ) SI_UNIT ( $, .RADIAN. ) );
#1104 =( LENGTH_UNIT ( ) NAMED_UNIT ( * ) SI_UNIT ( .MILLI., .METRE. ) );
#1105 = MECHANICAL_DESIGN_GEOMETRIC_PRESENTATION_REPRESENTATION (  '', ( #1107 ), #1254 ) ;
#1106 = PRESENTATION_LAYER_ASSIGNMENT (  '', '', ( #1107 ) ) ;
#1107 = STYLED_ITEM ( 'NONE', ( #1108 ), #7556 ) ;
#1108 = PRESENTATION_STYLE_ASSIGNMENT (( #1109 ) ) ;
#1109 = SURFACE_STYLE_USAGE ( .BOTH. , #1110 ) ;
#1110 = SURFACE_SIDE_STYLE ('',( #1111 ) ) ;
#1111 = SURFACE_STYLE_FILL_AREA ( #1112 ) ;
#1112 = FILL_AREA_STYLE ('',( #1126 ) ) ;
#1113 = COLOUR_RGB ( '',1.000000000000000000, 0.8588235294117646500, 0.5568627450980392400 ) ;
#1114 = FACE_OUTER_BOUND ( 'NONE', #7557, .T. ) ;
#1115 = DIRECTION ( 'NONE',  ( 1.000000000000000000, 1.545162892344040800E-016, 0.0000000000000000000 ) ) ;
#1116 = CARTESIAN_POINT ( 'NONE',  ( 6.168027202196099300, 1.473642566818506000, -0.8406488006325453200 ) ) ;
#1117 = DIRECTION ( 'NONE',  ( -1.000000000000000000, -0.0000000000000000000, 3.491483361109381700E-015 ) ) ;
#1118 = VECTOR ( 'NONE', #1117, 1000.000000000000000 ) ;
#1119 = CARTESIAN_POINT ( 'NONE',  ( 5.659669159078363900, 1.981642566818507600, 0.04835119936743995100 ) ) ;
#1120 = LINE ( 'NONE', #1119, #1118 ) ;
#1121 = DIRECTION ( 'NONE',  ( 1.000000000000000000, 0.0000000000000000000, 0.0000000000000000000 ) ) ;
#1122 = DIRECTION ( 'NONE',  ( 0.0000000000000000000, 1.000000000000000000, 0.0000000000000000000 ) ) ;
#1123 = VECTOR ( 'NONE', #1122, 1000.000000000000000 ) ;
#1124 = CARTESIAN_POINT ( 'NONE',  ( 5.660027202196098500, 1.981642566818507600, 1.254851199367454700 ) ) ;
#1125 = LINE ( 'NONE', #1124, #1123 ) ;
#1126 = FILL_AREA_STYLE_COLOUR ( '', #1113 ) ;
#1127 = CARTESIAN_POINT ( 'NONE',  ( 6.472827202196101300, 1.473642566818502500, 1.254851199367454700 ) ) ;
#1128 = DIRECTION ( 'NONE',  ( 0.0000000000000000000, -1.000000000000000000, 1.580930551889041200E-016 ) ) ;
#1129 = VECTOR ( 'NONE', #1128, 1000.000000000000000 ) ;
#1130 = CARTESIAN_POINT ( 'NONE',  ( 6.472827202196101300, -2.945957433181492400, -1.031148800632546000 ) ) ;
#1131 = DIRECTION ( 'NONE',  ( 1.000000000000000000, 0.0000000000000000000, 0.0000000000000000000 ) ) ;
#1132 = DIRECTION ( 'NONE',  ( 0.0000000000000000000, 0.0000000000000000000, 1.000000000000000000 ) ) ;
#1133 = CARTESIAN_POINT ( 'NONE',  ( 5.660026977828207100, 1.473642468468533900, -0.8406488006325453200 ) ) ;
#1134 = AXIS2_PLACEMENT_3D ( 'NONE', #1133, #1132, #1131 ) ;
#1135 = DIRECTION ( 'NONE',  ( -1.000000000000000000, -2.799024583672400300E-016, -1.399512291836200100E-016 ) ) ;
#1136 = DIRECTION ( 'NONE',  ( 1.000000000000000000, 0.0000000000000000000, 0.0000000000000000000 ) ) ;
#1137 = DIRECTION ( 'NONE',  ( 0.0000000000000000000, 0.0000000000000000000, 1.000000000000000000 ) ) ;
#1138 = CARTESIAN_POINT ( 'NONE',  ( 5.660027202196102000, 1.473642566818507800, 0.04835119936745513300 ) ) ;
#1139 = UNCERTAINTY_MEASURE_WITH_UNIT (LENGTH_MEASURE( 1.000000000000000100E-005 ), #1161, 'distance_accuracy_value', 'NONE');
#1140 =( NAMED_UNIT ( * ) SI_UNIT ( $, .STERADIAN. ) SOLID_ANGLE_UNIT ( ) );
#1141 = DIRECTION ( 'NONE',  ( 1.545162892344040800E-016, -1.000000000000000000, 0.0000000000000000000 ) ) ;
#1142 = CARTESIAN_POINT ( 'NONE',  ( 1.242609159078351700, 1.981642566818507600, -0.3961488006325444300 ) ) ;
#1143 = AXIS2_PLACEMENT_3D ( 'NONE', #1142, #1141, #1121 ) ;
#1144 = DIRECTION ( 'NONE',  ( -0.0000000000000000000, -0.0000000000000000000, -1.000000000000000000 ) ) ;
#1145 = VECTOR ( 'NONE', #1144, 1000.000000000000000 ) ;
#1146 = CARTESIAN_POINT ( 'NONE',  ( 0.6308272021961005600, 1.981642566818507600, -2.047148800632545100 ) ) ;
#1147 = LINE ( 'NONE', #1146, #1145 ) ;
#1148 = PRESENTATION_LAYER_ASSIGNMENT (  '', '', ( #1149 ) ) ;
#1149 = STYLED_ITEM ( 'NONE', ( #1150 ), #7522 ) ;
#1150 = PRESENTATION_STYLE_ASSIGNMENT (( #1151 ) ) ;
#1151 = SURFACE_STYLE_USAGE ( .BOTH. , #1152 ) ;
#1152 = SURFACE_SIDE_STYLE ('',( #1153 ) ) ;
#1153 = SURFACE_STYLE_FILL_AREA ( #1154 ) ;
#1154 = FILL_AREA_STYLE ('',( #1090 ) ) ;
#1155 = COLOUR_RGB ( '',1.000000000000000000, 0.8588235294117646500, 0.5568627450980392400 ) ;
#1156 = FACE_OUTER_BOUND ( 'NONE', #7527, .T. ) ;
#1157 = DIRECTION ( 'NONE',  ( -0.0000000000000000000, 1.000000000000000000, 1.580930551889041200E-016 ) ) ;
#1158 = VECTOR ( 'NONE', #1157, 1000.000000000000000 ) ;
#1159 = AXIS2_PLACEMENT_3D ( 'NONE', #1138, #1137, #1136 ) ;
#1160 =( NAMED_UNIT ( * ) PLANE_ANGLE_UNIT ( ) SI_UNIT ( $, .RADIAN. ) );
#1161 =( LENGTH_UNIT ( ) NAMED_UNIT ( * ) SI_UNIT ( .MILLI., .METRE. ) );
#1162 = MECHANICAL_DESIGN_GEOMETRIC_PRESENTATION_REPRESENTATION (  '', ( #1149 ), #1079 ) ;
#1163 = CARTESIAN_POINT ( 'NONE',  ( 5.660027202196098500, 1.981642566818507600, 0.04835119936745513300 ) ) ;
#1164 = DIRECTION ( 'NONE',  ( 1.000000000000000000, 1.063803735850569600E-016, -0.0000000000000000000 ) ) ;
#1165 = CARTESIAN_POINT ( 'NONE',  ( -5.669172797803897300, 3.675442566818504500, -0.3961488006325448700 ) ) ;
#1166 = AXIS2_PLACEMENT_3D ( 'NONE', #1165, #1164, #1189 ) ;
#1167 = CIRCLE ( 'NONE', #1166, 3.682999999999999400 ) ;
#1168 = FACE_OUTER_BOUND ( 'NONE', #7581, .T. ) ;
#1169 = CARTESIAN_POINT ( 'NONE',  ( 5.660027202196098500, 1.981642566818507600, 1.254851199367454700 ) ) ;
#1170 = UNCERTAINTY_MEASURE_WITH_UNIT (LENGTH_MEASURE( 1.000000000000000100E-005 ), #1173, 'distance_accuracy_value', 'NONE');
#1171 =( NAMED_UNIT ( * ) SI_UNIT ( $, .STERADIAN. ) SOLID_ANGLE_UNIT ( ) );
#1172 =( NAMED_UNIT ( * ) PLANE_ANGLE_UNIT ( ) SI_UNIT ( $, .RADIAN. ) );
#1173 =( LENGTH_UNIT ( ) NAMED_UNIT ( * ) SI_UNIT ( .MILLI., .METRE. ) );
#1174 = AXIS2_PLACEMENT_3D ( 'NONE', #1268, #1267, #1266 ) ;
#1175 = PLANE ( 'NONE',  #1174 ) ;
#1176 =( GEOMETRIC_REPRESENTATION_CONTEXT ( 3 ) GLOBAL_UNCERTAINTY_ASSIGNED_CONTEXT ( ( #1177 ) ) GLOBAL_UNIT_ASSIGNED_CONTEXT ( ( #1330, #1329, #1328 ) ) REPRESENTATION_CONTEXT ( 'NONE', 'WORKASPACE' ) );
#1177 = UNCERTAINTY_MEASURE_WITH_UNIT (LENGTH_MEASURE( 1.000000000000000100E-005 ), #1330, 'distance_accuracy_value', 'NONE');
#1178 = MECHANICAL_DESIGN_GEOMETRIC_PRESENTATION_REPRESENTATION (  '', ( #1180 ), #1229 ) ;
#1179 = PRESENTATION_LAYER_ASSIGNMENT (  '', '', ( #1180 ) ) ;
#1180 = STYLED_ITEM ( 'NONE', ( #1181 ), #7580 ) ;
#1181 = PRESENTATION_STYLE_ASSIGNMENT (( #1182 ) ) ;
#1182 = SURFACE_STYLE_USAGE ( .BOTH. , #1183 ) ;
#1183 = SURFACE_SIDE_STYLE ('',( #1184 ) ) ;
#1184 = SURFACE_STYLE_FILL_AREA ( #1185 ) ;
#1185 = FILL_AREA_STYLE ('',( #1186 ) ) ;
#1186 = FILL_AREA_STYLE_COLOUR ( '', #1187 ) ;
#1187 = COLOUR_RGB ( '',0.2509803921568627400, 0.2509803921568627400, 0.2509803921568627400 ) ;
#1188 = FACE_BOUND ( 'NONE', #7615, .T. ) ;
#1189 = DIRECTION ( 'NONE',  ( 0.0000000000000000000, 0.0000000000000000000, -1.000000000000000000 ) ) ;
#1190 = VECTOR ( 'NONE', #1253, 1000.000000000000000 ) ;
#1191 = CARTESIAN_POINT ( 'NONE',  ( 0.6308272021961005600, 2.286442566818506900, -1.793148800632545800 ) ) ;
#1192 = LINE ( 'NONE', #1191, #1190 ) ;
#1193 = DIRECTION ( 'NONE',  ( -0.0000000000000000000, -0.0000000000000000000, -1.000000000000000000 ) ) ;
#1194 = VECTOR ( 'NONE', #1193, 1000.000000000000000 ) ;
#1195 = CARTESIAN_POINT ( 'NONE',  ( 0.6308272021961005600, 2.286442566818506900, -2.047148800632545100 ) ) ;
#1196 = LINE ( 'NONE', #1195, #1194 ) ;
#1197 = PRESENTATION_STYLE_ASSIGNMENT (( #1198 ) ) ;
#1198 = SURFACE_STYLE_USAGE ( .BOTH. , #1199 ) ;
#1199 = SURFACE_SIDE_STYLE ('',( #1318 ) ) ;
#1200 = CARTESIAN_POINT ( 'NONE',  ( 6.472827202196101300, 1.473642566818502500, -2.047148800632545100 ) ) ;
#1201 = DIRECTION ( 'NONE',  ( 1.000000000000000000, 0.0000000000000000000, -0.0000000000000000000 ) ) ;
#1202 = DIRECTION ( 'NONE',  ( 0.0000000000000000000, 0.0000000000000000000, 1.000000000000000000 ) ) ;
#1203 = PRESENTATION_LAYER_ASSIGNMENT (  '', '', ( #1204 ) ) ;
#1204 = STYLED_ITEM ( 'NONE', ( #1197 ), #7560 ) ;
#1205 = PLANE ( 'NONE',  #1271 ) ;
#1206 = FACE_OUTER_BOUND ( 'NONE', #7711, .T. ) ;
#1207 = SURFACE_SIDE_STYLE ('',( #1208 ) ) ;
#1208 = SURFACE_STYLE_FILL_AREA ( #1209 ) ;
#1209 = FILL_AREA_STYLE ('',( #1214 ) ) ;
#1210 = COLOUR_RGB ( '',1.000000000000000000, 0.8588235294117646500, 0.5568627450980392400 ) ;
#1211 = DIRECTION ( 'NONE',  ( 1.000000000000000000, -0.0000000000000000000, -0.0000000000000000000 ) ) ;
#1212 = VECTOR ( 'NONE', #1211, 1000.000000000000000 ) ;
#1213 = CARTESIAN_POINT ( 'NONE',  ( 6.168027202196101100, -2.945957433181492400, -1.031148800632546000 ) ) ;
#1214 = FILL_AREA_STYLE_COLOUR ( '', #1210 ) ;
#1215 = LINE ( 'NONE', #1213, #1212 ) ;
#1216 = DIRECTION ( 'NONE',  ( -0.0000000000000000000, 1.000000000000000000, 0.0000000000000000000 ) ) ;
#1217 = VECTOR ( 'NONE', #1216, 1000.000000000000000 ) ;
#1218 = CARTESIAN_POINT ( 'NONE',  ( 6.472827202196101300, -8.432357433181492100, 1.254851199367454700 ) ) ;
#1219 = LINE ( 'NONE', #1218, #1217 ) ;
#1220 = DIRECTION ( 'NONE',  ( 1.000000000000000000, -0.0000000000000000000, -0.0000000000000000000 ) ) ;
#1221 = VECTOR ( 'NONE', #1220, 1000.000000000000000 ) ;
#1222 = CARTESIAN_POINT ( 'NONE',  ( 6.168027202196101100, -1.282257433181492700, 1.254851199367454700 ) ) ;
#1223 = DIRECTION ( 'NONE',  ( -0.0000000000000000000, 0.0000000000000000000, -1.000000000000000000 ) ) ;
#1224 = DIRECTION ( 'NONE',  ( 1.000000000000000000, 1.063803735850569600E-016, 0.0000000000000000000 ) ) ;
#1225 = CARTESIAN_POINT ( 'NONE',  ( -5.669172797803897300, 5.453442566818504900, -0.3961488006325448700 ) ) ;
#1226 = AXIS2_PLACEMENT_3D ( 'NONE', #1225, #1224, #1223 ) ;
#1227 = LINE ( 'NONE', #1222, #1221 ) ;
#1228 = PLANE ( 'NONE',  #1226 ) ;
#1229 =( GEOMETRIC_REPRESENTATION_CONTEXT ( 3 ) GLOBAL_UNCERTAINTY_ASSIGNED_CONTEXT ( ( #1170 ) ) GLOBAL_UNIT_ASSIGNED_CONTEXT ( ( #1173, #1172, #1171 ) ) REPRESENTATION_CONTEXT ( 'NONE', 'WORKASPACE' ) );
#1230 =( LENGTH_UNIT ( ) NAMED_UNIT ( * ) SI_UNIT ( .MILLI., .METRE. ) );
#1231 = MECHANICAL_DESIGN_GEOMETRIC_PRESENTATION_REPRESENTATION (  '', ( #1233 ), #1389 ) ;
#1232 = PRESENTATION_LAYER_ASSIGNMENT (  '', '', ( #1233 ) ) ;
#1233 = STYLED_ITEM ( 'NONE', ( #1234 ), #7617 ) ;
#1234 = PRESENTATION_STYLE_ASSIGNMENT (( #1235 ) ) ;
#1235 = SURFACE_STYLE_USAGE ( .BOTH. , #1236 ) ;
#1236 = SURFACE_SIDE_STYLE ('',( #1237 ) ) ;
#1237 = SURFACE_STYLE_FILL_AREA ( #1238 ) ;
#1238 = FILL_AREA_STYLE ('',( #1245 ) ) ;
#1239 = COLOUR_RGB ( '',1.000000000000000000, 0.8588235294117646500, 0.5568627450980392400 ) ;
#1240 = FACE_OUTER_BOUND ( 'NONE', #7745, .T. ) ;
#1241 = DIRECTION ( 'NONE',  ( 8.922050372365111500E-017, 0.1736481776669342400, -0.9848077530122073500 ) ) ;
#1242 = VECTOR ( 'NONE', #1241, 1000.000000000000000 ) ;
#1243 = CARTESIAN_POINT ( 'NONE',  ( 0.6308272021961005600, 2.833853408501867000, 1.939704797388910600 ) ) ;
#1244 = LINE ( 'NONE', #1243, #1242 ) ;
#1245 = FILL_AREA_STYLE_COLOUR ( '', #1239 ) ;
#1246 = CARTESIAN_POINT ( 'NONE',  ( 0.6308272021961005600, 2.286442566818510000, -1.793148800632546700 ) ) ;
#1247 = CARTESIAN_POINT ( 'NONE',  ( 0.6308272021961005600, 2.286442566818506900, -2.047148800632545100 ) ) ;
#1248 = DIRECTION ( 'NONE',  ( 0.0000000000000000000, -1.000000000000000000, 0.0000000000000000000 ) ) ;
#1249 = VECTOR ( 'NONE', #1248, 1000.000000000000000 ) ;
#1250 = CARTESIAN_POINT ( 'NONE',  ( 5.660027202196098500, 2.286442566818506900, -2.047148800632545100 ) ) ;
#1251 = LINE ( 'NONE', #1250, #1249 ) ;
#1252 = CARTESIAN_POINT ( 'NONE',  ( -5.566772797803902300, 2.286442566818501600, -1.793148800632545600 ) ) ;
#1253 = DIRECTION ( 'NONE',  ( 1.000000000000000000, 2.799024583672400300E-016, -1.224573255356675000E-016 ) ) ;
#1254 =( GEOMETRIC_REPRESENTATION_CONTEXT ( 3 ) GLOBAL_UNCERTAINTY_ASSIGNED_CONTEXT ( ( #888 ) ) GLOBAL_UNIT_ASSIGNED_CONTEXT ( ( #1104, #1103, #1102 ) ) REPRESENTATION_CONTEXT ( 'NONE', 'WORKASPACE' ) );
#1255 = CARTESIAN_POINT ( 'NONE',  ( 5.659669159078363900, 1.981642566818507600, 0.04835119936745513300 ) ) ;
#1256 = DIRECTION ( 'NONE',  ( -1.000000000000000000, -1.545162892344040800E-016, 0.0000000000000000000 ) ) ;
#1257 = VECTOR ( 'NONE', #1256, 1000.000000000000000 ) ;
#1258 = CARTESIAN_POINT ( 'NONE',  ( 6.472827202196101300, -2.945957433181492400, -1.031148800632546000 ) ) ;
#1259 = DIRECTION ( 'NONE',  ( -0.0000000000000000000, 1.000000000000000000, 1.580930551889041200E-016 ) ) ;
#1260 = VECTOR ( 'NONE', #1259, 1000.000000000000000 ) ;
#1261 = CARTESIAN_POINT ( 'NONE',  ( 6.472827202196101300, -2.945957433181492400, 0.2388511993674556900 ) ) ;
#1262 = LINE ( 'NONE', #1261, #1260 ) ;
#1263 = DIRECTION ( 'NONE',  ( 0.0000000000000000000, -0.8534428337211275000, 0.5211864633411461600 ) ) ;
#1264 = VECTOR ( 'NONE', #1263, 1000.000000000000000 ) ;
#1265 = CARTESIAN_POINT ( 'NONE',  ( 6.472827202196101300, -1.282257433181492700, -2.047148800632545100 ) ) ;
#1266 = DIRECTION ( 'NONE',  ( 0.0000000000000000000, -0.8534428337211275000, 0.5211864633411460400 ) ) ;
#1267 = DIRECTION ( 'NONE',  ( 0.0000000000000000000, 0.5211864633411461600, 0.8534428337211276100 ) ) ;
#1268 = CARTESIAN_POINT ( 'NONE',  ( 6.168027202196101100, -1.282257433181492700, -2.047148800632545100 ) ) ;
#1269 = LINE ( 'NONE', #1265, #1264 ) ;
#1270 = CARTESIAN_POINT ( 'NONE',  ( 6.472827202196101300, 1.473642566818502500, 1.254851199367454700 ) ) ;
#1271 = AXIS2_PLACEMENT_3D ( 'NONE', #1270, #1202, #1201 ) ;
#1272 = DIRECTION ( 'NONE',  ( -1.000000000000000000, 0.0000000000000000000, 0.0000000000000000000 ) ) ;
#1273 = DIRECTION ( 'NONE',  ( 0.0000000000000000000, -1.000000000000000000, -3.491483361109382100E-015 ) ) ;
#1274 = CARTESIAN_POINT ( 'NONE',  ( 7.817723848119914700, -7.606857433181492200, -0.3290622327598918300 ) ) ;
#1275 = AXIS2_PLACEMENT_3D ( 'NONE', #1274, #1273, #1272 ) ;
#1276 = CIRCLE ( 'NONE', #1275, 1.727199999999999800 ) ;
#1277 = CARTESIAN_POINT ( 'NONE',  ( 6.168027202196101100, 1.473642566818504300, 0.04835119936745513300 ) ) ;
#1278 = DIRECTION ( 'NONE',  ( -0.0000000000000000000, -0.0000000000000000000, -1.000000000000000000 ) ) ;
#1279 = VECTOR ( 'NONE', #1278, 1000.000000000000000 ) ;
#1280 = CARTESIAN_POINT ( 'NONE',  ( 6.472827202196101300, 1.473642566818502500, 1.254851199367454700 ) ) ;
#1281 = LINE ( 'NONE', #1280, #1279 ) ;
#1282 = DIRECTION ( 'NONE',  ( -1.545162892344040800E-016, 1.000000000000000000, -0.0000000000000000000 ) ) ;
#1283 = VECTOR ( 'NONE', #1282, 1000.000000000000000 ) ;
#1284 = CARTESIAN_POINT ( 'NONE',  ( 0.6308272021961005600, 1.981642566818507600, -2.047148800632545100 ) ) ;
#1285 = LINE ( 'NONE', #1284, #1283 ) ;
#1286 = DIRECTION ( 'NONE',  ( 0.0000000000000000000, 1.000000000000000000, 0.0000000000000000000 ) ) ;
#1287 = VECTOR ( 'NONE', #1286, 1000.000000000000000 ) ;
#1288 = CARTESIAN_POINT ( 'NONE',  ( 6.472827202196101300, -7.606857433181492200, -0.8406488006325453200 ) ) ;
#1289 = LINE ( 'NONE', #1288, #1287 ) ;
#1290 = UNCERTAINTY_MEASURE_WITH_UNIT (LENGTH_MEASURE( 1.000000000000000100E-005 ), #1325, 'distance_accuracy_value', 'NONE');
#1291 =( NAMED_UNIT ( * ) SI_UNIT ( $, .STERADIAN. ) SOLID_ANGLE_UNIT ( ) );
#1292 = DIRECTION ( 'NONE',  ( 0.0000000000000000000, 0.0000000000000000000, -1.000000000000000000 ) ) ;
#1293 = DIRECTION ( 'NONE',  ( 1.000000000000000000, 1.063803735850569600E-016, -0.0000000000000000000 ) ) ;
#1294 = AXIS2_PLACEMENT_3D ( 'NONE', #1297, #1293, #1292 ) ;
#1295 = CYLINDRICAL_SURFACE ( 'NONE', #1294, 1.778000000000000000 ) ;
#1296 = CARTESIAN_POINT ( 'NONE',  ( -6.608972797803897200, 3.675442566818504900, 3.286851199367455000 ) ) ;
#1297 = CARTESIAN_POINT ( 'NONE',  ( -5.669172797803897300, 3.675442566818504500, -0.3961488006325448700 ) ) ;
#1298 =( GEOMETRIC_REPRESENTATION_CONTEXT ( 3 ) GLOBAL_UNCERTAINTY_ASSIGNED_CONTEXT ( ( #1299 ) ) GLOBAL_UNIT_ASSIGNED_CONTEXT ( ( #1302, #1301, #1300 ) ) REPRESENTATION_CONTEXT ( 'NONE', 'WORKASPACE' ) );
#1299 = UNCERTAINTY_MEASURE_WITH_UNIT (LENGTH_MEASURE( 1.000000000000000100E-005 ), #1302, 'distance_accuracy_value', 'NONE');
#1300 =( NAMED_UNIT ( * ) SI_UNIT ( $, .STERADIAN. ) SOLID_ANGLE_UNIT ( ) );
#1301 =( NAMED_UNIT ( * ) PLANE_ANGLE_UNIT ( ) SI_UNIT ( $, .RADIAN. ) );
#1302 =( LENGTH_UNIT ( ) NAMED_UNIT ( * ) SI_UNIT ( .MILLI., .METRE. ) );
#1303 = MECHANICAL_DESIGN_GEOMETRIC_PRESENTATION_REPRESENTATION (  '', ( #1305 ), #1298 ) ;
#1304 = PRESENTATION_LAYER_ASSIGNMENT (  '', '', ( #1305 ) ) ;
#1305 = STYLED_ITEM ( 'NONE', ( #1306 ), #7613 ) ;
#1306 = PRESENTATION_STYLE_ASSIGNMENT (( #1307 ) ) ;
#1307 = SURFACE_STYLE_USAGE ( .BOTH. , #1308 ) ;
#1308 = SURFACE_SIDE_STYLE ('',( #1309 ) ) ;
#1309 = SURFACE_STYLE_FILL_AREA ( #1310 ) ;
#1310 = FILL_AREA_STYLE ('',( #1317 ) ) ;
#1311 = COLOUR_RGB ( '',0.2509803921568627400, 0.2509803921568627400, 0.2509803921568627400 ) ;
#1312 = FACE_OUTER_BOUND ( 'NONE', #7787, .T. ) ;
#1313 = DIRECTION ( 'NONE',  ( 1.000000000000000000, 1.063803735850569600E-016, -0.0000000000000000000 ) ) ;
#1314 = VECTOR ( 'NONE', #1313, 1000.000000000000000 ) ;
#1315 = CARTESIAN_POINT ( 'NONE',  ( -5.669172797803897300, 3.675442566818504900, 1.381851199367455200 ) ) ;
#1316 = LINE ( 'NONE', #1315, #1314 ) ;
#1317 = FILL_AREA_STYLE_COLOUR ( '', #1311 ) ;
#1318 = SURFACE_STYLE_FILL_AREA ( #1319 ) ;
#1319 = FILL_AREA_STYLE ('',( #1326 ) ) ;
#1320 = COLOUR_RGB ( '',1.000000000000000000, 0.8588235294117646500, 0.5568627450980392400 ) ;
#1321 = MECHANICAL_DESIGN_GEOMETRIC_PRESENTATION_REPRESENTATION (  '', ( #1204 ), #1324 ) ;
#1322 = AXIS2_PLACEMENT_3D ( 'NONE', #1340, #1339, #1338 ) ;
#1323 = PLANE ( 'NONE',  #1322 ) ;
#1324 =( GEOMETRIC_REPRESENTATION_CONTEXT ( 3 ) GLOBAL_UNCERTAINTY_ASSIGNED_CONTEXT ( ( #1290 ) ) GLOBAL_UNIT_ASSIGNED_CONTEXT ( ( #1325, #1336, #1291 ) ) REPRESENTATION_CONTEXT ( 'NONE', 'WORKASPACE' ) );
#1325 =( LENGTH_UNIT ( ) NAMED_UNIT ( * ) SI_UNIT ( .MILLI., .METRE. ) );
#1326 = FILL_AREA_STYLE_COLOUR ( '', #1320 ) ;
#1327 = FACE_OUTER_BOUND ( 'NONE', #7453, .T. ) ;
#1328 =( NAMED_UNIT ( * ) SI_UNIT ( $, .STERADIAN. ) SOLID_ANGLE_UNIT ( ) );
#1329 =( NAMED_UNIT ( * ) PLANE_ANGLE_UNIT ( ) SI_UNIT ( $, .RADIAN. ) );
#1330 =( LENGTH_UNIT ( ) NAMED_UNIT ( * ) SI_UNIT ( .MILLI., .METRE. ) );
#1331 = MECHANICAL_DESIGN_GEOMETRIC_PRESENTATION_REPRESENTATION (  '', ( #1333 ), #1176 ) ;
#1332 = PRESENTATION_LAYER_ASSIGNMENT (  '', '', ( #1333 ) ) ;
#1333 = STYLED_ITEM ( 'NONE', ( #1334 ), #7592 ) ;
#1334 = PRESENTATION_STYLE_ASSIGNMENT (( #1335 ) ) ;
#1335 = SURFACE_STYLE_USAGE ( .BOTH. , #1207 ) ;
#1336 =( NAMED_UNIT ( * ) PLANE_ANGLE_UNIT ( ) SI_UNIT ( $, .RADIAN. ) );
#1337 = LINE ( 'NONE', #1163, #1257 ) ;
#1338 = DIRECTION ( 'NONE',  ( 1.000000000000000000, 1.545162892344040800E-016, 0.0000000000000000000 ) ) ;
#1339 = DIRECTION ( 'NONE',  ( 1.545162892344040800E-016, -1.000000000000000000, 0.0000000000000000000 ) ) ;
#1340 = CARTESIAN_POINT ( 'NONE',  ( 5.660027202196098500, 1.981642566818507600, 1.254851199367454700 ) ) ;
#1341 = DIRECTION ( 'NONE',  ( -1.000000000000000000, -1.545162892344040800E-016, 0.0000000000000000000 ) ) ;
#1342 = VECTOR ( 'NONE', #1341, 1000.000000000000000 ) ;
#1343 = CARTESIAN_POINT ( 'NONE',  ( 5.660027202196098500, 2.286442566818506900, -2.047148800632545100 ) ) ;
#1344 = LINE ( 'NONE', #1343, #1342 ) ;
#1345 = COLOUR_RGB ( '',0.2509803921568627400, 0.2509803921568627400, 0.2509803921568627400 ) ;
#1346 = FACE_OUTER_BOUND ( 'NONE', #7641, .T. ) ;
#1347 = DIRECTION ( 'NONE',  ( 0.0000000000000000000, 0.0000000000000000000, 1.000000000000000000 ) ) ;
#1348 = DIRECTION ( 'NONE',  ( -1.000000000000000000, -1.063803735850569600E-016, 0.0000000000000000000 ) ) ;
#1349 = AXIS2_PLACEMENT_3D ( 'NONE', #1353, #1348, #1347 ) ;
#1350 = TOROIDAL_SURFACE ( 'NONE', #1349, 3.047999999999999600, 0.6350000000000000100 ) ;
#1351 = FACE_BOUND ( 'NONE', #7683, .T. ) ;
#1352 = FILL_AREA_STYLE_COLOUR ( '', #1345 ) ;
#1353 = CARTESIAN_POINT ( 'NONE',  ( -6.608972797803897200, 3.675442566818504500, -0.3961488006325448700 ) ) ;
#1354 =( GEOMETRIC_REPRESENTATION_CONTEXT ( 3 ) GLOBAL_UNCERTAINTY_ASSIGNED_CONTEXT ( ( #1355 ) ) GLOBAL_UNIT_ASSIGNED_CONTEXT ( ( #1399, #1357, #1356 ) ) REPRESENTATION_CONTEXT ( 'NONE', 'WORKASPACE' ) );
#1355 = UNCERTAINTY_MEASURE_WITH_UNIT (LENGTH_MEASURE( 1.000000000000000100E-005 ), #1399, 'distance_accuracy_value', 'NONE');
#1356 =( NAMED_UNIT ( * ) SI_UNIT ( $, .STERADIAN. ) SOLID_ANGLE_UNIT ( ) );
#1357 =( NAMED_UNIT ( * ) PLANE_ANGLE_UNIT ( ) SI_UNIT ( $, .RADIAN. ) );
#1358 = SURFACE_STYLE_USAGE ( .BOTH. , #1359 ) ;
#1359 = SURFACE_SIDE_STYLE ('',( #1360 ) ) ;
#1360 = SURFACE_STYLE_FILL_AREA ( #1361 ) ;
#1361 = FILL_AREA_STYLE ('',( #1362 ) ) ;
#1362 = FILL_AREA_STYLE_COLOUR ( '', #1363 ) ;
#1363 = COLOUR_RGB ( '',1.000000000000000000, 0.8588235294117646500, 0.5568627450980392400 ) ;
#1364 = FACE_OUTER_BOUND ( 'NONE', #7830, .T. ) ;
#1365 = CARTESIAN_POINT ( 'NONE',  ( 0.6308272021961005600, 2.758248009447119600, 1.926373525648328100 ) ) ;
#1366 = DIRECTION ( 'NONE',  ( 0.0000000000000000000, -0.1736481776669336100, 0.9848077530122074700 ) ) ;
#1367 = DIRECTION ( 'NONE',  ( 1.000000000000000000, 0.0000000000000000000, 0.0000000000000000000 ) ) ;
#1368 = CARTESIAN_POINT ( 'NONE',  ( 0.6308272021961005600, 2.921442566818501800, 1.000851199367455800 ) ) ;
#1369 = AXIS2_PLACEMENT_3D ( 'NONE', #1368, #1367, #1366 ) ;
#1370 = CARTESIAN_POINT ( 'NONE',  ( -7.243972797803897000, 3.675442566818504500, 2.651851199367454700 ) ) ;
#1371 =( NAMED_UNIT ( * ) PLANE_ANGLE_UNIT ( ) SI_UNIT ( $, .RADIAN. ) );
#1372 =( LENGTH_UNIT ( ) NAMED_UNIT ( * ) SI_UNIT ( .MILLI., .METRE. ) );
#1373 = MECHANICAL_DESIGN_GEOMETRIC_PRESENTATION_REPRESENTATION (  '', ( #1375 ), #1460 ) ;
#1374 = PRESENTATION_LAYER_ASSIGNMENT (  '', '', ( #1375 ) ) ;
#1375 = STYLED_ITEM ( 'NONE', ( #1376 ), #7645 ) ;
#1376 = PRESENTATION_STYLE_ASSIGNMENT (( #1377 ) ) ;
#1377 = SURFACE_STYLE_USAGE ( .BOTH. , #1378 ) ;
#1378 = SURFACE_SIDE_STYLE ('',( #1379 ) ) ;
#1379 = SURFACE_STYLE_FILL_AREA ( #1380 ) ;
#1380 = FILL_AREA_STYLE ('',( #1381 ) ) ;
#1381 = FILL_AREA_STYLE_COLOUR ( '', #1382 ) ;
#1382 = COLOUR_RGB ( '',1.000000000000000000, 0.8588235294117646500, 0.5568627450980392400 ) ;
#1383 = FACE_OUTER_BOUND ( 'NONE', #7647, .T. ) ;
#1384 = CARTESIAN_POINT ( 'NONE',  ( -5.669172797803897300, 3.675442566818504500, -2.174148800632544900 ) ) ;
#1385 = DIRECTION ( 'NONE',  ( 0.0000000000000000000, 0.0000000000000000000, -1.000000000000000000 ) ) ;
#1386 = DIRECTION ( 'NONE',  ( 1.000000000000000000, 1.063803735850569600E-016, -0.0000000000000000000 ) ) ;
#1387 = AXIS2_PLACEMENT_3D ( 'NONE', #1396, #1386, #1385 ) ;
#1388 = CIRCLE ( 'NONE', #1387, 1.778000000000000000 ) ;
#1389 =( GEOMETRIC_REPRESENTATION_CONTEXT ( 3 ) GLOBAL_UNCERTAINTY_ASSIGNED_CONTEXT ( ( #1469 ) ) GLOBAL_UNIT_ASSIGNED_CONTEXT ( ( #1230, #934, #1470 ) ) REPRESENTATION_CONTEXT ( 'NONE', 'WORKASPACE' ) );
#1390 = CARTESIAN_POINT ( 'NONE',  ( -5.566772797803902300, 2.833853408501865200, 1.939704797388909700 ) ) ;
#1391 = PLANE ( 'NONE',  #1441 ) ;
#1392 = DIRECTION ( 'NONE',  ( 0.0000000000000000000, 0.0000000000000000000, 1.000000000000000000 ) ) ;
#1393 = DIRECTION ( 'NONE',  ( 1.000000000000000000, 1.063803735850569600E-016, -0.0000000000000000000 ) ) ;
#1394 = AXIS2_PLACEMENT_3D ( 'NONE', #1445, #1393, #1392 ) ;
#1395 = CIRCLE ( 'NONE', #1394, 1.981200000000001600 ) ;
#1396 = CARTESIAN_POINT ( 'NONE',  ( -5.669172797803897300, 3.675442566818504500, -0.3961488006325448700 ) ) ;
#1397 = DIRECTION ( 'NONE',  ( 0.0000000000000000000, 0.0000000000000000000, 1.000000000000000000 ) ) ;
#1398 = DIRECTION ( 'NONE',  ( -1.000000000000000000, -1.063803735850569600E-016, 0.0000000000000000000 ) ) ;
#1399 =( LENGTH_UNIT ( ) NAMED_UNIT ( * ) SI_UNIT ( .MILLI., .METRE. ) );
#1400 = MECHANICAL_DESIGN_GEOMETRIC_PRESENTATION_REPRESENTATION (  '', ( #1402 ), #1354 ) ;
#1401 = PRESENTATION_LAYER_ASSIGNMENT (  '', '', ( #1402 ) ) ;
#1402 = STYLED_ITEM ( 'NONE', ( #1403 ), #7633 ) ;
#1403 = PRESENTATION_STYLE_ASSIGNMENT (( #1404 ) ) ;
#1404 = SURFACE_STYLE_USAGE ( .BOTH. , #1405 ) ;
#1405 = SURFACE_SIDE_STYLE ('',( #1406 ) ) ;
#1406 = SURFACE_STYLE_FILL_AREA ( #1407 ) ;
#1407 = FILL_AREA_STYLE ('',( #1408 ) ) ;
#1408 = FILL_AREA_STYLE_COLOUR ( '', #1409 ) ;
#1409 = COLOUR_RGB ( '',0.2509803921568627400, 0.2509803921568627400, 0.2509803921568627400 ) ;
#1410 = FACE_OUTER_BOUND ( 'NONE', #7634, .T. ) ;
#1411 =( GEOMETRIC_REPRESENTATION_CONTEXT ( 3 ) GLOBAL_UNCERTAINTY_ASSIGNED_CONTEXT ( ( #1412 ) ) GLOBAL_UNIT_ASSIGNED_CONTEXT ( ( #1415, #1414, #1413 ) ) REPRESENTATION_CONTEXT ( 'NONE', 'WORKASPACE' ) );
#1412 = UNCERTAINTY_MEASURE_WITH_UNIT (LENGTH_MEASURE( 1.000000000000000100E-005 ), #1415, 'distance_accuracy_value', 'NONE');
#1413 =( NAMED_UNIT ( * ) SI_UNIT ( $, .STERADIAN. ) SOLID_ANGLE_UNIT ( ) );
#1414 =( NAMED_UNIT ( * ) PLANE_ANGLE_UNIT ( ) SI_UNIT ( $, .RADIAN. ) );
#1415 =( LENGTH_UNIT ( ) NAMED_UNIT ( * ) SI_UNIT ( .MILLI., .METRE. ) );
#1416 = MECHANICAL_DESIGN_GEOMETRIC_PRESENTATION_REPRESENTATION (  '', ( #1418 ), #1411 ) ;
#1417 = PRESENTATION_LAYER_ASSIGNMENT (  '', '', ( #1418 ) ) ;
#1418 = STYLED_ITEM ( 'NONE', ( #1419 ), #7631 ) ;
#1419 = PRESENTATION_STYLE_ASSIGNMENT (( #1420 ) ) ;
#1420 = SURFACE_STYLE_USAGE ( .BOTH. , #1429 ) ;
#1421 = DIRECTION ( 'NONE',  ( 2.786949818171406700E-015, -1.000000000000000000, 0.0000000000000000000 ) ) ;
#1422 =( LENGTH_UNIT ( ) NAMED_UNIT ( * ) SI_UNIT ( .MILLI., .METRE. ) );
#1423 = MECHANICAL_DESIGN_GEOMETRIC_PRESENTATION_REPRESENTATION (  '', ( #1425 ), #1464 ) ;
#1424 = PRESENTATION_LAYER_ASSIGNMENT (  '', '', ( #1425 ) ) ;
#1425 = STYLED_ITEM ( 'NONE', ( #1426 ), #7625 ) ;
#1426 = PRESENTATION_STYLE_ASSIGNMENT (( #1358 ) ) ;
#1427 =( NAMED_UNIT ( * ) SI_UNIT ( $, .STERADIAN. ) SOLID_ANGLE_UNIT ( ) );
#1428 =( NAMED_UNIT ( * ) PLANE_ANGLE_UNIT ( ) SI_UNIT ( $, .RADIAN. ) );
#1429 = SURFACE_SIDE_STYLE ('',( #1430 ) ) ;
#1430 = SURFACE_STYLE_FILL_AREA ( #1431 ) ;
#1431 = FILL_AREA_STYLE ('',( #1432 ) ) ;
#1432 = FILL_AREA_STYLE_COLOUR ( '', #1433 ) ;
#1433 = COLOUR_RGB ( '',1.000000000000000000, 0.8588235294117646500, 0.5568627450980392400 ) ;
#1434 = CARTESIAN_POINT ( 'NONE',  ( -5.669172797803897300, 3.675442566818504500, -4.079148800632544300 ) ) ;
#1435 = DIRECTION ( 'NONE',  ( 0.0000000000000000000, 0.0000000000000000000, -1.000000000000000000 ) ) ;
#1436 = DIRECTION ( 'NONE',  ( 1.000000000000000000, 1.063803735850569600E-016, -0.0000000000000000000 ) ) ;
#1437 = CARTESIAN_POINT ( 'NONE',  ( -5.669172797803897300, 3.675442566818504500, -0.3961488006325448700 ) ) ;
#1438 = AXIS2_PLACEMENT_3D ( 'NONE', #1437, #1436, #1435 ) ;
#1439 = CIRCLE ( 'NONE', #1438, 3.682999999999999400 ) ;
#1440 = DIRECTION ( 'NONE',  ( -1.000000000000000000, -2.786949818171406700E-015, -5.820113206310275100E-016 ) ) ;
#1441 = AXIS2_PLACEMENT_3D ( 'NONE', #1390, #1440, #1421 ) ;
#1442 = CARTESIAN_POINT ( 'NONE',  ( -5.566772797803902300, 2.886781373054746700, 1.639535394270788900 ) ) ;
#1443 = CARTESIAN_POINT ( 'NONE',  ( -7.243972797803897000, 7.358442566818504300, -0.3961488006325448700 ) ) ;
#1444 = AXIS2_PLACEMENT_3D ( 'NONE', #1443, #1398, #1397 ) ;
#1445 = CARTESIAN_POINT ( 'NONE',  ( -7.243972797803897000, 3.675442566818504500, -0.3961488006325448700 ) ) ;
#1446 = PLANE ( 'NONE',  #1444 ) ;
#1447 =( GEOMETRIC_REPRESENTATION_CONTEXT ( 3 ) GLOBAL_UNCERTAINTY_ASSIGNED_CONTEXT ( ( #1448 ) ) GLOBAL_UNIT_ASSIGNED_CONTEXT ( ( #1451, #1450, #1449 ) ) REPRESENTATION_CONTEXT ( 'NONE', 'WORKASPACE' ) );
#1448 = UNCERTAINTY_MEASURE_WITH_UNIT (LENGTH_MEASURE( 1.000000000000000100E-005 ), #1451, 'distance_accuracy_value', 'NONE');
#1449 =( NAMED_UNIT ( * ) SI_UNIT ( $, .STERADIAN. ) SOLID_ANGLE_UNIT ( ) );
#1450 =( NAMED_UNIT ( * ) PLANE_ANGLE_UNIT ( ) SI_UNIT ( $, .RADIAN. ) );
#1451 =( LENGTH_UNIT ( ) NAMED_UNIT ( * ) SI_UNIT ( .MILLI., .METRE. ) );
#1452 = MECHANICAL_DESIGN_GEOMETRIC_PRESENTATION_REPRESENTATION (  '', ( #1454 ), #1447 ) ;
#1453 = PRESENTATION_LAYER_ASSIGNMENT (  '', '', ( #1454 ) ) ;
#1454 = STYLED_ITEM ( 'NONE', ( #1455 ), #7638 ) ;
#1455 = PRESENTATION_STYLE_ASSIGNMENT (( #1456 ) ) ;
#1456 = SURFACE_STYLE_USAGE ( .BOTH. , #1457 ) ;
#1457 = SURFACE_SIDE_STYLE ('',( #1458 ) ) ;
#1458 = SURFACE_STYLE_FILL_AREA ( #1459 ) ;
#1459 = FILL_AREA_STYLE ('',( #1352 ) ) ;
#1460 =( GEOMETRIC_REPRESENTATION_CONTEXT ( 3 ) GLOBAL_UNCERTAINTY_ASSIGNED_CONTEXT ( ( #1461 ) ) GLOBAL_UNIT_ASSIGNED_CONTEXT ( ( #1372, #1371, #1462 ) ) REPRESENTATION_CONTEXT ( 'NONE', 'WORKASPACE' ) );
#1461 = UNCERTAINTY_MEASURE_WITH_UNIT (LENGTH_MEASURE( 1.000000000000000100E-005 ), #1372, 'distance_accuracy_value', 'NONE');
#1462 =( NAMED_UNIT ( * ) SI_UNIT ( $, .STERADIAN. ) SOLID_ANGLE_UNIT ( ) );
#1463 = CYLINDRICAL_SURFACE ( 'NONE', #1369, 0.9397999999999990800 ) ;
#1464 =( GEOMETRIC_REPRESENTATION_CONTEXT ( 3 ) GLOBAL_UNCERTAINTY_ASSIGNED_CONTEXT ( ( #1465 ) ) GLOBAL_UNIT_ASSIGNED_CONTEXT ( ( #1422, #1428, #1427 ) ) REPRESENTATION_CONTEXT ( 'NONE', 'WORKASPACE' ) );
#1465 = UNCERTAINTY_MEASURE_WITH_UNIT (LENGTH_MEASURE( 1.000000000000000100E-005 ), #1422, 'distance_accuracy_value', 'NONE');
#1466 = DIRECTION ( 'NONE',  ( -2.845674993400266400E-015, 0.9848077530122074700, 0.1736481776669335800 ) ) ;
#1467 = VECTOR ( 'NONE', #1466, 1000.000000000000000 ) ;
#1468 = CARTESIAN_POINT ( 'NONE',  ( -5.566772797803902300, 2.833853408501865200, 1.939704797388909700 ) ) ;
#1469 = UNCERTAINTY_MEASURE_WITH_UNIT (LENGTH_MEASURE( 1.000000000000000100E-005 ), #1230, 'distance_accuracy_value', 'NONE');
#1470 =( NAMED_UNIT ( * ) SI_UNIT ( $, .STERADIAN. ) SOLID_ANGLE_UNIT ( ) );
#1471 = DIRECTION ( 'NONE',  ( 0.0000000000000000000, 0.0000000000000000000, -1.000000000000000000 ) ) ;
#1472 = DIRECTION ( 'NONE',  ( 1.000000000000000000, 0.0000000000000000000, 0.0000000000000000000 ) ) ;
#1473 = CARTESIAN_POINT ( 'NONE',  ( 0.6308272021961005600, 2.921442566818501800, 1.000851199367455800 ) ) ;
#1474 = AXIS2_PLACEMENT_3D ( 'NONE', #1473, #1472, #1471 ) ;
#1475 = CIRCLE ( 'NONE', #1474, 0.9397999999999988600 ) ;
#1476 = LINE ( 'NONE', #1468, #1467 ) ;
#1477 = LINE ( 'NONE', #1481, #1480 ) ;
#1478 = DIRECTION ( 'NONE',  ( 0.9659258262890698700, -0.2588190451025148000, 1.138269997360104800E-015 ) ) ;
#1479 = DIRECTION ( 'NONE',  ( -0.2588190451025146300, -0.9659258262890699800, -0.0000000000000000000 ) ) ;
#1480 = VECTOR ( 'NONE', #1479, 1000.000000000000000 ) ;
#1481 = CARTESIAN_POINT ( 'NONE',  ( -0.4260930974522084100, -4.814478313781680000, 0.8738511993674558100 ) ) ;
#1482 =( GEOMETRIC_REPRESENTATION_CONTEXT ( 3 ) GLOBAL_UNCERTAINTY_ASSIGNED_CONTEXT ( ( #9828 ) ) GLOBAL_UNIT_ASSIGNED_CONTEXT ( ( #9838, #9826, #9827 ) ) REPRESENTATION_CONTEXT ( 'NONE', 'WORKASPACE' ) );
#1483 = UNCERTAINTY_MEASURE_WITH_UNIT (LENGTH_MEASURE( 1.000000000000000100E-005 ), #1486, 'distance_accuracy_value', 'NONE');
#1484 =( NAMED_UNIT ( * ) SI_UNIT ( $, .STERADIAN. ) SOLID_ANGLE_UNIT ( ) );
#1485 =( NAMED_UNIT ( * ) PLANE_ANGLE_UNIT ( ) SI_UNIT ( $, .RADIAN. ) );
#1486 =( LENGTH_UNIT ( ) NAMED_UNIT ( * ) SI_UNIT ( .MILLI., .METRE. ) );
#1487 = MECHANICAL_DESIGN_GEOMETRIC_PRESENTATION_REPRESENTATION (  '', ( #1513 ), #1633 ) ;
#1488 = CYLINDRICAL_SURFACE ( 'NONE', #1553, 0.3810000000000016200 ) ;
#1489 = CARTESIAN_POINT ( 'NONE',  ( -0.1953975540527983500, -5.945241562978872600, -1.666148800632543800 ) ) ;
#1490 = DIRECTION ( 'NONE',  ( 1.000000000000000000, 0.0000000000000000000, -6.816428854007561700E-016 ) ) ;
#1491 = DIRECTION ( 'NONE',  ( 6.816428854007561700E-016, -0.0000000000000000000, 1.000000000000000000 ) ) ;
#1492 = CARTESIAN_POINT ( 'NONE',  ( 0.4816839940942575500, -5.057716452369022300, -1.666148800632544700 ) ) ;
#1493 = AXIS2_PLACEMENT_3D ( 'NONE', #1492, #1491, #1490 ) ;
#1494 = PLANE ( 'NONE',  #1493 ) ;
#1495 =( GEOMETRIC_REPRESENTATION_CONTEXT ( 3 ) GLOBAL_UNCERTAINTY_ASSIGNED_CONTEXT ( ( #1496 ) ) GLOBAL_UNIT_ASSIGNED_CONTEXT ( ( #1499, #1498, #1497 ) ) REPRESENTATION_CONTEXT ( 'NONE', 'WORKASPACE' ) );
#1496 = UNCERTAINTY_MEASURE_WITH_UNIT (LENGTH_MEASURE( 1.000000000000000100E-005 ), #1499, 'distance_accuracy_value', 'NONE');
#1497 =( NAMED_UNIT ( * ) SI_UNIT ( $, .STERADIAN. ) SOLID_ANGLE_UNIT ( ) );
#1498 =( NAMED_UNIT ( * ) PLANE_ANGLE_UNIT ( ) SI_UNIT ( $, .RADIAN. ) );
#1499 =( LENGTH_UNIT ( ) NAMED_UNIT ( * ) SI_UNIT ( .MILLI., .METRE. ) );
#1500 = MECHANICAL_DESIGN_GEOMETRIC_PRESENTATION_REPRESENTATION (  '', ( #1502 ), #1495 ) ;
#1501 = PRESENTATION_LAYER_ASSIGNMENT (  '', '', ( #1502 ) ) ;
#1502 = STYLED_ITEM ( 'NONE', ( #1503 ), #7148 ) ;
#1503 = PRESENTATION_STYLE_ASSIGNMENT (( #1504 ) ) ;
#1504 = SURFACE_STYLE_USAGE ( .BOTH. , #1505 ) ;
#1505 = SURFACE_SIDE_STYLE ('',( #1506 ) ) ;
#1506 = SURFACE_STYLE_FILL_AREA ( #1507 ) ;
#1507 = FILL_AREA_STYLE ('',( #1566 ) ) ;
#1508 = COLOUR_RGB ( '',1.000000000000000000, 0.8588235294117646500, 0.5568627450980392400 ) ;
#1509 = FACE_OUTER_BOUND ( 'NONE', #7252, .T. ) ;
#1510 = DIRECTION ( 'NONE',  ( -0.9659258262890699800, 0.2588190451025145800, 0.0000000000000000000 ) ) ;
#1511 = VECTOR ( 'NONE', #1510, 1000.000000000000000 ) ;
#1512 = PRESENTATION_LAYER_ASSIGNMENT (  '', '', ( #1513 ) ) ;
#1513 = STYLED_ITEM ( 'NONE', ( #1514 ), #7172 ) ;
#1514 = PRESENTATION_STYLE_ASSIGNMENT (( #1515 ) ) ;
#1515 = SURFACE_STYLE_USAGE ( .BOTH. , #1516 ) ;
#1516 = SURFACE_SIDE_STYLE ('',( #1517 ) ) ;
#1517 = SURFACE_STYLE_FILL_AREA ( #1518 ) ;
#1518 = FILL_AREA_STYLE ('',( #1525 ) ) ;
#1519 = COLOUR_RGB ( '',1.000000000000000000, 0.8588235294117646500, 0.5568627450980392400 ) ;
#1520 = DIRECTION ( 'NONE',  ( 0.9659258262890698700, -0.2588190451025147400, 1.106651386322326200E-015 ) ) ;
#1521 = DIRECTION ( 'NONE',  ( -1.137586304180857000E-015, 0.0000000000000000000, 1.000000000000000000 ) ) ;
#1522 = AXIS2_PLACEMENT_3D ( 'NONE', #1526, #1521, #1520 ) ;
#1523 = CYLINDRICAL_SURFACE ( 'NONE', #1522, 0.6858000000000016300 ) ;
#1524 = FACE_OUTER_BOUND ( 'NONE', #7176, .T. ) ;
#1525 = FILL_AREA_STYLE_COLOUR ( '', #1519 ) ;
#1526 = CARTESIAN_POINT ( 'NONE',  ( -0.2811727978039033600, -2.801557433181493600, 0.8738511993674553700 ) ) ;
#1527 =( GEOMETRIC_REPRESENTATION_CONTEXT ( 3 ) GLOBAL_UNCERTAINTY_ASSIGNED_CONTEXT ( ( #1528 ) ) GLOBAL_UNIT_ASSIGNED_CONTEXT ( ( #1531, #1530, #1529 ) ) REPRESENTATION_CONTEXT ( 'NONE', 'WORKASPACE' ) );
#1528 = UNCERTAINTY_MEASURE_WITH_UNIT (LENGTH_MEASURE( 1.000000000000000100E-005 ), #1531, 'distance_accuracy_value', 'NONE');
#1529 =( NAMED_UNIT ( * ) SI_UNIT ( $, .STERADIAN. ) SOLID_ANGLE_UNIT ( ) );
#1530 =( NAMED_UNIT ( * ) PLANE_ANGLE_UNIT ( ) SI_UNIT ( $, .RADIAN. ) );
#1531 =( LENGTH_UNIT ( ) NAMED_UNIT ( * ) SI_UNIT ( .MILLI., .METRE. ) );
#1532 = CARTESIAN_POINT ( 'NONE',  ( 0.4816839940942592700, -5.057716452369022300, 0.8738511993674532600 ) ) ;
#1533 = AXIS2_PLACEMENT_3D ( 'NONE', #1532, #1628, #1627 ) ;
#1534 = CIRCLE ( 'NONE', #1533, 0.9398000000000001900 ) ;
#1535 = FACE_OUTER_BOUND ( 'NONE', #7253, .T. ) ;
#1536 = CARTESIAN_POINT ( 'NONE',  ( -0.2811727978039033600, -2.801557433181493600, 0.8738511993674553700 ) ) ;
#1537 = PRESENTATION_LAYER_ASSIGNMENT (  '', '', ( #1538 ) ) ;
#1538 = STYLED_ITEM ( 'NONE', ( #1539 ), #7144 ) ;
#1539 = PRESENTATION_STYLE_ASSIGNMENT (( #1540 ) ) ;
#1540 = SURFACE_STYLE_USAGE ( .BOTH. , #1541 ) ;
#1541 = SURFACE_SIDE_STYLE ('',( #1542 ) ) ;
#1542 = SURFACE_STYLE_FILL_AREA ( #1543 ) ;
#1543 = FILL_AREA_STYLE ('',( #1548 ) ) ;
#1544 = COLOUR_RGB ( '',1.000000000000000000, 0.8588235294117646500, 0.5568627450980392400 ) ;
#1545 = DIRECTION ( 'NONE',  ( -0.9396926207859080900, -0.3420201433256696000, 6.921912146108772900E-016 ) ) ;
#1546 = DIRECTION ( 'NONE',  ( -6.816428854007560700E-016, 0.0000000000000000000, -1.000000000000000000 ) ) ;
#1547 = FACE_OUTER_BOUND ( 'NONE', #7143, .T. ) ;
#1548 = FILL_AREA_STYLE_COLOUR ( '', #1544 ) ;
#1549 = UNCERTAINTY_MEASURE_WITH_UNIT (LENGTH_MEASURE( 1.000000000000000100E-005 ), #1558, 'distance_accuracy_value', 'NONE');
#1550 =( NAMED_UNIT ( * ) SI_UNIT ( $, .STERADIAN. ) SOLID_ANGLE_UNIT ( ) );
#1551 =( NAMED_UNIT ( * ) PLANE_ANGLE_UNIT ( ) SI_UNIT ( $, .RADIAN. ) );
#1552 = DIRECTION ( 'NONE',  ( -1.137586304180857000E-015, 0.0000000000000000000, 1.000000000000000000 ) ) ;
#1553 = AXIS2_PLACEMENT_3D ( 'NONE', #1536, #1552, #1478 ) ;
#1554 = AXIS2_PLACEMENT_3D ( 'NONE', #1556, #1546, #1545 ) ;
#1555 = CYLINDRICAL_SURFACE ( 'NONE', #1554, 0.9398000000000003000 ) ;
#1556 = CARTESIAN_POINT ( 'NONE',  ( 0.4816839940942575500, -5.057716452369022300, -1.666148800632544200 ) ) ;
#1557 =( GEOMETRIC_REPRESENTATION_CONTEXT ( 3 ) GLOBAL_UNCERTAINTY_ASSIGNED_CONTEXT ( ( #1549 ) ) GLOBAL_UNIT_ASSIGNED_CONTEXT ( ( #1558, #1551, #1550 ) ) REPRESENTATION_CONTEXT ( 'NONE', 'WORKASPACE' ) );
#1558 =( LENGTH_UNIT ( ) NAMED_UNIT ( * ) SI_UNIT ( .MILLI., .METRE. ) );
#1559 = MECHANICAL_DESIGN_GEOMETRIC_PRESENTATION_REPRESENTATION (  '', ( #1561 ), #1557 ) ;
#1560 = PRESENTATION_LAYER_ASSIGNMENT (  '', '', ( #1561 ) ) ;
#1561 = STYLED_ITEM ( 'NONE', ( #1562 ), #7142 ) ;
#1562 = PRESENTATION_STYLE_ASSIGNMENT (( #1563 ) ) ;
#1563 = SURFACE_STYLE_USAGE ( .BOTH. , #1564 ) ;
#1564 = SURFACE_SIDE_STYLE ('',( #1623 ) ) ;
#1565 = CARTESIAN_POINT ( 'NONE',  ( -0.1316789055993000700, -4.893366358728926900, -1.666148800632544200 ) ) ;
#1566 = FILL_AREA_STYLE_COLOUR ( '', #1508 ) ;
#1567 = DIRECTION ( 'NONE',  ( 0.0000000000000000000, 1.000000000000000000, -4.132169314589751200E-016 ) ) ;
#1568 = DIRECTION ( 'NONE',  ( 8.825420370628240000E-017, -4.132169314589751200E-016, -1.000000000000000000 ) ) ;
#1569 = CARTESIAN_POINT ( 'NONE',  ( -0.4699166018917143600, -5.191006677831270000, -1.666148800632544200 ) ) ;
#1570 = AXIS2_PLACEMENT_3D ( 'NONE', #1569, #1568, #1567 ) ;
#1571 = LINE ( 'NONE', #1565, #1511 ) ;
#1572 = PLANE ( 'NONE',  #1570 ) ;
#1573 =( GEOMETRIC_REPRESENTATION_CONTEXT ( 3 ) GLOBAL_UNCERTAINTY_ASSIGNED_CONTEXT ( ( #1634 ) ) GLOBAL_UNIT_ASSIGNED_CONTEXT ( ( #1637, #1636, #1635 ) ) REPRESENTATION_CONTEXT ( 'NONE', 'WORKASPACE' ) );
#1574 = MECHANICAL_DESIGN_GEOMETRIC_PRESENTATION_REPRESENTATION (  '', ( #1576 ), #1527 ) ;
#1575 = PRESENTATION_LAYER_ASSIGNMENT (  '', '', ( #1576 ) ) ;
#1576 = STYLED_ITEM ( 'NONE', ( #1577 ), #7170 ) ;
#1577 = PRESENTATION_STYLE_ASSIGNMENT (( #1578 ) ) ;
#1578 = SURFACE_STYLE_USAGE ( .BOTH. , #1579 ) ;
#1579 = SURFACE_SIDE_STYLE ('',( #1580 ) ) ;
#1580 = SURFACE_STYLE_FILL_AREA ( #1587 ) ;
#1581 = COLOUR_RGB ( '',1.000000000000000000, 0.8588235294117646500, 0.5568627450980392400 ) ;
#1582 = FACE_OUTER_BOUND ( 'NONE', #7171, .T. ) ;
#1583 = DIRECTION ( 'NONE',  ( 1.000000000000000000, 0.0000000000000000000, -8.869636343065787000E-017 ) ) ;
#1584 = DIRECTION ( 'NONE',  ( 8.869636343065787000E-017, -0.0000000000000000000, 1.000000000000000000 ) ) ;
#1585 = CARTESIAN_POINT ( 'NONE',  ( 0.4046272021961012700, -2.852357433181492900, 0.8738511993674558100 ) ) ;
#1586 = AXIS2_PLACEMENT_3D ( 'NONE', #1585, #1584, #1583 ) ;
#1587 = FILL_AREA_STYLE ('',( #1588 ) ) ;
#1588 = FILL_AREA_STYLE_COLOUR ( '', #1581 ) ;
#1589 = PLANE ( 'NONE',  #1586 ) ;
#1590 =( GEOMETRIC_REPRESENTATION_CONTEXT ( 3 ) GLOBAL_UNCERTAINTY_ASSIGNED_CONTEXT ( ( #1591 ) ) GLOBAL_UNIT_ASSIGNED_CONTEXT ( ( #1594, #1593, #1592 ) ) REPRESENTATION_CONTEXT ( 'NONE', 'WORKASPACE' ) );
#1591 = UNCERTAINTY_MEASURE_WITH_UNIT (LENGTH_MEASURE( 1.000000000000000100E-005 ), #1594, 'distance_accuracy_value', 'NONE');
#1592 =( NAMED_UNIT ( * ) SI_UNIT ( $, .STERADIAN. ) SOLID_ANGLE_UNIT ( ) );
#1593 =( NAMED_UNIT ( * ) PLANE_ANGLE_UNIT ( ) SI_UNIT ( $, .RADIAN. ) );
#1594 =( LENGTH_UNIT ( ) NAMED_UNIT ( * ) SI_UNIT ( .MILLI., .METRE. ) );
#1595 = MECHANICAL_DESIGN_GEOMETRIC_PRESENTATION_REPRESENTATION (  '', ( #1597 ), #1590 ) ;
#1596 = PRESENTATION_LAYER_ASSIGNMENT (  '', '', ( #1597 ) ) ;
#1597 = STYLED_ITEM ( 'NONE', ( #1598 ), #7169 ) ;
#1598 = PRESENTATION_STYLE_ASSIGNMENT (( #1599 ) ) ;
#1599 = SURFACE_STYLE_USAGE ( .BOTH. , #1600 ) ;
#1600 = SURFACE_SIDE_STYLE ('',( #1601 ) ) ;
#1601 = SURFACE_STYLE_FILL_AREA ( #1602 ) ;
#1602 = FILL_AREA_STYLE ('',( #1604 ) ) ;
#1603 = COLOUR_RGB ( '',1.000000000000000000, 0.8588235294117646500, 0.5568627450980392400 ) ;
#1604 = FILL_AREA_STYLE_COLOUR ( '', #1603 ) ;
#1605 = FACE_OUTER_BOUND ( 'NONE', #7288, .T. ) ;
#1606 = CARTESIAN_POINT ( 'NONE',  ( -0.4014391309203370100, -5.379146983066487300, 0.8738511993674539200 ) ) ;
#1607 = DIRECTION ( 'NONE',  ( -0.9396926207859080900, -0.3420201433256696600, 5.839669014606214700E-017 ) ) ;
#1608 = VECTOR ( 'NONE', #1607, 999.9999999999998900 ) ;
#1609 = CARTESIAN_POINT ( 'NONE',  ( -0.4014391309203370100, -5.379146983066486400, 0.8738511993674558100 ) ) ;
#1610 = LINE ( 'NONE', #1609, #1608 ) ;
#1611 = DIRECTION ( 'NONE',  ( 0.3420201433256696600, -0.9396926207859080900, 4.184816166765108600E-016 ) ) ;
#1612 = VECTOR ( 'NONE', #1611, 1000.000000000000000 ) ;
#1613 = CARTESIAN_POINT ( 'NONE',  ( -0.1834982910761699400, -5.086758938145604400, 0.8738511993674558100 ) ) ;
#1614 = LINE ( 'NONE', #1613, #1612 ) ;
#1615 = DIRECTION ( 'NONE',  ( -1.646248164257272200E-016, 2.815624662075301800E-016, -1.000000000000000000 ) ) ;
#1616 = VECTOR ( 'NONE', #1615, 1000.000000000000000 ) ;
#1617 = CARTESIAN_POINT ( 'NONE',  ( -0.1150208201047926400, -5.274899243380822600, 0.8738511993674562600 ) ) ;
#1618 = LINE ( 'NONE', #1617, #1616 ) ;
#1619 = DIRECTION ( 'NONE',  ( -0.9396926207859080900, -0.3420201433256696600, 5.839669014606217100E-017 ) ) ;
#1620 = VECTOR ( 'NONE', #1619, 999.9999999999998900 ) ;
#1621 = CARTESIAN_POINT ( 'NONE',  ( -0.1953975540527983500, -5.945241562978872600, -1.666148800632543800 ) ) ;
#1622 = LINE ( 'NONE', #1621, #1620 ) ;
#1623 = SURFACE_STYLE_FILL_AREA ( #1624 ) ;
#1624 = FILL_AREA_STYLE ('',( #1625 ) ) ;
#1625 = FILL_AREA_STYLE_COLOUR ( '', #1626 ) ;
#1626 = COLOUR_RGB ( '',1.000000000000000000, 0.8588235294117646500, 0.5568627450980392400 ) ;
#1627 = DIRECTION ( 'NONE',  ( -1.000000000000000000, 0.0000000000000000000, 6.921912146108773900E-016 ) ) ;
#1628 = DIRECTION ( 'NONE',  ( 6.816428854007560700E-016, -0.0000000000000000000, 1.000000000000000000 ) ) ;
#1629 = DIRECTION ( 'NONE',  ( 0.0000000000000000000, 0.0000000000000000000, -1.000000000000000000 ) ) ;
#1630 = CARTESIAN_POINT ( 'NONE',  ( -0.1316789055993000700, -4.893366358728926900, 0.8738511993674558100 ) ) ;
#1631 = AXIS2_PLACEMENT_3D ( 'NONE', #1630, #1629, #2 ) ;
#1632 = PLANE ( 'NONE',  #1631 ) ;
#1633 =( GEOMETRIC_REPRESENTATION_CONTEXT ( 3 ) GLOBAL_UNCERTAINTY_ASSIGNED_CONTEXT ( ( #1483 ) ) GLOBAL_UNIT_ASSIGNED_CONTEXT ( ( #1486, #1485, #1484 ) ) REPRESENTATION_CONTEXT ( 'NONE', 'WORKASPACE' ) );
#1634 = UNCERTAINTY_MEASURE_WITH_UNIT (LENGTH_MEASURE( 1.000000000000000100E-005 ), #1637, 'distance_accuracy_value', 'NONE');
#1635 =( NAMED_UNIT ( * ) SI_UNIT ( $, .STERADIAN. ) SOLID_ANGLE_UNIT ( ) );
#1636 =( NAMED_UNIT ( * ) PLANE_ANGLE_UNIT ( ) SI_UNIT ( $, .RADIAN. ) );
#1637 =( LENGTH_UNIT ( ) NAMED_UNIT ( * ) SI_UNIT ( .MILLI., .METRE. ) );
#1638 = MECHANICAL_DESIGN_GEOMETRIC_PRESENTATION_REPRESENTATION (  '', ( #1538 ), #1573 ) ;
#1639 = UNCERTAINTY_MEASURE_WITH_UNIT (LENGTH_MEASURE( 1.000000000000000100E-005 ), #1642, 'distance_accuracy_value', 'NONE');
#1640 =( NAMED_UNIT ( * ) SI_UNIT ( $, .STERADIAN. ) SOLID_ANGLE_UNIT ( ) );
#1641 =( NAMED_UNIT ( * ) PLANE_ANGLE_UNIT ( ) SI_UNIT ( $, .RADIAN. ) );
#1642 =( LENGTH_UNIT ( ) NAMED_UNIT ( * ) SI_UNIT ( .MILLI., .METRE. ) );
#1643 =( LENGTH_UNIT ( ) NAMED_UNIT ( * ) SI_UNIT ( .MILLI., .METRE. ) );
#1644 = MECHANICAL_DESIGN_GEOMETRIC_PRESENTATION_REPRESENTATION (  '', ( #1646 ), #4413 ) ;
#1645 = PRESENTATION_LAYER_ASSIGNMENT (  '', '', ( #1646 ) ) ;
#1646 = STYLED_ITEM ( 'NONE', ( #1647 ), #7704 ) ;
#1647 = PRESENTATION_STYLE_ASSIGNMENT (( #1648 ) ) ;
#1648 = SURFACE_STYLE_USAGE ( .BOTH. , #1649 ) ;
#1649 = SURFACE_SIDE_STYLE ('',( #1650 ) ) ;
#1650 = SURFACE_STYLE_FILL_AREA ( #1651 ) ;
#1651 = FILL_AREA_STYLE ('',( #1659 ) ) ;
#1652 = COLOUR_RGB ( '',1.000000000000000000, 0.8588235294117646500, 0.5568627450980392400 ) ;
#1653 = FACE_OUTER_BOUND ( 'NONE', #7829, .T. ) ;
#1654 = CARTESIAN_POINT ( 'NONE',  ( 0.6308272021961005600, 2.811175973999999700, 1.626204122530206400 ) ) ;
#1655 = DIRECTION ( 'NONE',  ( 0.0000000000000000000, -0.9848077530122074700, -0.1736481776669335800 ) ) ;
#1656 = DIRECTION ( 'NONE',  ( -8.922050372365133700E-017, -0.1736481776669336100, 0.9848077530122075800 ) ) ;
#1657 = CARTESIAN_POINT ( 'NONE',  ( 0.6308272021960997800, 2.233514602265623600, 1.833848868283147500 ) ) ;
#1658 = AXIS2_PLACEMENT_3D ( 'NONE', #1657, #1656, #1655 ) ;
#1659 = FILL_AREA_STYLE_COLOUR ( '', #1652 ) ;
#1660 = PLANE ( 'NONE',  #1658 ) ;
#1661 =( GEOMETRIC_REPRESENTATION_CONTEXT ( 3 ) GLOBAL_UNCERTAINTY_ASSIGNED_CONTEXT ( ( #1701 ) ) GLOBAL_UNIT_ASSIGNED_CONTEXT ( ( #1704, #1703, #1702 ) ) REPRESENTATION_CONTEXT ( 'NONE', 'WORKASPACE' ) );
#1662 = SURFACE_STYLE_USAGE ( .BOTH. , #1663 ) ;
#1663 = SURFACE_SIDE_STYLE ('',( #1664 ) ) ;
#1664 = SURFACE_STYLE_FILL_AREA ( #1665 ) ;
#1665 = FILL_AREA_STYLE ('',( #1803 ) ) ;
#1666 = COLOUR_RGB ( '',1.000000000000000000, 0.8588235294117646500, 0.5568627450980392400 ) ;
#1667 = FACE_OUTER_BOUND ( 'NONE', #7660, .T. ) ;
#1668 = CARTESIAN_POINT ( 'NONE',  ( -6.608972797803897200, 3.675442566818504500, -4.079148800632545100 ) ) ;
#1669 = DIRECTION ( 'NONE',  ( 0.0000000000000000000, 0.0000000000000000000, 1.000000000000000000 ) ) ;
#1670 = DIRECTION ( 'NONE',  ( -1.063803735850569600E-016, 1.000000000000000000, 1.224606353822377300E-016 ) ) ;
#1671 = CARTESIAN_POINT ( 'NONE',  ( -6.608972797803897200, 3.675442566818504900, -3.444148800632544500 ) ) ;
#1672 = AXIS2_PLACEMENT_3D ( 'NONE', #1671, #1670, #1669 ) ;
#1673 = CIRCLE ( 'NONE', #1672, 0.6350000000000001200 ) ;
#1674 = MECHANICAL_DESIGN_GEOMETRIC_PRESENTATION_REPRESENTATION (  '', ( #1676 ), #1729 ) ;
#1675 = PRESENTATION_LAYER_ASSIGNMENT (  '', '', ( #1676 ) ) ;
#1676 = STYLED_ITEM ( 'NONE', ( #1677 ), #7694 ) ;
#1677 = PRESENTATION_STYLE_ASSIGNMENT (( #1678 ) ) ;
#1678 = SURFACE_STYLE_USAGE ( .BOTH. , #1679 ) ;
#1679 = SURFACE_SIDE_STYLE ('',( #1680 ) ) ;
#1680 = SURFACE_STYLE_FILL_AREA ( #1681 ) ;
#1681 = FILL_AREA_STYLE ('',( #1690 ) ) ;
#1682 = COLOUR_RGB ( '',0.2509803921568627400, 0.2509803921568627400, 0.2509803921568627400 ) ;
#1683 = FACE_OUTER_BOUND ( 'NONE', #7681, .T. ) ;
#1684 = CARTESIAN_POINT ( 'NONE',  ( -7.243972797803897000, 3.675442566818504900, -3.444148800632544500 ) ) ;
#1685 = DIRECTION ( 'NONE',  ( 1.000000000000000000, 0.0000000000000000000, 0.0000000000000000000 ) ) ;
#1686 = DIRECTION ( 'NONE',  ( 1.063803735850569600E-016, -1.000000000000000000, 0.0000000000000000000 ) ) ;
#1687 = CARTESIAN_POINT ( 'NONE',  ( -6.608972797803897200, 3.675442566818504500, 2.651851199367454700 ) ) ;
#1688 = AXIS2_PLACEMENT_3D ( 'NONE', #1687, #1686, #1685 ) ;
#1689 = CIRCLE ( 'NONE', #1688, 0.6350000000000001200 ) ;
#1690 = FILL_AREA_STYLE_COLOUR ( '', #1682 ) ;
#1691 = DIRECTION ( 'NONE',  ( 0.0000000000000000000, 0.0000000000000000000, -1.000000000000000000 ) ) ;
#1692 = DIRECTION ( 'NONE',  ( 1.000000000000000000, 0.0000000000000000000, 0.0000000000000000000 ) ) ;
#1693 = CARTESIAN_POINT ( 'NONE',  ( 0.6308272021961005600, 2.921442566818501800, 1.000851199367455800 ) ) ;
#1694 = AXIS2_PLACEMENT_3D ( 'NONE', #1693, #1692, #1691 ) ;
#1695 = CIRCLE ( 'NONE', #1694, 0.6349999999999989000 ) ;
#1696 =( LENGTH_UNIT ( ) NAMED_UNIT ( * ) SI_UNIT ( .MILLI., .METRE. ) );
#1697 = MECHANICAL_DESIGN_GEOMETRIC_PRESENTATION_REPRESENTATION (  '', ( #1699 ), #1824 ) ;
#1698 = PRESENTATION_LAYER_ASSIGNMENT (  '', '', ( #1699 ) ) ;
#1699 = STYLED_ITEM ( 'NONE', ( #1700 ), #7659 ) ;
#1700 = PRESENTATION_STYLE_ASSIGNMENT (( #1662 ) ) ;
#1701 = UNCERTAINTY_MEASURE_WITH_UNIT (LENGTH_MEASURE( 1.000000000000000100E-005 ), #1704, 'distance_accuracy_value', 'NONE');
#1702 =( NAMED_UNIT ( * ) SI_UNIT ( $, .STERADIAN. ) SOLID_ANGLE_UNIT ( ) );
#1703 =( NAMED_UNIT ( * ) PLANE_ANGLE_UNIT ( ) SI_UNIT ( $, .RADIAN. ) );
#1704 =( LENGTH_UNIT ( ) NAMED_UNIT ( * ) SI_UNIT ( .MILLI., .METRE. ) );
#1705 = MECHANICAL_DESIGN_GEOMETRIC_PRESENTATION_REPRESENTATION (  '', ( #1707 ), #1661 ) ;
#1706 = PRESENTATION_LAYER_ASSIGNMENT (  '', '', ( #1707 ) ) ;
#1707 = STYLED_ITEM ( 'NONE', ( #1708 ), #7700 ) ;
#1708 = PRESENTATION_STYLE_ASSIGNMENT (( #1709 ) ) ;
#1709 = SURFACE_STYLE_USAGE ( .BOTH. , #1710 ) ;
#1710 = SURFACE_SIDE_STYLE ('',( #1711 ) ) ;
#1711 = SURFACE_STYLE_FILL_AREA ( #1712 ) ;
#1712 = FILL_AREA_STYLE ('',( #1719 ) ) ;
#1713 = COLOUR_RGB ( '',1.000000000000000000, 0.8588235294117646500, 0.5568627450980392400 ) ;
#1714 = FACE_OUTER_BOUND ( 'NONE', #7701, .T. ) ;
#1715 = DIRECTION ( 'NONE',  ( 8.922050372365106600E-017, 0.1736481776669342400, -0.9848077530122073500 ) ) ;
#1716 = VECTOR ( 'NONE', #1715, 1000.000000000000000 ) ;
#1717 = CARTESIAN_POINT ( 'NONE',  ( -5.566772797803902300, 2.833853408501865200, 1.939704797388909700 ) ) ;
#1718 = LINE ( 'NONE', #1717, #1716 ) ;
#1719 = FILL_AREA_STYLE_COLOUR ( '', #1713 ) ;
#1720 = DIRECTION ( 'NONE',  ( 1.000000000000000000, 2.559693886352469300E-016, 1.357311832586924700E-016 ) ) ;
#1721 = VECTOR ( 'NONE', #1720, 1000.000000000000000 ) ;
#1722 = CARTESIAN_POINT ( 'NONE',  ( -5.566772797803902300, 2.811175973999999700, 1.626204122530206400 ) ) ;
#1723 = LINE ( 'NONE', #1722, #1721 ) ;
#1724 = DIRECTION ( 'NONE',  ( 0.0000000000000000000, 0.0000000000000000000, 1.000000000000000000 ) ) ;
#1725 = DIRECTION ( 'NONE',  ( -1.000000000000000000, -1.063803735850569600E-016, 0.0000000000000000000 ) ) ;
#1726 = AXIS2_PLACEMENT_3D ( 'NONE', #1728, #1725, #1724 ) ;
#1727 = CONICAL_SURFACE ( 'NONE', #1726, 1.981200000000001600, 0.7853981633974461700 ) ;
#1728 = CARTESIAN_POINT ( 'NONE',  ( -7.243972797803897000, 3.675442566818504500, -0.3961488006325448700 ) ) ;
#1729 =( GEOMETRIC_REPRESENTATION_CONTEXT ( 3 ) GLOBAL_UNCERTAINTY_ASSIGNED_CONTEXT ( ( #1639 ) ) GLOBAL_UNIT_ASSIGNED_CONTEXT ( ( #1642, #1641, #1640 ) ) REPRESENTATION_CONTEXT ( 'NONE', 'WORKASPACE' ) );
#1730 = PRESENTATION_LAYER_ASSIGNMENT (  '', '', ( #1731 ) ) ;
#1731 = STYLED_ITEM ( 'NONE', ( #1732 ), #7652 ) ;
#1732 = PRESENTATION_STYLE_ASSIGNMENT (( #1733 ) ) ;
#1733 = SURFACE_STYLE_USAGE ( .BOTH. , #1734 ) ;
#1734 = SURFACE_SIDE_STYLE ('',( #1735 ) ) ;
#1735 = SURFACE_STYLE_FILL_AREA ( #1736 ) ;
#1736 = FILL_AREA_STYLE ('',( #1739 ) ) ;
#1737 = COLOUR_RGB ( '',1.000000000000000000, 0.8588235294117646500, 0.5568627450980392400 ) ;
#1738 = FACE_OUTER_BOUND ( 'NONE', #7653, .T. ) ;
#1739 = FILL_AREA_STYLE_COLOUR ( '', #1737 ) ;
#1740 = DIRECTION ( 'NONE',  ( -0.0000000000000000000, 0.0000000000000000000, 1.000000000000000000 ) ) ;
#1741 = DIRECTION ( 'NONE',  ( -1.000000000000000000, 0.0000000000000000000, -0.0000000000000000000 ) ) ;
#1742 = CARTESIAN_POINT ( 'NONE',  ( 0.6308272021961005600, 2.921442566818501800, 1.000851199367455800 ) ) ;
#1743 = AXIS2_PLACEMENT_3D ( 'NONE', #1742, #1741, #1740 ) ;
#1744 = PLANE ( 'NONE',  #1743 ) ;
#1745 =( GEOMETRIC_REPRESENTATION_CONTEXT ( 3 ) GLOBAL_UNCERTAINTY_ASSIGNED_CONTEXT ( ( #1746 ) ) GLOBAL_UNIT_ASSIGNED_CONTEXT ( ( #1749, #1748, #1747 ) ) REPRESENTATION_CONTEXT ( 'NONE', 'WORKASPACE' ) );
#1746 = UNCERTAINTY_MEASURE_WITH_UNIT (LENGTH_MEASURE( 1.000000000000000100E-005 ), #1749, 'distance_accuracy_value', 'NONE');
#1747 =( NAMED_UNIT ( * ) SI_UNIT ( $, .STERADIAN. ) SOLID_ANGLE_UNIT ( ) );
#1748 =( NAMED_UNIT ( * ) PLANE_ANGLE_UNIT ( ) SI_UNIT ( $, .RADIAN. ) );
#1749 =( LENGTH_UNIT ( ) NAMED_UNIT ( * ) SI_UNIT ( .MILLI., .METRE. ) );
#1750 = MECHANICAL_DESIGN_GEOMETRIC_PRESENTATION_REPRESENTATION (  '', ( #1752 ), #1745 ) ;
#1751 = PRESENTATION_LAYER_ASSIGNMENT (  '', '', ( #1752 ) ) ;
#1752 = STYLED_ITEM ( 'NONE', ( #1753 ), #7674 ) ;
#1753 = PRESENTATION_STYLE_ASSIGNMENT (( #1754 ) ) ;
#1754 = SURFACE_STYLE_USAGE ( .BOTH. , #1755 ) ;
#1755 = SURFACE_SIDE_STYLE ('',( #1756 ) ) ;
#1756 = SURFACE_STYLE_FILL_AREA ( #1757 ) ;
#1757 = FILL_AREA_STYLE ('',( #1759 ) ) ;
#1758 = COLOUR_RGB ( '',1.000000000000000000, 0.8588235294117646500, 0.5568627450980392400 ) ;
#1759 = FILL_AREA_STYLE_COLOUR ( '', #1758 ) ;
#1760 = FACE_OUTER_BOUND ( 'NONE', #7675, .T. ) ;
#1761 = CARTESIAN_POINT ( 'NONE',  ( -5.669172797803897300, 3.675442566818504900, 3.286851199367455000 ) ) ;
#1762 = DIRECTION ( 'NONE',  ( 1.000000000000000000, 1.063803735850569600E-016, -0.0000000000000000000 ) ) ;
#1763 = VECTOR ( 'NONE', #1762, 1000.000000000000000 ) ;
#1764 = CARTESIAN_POINT ( 'NONE',  ( -5.669172797803897300, 3.675442566818504900, 3.286851199367455000 ) ) ;
#1765 = DIRECTION ( 'NONE',  ( -1.545162892344040800E-016, 1.000000000000000000, 0.0000000000000000000 ) ) ;
#1766 = DIRECTION ( 'NONE',  ( 1.000000000000000000, 1.545162892344040800E-016, 0.0000000000000000000 ) ) ;
#1767 = CARTESIAN_POINT ( 'NONE',  ( 0.6308272021961005600, 1.981642566818507600, 1.254851199367455200 ) ) ;
#1768 = AXIS2_PLACEMENT_3D ( 'NONE', #1767, #1766, #1765 ) ;
#1769 = LINE ( 'NONE', #1764, #1763 ) ;
#1770 = PLANE ( 'NONE',  #1768 ) ;
#1771 =( GEOMETRIC_REPRESENTATION_CONTEXT ( 3 ) GLOBAL_UNCERTAINTY_ASSIGNED_CONTEXT ( ( #1772 ) ) GLOBAL_UNIT_ASSIGNED_CONTEXT ( ( #1787, #1774, #1773 ) ) REPRESENTATION_CONTEXT ( 'NONE', 'WORKASPACE' ) );
#1772 = UNCERTAINTY_MEASURE_WITH_UNIT (LENGTH_MEASURE( 1.000000000000000100E-005 ), #1787, 'distance_accuracy_value', 'NONE');
#1773 =( NAMED_UNIT ( * ) SI_UNIT ( $, .STERADIAN. ) SOLID_ANGLE_UNIT ( ) );
#1774 =( NAMED_UNIT ( * ) PLANE_ANGLE_UNIT ( ) SI_UNIT ( $, .RADIAN. ) );
#1775 =( NAMED_UNIT ( * ) SI_UNIT ( $, .STERADIAN. ) SOLID_ANGLE_UNIT ( ) );
#1776 =( NAMED_UNIT ( * ) PLANE_ANGLE_UNIT ( ) SI_UNIT ( $, .RADIAN. ) );
#1777 = UNCERTAINTY_MEASURE_WITH_UNIT (LENGTH_MEASURE( 1.000000000000000100E-005 ), #1696, 'distance_accuracy_value', 'NONE');
#1778 =( NAMED_UNIT ( * ) SI_UNIT ( $, .STERADIAN. ) SOLID_ANGLE_UNIT ( ) );
#1779 =( NAMED_UNIT ( * ) PLANE_ANGLE_UNIT ( ) SI_UNIT ( $, .RADIAN. ) );
#1780 =( LENGTH_UNIT ( ) NAMED_UNIT ( * ) SI_UNIT ( .MILLI., .METRE. ) );
#1781 = MECHANICAL_DESIGN_GEOMETRIC_PRESENTATION_REPRESENTATION (  '', ( #1731 ), #1810 ) ;
#1782 = DIRECTION ( 'NONE',  ( 0.0000000000000000000, 0.8534428337211275000, 0.5211864633411460400 ) ) ;
#1783 = DIRECTION ( 'NONE',  ( 0.0000000000000000000, 0.5211864633411461600, -0.8534428337211276100 ) ) ;
#1784 = CARTESIAN_POINT ( 'NONE',  ( 6.168027202196101100, -1.282257433181492700, 1.254851199367454700 ) ) ;
#1785 = AXIS2_PLACEMENT_3D ( 'NONE', #1784, #1783, #1782 ) ;
#1786 = PLANE ( 'NONE',  #1785 ) ;
#1787 =( LENGTH_UNIT ( ) NAMED_UNIT ( * ) SI_UNIT ( .MILLI., .METRE. ) );
#1788 = MECHANICAL_DESIGN_GEOMETRIC_PRESENTATION_REPRESENTATION (  '', ( #1790 ), #1771 ) ;
#1789 = PRESENTATION_LAYER_ASSIGNMENT (  '', '', ( #1790 ) ) ;
#1790 = STYLED_ITEM ( 'NONE', ( #1791 ), #7669 ) ;
#1791 = PRESENTATION_STYLE_ASSIGNMENT (( #1792 ) ) ;
#1792 = SURFACE_STYLE_USAGE ( .BOTH. , #1793 ) ;
#1793 = SURFACE_SIDE_STYLE ('',( #1794 ) ) ;
#1794 = SURFACE_STYLE_FILL_AREA ( #1795 ) ;
#1795 = FILL_AREA_STYLE ('',( #1802 ) ) ;
#1796 = COLOUR_RGB ( '',1.000000000000000000, 0.8588235294117646500, 0.5568627450980392400 ) ;
#1797 = FACE_OUTER_BOUND ( 'NONE', #7650, .T. ) ;
#1798 = DIRECTION ( 'NONE',  ( -1.545162892344040800E-016, 1.000000000000000000, -0.0000000000000000000 ) ) ;
#1799 = VECTOR ( 'NONE', #1798, 1000.000000000000000 ) ;
#1800 = CARTESIAN_POINT ( 'NONE',  ( 0.6308272021961005600, 1.981642566818507600, -1.793148800632545800 ) ) ;
#1801 = LINE ( 'NONE', #1800, #1799 ) ;
#1802 = FILL_AREA_STYLE_COLOUR ( '', #1796 ) ;
#1803 = FILL_AREA_STYLE_COLOUR ( '', #1666 ) ;
#1804 = DIRECTION ( 'NONE',  ( -0.0000000000000000000, 0.0000000000000000000, 1.000000000000000000 ) ) ;
#1805 = DIRECTION ( 'NONE',  ( -1.000000000000000000, 0.0000000000000000000, -0.0000000000000000000 ) ) ;
#1806 = CARTESIAN_POINT ( 'NONE',  ( -5.566772797803900600, 2.921442566818501800, 1.000851199367455800 ) ) ;
#1807 = AXIS2_PLACEMENT_3D ( 'NONE', #1806, #1805, #1804 ) ;
#1808 = CARTESIAN_POINT ( 'NONE',  ( -5.669172797803897300, 3.675442566818504900, 1.381851199367455200 ) ) ;
#1809 = PLANE ( 'NONE',  #1807 ) ;
#1810 =( GEOMETRIC_REPRESENTATION_CONTEXT ( 3 ) GLOBAL_UNCERTAINTY_ASSIGNED_CONTEXT ( ( #1825 ) ) GLOBAL_UNIT_ASSIGNED_CONTEXT ( ( #1780, #1776, #1775 ) ) REPRESENTATION_CONTEXT ( 'NONE', 'WORKASPACE' ) );
#1811 = DIRECTION ( 'NONE',  ( 1.000000000000000000, -0.0000000000000000000, -0.0000000000000000000 ) ) ;
#1812 = VECTOR ( 'NONE', #1811, 1000.000000000000000 ) ;
#1813 = CARTESIAN_POINT ( 'NONE',  ( 6.168027202196101100, -2.945957433181492400, 0.2388511993674556900 ) ) ;
#1814 = LINE ( 'NONE', #1813, #1812 ) ;
#1815 = DIRECTION ( 'NONE',  ( -1.545162892344040800E-016, 1.000000000000000000, -0.0000000000000000000 ) ) ;
#1816 = VECTOR ( 'NONE', #1815, 1000.000000000000000 ) ;
#1817 = CARTESIAN_POINT ( 'NONE',  ( 0.6308272021961005600, 1.981642566818507600, 1.000851199367456300 ) ) ;
#1818 = DIRECTION ( 'NONE',  ( -1.545162892344040800E-016, 1.000000000000000000, 0.0000000000000000000 ) ) ;
#1819 = DIRECTION ( 'NONE',  ( 1.000000000000000000, 1.545162892344040800E-016, -0.0000000000000000000 ) ) ;
#1820 = CARTESIAN_POINT ( 'NONE',  ( 0.6308272021961005600, 1.981642566818507600, -2.047148800632545100 ) ) ;
#1821 = AXIS2_PLACEMENT_3D ( 'NONE', #1820, #1819, #1818 ) ;
#1822 = LINE ( 'NONE', #1817, #1816 ) ;
#1823 = PLANE ( 'NONE',  #1821 ) ;
#1824 =( GEOMETRIC_REPRESENTATION_CONTEXT ( 3 ) GLOBAL_UNCERTAINTY_ASSIGNED_CONTEXT ( ( #1777 ) ) GLOBAL_UNIT_ASSIGNED_CONTEXT ( ( #1696, #1779, #1778 ) ) REPRESENTATION_CONTEXT ( 'NONE', 'WORKASPACE' ) );
#1825 = UNCERTAINTY_MEASURE_WITH_UNIT (LENGTH_MEASURE( 1.000000000000000100E-005 ), #1780, 'distance_accuracy_value', 'NONE');
#1826 = SURFACE_STYLE_FILL_AREA ( #1827 ) ;
#1827 = FILL_AREA_STYLE ('',( #1828 ) ) ;
#1828 = FILL_AREA_STYLE_COLOUR ( '', #1829 ) ;
#1829 = COLOUR_RGB ( '',1.000000000000000000, 0.8588235294117646500, 0.5568627450980392400 ) ;
#1830 = FACE_OUTER_BOUND ( 'NONE', #6026, .T. ) ;
#1831 = CARTESIAN_POINT ( 'NONE',  ( 0.4808272021961023700, 8.958642566818507900, 4.569551199367456500 ) ) ;
#1832 = DIRECTION ( 'NONE',  ( -1.000000000000000000, 0.0000000000000000000, 4.097771990496393800E-016 ) ) ;
#1833 = VECTOR ( 'NONE', #1832, 1000.000000000000000 ) ;
#1834 = CARTESIAN_POINT ( 'NONE',  ( 0.4808272021961023700, 5.047042566818506200, 4.569551199367456500 ) ) ;
#1835 = DIRECTION ( 'NONE',  ( -0.7071067811865506800, 0.7071067811865443500, -9.658541207454365600E-017 ) ) ;
#1836 = VECTOR ( 'NONE', #1835, 1000.000000000000100 ) ;
#1837 = CARTESIAN_POINT ( 'NONE',  ( 2.281848015672501200, 10.75966338029492200, -5.361848800632543500 ) ) ;
#1838 = CARTESIAN_POINT ( 'NONE',  ( 6.830827202196101800, 8.958642566818507900, -5.361848800632543500 ) ) ;
#1839 = DIRECTION ( 'NONE',  ( -1.000000000000000000, 0.0000000000000000000, -1.365923996832131600E-016 ) ) ;
#1840 = VECTOR ( 'NONE', #1839, 1000.000000000000000 ) ;
#1841 = CARTESIAN_POINT ( 'NONE',  ( 0.4808272021961015300, 8.958642566818507900, -5.361848800632543500 ) ) ;
#1842 = LINE ( 'NONE', #1841, #1840 ) ;
#1843 = CARTESIAN_POINT ( 'NONE',  ( 0.4808272021961015300, 8.958642566818507900, -5.361848800632545300 ) ) ;
#1844 =( LENGTH_UNIT ( ) NAMED_UNIT ( * ) SI_UNIT ( .MILLI., .METRE. ) );
#1845 = MECHANICAL_DESIGN_GEOMETRIC_PRESENTATION_REPRESENTATION (  '', ( #1847 ), #1921 ) ;
#1846 = PRESENTATION_LAYER_ASSIGNMENT (  '', '', ( #1847 ) ) ;
#1847 = STYLED_ITEM ( 'NONE', ( #1848 ), #6146 ) ;
#1848 = PRESENTATION_STYLE_ASSIGNMENT (( #1849 ) ) ;
#1849 = SURFACE_STYLE_USAGE ( .BOTH. , #1850 ) ;
#1850 = SURFACE_SIDE_STYLE ('',( #1826 ) ) ;
#1851 = LINE ( 'NONE', #1837, #1836 ) ;
#1852 = DIRECTION ( 'NONE',  ( -0.0000000000000000000, -1.000000000000000000, -0.0000000000000000000 ) ) ;
#1853 = VECTOR ( 'NONE', #1852, 1000.000000000000000 ) ;
#1854 = CARTESIAN_POINT ( 'NONE',  ( 0.4808272021961023700, -2.852357433181492900, 4.569551199367456500 ) ) ;
#1855 = LINE ( 'NONE', #1854, #1865 ) ;
#1856 = CARTESIAN_POINT ( 'NONE',  ( 0.4808272021961015300, 5.047042566818506200, -5.361848800632543500 ) ) ;
#1857 = CARTESIAN_POINT ( 'NONE',  ( -7.672572797803894700, 6.698042566818504200, -0.3961488006325448700 ) ) ;
#1858 = DIRECTION ( 'NONE',  ( -1.063803735850569600E-016, 1.000000000000000000, 0.0000000000000000000 ) ) ;
#1859 = LINE ( 'NONE', #1838, #1853 ) ;
#1860 = CARTESIAN_POINT ( 'NONE',  ( 0.9126272021961019400, 5.047042566818506200, -5.361848800632543500 ) ) ;
#1861 = CARTESIAN_POINT ( 'NONE',  ( -6.158127750930291600, 3.675442566818504500, -0.3961488006325448700 ) ) ;
#1862 = AXIS2_PLACEMENT_3D ( 'NONE', #1861, #1870, #1858 ) ;
#1863 = LINE ( 'NONE', #1834, #1833 ) ;
#1864 = DIRECTION ( 'NONE',  ( 1.000000000000000000, 0.0000000000000000000, -4.097771990496393800E-016 ) ) ;
#1865 = VECTOR ( 'NONE', #1864, 1000.000000000000000 ) ;
#1866 = UNCERTAINTY_MEASURE_WITH_UNIT (LENGTH_MEASURE( 1.000000000000000100E-005 ), #1844, 'distance_accuracy_value', 'NONE');
#1867 =( NAMED_UNIT ( * ) SI_UNIT ( $, .STERADIAN. ) SOLID_ANGLE_UNIT ( ) );
#1868 =( NAMED_UNIT ( * ) PLANE_ANGLE_UNIT ( ) SI_UNIT ( $, .RADIAN. ) );
#1869 = TOROIDAL_SURFACE ( 'NONE', #1862, 2.590800000000001500, 1.269999999999999800 ) ;
#1870 = DIRECTION ( 'NONE',  ( 1.000000000000000000, 1.063803735850569600E-016, -0.0000000000000000000 ) ) ;
#1871 = DIRECTION ( 'NONE',  ( 1.000000000000000000, 1.063803735850569600E-016, -0.0000000000000000000 ) ) ;
#1872 = CARTESIAN_POINT ( 'NONE',  ( -7.352468054193980000, 3.675442566818504500, -0.3961488006325448700 ) ) ;
#1873 = AXIS2_PLACEMENT_3D ( 'NONE', #1872, #1871, #1894 ) ;
#1874 = DIRECTION ( 'NONE',  ( 1.000000000000000000, 0.0000000000000000000, 1.365923996832131600E-016 ) ) ;
#1875 = DIRECTION ( 'NONE',  ( -1.365923996832131600E-016, 0.0000000000000000000, 1.000000000000000000 ) ) ;
#1876 = CARTESIAN_POINT ( 'NONE',  ( 0.4808272021961015300, 8.958642566818507900, -5.666648800632544600 ) ) ;
#1877 = AXIS2_PLACEMENT_3D ( 'NONE', #1876, #1875, #1874 ) ;
#1878 = CIRCLE ( 'NONE', #1873, 3.022599999999999300 ) ;
#1879 = PLANE ( 'NONE',  #1877 ) ;
#1880 =( LENGTH_UNIT ( ) NAMED_UNIT ( * ) SI_UNIT ( .MILLI., .METRE. ) );
#1881 = MECHANICAL_DESIGN_GEOMETRIC_PRESENTATION_REPRESENTATION (  '', ( #1883 ), #1955 ) ;
#1882 = PRESENTATION_LAYER_ASSIGNMENT (  '', '', ( #1883 ) ) ;
#1883 = STYLED_ITEM ( 'NONE', ( #1884 ), #6161 ) ;
#1884 = PRESENTATION_STYLE_ASSIGNMENT (( #1885 ) ) ;
#1885 = SURFACE_STYLE_USAGE ( .BOTH. , #1886 ) ;
#1886 = SURFACE_SIDE_STYLE ('',( #1887 ) ) ;
#1887 = SURFACE_STYLE_FILL_AREA ( #1888 ) ;
#1888 = FILL_AREA_STYLE ('',( #1889 ) ) ;
#1889 = FILL_AREA_STYLE_COLOUR ( '', #1890 ) ;
#1890 = COLOUR_RGB ( '',1.000000000000000000, 0.8588235294117646500, 0.5568627450980392400 ) ;
#1891 = FACE_OUTER_BOUND ( 'NONE', #6018, .T. ) ;
#1892 = CARTESIAN_POINT ( 'NONE',  ( -7.352468054193980000, 6.698042566818504200, -0.3961488006325448700 ) ) ;
#1893 = CARTESIAN_POINT ( 'NONE',  ( -7.352468054193980000, 0.6528425668185051700, -0.3961488006325444800 ) ) ;
#1894 = DIRECTION ( 'NONE',  ( 0.0000000000000000000, 1.000000000000000000, 0.0000000000000000000 ) ) ;
#1895 = CARTESIAN_POINT ( 'NONE',  ( 6.830827202196103600, 8.958642566818507900, 4.569551199367452900 ) ) ;
#1896 = AXIS2_PLACEMENT_3D ( 'NONE', #1895, #1900, #1899 ) ;
#1897 = PLANE ( 'NONE',  #1896 ) ;
#1898 = LINE ( 'NONE', #1902, #1901 ) ;
#1899 = DIRECTION ( 'NONE',  ( 2.901077684518028400E-016, 0.0000000000000000000, -1.000000000000000000 ) ) ;
#1900 = DIRECTION ( 'NONE',  ( 1.000000000000000000, -0.0000000000000000000, 2.901077684518028400E-016 ) ) ;
#1901 = VECTOR ( 'NONE', #1916, 1000.000000000000000 ) ;
#1902 = CARTESIAN_POINT ( 'NONE',  ( 0.4808272021961023700, 8.958642566818507900, 4.569551199367456500 ) ) ;
#1903 = FACE_OUTER_BOUND ( 'NONE', #6157, .T. ) ;
#1904 = DIRECTION ( 'NONE',  ( 0.0000000000000000000, 0.0000000000000000000, -1.000000000000000000 ) ) ;
#1905 = VECTOR ( 'NONE', #1904, 1000.000000000000000 ) ;
#1906 = CARTESIAN_POINT ( 'NONE',  ( 6.830827202196103600, 6.210684193771358600, 5.191851199367455600 ) ) ;
#1907 = LINE ( 'NONE', #1906, #1905 ) ;
#1908 = FILL_AREA_STYLE_COLOUR ( '', #1931 ) ;
#1909 = CARTESIAN_POINT ( 'NONE',  ( 4.290827202196104500, -2.852357433181492900, -5.666648800632544600 ) ) ;
#1910 = CARTESIAN_POINT ( 'NONE',  ( 4.290827202196100900, -2.801557433181493200, -5.666648800632549900 ) ) ;
#1911 = DIRECTION ( 'NONE',  ( 1.000000000000000000, 1.227197340903868200E-016, 1.365923996832131600E-016 ) ) ;
#1912 = VECTOR ( 'NONE', #1911, 1000.000000000000000 ) ;
#1913 = CARTESIAN_POINT ( 'NONE',  ( 0.4808272021961032500, -2.801557433181492800, -5.666648800632544600 ) ) ;
#1914 = LINE ( 'NONE', #1913, #1912 ) ;
#1915 = CARTESIAN_POINT ( 'NONE',  ( 0.4808272021961015300, -2.852357433181492900, -5.361848800632545300 ) ) ;
#1916 = DIRECTION ( 'NONE',  ( -0.0000000000000000000, -1.000000000000000000, -0.0000000000000000000 ) ) ;
#1917 =( GEOMETRIC_REPRESENTATION_CONTEXT ( 3 ) GLOBAL_UNCERTAINTY_ASSIGNED_CONTEXT ( ( #1918 ) ) GLOBAL_UNIT_ASSIGNED_CONTEXT ( ( #1922, #1920, #1919 ) ) REPRESENTATION_CONTEXT ( 'NONE', 'WORKASPACE' ) );
#1918 = UNCERTAINTY_MEASURE_WITH_UNIT (LENGTH_MEASURE( 1.000000000000000100E-005 ), #1922, 'distance_accuracy_value', 'NONE');
#1919 =( NAMED_UNIT ( * ) SI_UNIT ( $, .STERADIAN. ) SOLID_ANGLE_UNIT ( ) );
#1920 =( NAMED_UNIT ( * ) PLANE_ANGLE_UNIT ( ) SI_UNIT ( $, .RADIAN. ) );
#1921 =( GEOMETRIC_REPRESENTATION_CONTEXT ( 3 ) GLOBAL_UNCERTAINTY_ASSIGNED_CONTEXT ( ( #1866 ) ) GLOBAL_UNIT_ASSIGNED_CONTEXT ( ( #1844, #1868, #1867 ) ) REPRESENTATION_CONTEXT ( 'NONE', 'WORKASPACE' ) );
#1922 =( LENGTH_UNIT ( ) NAMED_UNIT ( * ) SI_UNIT ( .MILLI., .METRE. ) );
#1923 = MECHANICAL_DESIGN_GEOMETRIC_PRESENTATION_REPRESENTATION (  '', ( #1925 ), #1917 ) ;
#1924 = PRESENTATION_LAYER_ASSIGNMENT (  '', '', ( #1925 ) ) ;
#1925 = STYLED_ITEM ( 'NONE', ( #1926 ), #6156 ) ;
#1926 = PRESENTATION_STYLE_ASSIGNMENT (( #1927 ) ) ;
#1927 = SURFACE_STYLE_USAGE ( .BOTH. , #1928 ) ;
#1928 = SURFACE_SIDE_STYLE ('',( #1929 ) ) ;
#1929 = SURFACE_STYLE_FILL_AREA ( #1930 ) ;
#1930 = FILL_AREA_STYLE ('',( #1908 ) ) ;
#1931 = COLOUR_RGB ( '',1.000000000000000000, 0.8588235294117646500, 0.5568627450980392400 ) ;
#1932 = DIRECTION ( 'NONE',  ( -0.7071067811865506800, 0.7071067811865443500, -9.658541207454365600E-017 ) ) ;
#1933 = CARTESIAN_POINT ( 'NONE',  ( 2.281848015672501200, 10.75966338029492200, -5.666648800632544600 ) ) ;
#1934 = LINE ( 'NONE', #1933, #1961 ) ;
#1935 = CARTESIAN_POINT ( 'NONE',  ( 6.830827202196103600, 6.210684193771358600, 4.874351199367454000 ) ) ;
#1936 = UNCERTAINTY_MEASURE_WITH_UNIT (LENGTH_MEASURE( 1.000000000000000100E-005 ), #1969, 'distance_accuracy_value', 'NONE');
#1937 =( NAMED_UNIT ( * ) SI_UNIT ( $, .STERADIAN. ) SOLID_ANGLE_UNIT ( ) );
#1938 =( NAMED_UNIT ( * ) PLANE_ANGLE_UNIT ( ) SI_UNIT ( $, .RADIAN. ) );
#1939 = DIRECTION ( 'NONE',  ( -1.123292760552739800E-016, 1.000000000000000000, 0.0000000000000000000 ) ) ;
#1940 = COLOUR_RGB ( '',1.000000000000000000, 0.8588235294117646500, 0.5568627450980392400 ) ;
#1941 = VECTOR ( 'NONE', #1966, 1000.000000000000000 ) ;
#1942 = DIRECTION ( 'NONE',  ( 0.0000000000000000000, 1.000000000000000000, 0.0000000000000000000 ) ) ;
#1943 = CARTESIAN_POINT ( 'NONE',  ( 0.4808272021961023700, 8.958642566818507900, 4.493351199367458200 ) ) ;
#1944 = AXIS2_PLACEMENT_3D ( 'NONE', #1943, #1942, #1986 ) ;
#1945 = CIRCLE ( 'NONE', #1944, 0.3809999999999993900 ) ;
#1946 = FACE_OUTER_BOUND ( 'NONE', #6180, .T. ) ;
#1947 = UNCERTAINTY_MEASURE_WITH_UNIT (LENGTH_MEASURE( 1.000000000000000100E-005 ), #1987, 'distance_accuracy_value', 'NONE');
#1948 = CARTESIAN_POINT ( 'NONE',  ( 0.09982720219610125000, -2.852357433181492900, 0.8738511993674558100 ) ) ;
#1949 =( NAMED_UNIT ( * ) PLANE_ANGLE_UNIT ( ) SI_UNIT ( $, .RADIAN. ) );
#1950 =( GEOMETRIC_REPRESENTATION_CONTEXT ( 3 ) GLOBAL_UNCERTAINTY_ASSIGNED_CONTEXT ( ( #1936 ) ) GLOBAL_UNIT_ASSIGNED_CONTEXT ( ( #1969, #1938, #1937 ) ) REPRESENTATION_CONTEXT ( 'NONE', 'WORKASPACE' ) );
#1951 = UNCERTAINTY_MEASURE_WITH_UNIT (LENGTH_MEASURE( 1.000000000000000100E-005 ), #1880, 'distance_accuracy_value', 'NONE');
#1952 = CARTESIAN_POINT ( 'NONE',  ( 0.4046272021961012700, 8.958642566818507900, -5.285648800632547100 ) ) ;
#1953 = PLANE ( 'NONE',  #1964 ) ;
#1954 = CYLINDRICAL_SURFACE ( 'NONE', #1976, 3.860800000000000200 ) ;
#1955 =( GEOMETRIC_REPRESENTATION_CONTEXT ( 3 ) GLOBAL_UNCERTAINTY_ASSIGNED_CONTEXT ( ( #1951 ) ) GLOBAL_UNIT_ASSIGNED_CONTEXT ( ( #1880, #1958, #1960 ) ) REPRESENTATION_CONTEXT ( 'NONE', 'WORKASPACE' ) );
#1956 =( GEOMETRIC_REPRESENTATION_CONTEXT ( 3 ) GLOBAL_UNCERTAINTY_ASSIGNED_CONTEXT ( ( #1947 ) ) GLOBAL_UNIT_ASSIGNED_CONTEXT ( ( #1987, #1949, #1971 ) ) REPRESENTATION_CONTEXT ( 'NONE', 'WORKASPACE' ) );
#1957 = FACE_OUTER_BOUND ( 'NONE', #6106, .T. ) ;
#1958 =( NAMED_UNIT ( * ) PLANE_ANGLE_UNIT ( ) SI_UNIT ( $, .RADIAN. ) );
#1959 = DIRECTION ( 'NONE',  ( 1.000000000000000000, 1.063803735850569600E-016, -0.0000000000000000000 ) ) ;
#1960 =( NAMED_UNIT ( * ) SI_UNIT ( $, .STERADIAN. ) SOLID_ANGLE_UNIT ( ) );
#1961 = VECTOR ( 'NONE', #1932, 1000.000000000000100 ) ;
#1962 = DIRECTION ( 'NONE',  ( 0.0000000000000000000, -0.0000000000000000000, 1.000000000000000000 ) ) ;
#1963 = DIRECTION ( 'NONE',  ( 0.0000000000000000000, 1.000000000000000000, 0.0000000000000000000 ) ) ;
#1964 = AXIS2_PLACEMENT_3D ( 'NONE', #1952, #1963, #1962 ) ;
#1965 = CARTESIAN_POINT ( 'NONE',  ( 4.290827202196100900, -2.801557433181493200, 4.874351199367454000 ) ) ;
#1966 = DIRECTION ( 'NONE',  ( 0.0000000000000000000, 0.0000000000000000000, -1.000000000000000000 ) ) ;
#1967 = CARTESIAN_POINT ( 'NONE',  ( 0.4808272021961015300, -2.852357433181492900, -5.361848800632545300 ) ) ;
#1968 = LINE ( 'NONE', #1967, #1941 ) ;
#1969 =( LENGTH_UNIT ( ) NAMED_UNIT ( * ) SI_UNIT ( .MILLI., .METRE. ) );
#1970 = MECHANICAL_DESIGN_GEOMETRIC_PRESENTATION_REPRESENTATION (  '', ( #1978 ), #1950 ) ;
#1971 =( NAMED_UNIT ( * ) SI_UNIT ( $, .STERADIAN. ) SOLID_ANGLE_UNIT ( ) );
#1972 = PRESENTATION_LAYER_ASSIGNMENT (  '', '', ( #1973 ) ) ;
#1973 = STYLED_ITEM ( 'NONE', ( #1974 ), #6175 ) ;
#1974 = PRESENTATION_STYLE_ASSIGNMENT (( #1975 ) ) ;
#1975 = SURFACE_STYLE_USAGE ( .BOTH. , #1989 ) ;
#1976 = AXIS2_PLACEMENT_3D ( 'NONE', #1993, #1959, #1939 ) ;
#1977 = PRESENTATION_LAYER_ASSIGNMENT (  '', '', ( #1978 ) ) ;
#1978 = STYLED_ITEM ( 'NONE', ( #1979 ), #6179 ) ;
#1979 = PRESENTATION_STYLE_ASSIGNMENT (( #1980 ) ) ;
#1980 = SURFACE_STYLE_USAGE ( .BOTH. , #1981 ) ;
#1981 = SURFACE_SIDE_STYLE ('',( #1982 ) ) ;
#1982 = SURFACE_STYLE_FILL_AREA ( #1983 ) ;
#1983 = FILL_AREA_STYLE ('',( #1984 ) ) ;
#1984 = FILL_AREA_STYLE_COLOUR ( '', #1985 ) ;
#1985 = COLOUR_RGB ( '',1.000000000000000000, 0.8588235294117646500, 0.5568627450980392400 ) ;
#1986 = DIRECTION ( 'NONE',  ( 0.0000000000000000000, 0.0000000000000000000, 1.000000000000000000 ) ) ;
#1987 =( LENGTH_UNIT ( ) NAMED_UNIT ( * ) SI_UNIT ( .MILLI., .METRE. ) );
#1988 = MECHANICAL_DESIGN_GEOMETRIC_PRESENTATION_REPRESENTATION (  '', ( #1973 ), #1956 ) ;
#1989 = SURFACE_SIDE_STYLE ('',( #1990 ) ) ;
#1990 = SURFACE_STYLE_FILL_AREA ( #1991 ) ;
#1991 = FILL_AREA_STYLE ('',( #1992 ) ) ;
#1992 = FILL_AREA_STYLE_COLOUR ( '', #1940 ) ;
#1993 = CARTESIAN_POINT ( 'NONE',  ( 0.4808272021961023700, 3.675442566818505300, -0.3961488006325448700 ) ) ;
#1994 =( NAMED_UNIT ( * ) SI_UNIT ( $, .STERADIAN. ) SOLID_ANGLE_UNIT ( ) );
#1995 =( NAMED_UNIT ( * ) PLANE_ANGLE_UNIT ( ) SI_UNIT ( $, .RADIAN. ) );
#1996 =( LENGTH_UNIT ( ) NAMED_UNIT ( * ) SI_UNIT ( .MILLI., .METRE. ) );
#1997 = MECHANICAL_DESIGN_GEOMETRIC_PRESENTATION_REPRESENTATION (  '', ( #1999 ), #2086 ) ;
#1998 = PRESENTATION_LAYER_ASSIGNMENT (  '', '', ( #1999 ) ) ;
#1999 = STYLED_ITEM ( 'NONE', ( #2000 ), #6205 ) ;
#2000 = PRESENTATION_STYLE_ASSIGNMENT (( #2001 ) ) ;
#2001 = SURFACE_STYLE_USAGE ( .BOTH. , #2002 ) ;
#2002 = SURFACE_SIDE_STYLE ('',( #2003 ) ) ;
#2003 = SURFACE_STYLE_FILL_AREA ( #2004 ) ;
#2004 = FILL_AREA_STYLE ('',( #2024 ) ) ;
#2005 = DIRECTION ( 'NONE',  ( -1.079087827969591300E-016, 1.000000000000000000, 0.0000000000000000000 ) ) ;
#2006 = DIRECTION ( 'NONE',  ( 1.000000000000000000, 1.063803735850569600E-016, -0.0000000000000000000 ) ) ;
#2007 = AXIS2_PLACEMENT_3D ( 'NONE', #2044, #2006, #2005 ) ;
#2008 = CIRCLE ( 'NONE', #2007, 5.023697535934291000 ) ;
#2009 =( LENGTH_UNIT ( ) NAMED_UNIT ( * ) SI_UNIT ( .MILLI., .METRE. ) );
#2010 = MECHANICAL_DESIGN_GEOMETRIC_PRESENTATION_REPRESENTATION (  '', ( #2013 ), #2037 ) ;
#2011 = CARTESIAN_POINT ( 'NONE',  ( 0.4808272021960943700, 2.305104848625889600, -4.531669039259841500 ) ) ;
#2012 = PRESENTATION_LAYER_ASSIGNMENT (  '', '', ( #2013 ) ) ;
#2013 = STYLED_ITEM ( 'NONE', ( #2014 ), #6194 ) ;
#2014 = PRESENTATION_STYLE_ASSIGNMENT (( #2015 ) ) ;
#2015 = SURFACE_STYLE_USAGE ( .BOTH. , #2016 ) ;
#2016 = SURFACE_SIDE_STYLE ('',( #2017 ) ) ;
#2017 = SURFACE_STYLE_FILL_AREA ( #2018 ) ;
#2018 = FILL_AREA_STYLE ('',( #2084 ) ) ;
#2019 = COLOUR_RGB ( '',1.000000000000000000, 0.8588235294117646500, 0.5568627450980392400 ) ;
#2020 = FACE_OUTER_BOUND ( 'NONE', #6314, .T. ) ;
#2021 = CONICAL_SURFACE ( 'NONE', #2048, 5.023697535934291000, 0.7469237487433119100 ) ;
#2022 = B_SPLINE_CURVE_WITH_KNOTS ( 'NONE', 3,
 ( #2070, #2069, #2068, #2067, #2066, #2065, #2085 ),
 .UNSPECIFIED., .F., .F.,
 ( 4, 3, 4 ),
 ( 0.0000000000000000000, 0.0001069697668609299400, 0.0002184514312552002400 ),
 .UNSPECIFIED. ) ;
#2023 = DIRECTION ( 'NONE',  ( 1.000000000000000000, 1.063803735850569600E-016, -0.0000000000000000000 ) ) ;
#2024 = FILL_AREA_STYLE_COLOUR ( '', #2025 ) ;
#2025 = COLOUR_RGB ( '',1.000000000000000000, 0.8588235294117646500, 0.5568627450980392400 ) ;
#2026 = FACE_OUTER_BOUND ( 'NONE', #6232, .T. ) ;
#2027 = CARTESIAN_POINT ( 'NONE',  ( 0.4046272021961012700, -2.801557433181492800, -1.666148800632544200 ) ) ;
#2028 = CARTESIAN_POINT ( 'NONE',  ( 0.4046272021961030400, -2.852357433181492900, 4.493351199367458200 ) ) ;
#2029 = DIRECTION ( 'NONE',  ( -0.0000000000000000000, -1.000000000000000000, -0.0000000000000000000 ) ) ;
#2030 = VECTOR ( 'NONE', #2029, 1000.000000000000000 ) ;
#2031 = CARTESIAN_POINT ( 'NONE',  ( 0.4046272021961030400, 8.958642566818507900, 4.493351199367458200 ) ) ;
#2032 = LINE ( 'NONE', #2031, #2030 ) ;
#2033 = CARTESIAN_POINT ( 'NONE',  ( 0.4808272021963851400, 2.305336228656969000, -4.495702482548664700 ) ) ;
#2034 = DIRECTION ( 'NONE',  ( 8.869636343065785700E-017, -0.0000000000000000000, 1.000000000000000000 ) ) ;
#2035 = VECTOR ( 'NONE', #2034, 1000.000000000000000 ) ;
#2036 = CARTESIAN_POINT ( 'NONE',  ( 0.09982720219610125000, 2.303842566818503200, -5.285648800632547100 ) ) ;
#2037 =( GEOMETRIC_REPRESENTATION_CONTEXT ( 3 ) GLOBAL_UNCERTAINTY_ASSIGNED_CONTEXT ( ( #2038 ) ) GLOBAL_UNIT_ASSIGNED_CONTEXT ( ( #2009, #1995, #1994 ) ) REPRESENTATION_CONTEXT ( 'NONE', 'WORKASPACE' ) );
#2038 = UNCERTAINTY_MEASURE_WITH_UNIT (LENGTH_MEASURE( 1.000000000000000100E-005 ), #2009, 'distance_accuracy_value', 'NONE');
#2039 = DIRECTION ( 'NONE',  ( -1.003323020872234500E-016, 1.000000000000000000, 0.0000000000000000000 ) ) ;
#2040 = DIRECTION ( 'NONE',  ( 1.000000000000000000, 1.063803735850569600E-016, -0.0000000000000000000 ) ) ;
#2041 = CARTESIAN_POINT ( 'NONE',  ( 0.4808272021961032500, 3.675442566818505300, -0.3961488006325448700 ) ) ;
#2042 = AXIS2_PLACEMENT_3D ( 'NONE', #2041, #2040, #2039 ) ;
#2043 = CIRCLE ( 'NONE', #2042, 4.322445114607090100 ) ;
#2044 = CARTESIAN_POINT ( 'NONE',  ( 0.4808272021961032500, 3.675442566818505300, -0.3961488006325448700 ) ) ;
#2045 = DIRECTION ( 'NONE',  ( 0.0000000000000000000, 0.0000000000000000000, -1.000000000000000000 ) ) ;
#2046 = DIRECTION ( 'NONE',  ( -0.0000000000000000000, -1.000000000000000000, -0.0000000000000000000 ) ) ;
#2047 = AXIS2_PLACEMENT_3D ( 'NONE', #2057, #2046, #2045 ) ;
#2048 = AXIS2_PLACEMENT_3D ( 'NONE', #2072, #2023, #2051 ) ;
#2049 = CARTESIAN_POINT ( 'NONE',  ( 0.4808272021961032500, 2.304622430037110100, -4.603602024447825500 ) ) ;
#2050 = CARTESIAN_POINT ( 'NONE',  ( 0.4808272021961032500, 2.304867470034219300, -4.567635558196176500 ) ) ;
#2051 = DIRECTION ( 'NONE',  ( -1.079087827969591300E-016, 1.000000000000000000, 0.0000000000000000000 ) ) ;
#2052 = CARTESIAN_POINT ( 'NONE',  ( 0.4808272021961032500, 2.303842566818503200, -5.228979272783649700 ) ) ;
#2053 = B_SPLINE_CURVE_WITH_KNOTS ( 'NONE', 3,
 ( #2033, #2011, #2050, #2049, #2076, #2075, #2071 ),
 .UNSPECIFIED., .F., .F.,
 ( 4, 3, 4 ),
 ( 0.0002237465373502110500, 0.0003316484373717779300, 0.0004421979623378699500 ),
 .UNSPECIFIED. ) ;
#2054 = LINE ( 'NONE', #2036, #2035 ) ;
#2055 = CARTESIAN_POINT ( 'NONE',  ( 0.09982720219960626600, 2.303842566818503200, 4.068872498875509600 ) ) ;
#2056 = B_SPLINE_CURVE_WITH_KNOTS ( 'NONE', 3,
 ( #2074, #2073, #2078, #2077 ),
 .UNSPECIFIED., .F., .F.,
 ( 4, 4 ),
 ( 0.001196602320342634500, 0.001302389538955156500 ),
 .UNSPECIFIED. ) ;
#2057 = CARTESIAN_POINT ( 'NONE',  ( 0.4808272021961015300, 8.958642566818507900, -5.285648800632547100 ) ) ;
#2058 = CYLINDRICAL_SURFACE ( 'NONE', #2047, 0.3809999999999993900 ) ;
#2059 = DIRECTION ( 'NONE',  ( 0.0000000000000000000, 0.0000000000000000000, -1.000000000000000000 ) ) ;
#2060 = DIRECTION ( 'NONE',  ( -0.0000000000000000000, -1.000000000000000000, -0.0000000000000000000 ) ) ;
#2061 = AXIS2_PLACEMENT_3D ( 'NONE', #2064, #2060, #2059 ) ;
#2062 = CYLINDRICAL_SURFACE ( 'NONE', #2061, 0.07619999999999935200 ) ;
#2063 = B_SPLINE_CURVE_WITH_KNOTS ( 'NONE', 3,
 ( #2142, #2222, #2173, #2190 ),
 .UNSPECIFIED., .F., .F.,
 ( 4, 4 ),
 ( 0.0000000000000000000, 1.000000000000000000 ),
 .UNSPECIFIED. ) ;
#2064 = CARTESIAN_POINT ( 'NONE',  ( 0.4808272021961023700, 8.958642566818507900, 4.493351199367458200 ) ) ;
#2065 = CARTESIAN_POINT ( 'NONE',  ( 0.4808272021961006400, 2.305097172347764000, 3.740564666688742900 ) ) ;
#2066 = CARTESIAN_POINT ( 'NONE',  ( 0.4808272021960997600, 2.304851716783952800, 3.777724411824663300 ) ) ;
#2067 = CARTESIAN_POINT ( 'NONE',  ( 0.4808272021960997600, 2.304598016100685600, 3.814884100132858200 ) ) ;
#2068 = CARTESIAN_POINT ( 'NONE',  ( 0.4808272021960997600, 2.304354583214926100, 3.850539858100390200 ) ) ;
#2069 = CARTESIAN_POINT ( 'NONE',  ( 0.4808272021961032500, 2.304103585680113800, 3.886195565801873200 ) ) ;
#2070 = CARTESIAN_POINT ( 'NONE',  ( 0.4808272021961032500, 2.303842566818503200, 3.921851199367455200 ) ) ;
#2071 = CARTESIAN_POINT ( 'NONE',  ( 0.4808272021961032500, 2.303842566818503200, -4.714148800632544000 ) ) ;
#2072 = CARTESIAN_POINT ( 'NONE',  ( 0.4808272021961032500, 3.675442566818505300, -0.3961488006325448700 ) ) ;
#2073 = CARTESIAN_POINT ( 'NONE',  ( 0.4554201865898931900, 2.303842566818503200, -5.204526726080751500 ) ) ;
#2074 = CARTESIAN_POINT ( 'NONE',  ( 0.4808272021961032500, 2.303842566818503200, -5.228979272783649700 ) ) ;
#2075 = CARTESIAN_POINT ( 'NONE',  ( 0.4808272021961032500, 2.304112320717440500, -4.677299945672224600 ) ) ;
#2076 = CARTESIAN_POINT ( 'NONE',  ( 0.4808272021961032500, 2.304371377413988200, -4.640451011565969200 ) ) ;
#2077 = CARTESIAN_POINT ( 'NONE',  ( 0.4046272021961012700, 2.303842566818503200, -5.155599770601879700 ) ) ;
#2078 = CARTESIAN_POINT ( 'NONE',  ( 0.4300200802527797100, 2.303842566818503200, -5.180066998198610900 ) ) ;
#2079 = CARTESIAN_POINT ( 'NONE',  ( 0.4046272021961021500, 5.047042566818506200, 4.493351199367458200 ) ) ;
#2080 = DIRECTION ( 'NONE',  ( -0.0000000000000000000, -1.000000000000000000, -0.0000000000000000000 ) ) ;
#2081 = VECTOR ( 'NONE', #2080, 1000.000000000000000 ) ;
#2082 = CARTESIAN_POINT ( 'NONE',  ( 0.4046272021961012700, 8.958642566818507900, -5.285648800632547100 ) ) ;
#2083 = LINE ( 'NONE', #2082, #2081 ) ;
#2084 = FILL_AREA_STYLE_COLOUR ( '', #2019 ) ;
#2085 = CARTESIAN_POINT ( 'NONE',  ( 0.4808272021961032500, 2.305336228657117300, 3.703404881284631900 ) ) ;
#2086 =( GEOMETRIC_REPRESENTATION_CONTEXT ( 3 ) GLOBAL_UNCERTAINTY_ASSIGNED_CONTEXT ( ( #2087 ) ) GLOBAL_UNIT_ASSIGNED_CONTEXT ( ( #1996, #2089, #2088 ) ) REPRESENTATION_CONTEXT ( 'NONE', 'WORKASPACE' ) );
#2087 = UNCERTAINTY_MEASURE_WITH_UNIT (LENGTH_MEASURE( 1.000000000000000100E-005 ), #1996, 'distance_accuracy_value', 'NONE');
#2088 =( NAMED_UNIT ( * ) SI_UNIT ( $, .STERADIAN. ) SOLID_ANGLE_UNIT ( ) );
#2089 =( NAMED_UNIT ( * ) PLANE_ANGLE_UNIT ( ) SI_UNIT ( $, .RADIAN. ) );
#2090 = CARTESIAN_POINT ( 'NONE',  ( -0.09963133549365996200, 3.408310323731312200, 3.921851199367455200 ) ) ;
#2091 = CARTESIAN_POINT ( 'NONE',  ( 0.01333585849831210600, 4.786902578799996800, 3.921851199367455200 ) ) ;
#2092 = B_SPLINE_CURVE_WITH_KNOTS ( 'NONE', 3,
 ( #2108, #2107, #2106, #2105 ),
 .UNSPECIFIED., .F., .F.,
 ( 4, 4 ),
 ( 0.0000000000000000000, 1.000000000000000000 ),
 .UNSPECIFIED. ) ;
#2093 = CARTESIAN_POINT ( 'NONE',  ( 0.001715104918703289100, 2.636593711711547000, 3.921851199367455200 ) ) ;
#2094 = CARTESIAN_POINT ( 'NONE',  ( 0.02117565392942690600, 2.527096041600381600, 3.924663795467976200 ) ) ;
#2095 = CARTESIAN_POINT ( 'NONE',  ( 0.03832847772879526000, 2.416131230680811400, 3.924865504310121700 ) ) ;
#2096 = CARTESIAN_POINT ( 'NONE',  ( 0.05294814900327644200, 2.303842566818503200, 3.921851199367455200 ) ) ;
#2097 = B_SPLINE_CURVE_WITH_KNOTS ( 'NONE', 3,
 ( #2096, #2095, #2094, #2093 ),
 .UNSPECIFIED., .F., .F.,
 ( 4, 4 ),
 ( 0.0000000000000000000, 1.000000000000000000 ),
 .UNSPECIFIED. ) ;
#2098 =( NAMED_UNIT ( * ) PLANE_ANGLE_UNIT ( ) SI_UNIT ( $, .RADIAN. ) );
#2099 = FILL_AREA_STYLE ('',( #2126 ) ) ;
#2100 = CARTESIAN_POINT ( 'NONE',  ( 0.4808272021961023700, 8.699140102752796400, -0.3961488006325448700 ) ) ;
#2101 = PLANE ( 'NONE',  #2134 ) ;
#2102 =( LENGTH_UNIT ( ) NAMED_UNIT ( * ) SI_UNIT ( .MILLI., .METRE. ) );
#2103 = SURFACE_SIDE_STYLE ('',( #2128 ) ) ;
#2104 = COLOUR_RGB ( '',1.000000000000000000, 0.8588235294117646500, 0.5568627450980392400 ) ;
#2105 = CARTESIAN_POINT ( 'NONE',  ( 0.01333585849831210600, 4.786902578799996800, 3.921851199367455200 ) ) ;
#2106 = CARTESIAN_POINT ( 'NONE',  ( -0.01561950361683322800, 4.605068647978667300, 3.921851199367458700 ) ) ;
#2107 = CARTESIAN_POINT ( 'NONE',  ( -0.04372094140475491600, 4.435696181129984000, 3.921851199367495200 ) ) ;
#2108 = CARTESIAN_POINT ( 'NONE',  ( -0.06502774658888754700, 4.275377380723164800, 3.921851199367455200 ) ) ;
#2109 = CARTESIAN_POINT ( 'NONE',  ( 0.05294814900327644200, 2.303842566818503200, 3.921851199367455200 ) ) ;
#2110 = PRESENTATION_STYLE_ASSIGNMENT (( #2131 ) ) ;
#2111 = B_SPLINE_CURVE_WITH_KNOTS ( 'NONE', 3,
 ( #2119, #2118, #2117, #2116 ),
 .UNSPECIFIED., .F., .F.,
 ( 4, 4 ),
 ( 0.0000000000000000000, 1.000000000000000000 ),
 .UNSPECIFIED. ) ;
#2112 = CARTESIAN_POINT ( 'NONE',  ( -0.09963133549365996200, 3.408310323731312200, 3.921851199367455200 ) ) ;
#2113 = CARTESIAN_POINT ( 'NONE',  ( -0.09122750855846302500, 3.287180985750290100, 3.921851199367455200 ) ) ;
#2114 = CARTESIAN_POINT ( 'NONE',  ( -0.07704269459062403100, 3.160941487945069000, 3.921851199367751800 ) ) ;
#2115 = CARTESIAN_POINT ( 'NONE',  ( -0.07536788897774364400, 4.193918049506103300, 3.921851199367455200 ) ) ;
#2116 = CARTESIAN_POINT ( 'NONE',  ( -0.07536788897774364400, 4.193918049506103300, 3.921851199367455200 ) ) ;
#2117 = CARTESIAN_POINT ( 'NONE',  ( -0.08080901611234166100, 4.141779132522655600, 3.922694051658608000 ) ) ;
#2118 = CARTESIAN_POINT ( 'NONE',  ( -0.08634737071648582200, 4.089732480640559900, 3.922690303708146900 ) ) ;
#2119 = CARTESIAN_POINT ( 'NONE',  ( -0.09197933528664638300, 4.037801752193384000, 3.921851199367455200 ) ) ;
#2120 = FACE_OUTER_BOUND ( 'NONE', #6286, .T. ) ;
#2121 = CARTESIAN_POINT ( 'NONE',  ( -0.05861368088875586200, 3.028349050872901800, 3.921851199367455200 ) ) ;
#2122 = B_SPLINE_CURVE_WITH_KNOTS ( 'NONE', 3,
 ( #2121, #2114, #2113, #2112 ),
 .UNSPECIFIED., .F., .F.,
 ( 4, 4 ),
 ( 0.0000000000000000000, 1.000000000000000000 ),
 .UNSPECIFIED. ) ;
#2123 = MECHANICAL_DESIGN_GEOMETRIC_PRESENTATION_REPRESENTATION (  '', ( #2124 ), #2130 ) ;
#2124 = STYLED_ITEM ( 'NONE', ( #2110 ), #6206 ) ;
#2125 = UNCERTAINTY_MEASURE_WITH_UNIT (LENGTH_MEASURE( 1.000000000000000100E-005 ), #2102, 'distance_accuracy_value', 'NONE');
#2126 = FILL_AREA_STYLE_COLOUR ( '', #2104 ) ;
#2127 =( NAMED_UNIT ( * ) SI_UNIT ( $, .STERADIAN. ) SOLID_ANGLE_UNIT ( ) );
#2128 = SURFACE_STYLE_FILL_AREA ( #2099 ) ;
#2129 = PRESENTATION_LAYER_ASSIGNMENT (  '', '', ( #2124 ) ) ;
#2130 =( GEOMETRIC_REPRESENTATION_CONTEXT ( 3 ) GLOBAL_UNCERTAINTY_ASSIGNED_CONTEXT ( ( #2125 ) ) GLOBAL_UNIT_ASSIGNED_CONTEXT ( ( #2102, #2098, #2127 ) ) REPRESENTATION_CONTEXT ( 'NONE', 'WORKASPACE' ) );
#2131 = SURFACE_STYLE_USAGE ( .BOTH. , #2103 ) ;
#2132 = DIRECTION ( 'NONE',  ( -1.063803735850569600E-016, 1.000000000000000000, 0.0000000000000000000 ) ) ;
#2133 = DIRECTION ( 'NONE',  ( 1.000000000000000000, 1.063803735850569600E-016, -0.0000000000000000000 ) ) ;
#2134 = AXIS2_PLACEMENT_3D ( 'NONE', #2100, #2133, #2132 ) ;
#2135 = CARTESIAN_POINT ( 'NONE',  ( 0.09982720219610212400, 2.303842566818503200, -5.285648800632547100 ) ) ;
#2136 = UNCERTAINTY_MEASURE_WITH_UNIT (LENGTH_MEASURE( 1.000000000000000100E-005 ), #2176, 'distance_accuracy_value', 'NONE');
#2137 = FILL_AREA_STYLE_COLOUR ( '', #2225 ) ;
#2138 = CARTESIAN_POINT ( 'NONE',  ( 0.08842559293121206300, 5.047042566818506200, 4.018905549417948600 ) ) ;
#2139 = CARTESIAN_POINT ( 'NONE',  ( 0.06349139959733032800, 5.047042566818507000, 3.945400143149526300 ) ) ;
#2140 = MECHANICAL_DESIGN_GEOMETRIC_PRESENTATION_REPRESENTATION (  '', ( #2216 ), #2204 ) ;
#2141 = PRESENTATION_LAYER_ASSIGNMENT (  '', '', ( #2216 ) ) ;
#2142 = CARTESIAN_POINT ( 'NONE',  ( 0.01333585849831210600, 4.786902578799996800, 3.921851199367455200 ) ) ;
#2143 = B_SPLINE_CURVE_WITH_KNOTS ( 'NONE', 3,
 ( #2174, #2139, #2213, #2138, #2221, #2149 ),
 .UNSPECIFIED., .F., .F.,
 ( 4, 2, 4 ),
 ( 0.003982239607878925400, 0.004058870349734452300, 0.004135501091589978400 ),
 .UNSPECIFIED. ) ;
#2144 = CARTESIAN_POINT ( 'NONE',  ( 0.4808272021961023700, 8.958642566818507900, 4.493351199367458200 ) ) ;
#2145 = CARTESIAN_POINT ( 'NONE',  ( 0.4046272021961021500, 2.303842566818503200, 4.493351199367458200 ) ) ;
#2146 =( GEOMETRIC_REPRESENTATION_CONTEXT ( 3 ) GLOBAL_UNCERTAINTY_ASSIGNED_CONTEXT ( ( #2201 ) ) GLOBAL_UNIT_ASSIGNED_CONTEXT ( ( #2147, #2203, #2202 ) ) REPRESENTATION_CONTEXT ( 'NONE', 'WORKASPACE' ) );
#2147 =( LENGTH_UNIT ( ) NAMED_UNIT ( * ) SI_UNIT ( .MILLI., .METRE. ) );
#2148 = MECHANICAL_DESIGN_GEOMETRIC_PRESENTATION_REPRESENTATION (  '', ( #2193 ), #2146 ) ;
#2149 = CARTESIAN_POINT ( 'NONE',  ( 0.09982720220235927200, 5.047042566818506200, 4.068872498874011300 ) ) ;
#2150 = TOROIDAL_SURFACE ( 'NONE', #2172, 4.800600000000000200, 0.6350000000000000100 ) ;
#2151 = DIRECTION ( 'NONE',  ( 0.0000000000000000000, -0.0000000000000000000, 1.000000000000000000 ) ) ;
#2152 = VECTOR ( 'NONE', #2151, 1000.000000000000000 ) ;
#2153 = CARTESIAN_POINT ( 'NONE',  ( 0.4808272021961032500, 2.303842566818503200, -0.3961488006325448700 ) ) ;
#2154 = FILL_AREA_STYLE_COLOUR ( '', #2199 ) ;
#2155 = SURFACE_STYLE_FILL_AREA ( #2156 ) ;
#2156 = FILL_AREA_STYLE ('',( #2137 ) ) ;
#2157 =( LENGTH_UNIT ( ) NAMED_UNIT ( * ) SI_UNIT ( .MILLI., .METRE. ) );
#2158 = MECHANICAL_DESIGN_GEOMETRIC_PRESENTATION_REPRESENTATION (  '', ( #2160 ), #2297 ) ;
#2159 = PRESENTATION_LAYER_ASSIGNMENT (  '', '', ( #2160 ) ) ;
#2160 = STYLED_ITEM ( 'NONE', ( #2161 ), #6248 ) ;
#2161 = PRESENTATION_STYLE_ASSIGNMENT (( #2162 ) ) ;
#2162 = SURFACE_STYLE_USAGE ( .BOTH. , #2163 ) ;
#2163 = SURFACE_SIDE_STYLE ('',( #2164 ) ) ;
#2164 = SURFACE_STYLE_FILL_AREA ( #2165 ) ;
#2165 = FILL_AREA_STYLE ('',( #2166 ) ) ;
#2166 = FILL_AREA_STYLE_COLOUR ( '', #2167 ) ;
#2167 = COLOUR_RGB ( '',1.000000000000000000, 0.8588235294117646500, 0.5568627450980392400 ) ;
#2168 = FACE_OUTER_BOUND ( 'NONE', #6191, .T. ) ;
#2169 = CARTESIAN_POINT ( 'NONE',  ( 0.4808272021961032500, 2.303842566818503200, 4.436681671518560900 ) ) ;
#2170 = CARTESIAN_POINT ( 'NONE',  ( 0.4046272021961021500, 5.047042566818506200, -5.285648800632547100 ) ) ;
#2171 = CARTESIAN_POINT ( 'NONE',  ( -0.5217947690564633800, 3.675442566818505300, -0.3961488006325448700 ) ) ;
#2172 = AXIS2_PLACEMENT_3D ( 'NONE', #2171, #2206, #2205 ) ;
#2173 = CARTESIAN_POINT ( 'NONE',  ( 0.04131102422062196700, 4.959466381171733200, 3.923677343794231400 ) ) ;
#2174 = CARTESIAN_POINT ( 'NONE',  ( 0.05294814900327037000, 5.047042566818504400, 3.921851199367455200 ) ) ;
#2175 = CARTESIAN_POINT ( 'NONE',  ( 0.05294814900327037000, 5.047042566818504400, 3.921851199367455200 ) ) ;
#2176 =( LENGTH_UNIT ( ) NAMED_UNIT ( * ) SI_UNIT ( .MILLI., .METRE. ) );
#2177 = DIRECTION ( 'NONE',  ( -8.869636343065785700E-017, 0.0000000000000000000, -1.000000000000000000 ) ) ;
#2178 = VECTOR ( 'NONE', #2177, 1000.000000000000000 ) ;
#2179 = CARTESIAN_POINT ( 'NONE',  ( 0.4046272021961012700, 5.047042566818506200, -5.285648800632547100 ) ) ;
#2180 = DIRECTION ( 'NONE',  ( 0.0000000000000000000, 0.0000000000000000000, -1.000000000000000000 ) ) ;
#2181 = DIRECTION ( 'NONE',  ( 0.0000000000000000000, -1.000000000000000000, -0.0000000000000000000 ) ) ;
#2182 = CARTESIAN_POINT ( 'NONE',  ( 0.4808272021961023700, 5.047042566818506200, 4.493351199367458200 ) ) ;
#2183 = AXIS2_PLACEMENT_3D ( 'NONE', #2182, #2181, #2180 ) ;
#2184 = CIRCLE ( 'NONE', #2183, 0.07619999999999935200 ) ;
#2185 = LINE ( 'NONE', #2179, #2178 ) ;
#2186 = DIRECTION ( 'NONE',  ( 0.0000000000000000000, 0.0000000000000000000, -1.000000000000000000 ) ) ;
#2187 = DIRECTION ( 'NONE',  ( -0.0000000000000000000, -1.000000000000000000, -0.0000000000000000000 ) ) ;
#2188 = AXIS2_PLACEMENT_3D ( 'NONE', #2144, #2187, #2186 ) ;
#2189 = CYLINDRICAL_SURFACE ( 'NONE', #2188, 0.07619999999999935200 ) ;
#2190 = CARTESIAN_POINT ( 'NONE',  ( 0.05294814900327037000, 5.047042566818504400, 3.921851199367455200 ) ) ;
#2191 = FACE_OUTER_BOUND ( 'NONE', #6229, .T. ) ;
#2192 = PRESENTATION_LAYER_ASSIGNMENT (  '', '', ( #2193 ) ) ;
#2193 = STYLED_ITEM ( 'NONE', ( #2194 ), #6236 ) ;
#2194 = PRESENTATION_STYLE_ASSIGNMENT (( #2195 ) ) ;
#2195 = SURFACE_STYLE_USAGE ( .BOTH. , #2196 ) ;
#2196 = SURFACE_SIDE_STYLE ('',( #2197 ) ) ;
#2197 = SURFACE_STYLE_FILL_AREA ( #2198 ) ;
#2198 = FILL_AREA_STYLE ('',( #2154 ) ) ;
#2199 = COLOUR_RGB ( '',1.000000000000000000, 0.8588235294117646500, 0.5568627450980392400 ) ;
#2200 = FACE_OUTER_BOUND ( 'NONE', #6237, .T. ) ;
#2201 = UNCERTAINTY_MEASURE_WITH_UNIT (LENGTH_MEASURE( 1.000000000000000100E-005 ), #2147, 'distance_accuracy_value', 'NONE');
#2202 =( NAMED_UNIT ( * ) SI_UNIT ( $, .STERADIAN. ) SOLID_ANGLE_UNIT ( ) );
#2203 =( NAMED_UNIT ( * ) PLANE_ANGLE_UNIT ( ) SI_UNIT ( $, .RADIAN. ) );
#2204 =( GEOMETRIC_REPRESENTATION_CONTEXT ( 3 ) GLOBAL_UNCERTAINTY_ASSIGNED_CONTEXT ( ( #2136 ) ) GLOBAL_UNIT_ASSIGNED_CONTEXT ( ( #2176, #2214, #2215 ) ) REPRESENTATION_CONTEXT ( 'NONE', 'WORKASPACE' ) );
#2205 = DIRECTION ( 'NONE',  ( -1.063803735850569600E-016, 1.000000000000000000, 0.0000000000000000000 ) ) ;
#2206 = DIRECTION ( 'NONE',  ( 1.000000000000000000, 1.063803735850569600E-016, -0.0000000000000000000 ) ) ;
#2207 = DIRECTION ( 'NONE',  ( 0.0000000000000000000, 0.0000000000000000000, -1.000000000000000000 ) ) ;
#2208 = DIRECTION ( 'NONE',  ( 0.0000000000000000000, -1.000000000000000000, 0.0000000000000000000 ) ) ;
#2209 = CARTESIAN_POINT ( 'NONE',  ( 0.4808272021961015300, 2.303842566818503200, -5.285648800632547100 ) ) ;
#2210 = AXIS2_PLACEMENT_3D ( 'NONE', #2209, #2208, #2207 ) ;
#2211 = CIRCLE ( 'NONE', #2210, 0.3809999999999993900 ) ;
#2212 = LINE ( 'NONE', #2153, #2152 ) ;
#2213 = CARTESIAN_POINT ( 'NONE',  ( 0.07271411658728455000, 5.047042566818507000, 3.969564844539187100 ) ) ;
#2214 =( NAMED_UNIT ( * ) PLANE_ANGLE_UNIT ( ) SI_UNIT ( $, .RADIAN. ) );
#2215 =( NAMED_UNIT ( * ) SI_UNIT ( $, .STERADIAN. ) SOLID_ANGLE_UNIT ( ) );
#2216 = STYLED_ITEM ( 'NONE', ( #2217 ), #6228 ) ;
#2217 = PRESENTATION_STYLE_ASSIGNMENT (( #2223 ) ) ;
#2218 = UNCERTAINTY_MEASURE_WITH_UNIT (LENGTH_MEASURE( 1.000000000000000100E-005 ), #2157, 'distance_accuracy_value', 'NONE');
#2219 =( NAMED_UNIT ( * ) SI_UNIT ( $, .STERADIAN. ) SOLID_ANGLE_UNIT ( ) );
#2220 =( NAMED_UNIT ( * ) PLANE_ANGLE_UNIT ( ) SI_UNIT ( $, .RADIAN. ) );
#2221 = CARTESIAN_POINT ( 'NONE',  ( 0.09482563051029904700, 5.047042566818507000, 4.043787422209697400 ) ) ;
#2222 = CARTESIAN_POINT ( 'NONE',  ( 0.02807012201367845700, 4.872728708024677500, 3.923576336433744600 ) ) ;
#2223 = SURFACE_STYLE_USAGE ( .BOTH. , #2224 ) ;
#2224 = SURFACE_SIDE_STYLE ('',( #2155 ) ) ;
#2225 = COLOUR_RGB ( '',1.000000000000000000, 0.8588235294117646500, 0.5568627450980392400 ) ;
#2226 = PRESENTATION_LAYER_ASSIGNMENT (  '', '', ( #2247 ) ) ;
#2227 = PRESENTATION_STYLE_ASSIGNMENT (( #2497 ) ) ;
#2228 = DIRECTION ( 'NONE',  ( 0.0000000000000000000, 1.000000000000000000, 0.0000000000000000000 ) ) ;
#2229 = VECTOR ( 'NONE', #2228, 1000.000000000000000 ) ;
#2230 = CARTESIAN_POINT ( 'NONE',  ( 0.09982720219610125000, -2.852357433181492900, 0.8738511993674558100 ) ) ;
#2231 = LINE ( 'NONE', #2230, #2229 ) ;
#2232 = PLANE ( 'NONE',  #2252 ) ;
#2233 =( GEOMETRIC_REPRESENTATION_CONTEXT ( 3 ) GLOBAL_UNCERTAINTY_ASSIGNED_CONTEXT ( ( #2254 ) ) GLOBAL_UNIT_ASSIGNED_CONTEXT ( ( #2277, #2285, #2255 ) ) REPRESENTATION_CONTEXT ( 'NONE', 'WORKASPACE' ) );
#2234 =( NAMED_UNIT ( * ) PLANE_ANGLE_UNIT ( ) SI_UNIT ( $, .RADIAN. ) );
#2235 = CARTESIAN_POINT ( 'NONE',  ( 0.09982720219610212400, 5.047042566818506200, -5.285648800632547100 ) ) ;
#2236 = DIRECTION ( 'NONE',  ( -0.0000000000000000000, -1.000000000000000000, -0.0000000000000000000 ) ) ;
#2237 = VECTOR ( 'NONE', #2236, 1000.000000000000000 ) ;
#2238 = CARTESIAN_POINT ( 'NONE',  ( 0.09982720219610212400, 8.958642566818507900, 4.493351199367458200 ) ) ;
#2239 = PRESENTATION_LAYER_ASSIGNMENT (  '', '', ( #2240 ) ) ;
#2240 = STYLED_ITEM ( 'NONE', ( #2241 ), #6262 ) ;
#2241 = PRESENTATION_STYLE_ASSIGNMENT (( #2242 ) ) ;
#2242 = SURFACE_STYLE_USAGE ( .BOTH. , #2243 ) ;
#2243 = SURFACE_SIDE_STYLE ('',( #2244 ) ) ;
#2244 = SURFACE_STYLE_FILL_AREA ( #2245 ) ;
#2245 = FILL_AREA_STYLE ('',( #2269 ) ) ;
#2246 = COLOUR_RGB ( '',1.000000000000000000, 0.8588235294117646500, 0.5568627450980392400 ) ;
#2247 = STYLED_ITEM ( 'NONE', ( #2276 ), #6251 ) ;
#2248 = AXIS2_PLACEMENT_3D ( 'NONE', #2249, #2287, #2281 ) ;
#2249 = CARTESIAN_POINT ( 'NONE',  ( 0.4046272021961012700, 8.958642566818507900, -5.285648800632547100 ) ) ;
#2250 = DIRECTION ( 'NONE',  ( 1.000000000000000000, 0.0000000000000000000, -8.869636343065785700E-017 ) ) ;
#2251 = CARTESIAN_POINT ( 'NONE',  ( 0.4046272021961012700, 8.958642566818507900, -5.285648800632547100 ) ) ;
#2252 = AXIS2_PLACEMENT_3D ( 'NONE', #2251, #2250, #2302 ) ;
#2253 = CIRCLE ( 'NONE', #2301, 0.07619999999999892100 ) ;
#2254 = UNCERTAINTY_MEASURE_WITH_UNIT (LENGTH_MEASURE( 1.000000000000000100E-005 ), #2277, 'distance_accuracy_value', 'NONE');
#2255 =( NAMED_UNIT ( * ) SI_UNIT ( $, .STERADIAN. ) SOLID_ANGLE_UNIT ( ) );
#2256 = FACE_OUTER_BOUND ( 'NONE', #6321, .T. ) ;
#2257 = DIRECTION ( 'NONE',  ( 8.869636343065785700E-017, 0.0000000000000000000, 1.000000000000000000 ) ) ;
#2258 = VECTOR ( 'NONE', #2257, 1000.000000000000000 ) ;
#2259 = CARTESIAN_POINT ( 'NONE',  ( 0.09982720219610125000, 5.047042566818506200, -5.285648800632547100 ) ) ;
#2260 = LINE ( 'NONE', #2259, #2258 ) ;
#2261 = SURFACE_SIDE_STYLE ('',( #2293 ) ) ;
#2262 = PLANE ( 'NONE',  #2248 ) ;
#2263 = UNCERTAINTY_MEASURE_WITH_UNIT (LENGTH_MEASURE( 1.000000000000000100E-005 ), #2303, 'distance_accuracy_value', 'NONE');
#2264 = FACE_OUTER_BOUND ( 'NONE', #6201, .T. ) ;
#2265 = DIRECTION ( 'NONE',  ( -8.869636343065785700E-017, 0.0000000000000000000, -1.000000000000000000 ) ) ;
#2266 = VECTOR ( 'NONE', #2265, 1000.000000000000000 ) ;
#2267 = CARTESIAN_POINT ( 'NONE',  ( 0.09982720219610125000, 2.303842566818503200, -5.285648800632547100 ) ) ;
#2268 = LINE ( 'NONE', #2267, #2266 ) ;
#2269 = FILL_AREA_STYLE_COLOUR ( '', #2246 ) ;
#2270 = LINE ( 'NONE', #2296, #2295 ) ;
#2271 = DIRECTION ( 'NONE',  ( -8.869636343065785700E-017, 0.0000000000000000000, -1.000000000000000000 ) ) ;
#2272 = DIRECTION ( 'NONE',  ( 1.000000000000000000, 0.0000000000000000000, -8.869636343065785700E-017 ) ) ;
#2273 = CARTESIAN_POINT ( 'NONE',  ( 0.09982720219610125000, 8.958642566818507900, -5.285648800632547100 ) ) ;
#2274 = MECHANICAL_DESIGN_GEOMETRIC_PRESENTATION_REPRESENTATION (  '', ( #2247 ), #2305 ) ;
#2275 = AXIS2_PLACEMENT_3D ( 'NONE', #2273, #2272, #2271 ) ;
#2276 = PRESENTATION_STYLE_ASSIGNMENT (( #2279 ) ) ;
#2277 =( LENGTH_UNIT ( ) NAMED_UNIT ( * ) SI_UNIT ( .MILLI., .METRE. ) );
#2278 = MECHANICAL_DESIGN_GEOMETRIC_PRESENTATION_REPRESENTATION (  '', ( #2240 ), #2233 ) ;
#2279 = SURFACE_STYLE_USAGE ( .BOTH. , #2261 ) ;
#2280 = LINE ( 'NONE', #2238, #2237 ) ;
#2281 = DIRECTION ( 'NONE',  ( -8.869636343065785700E-017, 0.0000000000000000000, -1.000000000000000000 ) ) ;
#2282 = DIRECTION ( 'NONE',  ( -8.755664108934836600E-017, 0.0000000000000000000, -1.000000000000000000 ) ) ;
#2283 = DIRECTION ( 'NONE',  ( 1.000000000000000000, 0.0000000000000000000, -8.869636343065785700E-017 ) ) ;
#2284 = CARTESIAN_POINT ( 'NONE',  ( 0.4046272021961012700, 3.675442566818505300, -0.3961488006325454800 ) ) ;
#2285 =( NAMED_UNIT ( * ) PLANE_ANGLE_UNIT ( ) SI_UNIT ( $, .RADIAN. ) );
#2286 = COLOUR_RGB ( '',1.000000000000000000, 0.8588235294117646500, 0.5568627450980392400 ) ;
#2287 = DIRECTION ( 'NONE',  ( 1.000000000000000000, 0.0000000000000000000, -8.869636343065785700E-017 ) ) ;
#2288 = FILL_AREA_STYLE_COLOUR ( '', #2286 ) ;
#2289 = AXIS2_PLACEMENT_3D ( 'NONE', #2284, #2283, #2282 ) ;
#2290 = CIRCLE ( 'NONE', #2289, 4.953146484361434800 ) ;
#2291 = FILL_AREA_STYLE ('',( #2288 ) ) ;
#2292 =( NAMED_UNIT ( * ) SI_UNIT ( $, .STERADIAN. ) SOLID_ANGLE_UNIT ( ) );
#2293 = SURFACE_STYLE_FILL_AREA ( #2291 ) ;
#2294 = DIRECTION ( 'NONE',  ( -8.869636343065785700E-017, 0.0000000000000000000, -1.000000000000000000 ) ) ;
#2295 = VECTOR ( 'NONE', #2294, 1000.000000000000000 ) ;
#2296 = CARTESIAN_POINT ( 'NONE',  ( 0.09982720219610125000, 5.047042566818506200, -5.285648800632547100 ) ) ;
#2297 =( GEOMETRIC_REPRESENTATION_CONTEXT ( 3 ) GLOBAL_UNCERTAINTY_ASSIGNED_CONTEXT ( ( #2218 ) ) GLOBAL_UNIT_ASSIGNED_CONTEXT ( ( #2157, #2220, #2219 ) ) REPRESENTATION_CONTEXT ( 'NONE', 'WORKASPACE' ) );
#2298 = DIRECTION ( 'NONE',  ( 1.000000000000000000, 0.0000000000000000000, 0.0000000000000000000 ) ) ;
#2299 = DIRECTION ( 'NONE',  ( 0.0000000000000000000, 1.000000000000000000, 0.0000000000000000000 ) ) ;
#2300 = CARTESIAN_POINT ( 'NONE',  ( 0.4808272021961023700, -2.852357433181492900, 4.493351199367458200 ) ) ;
#2301 = AXIS2_PLACEMENT_3D ( 'NONE', #2300, #2299, #2298 ) ;
#2302 = DIRECTION ( 'NONE',  ( -8.869636343065785700E-017, 0.0000000000000000000, -1.000000000000000000 ) ) ;
#2303 =( LENGTH_UNIT ( ) NAMED_UNIT ( * ) SI_UNIT ( .MILLI., .METRE. ) );
#2304 = PLANE ( 'NONE',  #2275 ) ;
#2305 =( GEOMETRIC_REPRESENTATION_CONTEXT ( 3 ) GLOBAL_UNCERTAINTY_ASSIGNED_CONTEXT ( ( #2263 ) ) GLOBAL_UNIT_ASSIGNED_CONTEXT ( ( #2303, #2234, #2292 ) ) REPRESENTATION_CONTEXT ( 'NONE', 'WORKASPACE' ) );
#2306 = LINE ( 'NONE', #2371, #2366 ) ;
#2307 = SURFACE_STYLE_FILL_AREA ( #2345 ) ;
#2308 = DIRECTION ( 'NONE',  ( 0.0000000000000000000, 0.0000000000000000000, -1.000000000000000000 ) ) ;
#2309 = VECTOR ( 'NONE', #2308, 1000.000000000000000 ) ;
#2310 = CARTESIAN_POINT ( 'NONE',  ( 0.4808272021961023700, 2.303842566818503200, 4.493351199367458200 ) ) ;
#2311 = AXIS2_PLACEMENT_3D ( 'NONE', #2310, #2406, #2405 ) ;
#2312 = CIRCLE ( 'NONE', #2311, 0.3809999999999993900 ) ;
#2313 =( NAMED_UNIT ( * ) PLANE_ANGLE_UNIT ( ) SI_UNIT ( $, .RADIAN. ) );
#2314 = CARTESIAN_POINT ( 'NONE',  ( 0.4808272021961023700, 8.958642566818507900, 4.493351199367458200 ) ) ;
#2315 = AXIS2_PLACEMENT_3D ( 'NONE', #2314, #2362, #2361 ) ;
#2316 = CYLINDRICAL_SURFACE ( 'NONE', #2315, 0.3809999999999993900 ) ;
#2317 = UNCERTAINTY_MEASURE_WITH_UNIT (LENGTH_MEASURE( 1.000000000000000100E-005 ), #2402, 'distance_accuracy_value', 'NONE');
#2318 =( NAMED_UNIT ( * ) SI_UNIT ( $, .STERADIAN. ) SOLID_ANGLE_UNIT ( ) );
#2319 = DIRECTION ( 'NONE',  ( -8.755664108934836600E-017, 0.0000000000000000000, -1.000000000000000000 ) ) ;
#2320 = DIRECTION ( 'NONE',  ( 1.000000000000000000, 0.0000000000000000000, -8.869636343065785700E-017 ) ) ;
#2321 = CARTESIAN_POINT ( 'NONE',  ( 0.4046272021961012700, 3.675442566818505300, -0.3961488006325454800 ) ) ;
#2322 = AXIS2_PLACEMENT_3D ( 'NONE', #2321, #2320, #2319 ) ;
#2323 = CIRCLE ( 'NONE', #2322, 4.953146484361434800 ) ;
#2324 = CARTESIAN_POINT ( 'NONE',  ( 0.4046272021961012700, 2.303842566818503200, 4.363302169336789000 ) ) ;
#2325 = CARTESIAN_POINT ( 'NONE',  ( 0.4046272021961021500, -2.852357433181492900, 0.8738511993674562600 ) ) ;
#2326 = FILL_AREA_STYLE_COLOUR ( '', #2327 ) ;
#2327 = COLOUR_RGB ( '',1.000000000000000000, 0.8588235294117646500, 0.5568627450980392400 ) ;
#2328 = DIRECTION ( 'NONE',  ( -0.0000000000000000000, -1.000000000000000000, -0.0000000000000000000 ) ) ;
#2329 = VECTOR ( 'NONE', #2328, 1000.000000000000000 ) ;
#2330 = CARTESIAN_POINT ( 'NONE',  ( 0.09982720219610212400, 8.958642566818507900, -5.285648800632547100 ) ) ;
#2331 = LINE ( 'NONE', #2330, #2329 ) ;
#2332 = DIRECTION ( 'NONE',  ( 0.0000000000000000000, 0.0000000000000000000, 1.000000000000000000 ) ) ;
#2333 = DIRECTION ( 'NONE',  ( 0.0000000000000000000, 1.000000000000000000, 0.0000000000000000000 ) ) ;
#2334 = CARTESIAN_POINT ( 'NONE',  ( 0.4808272021961023700, -2.852357433181492900, 4.493351199367458200 ) ) ;
#2335 = AXIS2_PLACEMENT_3D ( 'NONE', #2334, #2333, #2332 ) ;
#2336 = CIRCLE ( 'NONE', #2335, 0.3809999999999993900 ) ;
#2337 = CARTESIAN_POINT ( 'NONE',  ( 0.09982720219610299900, 3.675442566818505300, -0.3961488006325448700 ) ) ;
#2338 = COLOUR_RGB ( '',1.000000000000000000, 0.8588235294117646500, 0.5568627450980392400 ) ;
#2339 = FACE_OUTER_BOUND ( 'NONE', #6295, .T. ) ;
#2340 =( LENGTH_UNIT ( ) NAMED_UNIT ( * ) SI_UNIT ( .MILLI., .METRE. ) );
#2341 = SURFACE_STYLE_USAGE ( .BOTH. , #2342 ) ;
#2342 = SURFACE_SIDE_STYLE ('',( #2307 ) ) ;
#2343 =( NAMED_UNIT ( * ) SI_UNIT ( $, .STERADIAN. ) SOLID_ANGLE_UNIT ( ) );
#2344 = CARTESIAN_POINT ( 'NONE',  ( 0.09982720219610212400, 8.958642566818507900, -5.285648800632547100 ) ) ;
#2345 = FILL_AREA_STYLE ('',( #2365 ) ) ;
#2346 = DIRECTION ( 'NONE',  ( 8.869636343065785700E-017, 0.0000000000000000000, 1.000000000000000000 ) ) ;
#2347 = VECTOR ( 'NONE', #2346, 1000.000000000000000 ) ;
#2348 = DIRECTION ( 'NONE',  ( -8.869636343065785700E-017, 0.0000000000000000000, -1.000000000000000000 ) ) ;
#2349 = VECTOR ( 'NONE', #2348, 1000.000000000000000 ) ;
#2350 = CARTESIAN_POINT ( 'NONE',  ( 0.4046272021961012700, 2.303842566818503200, -5.285648800632547100 ) ) ;
#2351 = LINE ( 'NONE', #2350, #2349 ) ;
#2352 = CARTESIAN_POINT ( 'NONE',  ( 0.4046272021961021500, 2.303842566818503200, -5.285648800632547100 ) ) ;
#2353 = DIRECTION ( 'NONE',  ( 8.869636343065785700E-017, 0.0000000000000000000, 1.000000000000000000 ) ) ;
#2354 = VECTOR ( 'NONE', #2353, 1000.000000000000000 ) ;
#2355 = CARTESIAN_POINT ( 'NONE',  ( 0.09982720219610125000, -2.852357433181492900, -5.285648800632547100 ) ) ;
#2356 = LINE ( 'NONE', #2355, #2354 ) ;
#2357 = DIRECTION ( 'NONE',  ( 0.0000000000000000000, 0.0000000000000000000, 1.000000000000000000 ) ) ;
#2358 = DIRECTION ( 'NONE',  ( 0.0000000000000000000, 1.000000000000000000, 0.0000000000000000000 ) ) ;
#2359 = CARTESIAN_POINT ( 'NONE',  ( 0.4808272021961023700, 2.303842566818503200, 4.493351199367458200 ) ) ;
#2360 = AXIS2_PLACEMENT_3D ( 'NONE', #2359, #2358, #2357 ) ;
#2361 = DIRECTION ( 'NONE',  ( 0.0000000000000000000, 0.0000000000000000000, -1.000000000000000000 ) ) ;
#2362 = DIRECTION ( 'NONE',  ( -0.0000000000000000000, -1.000000000000000000, -0.0000000000000000000 ) ) ;
#2363 =( GEOMETRIC_REPRESENTATION_CONTEXT ( 3 ) GLOBAL_UNCERTAINTY_ASSIGNED_CONTEXT ( ( #2378 ) ) GLOBAL_UNIT_ASSIGNED_CONTEXT ( ( #2340, #2313, #2343 ) ) REPRESENTATION_CONTEXT ( 'NONE', 'WORKASPACE' ) );
#2364 = MECHANICAL_DESIGN_GEOMETRIC_PRESENTATION_REPRESENTATION (  '', ( #2404 ), #2363 ) ;
#2365 = FILL_AREA_STYLE_COLOUR ( '', #2338 ) ;
#2366 = VECTOR ( 'NONE', #2389, 1000.000000000000000 ) ;
#2367 = CARTESIAN_POINT ( 'NONE',  ( 0.09982720219609865500, -2.801557433181493600, 0.8738511993674555900 ) ) ;
#2368 = DIRECTION ( 'NONE',  ( 0.0000000000000000000, 0.0000000000000000000, -1.000000000000000000 ) ) ;
#2369 = VECTOR ( 'NONE', #2368, 1000.000000000000000 ) ;
#2370 = PRESENTATION_LAYER_ASSIGNMENT (  '', '', ( #2404 ) ) ;
#2371 = CARTESIAN_POINT ( 'NONE',  ( 0.4046272021961012700, -2.801557433181492800, 0.8738511993674558100 ) ) ;
#2372 = DIRECTION ( 'NONE',  ( -0.0000000000000000000, -1.000000000000000000, -0.0000000000000000000 ) ) ;
#2373 = CARTESIAN_POINT ( 'NONE',  ( 0.09982720219610212400, 2.303842566818503200, 4.493351199367458200 ) ) ;
#2374 = DIRECTION ( 'NONE',  ( -1.073538217607213900E-016, 1.000000000000000000, 0.0000000000000000000 ) ) ;
#2375 = DIRECTION ( 'NONE',  ( 1.000000000000000000, 1.063803735850569600E-016, -0.0000000000000000000 ) ) ;
#2376 = AXIS2_PLACEMENT_3D ( 'NONE', #2337, #2375, #2374 ) ;
#2377 = CIRCLE ( 'NONE', #2376, 4.670942278070009800 ) ;
#2378 = UNCERTAINTY_MEASURE_WITH_UNIT (LENGTH_MEASURE( 1.000000000000000100E-005 ), #2340, 'distance_accuracy_value', 'NONE');
#2379 = PRESENTATION_STYLE_ASSIGNMENT (( #2341 ) ) ;
#2380 = LINE ( 'NONE', #2344, #2383 ) ;
#2381 = CYLINDRICAL_SURFACE ( 'NONE', #2388, 0.3809999999999993900 ) ;
#2382 =( GEOMETRIC_REPRESENTATION_CONTEXT ( 3 ) GLOBAL_UNCERTAINTY_ASSIGNED_CONTEXT ( ( #2317 ) ) GLOBAL_UNIT_ASSIGNED_CONTEXT ( ( #2402, #2401, #2318 ) ) REPRESENTATION_CONTEXT ( 'NONE', 'WORKASPACE' ) );
#2383 = VECTOR ( 'NONE', #2372, 1000.000000000000000 ) ;
#2384 = LINE ( 'NONE', #2399, #2309 ) ;
#2385 = DIRECTION ( 'NONE',  ( 0.0000000000000000000, 0.0000000000000000000, -1.000000000000000000 ) ) ;
#2386 = DIRECTION ( 'NONE',  ( -0.0000000000000000000, -1.000000000000000000, -0.0000000000000000000 ) ) ;
#2387 = CARTESIAN_POINT ( 'NONE',  ( 0.4808272021961023700, 8.958642566818507900, 4.493351199367458200 ) ) ;
#2388 = AXIS2_PLACEMENT_3D ( 'NONE', #2387, #2386, #2385 ) ;
#2389 = DIRECTION ( 'NONE',  ( 0.0000000000000000000, 0.0000000000000000000, -1.000000000000000000 ) ) ;
#2390 = PRESENTATION_LAYER_ASSIGNMENT (  '', '', ( #2391 ) ) ;
#2391 = STYLED_ITEM ( 'NONE', ( #2392 ), #6294 ) ;
#2392 = PRESENTATION_STYLE_ASSIGNMENT (( #2393 ) ) ;
#2393 = SURFACE_STYLE_USAGE ( .BOTH. , #2394 ) ;
#2394 = SURFACE_SIDE_STYLE ('',( #2395 ) ) ;
#2395 = SURFACE_STYLE_FILL_AREA ( #2396 ) ;
#2396 = FILL_AREA_STYLE ('',( #2326 ) ) ;
#2397 = FACE_OUTER_BOUND ( 'NONE', #6276, .T. ) ;
#2398 = CIRCLE ( 'NONE', #2360, 0.07619999999999935200 ) ;
#2399 = CARTESIAN_POINT ( 'NONE',  ( 0.4808272021961032500, 2.303842566818503200, -0.3961488006325448700 ) ) ;
#2400 = CARTESIAN_POINT ( 'NONE',  ( 0.09982720220235927200, 5.047042566818506200, 4.068872498874011300 ) ) ;
#2401 =( NAMED_UNIT ( * ) PLANE_ANGLE_UNIT ( ) SI_UNIT ( $, .RADIAN. ) );
#2402 =( LENGTH_UNIT ( ) NAMED_UNIT ( * ) SI_UNIT ( .MILLI., .METRE. ) );
#2403 = MECHANICAL_DESIGN_GEOMETRIC_PRESENTATION_REPRESENTATION (  '', ( #2391 ), #2382 ) ;
#2404 = STYLED_ITEM ( 'NONE', ( #2379 ), #6275 ) ;
#2405 = DIRECTION ( 'NONE',  ( 0.0000000000000000000, 0.0000000000000000000, 1.000000000000000000 ) ) ;
#2406 = DIRECTION ( 'NONE',  ( 0.0000000000000000000, 1.000000000000000000, 0.0000000000000000000 ) ) ;
#2407 = CARTESIAN_POINT ( 'NONE',  ( 0.09982720219610125000, -2.801557433181492800, 0.8738511993674558100 ) ) ;
#2408 = LINE ( 'NONE', #2407, #2369 ) ;
#2409 = DIRECTION ( 'NONE',  ( 0.0000000000000000000, 0.0000000000000000000, -1.000000000000000000 ) ) ;
#2410 = DIRECTION ( 'NONE',  ( 0.0000000000000000000, -1.000000000000000000, -0.0000000000000000000 ) ) ;
#2411 = CARTESIAN_POINT ( 'NONE',  ( 0.4808272021961023700, 5.047042566818506200, 4.493351199367458200 ) ) ;
#2412 = AXIS2_PLACEMENT_3D ( 'NONE', #2411, #2410, #2409 ) ;
#2413 = CIRCLE ( 'NONE', #2412, 0.3809999999999993900 ) ;
#2414 = LINE ( 'NONE', #2445, #2449 ) ;
#2415 = DIRECTION ( 'NONE',  ( -0.0000000000000000000, -1.000000000000000000, -0.0000000000000000000 ) ) ;
#2416 = VECTOR ( 'NONE', #2415, 1000.000000000000000 ) ;
#2417 = CIRCLE ( 'NONE', #2468, 4.670942278070009800 ) ;
#2418 = DIRECTION ( 'NONE',  ( -0.0000000000000000000, -1.000000000000000000, -0.0000000000000000000 ) ) ;
#2419 = VECTOR ( 'NONE', #2418, 1000.000000000000000 ) ;
#2420 = CARTESIAN_POINT ( 'NONE',  ( 0.4046272021961012700, -2.852357433181492900, -1.666148800632544200 ) ) ;
#2421 = LINE ( 'NONE', #2420, #2419 ) ;
#2422 = CARTESIAN_POINT ( 'NONE',  ( 0.09982720219610212400, -2.852357433181492900, 4.493351199367458200 ) ) ;
#2423 = CARTESIAN_POINT ( 'NONE',  ( 0.4808272021961032500, 2.303842566818503200, -4.714148800632544000 ) ) ;
#2424 = CARTESIAN_POINT ( 'NONE',  ( 0.4046272021961030400, 8.958642566818507900, 4.493351199367458200 ) ) ;
#2425 = CARTESIAN_POINT ( 'NONE',  ( 0.4046272021961012700, -2.852357433181492900, -5.285648800632547100 ) ) ;
#2426 = LINE ( 'NONE', #2425, #2347 ) ;
#2427 = STYLED_ITEM ( 'NONE', ( #2227 ), #6364 ) ;
#2428 = DIRECTION ( 'NONE',  ( 8.869636343065785700E-017, -0.0000000000000000000, 1.000000000000000000 ) ) ;
#2429 = VECTOR ( 'NONE', #2428, 1000.000000000000000 ) ;
#2430 = CARTESIAN_POINT ( 'NONE',  ( 0.4046272021961012700, 2.303842566818503200, -5.285648800632547100 ) ) ;
#2431 = LINE ( 'NONE', #2430, #2429 ) ;
#2432 = CARTESIAN_POINT ( 'NONE',  ( 0.09982720219610212400, 8.958642566818507900, -5.285648800632547100 ) ) ;
#2433 = DIRECTION ( 'NONE',  ( 8.869636343065785700E-017, 0.0000000000000000000, 1.000000000000000000 ) ) ;
#2434 = VECTOR ( 'NONE', #2433, 1000.000000000000000 ) ;
#2435 = CARTESIAN_POINT ( 'NONE',  ( 0.4046272021961012700, 5.047042566818506200, -5.285648800632547100 ) ) ;
#2436 = CARTESIAN_POINT ( 'NONE',  ( 0.4808272021961032500, 2.303842566818503200, 3.921851199367455200 ) ) ;
#2437 = CARTESIAN_POINT ( 'NONE',  ( 0.4808272021963851400, 2.305336228656969000, -4.495702482548664700 ) ) ;
#2438 = CARTESIAN_POINT ( 'NONE',  ( 0.4046272021961030400, 8.958642566818507900, 4.493351199367458200 ) ) ;
#2439 = LINE ( 'NONE', #2438, #2416 ) ;
#2440 = CARTESIAN_POINT ( 'NONE',  ( 0.4046272021961012700, 2.303842566818503200, -5.155599770601879700 ) ) ;
#2441 = VECTOR ( 'NONE', #2457, 1000.000000000000000 ) ;
#2442 = CARTESIAN_POINT ( 'NONE',  ( 0.09982720219610212400, 8.958642566818507900, 4.493351199367458200 ) ) ;
#2443 = DIRECTION ( 'NONE',  ( 0.0000000000000000000, 0.0000000000000000000, -1.000000000000000000 ) ) ;
#2444 = CIRCLE ( 'NONE', #2469, 0.3809999999999993900 ) ;
#2445 = CARTESIAN_POINT ( 'NONE',  ( 0.09982720219610125000, 8.958642566818507900, -5.285648800632547100 ) ) ;
#2446 = CARTESIAN_POINT ( 'NONE',  ( 0.4046272021961012700, 8.958642566818507900, -5.285648800632547100 ) ) ;
#2447 = LINE ( 'NONE', #2446, #2462 ) ;
#2448 = DIRECTION ( 'NONE',  ( 8.869636343065785700E-017, 0.0000000000000000000, 1.000000000000000000 ) ) ;
#2449 = VECTOR ( 'NONE', #2448, 1000.000000000000000 ) ;
#2450 = CARTESIAN_POINT ( 'NONE',  ( 0.4046272021961012700, 5.047042566818506200, 4.363302169336789000 ) ) ;
#2451 = DIRECTION ( 'NONE',  ( 0.0000000000000000000, 1.000000000000000000, 0.0000000000000000000 ) ) ;
#2452 = DIRECTION ( 'NONE',  ( -0.0000000000000000000, -1.000000000000000000, -0.0000000000000000000 ) ) ;
#2453 = VECTOR ( 'NONE', #2452, 1000.000000000000000 ) ;
#2454 = CARTESIAN_POINT ( 'NONE',  ( 0.4046272021961012700, 8.958642566818507900, -5.285648800632547100 ) ) ;
#2455 = LINE ( 'NONE', #2454, #2453 ) ;
#2456 = LINE ( 'NONE', #2435, #2434 ) ;
#2457 = DIRECTION ( 'NONE',  ( -0.0000000000000000000, -1.000000000000000000, -0.0000000000000000000 ) ) ;
#2458 = CARTESIAN_POINT ( 'NONE',  ( 0.09982720219610212400, 8.958642566818507900, 4.493351199367458200 ) ) ;
#2459 = LINE ( 'NONE', #2458, #2441 ) ;
#2460 = CARTESIAN_POINT ( 'NONE',  ( 0.4046272021961012700, 8.958642566818507900, -5.285648800632547100 ) ) ;
#2461 = DIRECTION ( 'NONE',  ( 8.869636343065785700E-017, 0.0000000000000000000, 1.000000000000000000 ) ) ;
#2462 = VECTOR ( 'NONE', #2461, 1000.000000000000000 ) ;
#2463 = CARTESIAN_POINT ( 'NONE',  ( 0.4808272021961023700, 8.958642566818507900, 4.493351199367458200 ) ) ;
#2464 = CARTESIAN_POINT ( 'NONE',  ( 0.4046272021960987100, -2.801557433181493600, 0.8738511993674560300 ) ) ;
#2465 = DIRECTION ( 'NONE',  ( -1.073538217607213900E-016, 1.000000000000000000, 0.0000000000000000000 ) ) ;
#2466 = DIRECTION ( 'NONE',  ( 1.000000000000000000, 1.063803735850569600E-016, -0.0000000000000000000 ) ) ;
#2467 = CARTESIAN_POINT ( 'NONE',  ( 0.09982720219610299900, 3.675442566818505300, -0.3961488006325448700 ) ) ;
#2468 = AXIS2_PLACEMENT_3D ( 'NONE', #2467, #2466, #2465 ) ;
#2469 = AXIS2_PLACEMENT_3D ( 'NONE', #2470, #2451, #2443 ) ;
#2470 = CARTESIAN_POINT ( 'NONE',  ( 0.4808272021961015300, -2.852357433181492900, -5.285648800632547100 ) ) ;
#2471 = DIRECTION ( 'NONE',  ( 1.000000000000000000, 0.0000000000000000000, 0.0000000000000000000 ) ) ;
#2472 = DIRECTION ( 'NONE',  ( 0.0000000000000000000, 1.000000000000000000, 0.0000000000000000000 ) ) ;
#2473 = AXIS2_PLACEMENT_3D ( 'NONE', #2463, #2472, #2471 ) ;
#2474 = CARTESIAN_POINT ( 'NONE',  ( 0.09982720219610212400, 5.047042566818506200, 4.493351199367458200 ) ) ;
#2475 = CIRCLE ( 'NONE', #2473, 0.07619999999999892100 ) ;
#2476 = FILL_AREA_STYLE_COLOUR ( '', #2477 ) ;
#2477 = COLOUR_RGB ( '',1.000000000000000000, 0.8588235294117646500, 0.5568627450980392400 ) ;
#2478 = CARTESIAN_POINT ( 'NONE',  ( -0.05861368088875586200, 3.028349050872901800, 3.921851199367455200 ) ) ;
#2479 =( LENGTH_UNIT ( ) NAMED_UNIT ( * ) SI_UNIT ( .MILLI., .METRE. ) );
#2480 = STYLED_ITEM ( 'NONE', ( #2481 ), #6354 ) ;
#2481 = PRESENTATION_STYLE_ASSIGNMENT (( #2487 ) ) ;
#2482 = LINE ( 'NONE', #2484, #2489 ) ;
#2483 =( NAMED_UNIT ( * ) SI_UNIT ( $, .STERADIAN. ) SOLID_ANGLE_UNIT ( ) );
#2484 = CARTESIAN_POINT ( 'NONE',  ( 0.4046272021961012700, -2.852357433181492900, 0.8738511993674558100 ) ) ;
#2485 = MECHANICAL_DESIGN_GEOMETRIC_PRESENTATION_REPRESENTATION (  '', ( #2480 ), #2512 ) ;
#2486 = PRESENTATION_LAYER_ASSIGNMENT (  '', '', ( #2480 ) ) ;
#2487 = SURFACE_STYLE_USAGE ( .BOTH. , #2488 ) ;
#2488 = SURFACE_SIDE_STYLE ('',( #2490 ) ) ;
#2489 = VECTOR ( 'NONE', #2513, 1000.000000000000000 ) ;
#2490 = SURFACE_STYLE_FILL_AREA ( #2491 ) ;
#2491 = FILL_AREA_STYLE ('',( #2476 ) ) ;
#2492 = UNCERTAINTY_MEASURE_WITH_UNIT (LENGTH_MEASURE( 1.000000000000000100E-005 ), #2479, 'distance_accuracy_value', 'NONE');
#2493 = FACE_OUTER_BOUND ( 'NONE', #6417, .T. ) ;
#2494 =( NAMED_UNIT ( * ) PLANE_ANGLE_UNIT ( ) SI_UNIT ( $, .RADIAN. ) );
#2495 = COLOUR_RGB ( '',1.000000000000000000, 0.8588235294117646500, 0.5568627450980392400 ) ;
#2496 = FACE_OUTER_BOUND ( 'NONE', #6284, .T. ) ;
#2497 = SURFACE_STYLE_USAGE ( .BOTH. , #2498 ) ;
#2498 = SURFACE_SIDE_STYLE ('',( #2499 ) ) ;
#2499 = SURFACE_STYLE_FILL_AREA ( #2500 ) ;
#2500 = FILL_AREA_STYLE ('',( #2505 ) ) ;
#2501 = DIRECTION ( 'NONE',  ( -0.0000000000000000000, 0.0000000000000000000, -1.000000000000000000 ) ) ;
#2502 = VECTOR ( 'NONE', #2501, 1000.000000000000000 ) ;
#2503 = CARTESIAN_POINT ( 'NONE',  ( 0.4808272021961023700, 5.047042566818506200, -0.3961488006325448700 ) ) ;
#2504 = LINE ( 'NONE', #2503, #2502 ) ;
#2505 = FILL_AREA_STYLE_COLOUR ( '', #2495 ) ;
#2506 = DIRECTION ( 'NONE',  ( -1.063803735850569600E-016, 1.000000000000000000, 0.0000000000000000000 ) ) ;
#2507 = DIRECTION ( 'NONE',  ( 1.000000000000000000, 1.063803735850569600E-016, -0.0000000000000000000 ) ) ;
#2508 = AXIS2_PLACEMENT_3D ( 'NONE', #2511, #2507, #2506 ) ;
#2509 = TOROIDAL_SURFACE ( 'NONE', #2508, 2.590800000000001500, 1.574799999999998200 ) ;
#2510 = CARTESIAN_POINT ( 'NONE',  ( -0.06502774658888754700, 4.275377380723164800, 3.921851199367455200 ) ) ;
#2511 = CARTESIAN_POINT ( 'NONE',  ( -6.158127750930291600, 3.675442566818504500, -0.3961488006325448700 ) ) ;
#2512 =( GEOMETRIC_REPRESENTATION_CONTEXT ( 3 ) GLOBAL_UNCERTAINTY_ASSIGNED_CONTEXT ( ( #2492 ) ) GLOBAL_UNIT_ASSIGNED_CONTEXT ( ( #2479, #2494, #2483 ) ) REPRESENTATION_CONTEXT ( 'NONE', 'WORKASPACE' ) );
#2513 = DIRECTION ( 'NONE',  ( 0.0000000000000000000, 1.000000000000000000, 0.0000000000000000000 ) ) ;
#2514 = MECHANICAL_DESIGN_GEOMETRIC_PRESENTATION_REPRESENTATION (  '', ( #2516 ), #2645 ) ;
#2515 = PRESENTATION_LAYER_ASSIGNMENT (  '', '', ( #2516 ) ) ;
#2516 = STYLED_ITEM ( 'NONE', ( #2517 ), #6404 ) ;
#2517 = PRESENTATION_STYLE_ASSIGNMENT (( #2518 ) ) ;
#2518 = SURFACE_STYLE_USAGE ( .BOTH. , #2519 ) ;
#2519 = SURFACE_SIDE_STYLE ('',( #2520 ) ) ;
#2520 = SURFACE_STYLE_FILL_AREA ( #2521 ) ;
#2521 = FILL_AREA_STYLE ('',( #2528 ) ) ;
#2522 = COLOUR_RGB ( '',1.000000000000000000, 0.8588235294117646500, 0.5568627450980392400 ) ;
#2523 = FACE_OUTER_BOUND ( 'NONE', #6357, .T. ) ;
#2524 = DIRECTION ( 'NONE',  ( 1.000000000000000000, 0.0000000000000000000, 0.0000000000000000000 ) ) ;
#2525 = VECTOR ( 'NONE', #2524, 1000.000000000000000 ) ;
#2526 = CARTESIAN_POINT ( 'NONE',  ( 0.09982720219610212400, 8.958642566818507900, 4.493351199367458200 ) ) ;
#2527 = LINE ( 'NONE', #2526, #2525 ) ;
#2528 = FILL_AREA_STYLE_COLOUR ( '', #2522 ) ;
#2529 = DIRECTION ( 'NONE',  ( 0.0000000000000000000, 0.0000000000000000000, 1.000000000000000000 ) ) ;
#2530 = VECTOR ( 'NONE', #2529, 1000.000000000000000 ) ;
#2531 = CARTESIAN_POINT ( 'NONE',  ( 0.4808272021961023700, 5.047042566818506200, -0.3961488006325448700 ) ) ;
#2532 = CARTESIAN_POINT ( 'NONE',  ( 0.4808272021963851400, 2.305336228656969000, -4.495702482548664700 ) ) ;
#2533 = CARTESIAN_POINT ( 'NONE',  ( 0.4511249697313222700, 2.305571166372948300, -4.459182906357490600 ) ) ;
#2534 = CARTESIAN_POINT ( 'NONE',  ( 0.4195236824001631900, 2.305790513713476200, -4.424127342173512100 ) ) ;
#2535 = CARTESIAN_POINT ( 'NONE',  ( 0.3862447890190211500, 2.305994903388139900, -4.390834238765779500 ) ) ;
#2536 = LINE ( 'NONE', #2531, #2530 ) ;
#2537 = B_SPLINE_CURVE_WITH_KNOTS ( 'NONE', 3,
 ( #2535, #2534, #2533, #2532 ),
 .UNSPECIFIED., .F., .F.,
 ( 4, 4 ),
 ( 0.0000000000000000000, 0.0001412218654775591400 ),
 .UNSPECIFIED. ) ;
#2538 = UNCERTAINTY_MEASURE_WITH_UNIT (LENGTH_MEASURE( 1.000000000000000100E-005 ), #2544, 'distance_accuracy_value', 'NONE');
#2539 =( NAMED_UNIT ( * ) PLANE_ANGLE_UNIT ( ) SI_UNIT ( $, .RADIAN. ) );
#2540 =( NAMED_UNIT ( * ) SI_UNIT ( $, .STERADIAN. ) SOLID_ANGLE_UNIT ( ) );
#2541 =( NAMED_UNIT ( * ) PLANE_ANGLE_UNIT ( ) SI_UNIT ( $, .RADIAN. ) );
#2542 = PLANE ( 'NONE',  #2596 ) ;
#2543 =( GEOMETRIC_REPRESENTATION_CONTEXT ( 3 ) GLOBAL_UNCERTAINTY_ASSIGNED_CONTEXT ( ( #2538 ) ) GLOBAL_UNIT_ASSIGNED_CONTEXT ( ( #2544, #2541, #2540 ) ) REPRESENTATION_CONTEXT ( 'NONE', 'WORKASPACE' ) );
#2544 =( LENGTH_UNIT ( ) NAMED_UNIT ( * ) SI_UNIT ( .MILLI., .METRE. ) );
#2545 = UNCERTAINTY_MEASURE_WITH_UNIT (LENGTH_MEASURE( 1.000000000000000100E-005 ), #2573, 'distance_accuracy_value', 'NONE');
#2546 =( LENGTH_UNIT ( ) NAMED_UNIT ( * ) SI_UNIT ( .MILLI., .METRE. ) );
#2547 = MECHANICAL_DESIGN_GEOMETRIC_PRESENTATION_REPRESENTATION (  '', ( #2549 ), #2593 ) ;
#2548 = PRESENTATION_LAYER_ASSIGNMENT (  '', '', ( #2549 ) ) ;
#2549 = STYLED_ITEM ( 'NONE', ( #2550 ), #6373 ) ;
#2550 = PRESENTATION_STYLE_ASSIGNMENT (( #2551 ) ) ;
#2551 = SURFACE_STYLE_USAGE ( .BOTH. , #2552 ) ;
#2552 = SURFACE_SIDE_STYLE ('',( #2553 ) ) ;
#2553 = SURFACE_STYLE_FILL_AREA ( #2554 ) ;
#2554 = FILL_AREA_STYLE ('',( #2613 ) ) ;
#2555 = COLOUR_RGB ( '',1.000000000000000000, 0.8588235294117646500, 0.5568627450980392400 ) ;
#2556 = FACE_OUTER_BOUND ( 'NONE', #6448, .T. ) ;
#2557 =( NAMED_UNIT ( * ) SI_UNIT ( $, .STERADIAN. ) SOLID_ANGLE_UNIT ( ) );
#2558 = CARTESIAN_POINT ( 'NONE',  ( -0.5217947690564624900, 3.675442566818505300, -0.3961488006325448700 ) ) ;
#2559 = AXIS2_PLACEMENT_3D ( 'NONE', #2558, #2572, #2571 ) ;
#2560 = COLOUR_RGB ( '',1.000000000000000000, 0.8588235294117646500, 0.5568627450980392400 ) ;
#2561 = FACE_OUTER_BOUND ( 'NONE', #6368, .T. ) ;
#2562 = MECHANICAL_DESIGN_GEOMETRIC_PRESENTATION_REPRESENTATION (  '', ( #2564 ), #2543 ) ;
#2563 = PRESENTATION_LAYER_ASSIGNMENT (  '', '', ( #2564 ) ) ;
#2564 = STYLED_ITEM ( 'NONE', ( #2565 ), #6365 ) ;
#2565 = PRESENTATION_STYLE_ASSIGNMENT (( #2566 ) ) ;
#2566 = SURFACE_STYLE_USAGE ( .BOTH. , #2567 ) ;
#2567 = SURFACE_SIDE_STYLE ('',( #2568 ) ) ;
#2568 = SURFACE_STYLE_FILL_AREA ( #2569 ) ;
#2569 = FILL_AREA_STYLE ('',( #2570 ) ) ;
#2570 = FILL_AREA_STYLE_COLOUR ( '', #2560 ) ;
#2571 = DIRECTION ( 'NONE',  ( -1.063803735850569600E-016, 1.000000000000000000, 0.0000000000000000000 ) ) ;
#2572 = DIRECTION ( 'NONE',  ( 1.000000000000000000, 1.063803735850569600E-016, -0.0000000000000000000 ) ) ;
#2573 =( LENGTH_UNIT ( ) NAMED_UNIT ( * ) SI_UNIT ( .MILLI., .METRE. ) );
#2574 = DIRECTION ( 'NONE',  ( -1.076095585739599800E-016, 1.000000000000000000, 0.0000000000000000000 ) ) ;
#2575 = DIRECTION ( 'NONE',  ( 1.000000000000000000, 1.063803735850569600E-016, -0.0000000000000000000 ) ) ;
#2576 = AXIS2_PLACEMENT_3D ( 'NONE', #2578, #2575, #2574 ) ;
#2577 = CYLINDRICAL_SURFACE ( 'NONE', #2576, 3.022599999999999300 ) ;
#2578 = CARTESIAN_POINT ( 'NONE',  ( 0.4808272021961023700, 3.675442566818505300, -0.3961488006325448700 ) ) ;
#2579 =( GEOMETRIC_REPRESENTATION_CONTEXT ( 3 ) GLOBAL_UNCERTAINTY_ASSIGNED_CONTEXT ( ( #2598 ) ) GLOBAL_UNIT_ASSIGNED_CONTEXT ( ( #2601, #2600, #2599 ) ) REPRESENTATION_CONTEXT ( 'NONE', 'WORKASPACE' ) );
#2580 = MECHANICAL_DESIGN_GEOMETRIC_PRESENTATION_REPRESENTATION (  '', ( #2427 ), #2615 ) ;
#2581 = FACE_OUTER_BOUND ( 'NONE', #6391, .T. ) ;
#2582 = SURFACE_STYLE_USAGE ( .BOTH. , #2583 ) ;
#2583 = SURFACE_SIDE_STYLE ('',( #2584 ) ) ;
#2584 = SURFACE_STYLE_FILL_AREA ( #2585 ) ;
#2585 = FILL_AREA_STYLE ('',( #2590 ) ) ;
#2586 = DIRECTION ( 'NONE',  ( -1.063803735850569600E-016, 1.000000000000000000, 0.0000000000000000000 ) ) ;
#2587 = DIRECTION ( 'NONE',  ( 1.000000000000000000, 1.063803735850569600E-016, -0.0000000000000000000 ) ) ;
#2588 = AXIS2_PLACEMENT_3D ( 'NONE', #2592, #2587, #2586 ) ;
#2589 = TOROIDAL_SURFACE ( 'NONE', #2588, 2.590800000000001500, 1.269999999999999800 ) ;
#2590 = FILL_AREA_STYLE_COLOUR ( '', #2591 ) ;
#2591 = COLOUR_RGB ( '',1.000000000000000000, 0.8588235294117646500, 0.5568627450980392400 ) ;
#2592 = CARTESIAN_POINT ( 'NONE',  ( -6.158127750930291600, 3.675442566818504500, -0.3961488006325448700 ) ) ;
#2593 =( GEOMETRIC_REPRESENTATION_CONTEXT ( 3 ) GLOBAL_UNCERTAINTY_ASSIGNED_CONTEXT ( ( #2606 ) ) GLOBAL_UNIT_ASSIGNED_CONTEXT ( ( #2546, #2608, #2607 ) ) REPRESENTATION_CONTEXT ( 'NONE', 'WORKASPACE' ) );
#2594 = DIRECTION ( 'NONE',  ( 0.0000000000000000000, -1.000000000000000000, -0.0000000000000000000 ) ) ;
#2595 = CARTESIAN_POINT ( 'NONE',  ( 0.09982720219610212400, -2.852357433181492900, -5.285648800632547100 ) ) ;
#2596 = AXIS2_PLACEMENT_3D ( 'NONE', #2595, #2594, #2614 ) ;
#2597 = CIRCLE ( 'NONE', #2612, 0.07619999999999892100 ) ;
#2598 = UNCERTAINTY_MEASURE_WITH_UNIT (LENGTH_MEASURE( 1.000000000000000100E-005 ), #2601, 'distance_accuracy_value', 'NONE');
#2599 =( NAMED_UNIT ( * ) SI_UNIT ( $, .STERADIAN. ) SOLID_ANGLE_UNIT ( ) );
#2600 =( NAMED_UNIT ( * ) PLANE_ANGLE_UNIT ( ) SI_UNIT ( $, .RADIAN. ) );
#2601 =( LENGTH_UNIT ( ) NAMED_UNIT ( * ) SI_UNIT ( .MILLI., .METRE. ) );
#2602 = MECHANICAL_DESIGN_GEOMETRIC_PRESENTATION_REPRESENTATION (  '', ( #2604 ), #2579 ) ;
#2603 = PRESENTATION_LAYER_ASSIGNMENT (  '', '', ( #2604 ) ) ;
#2604 = STYLED_ITEM ( 'NONE', ( #2605 ), #6375 ) ;
#2605 = PRESENTATION_STYLE_ASSIGNMENT (( #2582 ) ) ;
#2606 = UNCERTAINTY_MEASURE_WITH_UNIT (LENGTH_MEASURE( 1.000000000000000100E-005 ), #2546, 'distance_accuracy_value', 'NONE');
#2607 =( NAMED_UNIT ( * ) SI_UNIT ( $, .STERADIAN. ) SOLID_ANGLE_UNIT ( ) );
#2608 =( NAMED_UNIT ( * ) PLANE_ANGLE_UNIT ( ) SI_UNIT ( $, .RADIAN. ) );
#2609 = DIRECTION ( 'NONE',  ( 1.000000000000000000, 0.0000000000000000000, 0.0000000000000000000 ) ) ;
#2610 = DIRECTION ( 'NONE',  ( 0.0000000000000000000, 1.000000000000000000, 0.0000000000000000000 ) ) ;
#2611 = CARTESIAN_POINT ( 'NONE',  ( 0.4808272021961015300, 8.958642566818507900, -5.285648800632547100 ) ) ;
#2612 = AXIS2_PLACEMENT_3D ( 'NONE', #2611, #2610, #2609 ) ;
#2613 = FILL_AREA_STYLE_COLOUR ( '', #2555 ) ;
#2614 = DIRECTION ( 'NONE',  ( 0.0000000000000000000, 0.0000000000000000000, -1.000000000000000000 ) ) ;
#2615 =( GEOMETRIC_REPRESENTATION_CONTEXT ( 3 ) GLOBAL_UNCERTAINTY_ASSIGNED_CONTEXT ( ( #2545 ) ) GLOBAL_UNIT_ASSIGNED_CONTEXT ( ( #2573, #2539, #2557 ) ) REPRESENTATION_CONTEXT ( 'NONE', 'WORKASPACE' ) );
#2616 = DIRECTION ( 'NONE',  ( 1.000000000000000000, 0.0000000000000000000, -8.869636343065785700E-017 ) ) ;
#2617 = VECTOR ( 'NONE', #2616, 1000.000000000000000 ) ;
#2618 = CARTESIAN_POINT ( 'NONE',  ( -0.7129727978038985500, 2.303842566818503200, 3.921851199367455200 ) ) ;
#2619 = LINE ( 'NONE', #2618, #2617 ) ;
#2620 = CARTESIAN_POINT ( 'NONE',  ( 0.4808272021961032500, 3.479463565926335500, 3.921851199367455200 ) ) ;
#2621 = CARTESIAN_POINT ( 'NONE',  ( 0.4808272021961032500, 3.544586603674253500, 3.921851199367453400 ) ) ;
#2622 = CARTESIAN_POINT ( 'NONE',  ( 0.4808272021961032500, 3.609868974207213200, 3.921851199367453400 ) ) ;
#2623 = CARTESIAN_POINT ( 'NONE',  ( 0.4808272021961032500, 3.741075259057706800, 3.921851199367453400 ) ) ;
#2624 = CARTESIAN_POINT ( 'NONE',  ( 0.4808272021961022500, 3.806352174387724700, 3.921851199367453400 ) ) ;
#2625 = CARTESIAN_POINT ( 'NONE',  ( 0.4808272021961023700, 3.871421567709543200, 3.921851199367453400 ) ) ;
#2626 = TOROIDAL_SURFACE ( 'NONE', #2559, 5.180392681183183100, 1.319592681183183700 ) ;
#2627 = B_SPLINE_CURVE_WITH_KNOTS ( 'NONE', 3,
 ( #2625, #2624, #2623, #2622, #2621, #2620 ),
 .UNSPECIFIED., .F., .F.,
 ( 4, 2, 4 ),
 ( 0.4289933979169587300, 0.5007701829554559400, 0.5724823358549489000 ),
 .UNSPECIFIED. ) ;
#2628 = CARTESIAN_POINT ( 'NONE',  ( 0.4808272021961023700, 3.871421567709543200, 3.921851199367453400 ) ) ;
#2629 = CARTESIAN_POINT ( 'NONE',  ( -0.06502774658888754700, 4.275377380723164800, 3.921851199367455200 ) ) ;
#2630 = CARTESIAN_POINT ( 'NONE',  ( -0.06843391636822769600, 4.248187521173175400, 3.922068056114388100 ) ) ;
#2631 = CARTESIAN_POINT ( 'NONE',  ( -0.07188093875628580300, 4.221033496043413700, 3.922067254896180800 ) ) ;
#2632 = CARTESIAN_POINT ( 'NONE',  ( -0.07536788897774364400, 4.193918049506103300, 3.921851199367455200 ) ) ;
#2633 = B_SPLINE_CURVE_WITH_KNOTS ( 'NONE', 3,
 ( #2632, #2631, #2630, #2629 ),
 .UNSPECIFIED., .F., .F.,
 ( 4, 4 ),
 ( 0.0000000000000000000, 1.000000000000000000 ),
 .UNSPECIFIED. ) ;
#2634 = PRESENTATION_LAYER_ASSIGNMENT (  '', '', ( #2427 ) ) ;
#2635 = DIRECTION ( 'NONE',  ( -2.082201214683127100E-016, 1.000000000000000000, 0.0000000000000000000 ) ) ;
#2636 = DIRECTION ( 'NONE',  ( 1.000000000000000000, 1.063803735850569600E-016, -0.0000000000000000000 ) ) ;
#2637 = CARTESIAN_POINT ( 'NONE',  ( -6.158127750930289900, 3.675442566818504500, -0.3961488006325448700 ) ) ;
#2638 = AXIS2_PLACEMENT_3D ( 'NONE', #2637, #2636, #2635 ) ;
#2639 = DIRECTION ( 'NONE',  ( -1.041100607341563800E-016, 1.000000000000000000, 0.0000000000000000000 ) ) ;
#2640 = DIRECTION ( 'NONE',  ( 1.000000000000000000, 1.063803735850569600E-016, -0.0000000000000000000 ) ) ;
#2641 = AXIS2_PLACEMENT_3D ( 'NONE', #2644, #2640, #2639 ) ;
#2642 = CYLINDRICAL_SURFACE ( 'NONE', #2641, 4.165599999999999500 ) ;
#2643 = CIRCLE ( 'NONE', #2638, 4.165600000000000400 ) ;
#2644 = CARTESIAN_POINT ( 'NONE',  ( 0.4808272021961023700, 3.675442566818505300, -0.3961488006325448700 ) ) ;
#2645 =( GEOMETRIC_REPRESENTATION_CONTEXT ( 3 ) GLOBAL_UNCERTAINTY_ASSIGNED_CONTEXT ( ( #2646 ) ) GLOBAL_UNIT_ASSIGNED_CONTEXT ( ( #2649, #2648, #2647 ) ) REPRESENTATION_CONTEXT ( 'NONE', 'WORKASPACE' ) );
#2646 = UNCERTAINTY_MEASURE_WITH_UNIT (LENGTH_MEASURE( 1.000000000000000100E-005 ), #2649, 'distance_accuracy_value', 'NONE');
#2647 =( NAMED_UNIT ( * ) SI_UNIT ( $, .STERADIAN. ) SOLID_ANGLE_UNIT ( ) );
#2648 =( NAMED_UNIT ( * ) PLANE_ANGLE_UNIT ( ) SI_UNIT ( $, .RADIAN. ) );
#2649 =( LENGTH_UNIT ( ) NAMED_UNIT ( * ) SI_UNIT ( .MILLI., .METRE. ) );
#2650 = PRESENTATION_LAYER_ASSIGNMENT (  '', '', ( #2674 ) ) ;
#2651 =( LENGTH_UNIT ( ) NAMED_UNIT ( * ) SI_UNIT ( .MILLI., .METRE. ) );
#2652 = CARTESIAN_POINT ( 'NONE',  ( 6.830827202196103600, 8.958642566818507900, 4.569551199367452900 ) ) ;
#2653 = LINE ( 'NONE', #2652, #2706 ) ;
#2654 = FILL_AREA_STYLE_COLOUR ( '', #2703 ) ;
#2655 =( NAMED_UNIT ( * ) SI_UNIT ( $, .STERADIAN. ) SOLID_ANGLE_UNIT ( ) );
#2656 =( NAMED_UNIT ( * ) PLANE_ANGLE_UNIT ( ) SI_UNIT ( $, .RADIAN. ) );
#2657 = CARTESIAN_POINT ( 'NONE',  ( 0.4808272021961015300, 8.958642566818507900, -5.666648800632544600 ) ) ;
#2658 =( NAMED_UNIT ( * ) SI_UNIT ( $, .STERADIAN. ) SOLID_ANGLE_UNIT ( ) );
#2659 = DIRECTION ( 'NONE',  ( 0.0000000000000000000, 0.0000000000000000000, -1.000000000000000000 ) ) ;
#2660 = VECTOR ( 'NONE', #2659, 1000.000000000000000 ) ;
#2661 = CARTESIAN_POINT ( 'NONE',  ( 4.082868829148930300, 8.958642566818507900, 4.493351199367458200 ) ) ;
#2662 = LINE ( 'NONE', #2661, #2660 ) ;
#2663 = FACE_OUTER_BOUND ( 'NONE', #6114, .T. ) ;
#2664 = VECTOR ( 'NONE', #2678, 1000.000000000000000 ) ;
#2665 = COLOUR_RGB ( '',1.000000000000000000, 0.8588235294117646500, 0.5568627450980392400 ) ;
#2666 = CARTESIAN_POINT ( 'NONE',  ( 0.4808272021961023700, 5.047042566818506200, 4.874351199367457500 ) ) ;
#2667 = CARTESIAN_POINT ( 'NONE',  ( 0.9126272021961019400, 5.047042566818506200, -5.666648800632544600 ) ) ;
#2668 = MECHANICAL_DESIGN_GEOMETRIC_PRESENTATION_REPRESENTATION (  '', ( #2670 ), #2693 ) ;
#2669 = PRESENTATION_LAYER_ASSIGNMENT (  '', '', ( #2670 ) ) ;
#2670 = STYLED_ITEM ( 'NONE', ( #2671 ), #6131 ) ;
#2671 = PRESENTATION_STYLE_ASSIGNMENT (( #2672 ) ) ;
#2672 = SURFACE_STYLE_USAGE ( .BOTH. , #2673 ) ;
#2673 = SURFACE_SIDE_STYLE ('',( #2701 ) ) ;
#2674 = STYLED_ITEM ( 'NONE', ( #2680 ), #6113 ) ;
#2675 = LINE ( 'NONE', #2657, #2664 ) ;
#2676 = MECHANICAL_DESIGN_GEOMETRIC_PRESENTATION_REPRESENTATION (  '', ( #2674 ), #2684 ) ;
#2677 = FILL_AREA_STYLE ('',( #2689 ) ) ;
#2678 = DIRECTION ( 'NONE',  ( 0.0000000000000000000, 0.0000000000000000000, 1.000000000000000000 ) ) ;
#2679 = SURFACE_SIDE_STYLE ('',( #2688 ) ) ;
#2680 = PRESENTATION_STYLE_ASSIGNMENT (( #2695 ) ) ;
#2681 = CARTESIAN_POINT ( 'NONE',  ( 0.4808272021961023700, 8.958642566818507900, 4.493351199367458200 ) ) ;
#2682 = AXIS2_PLACEMENT_3D ( 'NONE', #2681, #2686, #2685 ) ;
#2683 = UNCERTAINTY_MEASURE_WITH_UNIT (LENGTH_MEASURE( 1.000000000000000100E-005 ), #2651, 'distance_accuracy_value', 'NONE');
#2684 =( GEOMETRIC_REPRESENTATION_CONTEXT ( 3 ) GLOBAL_UNCERTAINTY_ASSIGNED_CONTEXT ( ( #2683 ) ) GLOBAL_UNIT_ASSIGNED_CONTEXT ( ( #2651, #2687, #2658 ) ) REPRESENTATION_CONTEXT ( 'NONE', 'WORKASPACE' ) );
#2685 = DIRECTION ( 'NONE',  ( 0.0000000000000000000, -0.0000000000000000000, 1.000000000000000000 ) ) ;
#2686 = DIRECTION ( 'NONE',  ( 0.0000000000000000000, 1.000000000000000000, 0.0000000000000000000 ) ) ;
#2687 =( NAMED_UNIT ( * ) PLANE_ANGLE_UNIT ( ) SI_UNIT ( $, .RADIAN. ) );
#2688 = SURFACE_STYLE_FILL_AREA ( #2677 ) ;
#2689 = FILL_AREA_STYLE_COLOUR ( '', #2665 ) ;
#2690 = LINE ( 'NONE', #2699, #2698 ) ;
#2691 = PLANE ( 'NONE',  #2682 ) ;
#2692 = CARTESIAN_POINT ( 'NONE',  ( 0.9126272021961019400, 5.047042566818506200, 5.017902054945823300 ) ) ;
#2693 =( GEOMETRIC_REPRESENTATION_CONTEXT ( 3 ) GLOBAL_UNCERTAINTY_ASSIGNED_CONTEXT ( ( #2694 ) ) GLOBAL_UNIT_ASSIGNED_CONTEXT ( ( #2700, #2656, #2655 ) ) REPRESENTATION_CONTEXT ( 'NONE', 'WORKASPACE' ) );
#2694 = UNCERTAINTY_MEASURE_WITH_UNIT (LENGTH_MEASURE( 1.000000000000000100E-005 ), #2700, 'distance_accuracy_value', 'NONE');
#2695 = SURFACE_STYLE_USAGE ( .BOTH. , #2679 ) ;
#2696 = CARTESIAN_POINT ( 'NONE',  ( 4.290827202196104500, -2.852357433181492900, 4.874351199367454000 ) ) ;
#2697 = DIRECTION ( 'NONE',  ( -0.0000000000000000000, -1.000000000000000000, -0.0000000000000000000 ) ) ;
#2698 = VECTOR ( 'NONE', #2697, 1000.000000000000000 ) ;
#2699 = CARTESIAN_POINT ( 'NONE',  ( 6.830827202196103600, 8.958642566818507900, 4.874351199367454000 ) ) ;
#2700 =( LENGTH_UNIT ( ) NAMED_UNIT ( * ) SI_UNIT ( .MILLI., .METRE. ) );
#2701 = SURFACE_STYLE_FILL_AREA ( #2702 ) ;
#2702 = FILL_AREA_STYLE ('',( #2654 ) ) ;
#2703 = COLOUR_RGB ( '',1.000000000000000000, 0.8588235294117646500, 0.5568627450980392400 ) ;
#2704 = FACE_OUTER_BOUND ( 'NONE', #6053, .T. ) ;
#2705 = DIRECTION ( 'NONE',  ( -0.0000000000000000000, -1.000000000000000000, -0.0000000000000000000 ) ) ;
#2706 = VECTOR ( 'NONE', #2705, 1000.000000000000000 ) ;
#2707 = CARTESIAN_POINT ( 'NONE',  ( -0.1141058216666502000, 3.616939670964377300, 3.921851199367455200 ) ) ;
#2708 =( NAMED_UNIT ( * ) PLANE_ANGLE_UNIT ( ) SI_UNIT ( $, .RADIAN. ) );
#2709 = FACE_OUTER_BOUND ( 'NONE', #6394, .T. ) ;
#2710 = VECTOR ( 'NONE', #2718, 1000.000000000000000 ) ;
#2711 =( LENGTH_UNIT ( ) NAMED_UNIT ( * ) SI_UNIT ( .MILLI., .METRE. ) );
#2712 = MECHANICAL_DESIGN_GEOMETRIC_PRESENTATION_REPRESENTATION (  '', ( #2746 ), #2755 ) ;
#2713 = UNCERTAINTY_MEASURE_WITH_UNIT (LENGTH_MEASURE( 1.000000000000000100E-005 ), #2716, 'distance_accuracy_value', 'NONE');
#2714 =( NAMED_UNIT ( * ) SI_UNIT ( $, .STERADIAN. ) SOLID_ANGLE_UNIT ( ) );
#2715 =( NAMED_UNIT ( * ) PLANE_ANGLE_UNIT ( ) SI_UNIT ( $, .RADIAN. ) );
#2716 =( LENGTH_UNIT ( ) NAMED_UNIT ( * ) SI_UNIT ( .MILLI., .METRE. ) );
#2717 = MECHANICAL_DESIGN_GEOMETRIC_PRESENTATION_REPRESENTATION (  '', ( #2728 ), #2858 ) ;
#2718 = DIRECTION ( 'NONE',  ( 7.913517274987328100E-016, -0.0000000000000000000, 1.000000000000000000 ) ) ;
#2719 = CARTESIAN_POINT ( 'NONE',  ( 0.9126272021961019400, 2.303842566818503200, 5.017902054945819800 ) ) ;
#2720 = LINE ( 'NONE', #2719, #2710 ) ;
#2721 = B_SPLINE_CURVE_WITH_KNOTS ( 'NONE', 3,
 ( #2743, #2742, #2751, #2741 ),
 .UNSPECIFIED., .F., .F.,
 ( 4, 4 ),
 ( 0.0000000000000000000, 1.000000000000000000 ),
 .UNSPECIFIED. ) ;
#2722 = B_SPLINE_CURVE_WITH_KNOTS ( 'NONE', 3,
 ( #2726, #2707, #2756, #2752 ),
 .UNSPECIFIED., .F., .F.,
 ( 4, 4 ),
 ( 0.0000000000000000000, 1.000000000000000000 ),
 .UNSPECIFIED. ) ;
#2723 = SURFACE_STYLE_USAGE ( .BOTH. , #2724 ) ;
#2724 = SURFACE_SIDE_STYLE ('',( #2725 ) ) ;
#2725 = SURFACE_STYLE_FILL_AREA ( #2748 ) ;
#2726 = CARTESIAN_POINT ( 'NONE',  ( -0.09963133549365996200, 3.408310323731312200, 3.921851199367455200 ) ) ;
#2727 = PRESENTATION_LAYER_ASSIGNMENT (  '', '', ( #2728 ) ) ;
#2728 = STYLED_ITEM ( 'NONE', ( #2729 ), #6419 ) ;
#2729 = PRESENTATION_STYLE_ASSIGNMENT (( #2730 ) ) ;
#2730 = SURFACE_STYLE_USAGE ( .BOTH. , #2731 ) ;
#2731 = SURFACE_SIDE_STYLE ('',( #2732 ) ) ;
#2732 = SURFACE_STYLE_FILL_AREA ( #2733 ) ;
#2733 = FILL_AREA_STYLE ('',( #2734 ) ) ;
#2734 = FILL_AREA_STYLE_COLOUR ( '', #2739 ) ;
#2735 = DIRECTION ( 'NONE',  ( 7.913517274987328100E-016, 0.0000000000000000000, 1.000000000000000000 ) ) ;
#2736 = DIRECTION ( 'NONE',  ( -1.000000000000000000, 0.0000000000000000000, 7.913517274987328100E-016 ) ) ;
#2737 = CARTESIAN_POINT ( 'NONE',  ( 0.9126272021961010500, 2.303842566818503200, 3.921851199367455200 ) ) ;
#2738 = AXIS2_PLACEMENT_3D ( 'NONE', #2737, #2736, #2735 ) ;
#2739 = COLOUR_RGB ( '',1.000000000000000000, 0.8588235294117646500, 0.5568627450980392400 ) ;
#2740 = FACE_OUTER_BOUND ( 'NONE', #6461, .T. ) ;
#2741 = CARTESIAN_POINT ( 'NONE',  ( -0.05861368088875586200, 3.028349050872901800, 3.921851199367455200 ) ) ;
#2742 = CARTESIAN_POINT ( 'NONE',  ( -0.02032700444901838100, 2.773858369650918900, 3.921851199367455200 ) ) ;
#2743 = CARTESIAN_POINT ( 'NONE',  ( 0.001715104918703289100, 2.636593711711547000, 3.921851199367455200 ) ) ;
#2744 = FILL_AREA_STYLE_COLOUR ( '', #2749 ) ;
#2745 = PRESENTATION_LAYER_ASSIGNMENT (  '', '', ( #2746 ) ) ;
#2746 = STYLED_ITEM ( 'NONE', ( #2747 ), #6416 ) ;
#2747 = PRESENTATION_STYLE_ASSIGNMENT (( #2723 ) ) ;
#2748 = FILL_AREA_STYLE ('',( #2744 ) ) ;
#2749 = COLOUR_RGB ( '',1.000000000000000000, 0.8588235294117646500, 0.5568627450980392400 ) ;
#2750 = PLANE ( 'NONE',  #2738 ) ;
#2751 = CARTESIAN_POINT ( 'NONE',  ( -0.04132072321511991900, 2.903930270838789500, 3.921851199367751800 ) ) ;
#2752 = CARTESIAN_POINT ( 'NONE',  ( -0.09197933528664638300, 4.037801752193384000, 3.921851199367455200 ) ) ;
#2753 = UNCERTAINTY_MEASURE_WITH_UNIT (LENGTH_MEASURE( 1.000000000000000100E-005 ), #2711, 'distance_accuracy_value', 'NONE');
#2754 =( NAMED_UNIT ( * ) SI_UNIT ( $, .STERADIAN. ) SOLID_ANGLE_UNIT ( ) );
#2755 =( GEOMETRIC_REPRESENTATION_CONTEXT ( 3 ) GLOBAL_UNCERTAINTY_ASSIGNED_CONTEXT ( ( #2753 ) ) GLOBAL_UNIT_ASSIGNED_CONTEXT ( ( #2711, #2708, #2754 ) ) REPRESENTATION_CONTEXT ( 'NONE', 'WORKASPACE' ) );
#2756 = CARTESIAN_POINT ( 'NONE',  ( -0.1113063095628330500, 3.825279907808893000, 3.921851199367455200 ) ) ;
#2757 = PLANE ( 'NONE',  #2799 ) ;
#2758 =( GEOMETRIC_REPRESENTATION_CONTEXT ( 3 ) GLOBAL_UNCERTAINTY_ASSIGNED_CONTEXT ( ( #2786 ) ) GLOBAL_UNIT_ASSIGNED_CONTEXT ( ( #2846, #2848, #2847 ) ) REPRESENTATION_CONTEXT ( 'NONE', 'WORKASPACE' ) );
#2759 = FILL_AREA_STYLE ('',( #2760 ) ) ;
#2760 = FILL_AREA_STYLE_COLOUR ( '', #2818 ) ;
#2761 = DIRECTION ( 'NONE',  ( 0.0000000000000000000, 0.0000000000000000000, -1.000000000000000000 ) ) ;
#2762 = DIRECTION ( 'NONE',  ( 0.0000000000000000000, -1.000000000000000000, -0.0000000000000000000 ) ) ;
#2763 = AXIS2_PLACEMENT_3D ( 'NONE', #2843, #2762, #2761 ) ;
#2764 = SURFACE_STYLE_FILL_AREA ( #2765 ) ;
#2765 = FILL_AREA_STYLE ('',( #2766 ) ) ;
#2766 = FILL_AREA_STYLE_COLOUR ( '', #2860 ) ;
#2767 = CARTESIAN_POINT ( 'NONE',  ( 0.4808272021961032500, 3.675442566818505300, -0.3961488006325448700 ) ) ;
#2768 = AXIS2_PLACEMENT_3D ( 'NONE', #2767, #2851, #2850 ) ;
#2769 = CIRCLE ( 'NONE', #2768, 5.023697535934291000 ) ;
#2770 = CARTESIAN_POINT ( 'NONE',  ( 0.4808272021961032500, 3.675442566818505300, -0.3961488006325448700 ) ) ;
#2771 = DIRECTION ( 'NONE',  ( 0.0000000000000000000, -0.0000000000000000000, 1.000000000000000000 ) ) ;
#2772 = DIRECTION ( 'NONE',  ( 0.0000000000000000000, 1.000000000000000000, 0.0000000000000000000 ) ) ;
#2773 = DIRECTION ( 'NONE',  ( 0.0000000000000000000, 0.0000000000000000000, -1.000000000000000000 ) ) ;
#2774 = DIRECTION ( 'NONE',  ( -0.0000000000000000000, -1.000000000000000000, -0.0000000000000000000 ) ) ;
#2775 = CARTESIAN_POINT ( 'NONE',  ( 0.4808272021961032500, 2.303842566818503200, 4.436681671518560900 ) ) ;
#2776 = FACE_OUTER_BOUND ( 'NONE', #6526, .T. ) ;
#2777 = B_SPLINE_CURVE_WITH_KNOTS ( 'NONE', 3,
 ( #2775, #2792, #2791, #2790, #2789, #2788, #2787 ),
 .UNSPECIFIED., .F., .F.,
 ( 4, 3, 4 ),
 ( 0.001084296175181216800, 0.001188084816713968400, 0.001190083310150706100 ),
 .UNSPECIFIED. ) ;
#2778 = FILL_AREA_STYLE_COLOUR ( '', #2779 ) ;
#2779 = COLOUR_RGB ( '',1.000000000000000000, 0.8588235294117646500, 0.5568627450980392400 ) ;
#2780 =( GEOMETRIC_REPRESENTATION_CONTEXT ( 3 ) GLOBAL_UNCERTAINTY_ASSIGNED_CONTEXT ( ( #2781 ) ) GLOBAL_UNIT_ASSIGNED_CONTEXT ( ( #2873, #2783, #2782 ) ) REPRESENTATION_CONTEXT ( 'NONE', 'WORKASPACE' ) );
#2781 = UNCERTAINTY_MEASURE_WITH_UNIT (LENGTH_MEASURE( 1.000000000000000100E-005 ), #2873, 'distance_accuracy_value', 'NONE');
#2782 =( NAMED_UNIT ( * ) SI_UNIT ( $, .STERADIAN. ) SOLID_ANGLE_UNIT ( ) );
#2783 =( NAMED_UNIT ( * ) PLANE_ANGLE_UNIT ( ) SI_UNIT ( $, .RADIAN. ) );
#2784 = CARTESIAN_POINT ( 'NONE',  ( 0.4808272021961032500, 5.047042566818506200, 4.436681671518560900 ) ) ;
#2785 = UNCERTAINTY_MEASURE_WITH_UNIT (LENGTH_MEASURE( 1.000000000000000100E-005 ), #2842, 'distance_accuracy_value', 'NONE');
#2786 = UNCERTAINTY_MEASURE_WITH_UNIT (LENGTH_MEASURE( 1.000000000000000100E-005 ), #2846, 'distance_accuracy_value', 'NONE');
#2787 = CARTESIAN_POINT ( 'NONE',  ( 0.4046272021961012700, 2.303842566818503200, 4.363302169336789000 ) ) ;
#2788 = CARTESIAN_POINT ( 'NONE',  ( 0.4051069158913862500, 2.303842566818503200, 4.363764395955512600 ) ) ;
#2789 = CARTESIAN_POINT ( 'NONE',  ( 0.4055866321666056800, 2.303842566818503200, 4.364226619896712100 ) ) ;
#2790 = CARTESIAN_POINT ( 'NONE',  ( 0.4060663510195450800, 2.303842566818503200, 4.364688841162594800 ) ) ;
#2791 = CARTESIAN_POINT ( 'NONE',  ( 0.4309797832554349000, 2.303842566818503200, 4.388693564168601600 ) ) ;
#2792 = CARTESIAN_POINT ( 'NONE',  ( 0.4559001673470553500, 2.303842566818503200, 4.412691074068691300 ) ) ;
#2793 = SURFACE_STYLE_USAGE ( .BOTH. , #2794 ) ;
#2794 = SURFACE_SIDE_STYLE ('',( #2795 ) ) ;
#2795 = SURFACE_STYLE_FILL_AREA ( #2796 ) ;
#2796 = FILL_AREA_STYLE ('',( #2778 ) ) ;
#2797 = CARTESIAN_POINT ( 'NONE',  ( 0.4808272021961015300, 8.958642566818507900, -5.285648800632547100 ) ) ;
#2798 = CARTESIAN_POINT ( 'NONE',  ( 0.4808272021961023700, 8.958642566818507900, 4.569551199367456500 ) ) ;
#2799 = AXIS2_PLACEMENT_3D ( 'NONE', #2798, #2772, #2771 ) ;
#2800 = AXIS2_PLACEMENT_3D ( 'NONE', #2797, #2774, #2773 ) ;
#2801 = FILL_AREA_STYLE_COLOUR ( '', #2802 ) ;
#2802 = COLOUR_RGB ( '',1.000000000000000000, 0.8588235294117646500, 0.5568627450980392400 ) ;
#2803 = DIRECTION ( 'NONE',  ( -1.063803735850569600E-016, 1.000000000000000000, 0.0000000000000000000 ) ) ;
#2804 = DIRECTION ( 'NONE',  ( 1.000000000000000000, 1.063803735850569600E-016, -0.0000000000000000000 ) ) ;
#2805 = CARTESIAN_POINT ( 'NONE',  ( 0.4808272021961023700, 8.699140102752796400, -0.3961488006325448700 ) ) ;
#2806 = AXIS2_PLACEMENT_3D ( 'NONE', #2805, #2804, #2803 ) ;
#2807 = PLANE ( 'NONE',  #2806 ) ;
#2808 = UNCERTAINTY_MEASURE_WITH_UNIT (LENGTH_MEASURE( 1.000000000000000100E-005 ), #2862, 'distance_accuracy_value', 'NONE');
#2809 =( NAMED_UNIT ( * ) SI_UNIT ( $, .STERADIAN. ) SOLID_ANGLE_UNIT ( ) );
#2810 =( NAMED_UNIT ( * ) PLANE_ANGLE_UNIT ( ) SI_UNIT ( $, .RADIAN. ) );
#2811 = MECHANICAL_DESIGN_GEOMETRIC_PRESENTATION_REPRESENTATION (  '', ( #2813 ), #2758 ) ;
#2812 = PRESENTATION_LAYER_ASSIGNMENT (  '', '', ( #2813 ) ) ;
#2813 = STYLED_ITEM ( 'NONE', ( #2814 ), #6425 ) ;
#2814 = PRESENTATION_STYLE_ASSIGNMENT (( #2815 ) ) ;
#2815 = SURFACE_STYLE_USAGE ( .BOTH. , #2816 ) ;
#2816 = SURFACE_SIDE_STYLE ('',( #2817 ) ) ;
#2817 = SURFACE_STYLE_FILL_AREA ( #2759 ) ;
#2818 = COLOUR_RGB ( '',1.000000000000000000, 0.8588235294117646500, 0.5568627450980392400 ) ;
#2819 = FACE_OUTER_BOUND ( 'NONE', #6529, .T. ) ;
#2820 = UNCERTAINTY_MEASURE_WITH_UNIT (LENGTH_MEASURE( 1.000000000000000100E-005 ), #2823, 'distance_accuracy_value', 'NONE');
#2821 =( NAMED_UNIT ( * ) SI_UNIT ( $, .STERADIAN. ) SOLID_ANGLE_UNIT ( ) );
#2822 =( NAMED_UNIT ( * ) PLANE_ANGLE_UNIT ( ) SI_UNIT ( $, .RADIAN. ) );
#2823 =( LENGTH_UNIT ( ) NAMED_UNIT ( * ) SI_UNIT ( .MILLI., .METRE. ) );
#2824 = MECHANICAL_DESIGN_GEOMETRIC_PRESENTATION_REPRESENTATION (  '', ( #2826 ), #2917 ) ;
#2825 = PRESENTATION_LAYER_ASSIGNMENT (  '', '', ( #2826 ) ) ;
#2826 = STYLED_ITEM ( 'NONE', ( #2827 ), #6446 ) ;
#2827 = PRESENTATION_STYLE_ASSIGNMENT (( #2828 ) ) ;
#2828 = SURFACE_STYLE_USAGE ( .BOTH. , #2833 ) ;
#2829 = CARTESIAN_POINT ( 'NONE',  ( 0.3865833856406680800, 5.047042566818504400, -4.390435367879046400 ) ) ;
#2830 = CARTESIAN_POINT ( 'NONE',  ( 0.4198338439344008200, 5.047042566818505300, -4.423799522652070800 ) ) ;
#2831 = CARTESIAN_POINT ( 'NONE',  ( 0.4512337772425855700, 5.047042566818506200, -4.458734516461832200 ) ) ;
#2832 = CARTESIAN_POINT ( 'NONE',  ( 0.4808272021961032500, 5.047042566818506200, -4.495202985294013400 ) ) ;
#2833 = SURFACE_SIDE_STYLE ('',( #2834 ) ) ;
#2834 = SURFACE_STYLE_FILL_AREA ( #2835 ) ;
#2835 = FILL_AREA_STYLE ('',( #2801 ) ) ;
#2836 = FACE_OUTER_BOUND ( 'NONE', #6462, .T. ) ;
#2837 = B_SPLINE_CURVE_WITH_KNOTS ( 'NONE', 3,
 ( #2832, #2831, #2830, #2829 ),
 .UNSPECIFIED., .F., .F.,
 ( 4, 4 ),
 ( 0.0001986768368206628700, 0.0003395376154884756700 ),
 .UNSPECIFIED. ) ;
#2838 = DIRECTION ( 'NONE',  ( -1.003323020872234500E-016, 1.000000000000000000, 0.0000000000000000000 ) ) ;
#2839 = DIRECTION ( 'NONE',  ( 1.000000000000000000, 1.063803735850569600E-016, -0.0000000000000000000 ) ) ;
#2840 = AXIS2_PLACEMENT_3D ( 'NONE', #2770, #2839, #2838 ) ;
#2841 =( NAMED_UNIT ( * ) PLANE_ANGLE_UNIT ( ) SI_UNIT ( $, .RADIAN. ) );
#2842 =( LENGTH_UNIT ( ) NAMED_UNIT ( * ) SI_UNIT ( .MILLI., .METRE. ) );
#2843 = CARTESIAN_POINT ( 'NONE',  ( 0.4808272021961023700, -2.852357433181492900, 4.874351199367457500 ) ) ;
#2844 = PLANE ( 'NONE',  #2763 ) ;
#2845 =( GEOMETRIC_REPRESENTATION_CONTEXT ( 3 ) GLOBAL_UNCERTAINTY_ASSIGNED_CONTEXT ( ( #2785 ) ) GLOBAL_UNIT_ASSIGNED_CONTEXT ( ( #2842, #2841, #2859 ) ) REPRESENTATION_CONTEXT ( 'NONE', 'WORKASPACE' ) );
#2846 =( LENGTH_UNIT ( ) NAMED_UNIT ( * ) SI_UNIT ( .MILLI., .METRE. ) );
#2847 =( NAMED_UNIT ( * ) SI_UNIT ( $, .STERADIAN. ) SOLID_ANGLE_UNIT ( ) );
#2848 =( NAMED_UNIT ( * ) PLANE_ANGLE_UNIT ( ) SI_UNIT ( $, .RADIAN. ) );
#2849 = CIRCLE ( 'NONE', #2840, 4.322445114607090100 ) ;
#2850 = DIRECTION ( 'NONE',  ( -1.079087827969591300E-016, 1.000000000000000000, 0.0000000000000000000 ) ) ;
#2851 = DIRECTION ( 'NONE',  ( 1.000000000000000000, 1.063803735850569600E-016, -0.0000000000000000000 ) ) ;
#2852 = PRESENTATION_STYLE_ASSIGNMENT (( #2853 ) ) ;
#2853 = SURFACE_STYLE_USAGE ( .BOTH. , #2854 ) ;
#2854 = SURFACE_SIDE_STYLE ('',( #2764 ) ) ;
#2855 = CYLINDRICAL_SURFACE ( 'NONE', #2800, 0.07619999999999935200 ) ;
#2856 = PRESENTATION_LAYER_ASSIGNMENT (  '', '', ( #2857 ) ) ;
#2857 = STYLED_ITEM ( 'NONE', ( #2852 ), #6422 ) ;
#2858 =( GEOMETRIC_REPRESENTATION_CONTEXT ( 3 ) GLOBAL_UNCERTAINTY_ASSIGNED_CONTEXT ( ( #2713 ) ) GLOBAL_UNIT_ASSIGNED_CONTEXT ( ( #2716, #2715, #2714 ) ) REPRESENTATION_CONTEXT ( 'NONE', 'WORKASPACE' ) );
#2859 =( NAMED_UNIT ( * ) SI_UNIT ( $, .STERADIAN. ) SOLID_ANGLE_UNIT ( ) );
#2860 = COLOUR_RGB ( '',1.000000000000000000, 0.8588235294117646500, 0.5568627450980392400 ) ;
#2861 = FACE_OUTER_BOUND ( 'NONE', #6471, .T. ) ;
#2862 =( LENGTH_UNIT ( ) NAMED_UNIT ( * ) SI_UNIT ( .MILLI., .METRE. ) );
#2863 = MECHANICAL_DESIGN_GEOMETRIC_PRESENTATION_REPRESENTATION (  '', ( #2865 ), #2871 ) ;
#2864 = PRESENTATION_LAYER_ASSIGNMENT (  '', '', ( #2865 ) ) ;
#2865 = STYLED_ITEM ( 'NONE', ( #2866 ), #6435 ) ;
#2866 = PRESENTATION_STYLE_ASSIGNMENT (( #2793 ) ) ;
#2867 = AXIS2_PLACEMENT_3D ( 'NONE', #2886, #2885, #2884 ) ;
#2868 = CARTESIAN_POINT ( 'NONE',  ( 0.001715104918703289100, 2.636593711711547000, 3.921851199367455200 ) ) ;
#2869 = FILL_AREA_STYLE_COLOUR ( '', #2882 ) ;
#2870 = PLANE ( 'NONE',  #2867 ) ;
#2871 =( GEOMETRIC_REPRESENTATION_CONTEXT ( 3 ) GLOBAL_UNCERTAINTY_ASSIGNED_CONTEXT ( ( #2808 ) ) GLOBAL_UNIT_ASSIGNED_CONTEXT ( ( #2862, #2810, #2809 ) ) REPRESENTATION_CONTEXT ( 'NONE', 'WORKASPACE' ) );
#2872 = MECHANICAL_DESIGN_GEOMETRIC_PRESENTATION_REPRESENTATION (  '', ( #2857 ), #2845 ) ;
#2873 =( LENGTH_UNIT ( ) NAMED_UNIT ( * ) SI_UNIT ( .MILLI., .METRE. ) );
#2874 = MECHANICAL_DESIGN_GEOMETRIC_PRESENTATION_REPRESENTATION (  '', ( #2876 ), #2780 ) ;
#2875 = PRESENTATION_LAYER_ASSIGNMENT (  '', '', ( #2876 ) ) ;
#2876 = STYLED_ITEM ( 'NONE', ( #2877 ), #6443 ) ;
#2877 = PRESENTATION_STYLE_ASSIGNMENT (( #2878 ) ) ;
#2878 = SURFACE_STYLE_USAGE ( .BOTH. , #2879 ) ;
#2879 = SURFACE_SIDE_STYLE ('',( #2880 ) ) ;
#2880 = SURFACE_STYLE_FILL_AREA ( #2881 ) ;
#2881 = FILL_AREA_STYLE ('',( #2869 ) ) ;
#2882 = COLOUR_RGB ( '',1.000000000000000000, 0.8588235294117646500, 0.5568627450980392400 ) ;
#2883 = FACE_OUTER_BOUND ( 'NONE', #6444, .T. ) ;
#2884 = DIRECTION ( 'NONE',  ( 0.0000000000000000000, -0.0000000000000000000, 1.000000000000000000 ) ) ;
#2885 = DIRECTION ( 'NONE',  ( 0.0000000000000000000, 1.000000000000000000, 0.0000000000000000000 ) ) ;
#2886 = CARTESIAN_POINT ( 'NONE',  ( 0.4808272021961015300, 8.958642566818507900, -5.666648800632544600 ) ) ;
#2887 = DIRECTION ( 'NONE',  ( 1.000000000000000000, 1.063803735850569600E-016, -0.0000000000000000000 ) ) ;
#2888 = UNCERTAINTY_MEASURE_WITH_UNIT (LENGTH_MEASURE( 1.000000000000000100E-005 ), #2925, 'distance_accuracy_value', 'NONE');
#2889 =( NAMED_UNIT ( * ) SI_UNIT ( $, .STERADIAN. ) SOLID_ANGLE_UNIT ( ) );
#2890 =( NAMED_UNIT ( * ) PLANE_ANGLE_UNIT ( ) SI_UNIT ( $, .RADIAN. ) );
#2891 =( GEOMETRIC_REPRESENTATION_CONTEXT ( 3 ) GLOBAL_UNCERTAINTY_ASSIGNED_CONTEXT ( ( #2892 ) ) GLOBAL_UNIT_ASSIGNED_CONTEXT ( ( #2991, #2971, #2970 ) ) REPRESENTATION_CONTEXT ( 'NONE', 'WORKASPACE' ) );
#2892 = UNCERTAINTY_MEASURE_WITH_UNIT (LENGTH_MEASURE( 1.000000000000000100E-005 ), #2991, 'distance_accuracy_value', 'NONE');
#2893 = CARTESIAN_POINT ( 'NONE',  ( -6.158127750930291600, 3.675442566818504500, -0.3961488006325448700 ) ) ;
#2894 = AXIS2_PLACEMENT_3D ( 'NONE', #2893, #2953, #2952 ) ;
#2895 = CIRCLE ( 'NONE', #2894, 3.860800000000002000 ) ;
#2896 = FACE_OUTER_BOUND ( 'NONE', #6458, .T. ) ;
#2897 = AXIS2_PLACEMENT_3D ( 'NONE', #2921, #2920, #3005 ) ;
#2898 = PLANE ( 'NONE',  #2897 ) ;
#2899 =( GEOMETRIC_REPRESENTATION_CONTEXT ( 3 ) GLOBAL_UNCERTAINTY_ASSIGNED_CONTEXT ( ( #3016 ) ) GLOBAL_UNIT_ASSIGNED_CONTEXT ( ( #2937, #3028, #3027 ) ) REPRESENTATION_CONTEXT ( 'NONE', 'WORKASPACE' ) );
#2900 = MECHANICAL_DESIGN_GEOMETRIC_PRESENTATION_REPRESENTATION (  '', ( #2902 ), #2899 ) ;
#2901 = PRESENTATION_LAYER_ASSIGNMENT (  '', '', ( #2902 ) ) ;
#2902 = STYLED_ITEM ( 'NONE', ( #2903 ), #6456 ) ;
#2903 = PRESENTATION_STYLE_ASSIGNMENT (( #2904 ) ) ;
#2904 = SURFACE_STYLE_USAGE ( .BOTH. , #2905 ) ;
#2905 = SURFACE_SIDE_STYLE ('',( #2948 ) ) ;
#2906 = SURFACE_SIDE_STYLE ('',( #2907 ) ) ;
#2907 = SURFACE_STYLE_FILL_AREA ( #3020 ) ;
#2908 = CARTESIAN_POINT ( 'NONE',  ( 0.1913506028805646900, 3.903768036252114100, -4.466350166913522400 ) ) ;
#2909 = CARTESIAN_POINT ( 'NONE',  ( 0.2150512846842021500, 4.136215921863438000, -4.461144647826238000 ) ) ;
#2910 = CARTESIAN_POINT ( 'NONE',  ( 0.2908727064777194000, 4.594417506653962300, -4.438952633266142200 ) ) ;
#2911 = CARTESIAN_POINT ( 'NONE',  ( 0.3369796525061387600, 4.821306992426656300, -4.418177468208858400 ) ) ;
#2912 = CARTESIAN_POINT ( 'NONE',  ( 0.3865833856406680800, 5.047042566818504400, -4.390435367879046400 ) ) ;
#2913 = AXIS2_PLACEMENT_3D ( 'NONE', #3022, #2963, #2962 ) ;
#2914 = CIRCLE ( 'NONE', #2913, 0.3809999999999993900 ) ;
#2915 = LINE ( 'NONE', #2961, #2960 ) ;
#2916 =( LENGTH_UNIT ( ) NAMED_UNIT ( * ) SI_UNIT ( .MILLI., .METRE. ) );
#2917 =( GEOMETRIC_REPRESENTATION_CONTEXT ( 3 ) GLOBAL_UNCERTAINTY_ASSIGNED_CONTEXT ( ( #2820 ) ) GLOBAL_UNIT_ASSIGNED_CONTEXT ( ( #2823, #2822, #2821 ) ) REPRESENTATION_CONTEXT ( 'NONE', 'WORKASPACE' ) );
#2918 = CARTESIAN_POINT ( 'NONE',  ( 0.4808272021961023700, 3.675442566818505300, -0.3961488006325448700 ) ) ;
#2919 = AXIS2_PLACEMENT_3D ( 'NONE', #2918, #2978, #2977 ) ;
#2920 = DIRECTION ( 'NONE',  ( 0.0000000000000000000, -1.000000000000000000, -0.0000000000000000000 ) ) ;
#2921 = CARTESIAN_POINT ( 'NONE',  ( 0.4808272021961015300, -2.852357433181492900, -5.361848800632545300 ) ) ;
#2922 = CARTESIAN_POINT ( 'NONE',  ( 0.4808272021961032500, 5.047042566818506200, -4.495202985294013400 ) ) ;
#2923 = CARTESIAN_POINT ( 'NONE',  ( 0.4808272021961032500, 3.675442566818505300, -0.3961488006325448700 ) ) ;
#2924 = CYLINDRICAL_SURFACE ( 'NONE', #2919, 3.860800000000000200 ) ;
#2925 =( LENGTH_UNIT ( ) NAMED_UNIT ( * ) SI_UNIT ( .MILLI., .METRE. ) );
#2926 = MECHANICAL_DESIGN_GEOMETRIC_PRESENTATION_REPRESENTATION (  '', ( #2928 ), #2974 ) ;
#2927 = PRESENTATION_LAYER_ASSIGNMENT (  '', '', ( #2928 ) ) ;
#2928 = STYLED_ITEM ( 'NONE', ( #2929 ), #6486 ) ;
#2929 = PRESENTATION_STYLE_ASSIGNMENT (( #2930 ) ) ;
#2930 = SURFACE_STYLE_USAGE ( .BOTH. , #2931 ) ;
#2931 = SURFACE_SIDE_STYLE ('',( #2932 ) ) ;
#2932 = SURFACE_STYLE_FILL_AREA ( #2933 ) ;
#2933 = FILL_AREA_STYLE ('',( #2934 ) ) ;
#2934 = FILL_AREA_STYLE_COLOUR ( '', #2935 ) ;
#2935 = COLOUR_RGB ( '',1.000000000000000000, 0.8588235294117646500, 0.5568627450980392400 ) ;
#2936 = FACE_OUTER_BOUND ( 'NONE', #6470, .T. ) ;
#2937 =( LENGTH_UNIT ( ) NAMED_UNIT ( * ) SI_UNIT ( .MILLI., .METRE. ) );
#2938 = DIRECTION ( 'NONE',  ( -7.913517274987302400E-016, 0.0000000000000000000, -1.000000000000000000 ) ) ;
#2939 = DIRECTION ( 'NONE',  ( 1.264129798092586100E-031, -1.188311109926536100E-015, 1.000000000000000000 ) ) ;
#2940 = VECTOR ( 'NONE', #2939, 1000.000000000000000 ) ;
#2941 = CARTESIAN_POINT ( 'NONE',  ( 0.4808272021961023700, 5.047042566818500800, -0.3961488006325492000 ) ) ;
#2942 = VECTOR ( 'NONE', #2938, 1000.000000000000000 ) ;
#2943 = LINE ( 'NONE', #2941, #2940 ) ;
#2944 = DIRECTION ( 'NONE',  ( -1.264129798092586100E-031, 1.188311109926536100E-015, 1.000000000000000000 ) ) ;
#2945 = VECTOR ( 'NONE', #2944, 1000.000000000000000 ) ;
#2946 = CARTESIAN_POINT ( 'NONE',  ( 0.4808272021961023700, 5.047042566818500800, -0.3961488006325405400 ) ) ;
#2947 = LINE ( 'NONE', #2946, #2945 ) ;
#2948 = SURFACE_STYLE_FILL_AREA ( #2949 ) ;
#2949 = FILL_AREA_STYLE ('',( #2950 ) ) ;
#2950 = FILL_AREA_STYLE_COLOUR ( '', #2951 ) ;
#2951 = COLOUR_RGB ( '',1.000000000000000000, 0.8588235294117646500, 0.5568627450980392400 ) ;
#2952 = DIRECTION ( 'NONE',  ( 0.0000000000000000000, 1.000000000000000000, 0.0000000000000000000 ) ) ;
#2953 = DIRECTION ( 'NONE',  ( 1.000000000000000000, 1.063803735850569600E-016, -0.0000000000000000000 ) ) ;
#2954 = DIRECTION ( 'NONE',  ( 1.000000000000000000, 0.0000000000000000000, 0.0000000000000000000 ) ) ;
#2955 = DIRECTION ( 'NONE',  ( 0.0000000000000000000, 1.000000000000000000, 0.0000000000000000000 ) ) ;
#2956 = CARTESIAN_POINT ( 'NONE',  ( 0.4808272021961015300, -2.852357433181492900, -5.285648800632547100 ) ) ;
#2957 = AXIS2_PLACEMENT_3D ( 'NONE', #2956, #2955, #2954 ) ;
#2958 = CIRCLE ( 'NONE', #2957, 0.07619999999999892100 ) ;
#2959 = DIRECTION ( 'NONE',  ( -1.000000000000000000, 0.0000000000000000000, 0.0000000000000000000 ) ) ;
#2960 = VECTOR ( 'NONE', #2959, 1000.000000000000000 ) ;
#2961 = CARTESIAN_POINT ( 'NONE',  ( 0.4046272021961012700, 8.958642566818507900, -5.285648800632547100 ) ) ;
#2962 = DIRECTION ( 'NONE',  ( 0.0000000000000000000, 0.0000000000000000000, -1.000000000000000000 ) ) ;
#2963 = DIRECTION ( 'NONE',  ( 0.0000000000000000000, 1.000000000000000000, 0.0000000000000000000 ) ) ;
#2964 = CARTESIAN_POINT ( 'NONE',  ( 0.3862447890190211500, 2.305994903388139900, -4.390834238765779500 ) ) ;
#2965 = CARTESIAN_POINT ( 'NONE',  ( 0.3366279276947712900, 2.531092025968559000, -4.418258933006355500 ) ) ;
#2966 = CARTESIAN_POINT ( 'NONE',  ( 0.2905449139570032700, 2.758074078789448000, -4.438993857696597300 ) ) ;
#2967 = CARTESIAN_POINT ( 'NONE',  ( 0.2143135822983856200, 3.214540823548370300, -4.460571353164255000 ) ) ;
#2968 = CARTESIAN_POINT ( 'NONE',  ( 0.1914253944616667300, 3.443538298880015600, -4.466195872915515800 ) ) ;
#2969 = UNCERTAINTY_MEASURE_WITH_UNIT (LENGTH_MEASURE( 1.000000000000000100E-005 ), #2916, 'distance_accuracy_value', 'NONE');
#2970 =( NAMED_UNIT ( * ) SI_UNIT ( $, .STERADIAN. ) SOLID_ANGLE_UNIT ( ) );
#2971 =( NAMED_UNIT ( * ) PLANE_ANGLE_UNIT ( ) SI_UNIT ( $, .RADIAN. ) );
#2972 = CARTESIAN_POINT ( 'NONE',  ( 0.09982720219610212400, 8.958642566818507900, 4.493351199367458200 ) ) ;
#2973 = PLANE ( 'NONE',  #3026 ) ;
#2974 =( GEOMETRIC_REPRESENTATION_CONTEXT ( 3 ) GLOBAL_UNCERTAINTY_ASSIGNED_CONTEXT ( ( #2888 ) ) GLOBAL_UNIT_ASSIGNED_CONTEXT ( ( #2925, #2890, #2889 ) ) REPRESENTATION_CONTEXT ( 'NONE', 'WORKASPACE' ) );
#2975 = FACE_OUTER_BOUND ( 'NONE', #6372, .T. ) ;
#2976 =( NAMED_UNIT ( * ) SI_UNIT ( $, .STERADIAN. ) SOLID_ANGLE_UNIT ( ) );
#2977 = DIRECTION ( 'NONE',  ( -1.123292760552739800E-016, 1.000000000000000000, 0.0000000000000000000 ) ) ;
#2978 = DIRECTION ( 'NONE',  ( 1.000000000000000000, 1.063803735850569600E-016, -0.0000000000000000000 ) ) ;
#2979 = DIRECTION ( 'NONE',  ( 0.0000000000000000000, 0.0000000000000000000, -1.000000000000000000 ) ) ;
#2980 = DIRECTION ( 'NONE',  ( -0.0000000000000000000, -1.000000000000000000, -0.0000000000000000000 ) ) ;
#2981 = AXIS2_PLACEMENT_3D ( 'NONE', #2984, #2980, #2979 ) ;
#2982 = CYLINDRICAL_SURFACE ( 'NONE', #2981, 0.3809999999999993900 ) ;
#2983 = CARTESIAN_POINT ( 'NONE',  ( 0.4808272021961032500, 5.047042566818506200, -4.714148800632544000 ) ) ;
#2984 = CARTESIAN_POINT ( 'NONE',  ( 0.4808272021961015300, 8.958642566818507900, -5.285648800632547100 ) ) ;
#2985 = CONICAL_SURFACE ( 'NONE', #2990, 5.023697535934291000, 0.7469237487433119100 ) ;
#2986 = PRESENTATION_STYLE_ASSIGNMENT (( #2987 ) ) ;
#2987 = SURFACE_STYLE_USAGE ( .BOTH. , #2906 ) ;
#2988 =( NAMED_UNIT ( * ) PLANE_ANGLE_UNIT ( ) SI_UNIT ( $, .RADIAN. ) );
#2989 = DIRECTION ( 'NONE',  ( -1.079087827969591300E-016, 1.000000000000000000, 0.0000000000000000000 ) ) ;
#2990 = AXIS2_PLACEMENT_3D ( 'NONE', #2923, #2887, #2989 ) ;
#2991 =( LENGTH_UNIT ( ) NAMED_UNIT ( * ) SI_UNIT ( .MILLI., .METRE. ) );
#2992 = MECHANICAL_DESIGN_GEOMETRIC_PRESENTATION_REPRESENTATION (  '', ( #2994 ), #2891 ) ;
#2993 = PRESENTATION_LAYER_ASSIGNMENT (  '', '', ( #2994 ) ) ;
#2994 = STYLED_ITEM ( 'NONE', ( #2995 ), #6478 ) ;
#2995 = PRESENTATION_STYLE_ASSIGNMENT (( #2996 ) ) ;
#2996 = SURFACE_STYLE_USAGE ( .BOTH. , #2997 ) ;
#2997 = SURFACE_SIDE_STYLE ('',( #2998 ) ) ;
#2998 = SURFACE_STYLE_FILL_AREA ( #3011 ) ;
#2999 = PRESENTATION_LAYER_ASSIGNMENT (  '', '', ( #3000 ) ) ;
#3000 = STYLED_ITEM ( 'NONE', ( #2986 ), #6447 ) ;
#3001 =( GEOMETRIC_REPRESENTATION_CONTEXT ( 3 ) GLOBAL_UNCERTAINTY_ASSIGNED_CONTEXT ( ( #2969 ) ) GLOBAL_UNIT_ASSIGNED_CONTEXT ( ( #2916, #2988, #2976 ) ) REPRESENTATION_CONTEXT ( 'NONE', 'WORKASPACE' ) );
#3002 = MECHANICAL_DESIGN_GEOMETRIC_PRESENTATION_REPRESENTATION (  '', ( #3000 ), #3001 ) ;
#3003 = B_SPLINE_CURVE_WITH_KNOTS ( 'NONE', 3,
 ( #3018, #3017, #3010, #3009, #3008, #3007, #3006 ),
 .UNSPECIFIED., .F., .F.,
 ( 4, 3, 4 ),
 ( 0.001186090939839815500, 0.001188089425524041600, 0.001291877664442203800 ),
 .UNSPECIFIED. ) ;
#3004 = CARTESIAN_POINT ( 'NONE',  ( -0.09197933528664638300, 4.037801752193384000, 3.921851199367455200 ) ) ;
#3005 = DIRECTION ( 'NONE',  ( 0.0000000000000000000, 0.0000000000000000000, -1.000000000000000000 ) ) ;
#3006 = CARTESIAN_POINT ( 'NONE',  ( 0.4808272021961032500, 5.047042566818506200, 4.436681671518560900 ) ) ;
#3007 = CARTESIAN_POINT ( 'NONE',  ( 0.4559001673470544100, 5.047042566818506200, 4.412691074068691300 ) ) ;
#3008 = CARTESIAN_POINT ( 'NONE',  ( 0.4309797832554340700, 5.047042566818506200, 4.388693564168601600 ) ) ;
#3009 = CARTESIAN_POINT ( 'NONE',  ( 0.4060663510195442500, 5.047042566818506200, 4.364688841162594800 ) ) ;
#3010 = CARTESIAN_POINT ( 'NONE',  ( 0.4055866321666048400, 5.047042566818506200, 4.364226619896712100 ) ) ;
#3011 = FILL_AREA_STYLE ('',( #3012 ) ) ;
#3012 = FILL_AREA_STYLE_COLOUR ( '', #3013 ) ;
#3013 = COLOUR_RGB ( '',1.000000000000000000, 0.8588235294117646500, 0.5568627450980392400 ) ;
#3014 = FACE_OUTER_BOUND ( 'NONE', #6476, .T. ) ;
#3015 = COLOUR_RGB ( '',1.000000000000000000, 0.8588235294117646500, 0.5568627450980392400 ) ;
#3016 = UNCERTAINTY_MEASURE_WITH_UNIT (LENGTH_MEASURE( 1.000000000000000100E-005 ), #2937, 'distance_accuracy_value', 'NONE');
#3017 = CARTESIAN_POINT ( 'NONE',  ( 0.4051069158913857000, 5.047042566818506200, 4.363764395955512600 ) ) ;
#3018 = CARTESIAN_POINT ( 'NONE',  ( 0.4046272021961012700, 5.047042566818506200, 4.363302169336789000 ) ) ;
#3019 = CARTESIAN_POINT ( 'NONE',  ( 0.3862447890190211500, 2.305994903388139900, -4.390834238765779500 ) ) ;
#3020 = FILL_AREA_STYLE ('',( #3021 ) ) ;
#3021 = FILL_AREA_STYLE_COLOUR ( '', #3015 ) ;
#3022 = CARTESIAN_POINT ( 'NONE',  ( 0.4808272021961015300, 8.958642566818507900, -5.285648800632547100 ) ) ;
#3023 = B_SPLINE_CURVE_WITH_KNOTS ( 'NONE', 3,
 ( #2912, #2911, #2910, #2909, #2908, #2968, #2967, #2966, #2965, #2964 ),
 .UNSPECIFIED., .F., .F.,
 ( 4, 2, 2, 2, 4 ),
 ( 9.989035708778293000E-016, 0.0006971324239233707400, 0.001394264847845742700, 0.002091397271768114600, 0.002788529695690486200 ),
 .UNSPECIFIED. ) ;
#3024 = DIRECTION ( 'NONE',  ( 0.0000000000000000000, -0.0000000000000000000, 1.000000000000000000 ) ) ;
#3025 = DIRECTION ( 'NONE',  ( 0.0000000000000000000, 1.000000000000000000, 0.0000000000000000000 ) ) ;
#3026 = AXIS2_PLACEMENT_3D ( 'NONE', #2972, #3025, #3024 ) ;
#3027 =( NAMED_UNIT ( * ) SI_UNIT ( $, .STERADIAN. ) SOLID_ANGLE_UNIT ( ) );
#3028 =( NAMED_UNIT ( * ) PLANE_ANGLE_UNIT ( ) SI_UNIT ( $, .RADIAN. ) );
#3029 = LINE ( 'NONE', #2692, #2942 ) ;
#3030 = DIRECTION ( 'NONE',  ( 0.0000000000000000000, -0.0000000000000000000, 1.000000000000000000 ) ) ;
#3031 = DIRECTION ( 'NONE',  ( 0.0000000000000000000, 1.000000000000000000, 0.0000000000000000000 ) ) ;
#3032 = CARTESIAN_POINT ( 'NONE',  ( -0.7129727978038976600, 2.303842566818503200, 5.017902054945819800 ) ) ;
#3033 = AXIS2_PLACEMENT_3D ( 'NONE', #3032, #3031, #3030 ) ;
#3034 = PLANE ( 'NONE',  #3033 ) ;
#3035 =( GEOMETRIC_REPRESENTATION_CONTEXT ( 3 ) GLOBAL_UNCERTAINTY_ASSIGNED_CONTEXT ( ( #3054 ) ) GLOBAL_UNIT_ASSIGNED_CONTEXT ( ( #3038, #3037, #3055 ) ) REPRESENTATION_CONTEXT ( 'NONE', 'WORKASPACE' ) );
#3036 = CARTESIAN_POINT ( 'NONE',  ( 0.4808272021961032500, 5.047042566818506200, 3.921851199367455200 ) ) ;
#3037 =( NAMED_UNIT ( * ) PLANE_ANGLE_UNIT ( ) SI_UNIT ( $, .RADIAN. ) );
#3038 =( LENGTH_UNIT ( ) NAMED_UNIT ( * ) SI_UNIT ( .MILLI., .METRE. ) );
#3039 = MECHANICAL_DESIGN_GEOMETRIC_PRESENTATION_REPRESENTATION (  '', ( #3059 ), #3035 ) ;
#3040 = PRESENTATION_LAYER_ASSIGNMENT (  '', '', ( #3059 ) ) ;
#3041 = CARTESIAN_POINT ( 'NONE',  ( 0.09982720219960626600, 2.303842566818503200, 4.068872498875509600 ) ) ;
#3042 = MECHANICAL_DESIGN_GEOMETRIC_PRESENTATION_REPRESENTATION (  '', ( #3044 ), #3095 ) ;
#3043 = PRESENTATION_LAYER_ASSIGNMENT (  '', '', ( #3044 ) ) ;
#3044 = STYLED_ITEM ( 'NONE', ( #3066 ), #6513 ) ;
#3045 = COLOUR_RGB ( '',1.000000000000000000, 0.8588235294117646500, 0.5568627450980392400 ) ;
#3046 = DIRECTION ( 'NONE',  ( 0.0000000000000000000, 1.000000000000000000, 0.0000000000000000000 ) ) ;
#3047 = DIRECTION ( 'NONE',  ( 1.000000000000000000, 1.063803735850569600E-016, -0.0000000000000000000 ) ) ;
#3048 = CARTESIAN_POINT ( 'NONE',  ( -7.352468054193980000, 3.675442566818504500, -0.3961488006325448700 ) ) ;
#3049 = AXIS2_PLACEMENT_3D ( 'NONE', #3048, #3047, #3046 ) ;
#3050 = CIRCLE ( 'NONE', #3049, 3.022599999999999300 ) ;
#3051 = DIRECTION ( 'NONE',  ( 0.0000000000000000000, 1.000000000000000000, -0.0000000000000000000 ) ) ;
#3052 = AXIS2_PLACEMENT_3D ( 'NONE', #3073, #3051, #3091 ) ;
#3053 = CARTESIAN_POINT ( 'NONE',  ( 0.3865833856406680800, 5.047042566818504400, -4.390435367879046400 ) ) ;
#3054 = UNCERTAINTY_MEASURE_WITH_UNIT (LENGTH_MEASURE( 1.000000000000000100E-005 ), #3038, 'distance_accuracy_value', 'NONE');
#3055 =( NAMED_UNIT ( * ) SI_UNIT ( $, .STERADIAN. ) SOLID_ANGLE_UNIT ( ) );
#3056 = FILL_AREA_STYLE ('',( #3057 ) ) ;
#3057 = FILL_AREA_STYLE_COLOUR ( '', #3058 ) ;
#3058 = COLOUR_RGB ( '',1.000000000000000000, 0.8588235294117646500, 0.5568627450980392400 ) ;
#3059 = STYLED_ITEM ( 'NONE', ( #3060 ), #6522 ) ;
#3060 = PRESENTATION_STYLE_ASSIGNMENT (( #3061 ) ) ;
#3061 = SURFACE_STYLE_USAGE ( .BOTH. , #3062 ) ;
#3062 = SURFACE_SIDE_STYLE ('',( #3063 ) ) ;
#3063 = SURFACE_STYLE_FILL_AREA ( #3064 ) ;
#3064 = FILL_AREA_STYLE ('',( #3065 ) ) ;
#3065 = FILL_AREA_STYLE_COLOUR ( '', #3045 ) ;
#3066 = PRESENTATION_STYLE_ASSIGNMENT (( #3067 ) ) ;
#3067 = SURFACE_STYLE_USAGE ( .BOTH. , #3068 ) ;
#3068 = SURFACE_SIDE_STYLE ('',( #3069 ) ) ;
#3069 = SURFACE_STYLE_FILL_AREA ( #3056 ) ;
#3070 = CIRCLE ( 'NONE', #3052, 0.07619999999999935200 ) ;
#3071 = CARTESIAN_POINT ( 'NONE',  ( 0.05294814900327644200, 2.303842566818503200, 3.921851199367455200 ) ) ;
#3072 =( LENGTH_UNIT ( ) NAMED_UNIT ( * ) SI_UNIT ( .MILLI., .METRE. ) );
#3073 = CARTESIAN_POINT ( 'NONE',  ( 0.4808272021961015300, 5.047042566818506200, -5.285648800632547100 ) ) ;
#3074 = DIRECTION ( 'NONE',  ( 0.0000000000000000000, 0.0000000000000000000, 1.000000000000000000 ) ) ;
#3075 = DIRECTION ( 'NONE',  ( 0.0000000000000000000, 1.000000000000000000, -0.0000000000000000000 ) ) ;
#3076 = CARTESIAN_POINT ( 'NONE',  ( 0.4808272021961015300, 5.047042566818506200, -5.285648800632547100 ) ) ;
#3077 = CARTESIAN_POINT ( 'NONE',  ( 0.08834795327530353700, 2.303842566818503600, 4.018623633253571200 ) ) ;
#3078 = CARTESIAN_POINT ( 'NONE',  ( 0.09478888101913751600, 2.303842566818503200, 4.043603107385752800 ) ) ;
#3079 = FACE_OUTER_BOUND ( 'NONE', #6450, .T. ) ;
#3080 = DIRECTION ( 'NONE',  ( 0.0000000000000000000, 0.0000000000000000000, -1.000000000000000000 ) ) ;
#3081 = DIRECTION ( 'NONE',  ( -0.0000000000000000000, -1.000000000000000000, -0.0000000000000000000 ) ) ;
#3082 = CARTESIAN_POINT ( 'NONE',  ( 0.4808272021961015300, 8.958642566818507900, -5.285648800632547100 ) ) ;
#3083 = AXIS2_PLACEMENT_3D ( 'NONE', #3082, #3081, #3080 ) ;
#3084 = CARTESIAN_POINT ( 'NONE',  ( 0.06340820166931344900, 2.303842566818503200, 3.945214315893520200 ) ) ;
#3085 = CARTESIAN_POINT ( 'NONE',  ( 0.07260360951860403400, 2.303842566818502700, 3.969256358419451100 ) ) ;
#3086 = AXIS2_PLACEMENT_3D ( 'NONE', #3076, #3075, #3074 ) ;
#3087 = CIRCLE ( 'NONE', #3086, 0.3809999999999993900 ) ;
#3088 = UNCERTAINTY_MEASURE_WITH_UNIT (LENGTH_MEASURE( 1.000000000000000100E-005 ), #3072, 'distance_accuracy_value', 'NONE');
#3089 =( NAMED_UNIT ( * ) SI_UNIT ( $, .STERADIAN. ) SOLID_ANGLE_UNIT ( ) );
#3090 = FACE_OUTER_BOUND ( 'NONE', #6514, .T. ) ;
#3091 = DIRECTION ( 'NONE',  ( 0.0000000000000000000, 0.0000000000000000000, 1.000000000000000000 ) ) ;
#3092 = B_SPLINE_CURVE_WITH_KNOTS ( 'NONE', 3,
 ( #3041, #3078, #3077, #3085, #3084, #3071 ),
 .UNSPECIFIED., .F., .F.,
 ( 4, 2, 4 ),
 ( 0.003977500733631585300, 0.004054165338027009400, 0.004130829942422434300 ),
 .UNSPECIFIED. ) ;
#3093 =( NAMED_UNIT ( * ) PLANE_ANGLE_UNIT ( ) SI_UNIT ( $, .RADIAN. ) );
#3094 = CYLINDRICAL_SURFACE ( 'NONE', #3083, 0.07619999999999935200 ) ;
#3095 =( GEOMETRIC_REPRESENTATION_CONTEXT ( 3 ) GLOBAL_UNCERTAINTY_ASSIGNED_CONTEXT ( ( #3088 ) ) GLOBAL_UNIT_ASSIGNED_CONTEXT ( ( #3072, #3093, #3089 ) ) REPRESENTATION_CONTEXT ( 'NONE', 'WORKASPACE' ) );
#3096 = CARTESIAN_POINT ( 'NONE',  ( 1.141227202196101900, 2.312091916578967100, -3.240948800632547300 ) ) ;
#3097 = CARTESIAN_POINT ( 'NONE',  ( 1.087868434241492200, 2.309342133325477300, -3.809521239657562800 ) ) ;
#3098 = CARTESIAN_POINT ( 'NONE',  ( 0.8131106697708574400, 2.306592350071989400, -4.338523593066698300 ) ) ;
#3099 = CARTESIAN_POINT ( 'NONE',  ( 0.3738574388979050100, 2.303842566818500500, -4.714148800632540500 ) ) ;
#3100 = CARTESIAN_POINT ( 'NONE',  ( 1.192027202196100900, 2.312091916578968000, -3.240948800632545100 ) ) ;
#3101 = CARTESIAN_POINT ( 'NONE',  ( 1.145506159418868000, 2.309342133325478200, -3.809521239657562000 ) ) ;
#3102 = CARTESIAN_POINT ( 'NONE',  ( 0.8775861201256096600, 2.306592350071991100, -4.338523593066700100 ) ) ;
#3103 = UNCERTAINTY_MEASURE_WITH_UNIT (LENGTH_MEASURE( 1.000000000000000100E-005 ), #3268, 'distance_accuracy_value', 'NONE');
#3104 =( NAMED_UNIT ( * ) SI_UNIT ( $, .STERADIAN. ) SOLID_ANGLE_UNIT ( ) );
#3105 =( NAMED_UNIT ( * ) PLANE_ANGLE_UNIT ( ) SI_UNIT ( $, .RADIAN. ) );
#3106 = CARTESIAN_POINT ( 'NONE',  ( 0.9126272021961019400, 5.047042566818506200, 2.448651199367455300 ) ) ;
#3107 = AXIS2_PLACEMENT_3D ( 'NONE', #3106, #3131, #3130 ) ;
#3108 = CARTESIAN_POINT ( 'NONE',  ( 0.9126272021961019400, 5.047042566818506200, 2.448651199367455300 ) ) ;
#3109 = FILL_AREA_STYLE_COLOUR ( '', #3128 ) ;
#3110 = PLANE ( 'NONE',  #3107 ) ;
#3111 = CARTESIAN_POINT ( 'NONE',  ( 0.4451706144300337000, 2.303842566818503200, -4.714148800632544000 ) ) ;
#3112 = CARTESIAN_POINT ( 'NONE',  ( 1.217427202196101900, 2.312091916578968000, -3.240948800632545100 ) ) ;
#3113 = CARTESIAN_POINT ( 'NONE',  ( 1.174325022007557600, 2.309342133325478200, -3.809521239657562000 ) ) ;
#3114 = CARTESIAN_POINT ( 'NONE',  ( 0.9098238453029896500, 2.306592350071991100, -4.338523593066700100 ) ) ;
#3115 = CARTESIAN_POINT ( 'NONE',  ( 0.4808272021961032500, 2.303842566818503200, -4.714148800632544000 ) ) ;
#3116 = B_SPLINE_SURFACE_WITH_KNOTS ( 'NONE', 3, 3, ( 
 ( #3115, #3114, #3113, #3112 ),
 ( #3111, #3102, #3101, #3100 ),
 ( #3099, #3098, #3097, #3096 ),
 ( #3233, #3232, #3231, #3230 ),
 ( #3229, #3228, #3227, #3226 ),
 ( #3225, #3224, #3223, #3222 ),
 ( #3187, #3186, #3185, #3184 ) ),
 .UNSPECIFIED., .F., .F., .F.,
 ( 4, 1, 1, 1, 4 ),
 ( 4, 4 ),
 ( 0.0000000000000000000, 0.01467102558005545200, 0.02934205116011090500, 0.04401307674016641200, 0.05868410232022186500 ),
 ( 0.0000000000000000000, 1.000000000000000000 ),
 .UNSPECIFIED. ) ;
#3117 = B_SPLINE_CURVE_WITH_KNOTS ( 'NONE', 3,
 ( #3181, #3180, #3221, #3220 ),
 .UNSPECIFIED., .F., .F.,
 ( 4, 4 ),
 ( 0.2612066574467104600, 1.000000000000000000 ),
 .UNSPECIFIED. ) ;
#3118 = DIRECTION ( 'NONE',  ( -1.000000000000000000, 0.0000000000000000000, 0.0000000000000000000 ) ) ;
#3119 = VECTOR ( 'NONE', #3118, 1000.000000000000000 ) ;
#3120 = MECHANICAL_DESIGN_GEOMETRIC_PRESENTATION_REPRESENTATION (  '', ( #3122 ), #3237 ) ;
#3121 = PRESENTATION_LAYER_ASSIGNMENT (  '', '', ( #3122 ) ) ;
#3122 = STYLED_ITEM ( 'NONE', ( #3123 ), #6557 ) ;
#3123 = PRESENTATION_STYLE_ASSIGNMENT (( #3124 ) ) ;
#3124 = SURFACE_STYLE_USAGE ( .BOTH. , #3125 ) ;
#3125 = SURFACE_SIDE_STYLE ('',( #3126 ) ) ;
#3126 = SURFACE_STYLE_FILL_AREA ( #3127 ) ;
#3127 = FILL_AREA_STYLE ('',( #3109 ) ) ;
#3128 = COLOUR_RGB ( '',1.000000000000000000, 0.8588235294117646500, 0.5568627450980392400 ) ;
#3129 = FACE_OUTER_BOUND ( 'NONE', #6558, .T. ) ;
#3130 = DIRECTION ( 'NONE',  ( 1.000000000000000000, 0.0000000000000000000, -0.0000000000000000000 ) ) ;
#3131 = DIRECTION ( 'NONE',  ( 0.0000000000000000000, 0.0000000000000000000, 1.000000000000000000 ) ) ;
#3132 = CIRCLE ( 'NONE', #3193, 0.07619999999999935200 ) ;
#3133 = CARTESIAN_POINT ( 'NONE',  ( 0.4808272021961026400, 4.655168900449229600, -4.714148800632544000 ) ) ;
#3134 = CARTESIAN_POINT ( 'NONE',  ( 0.4808272021961032500, 5.047042566818506200, -4.714148800632544000 ) ) ;
#3135 = SURFACE_STYLE_FILL_AREA ( #3136 ) ;
#3136 = FILL_AREA_STYLE ('',( #3137 ) ) ;
#3137 = FILL_AREA_STYLE_COLOUR ( '', #3245 ) ;
#3138 = CARTESIAN_POINT ( 'NONE',  ( 0.4808272021980071200, 3.871421567709541400, -4.714148800632544000 ) ) ;
#3139 =( LENGTH_UNIT ( ) NAMED_UNIT ( * ) SI_UNIT ( .MILLI., .METRE. ) );
#3140 = MECHANICAL_DESIGN_GEOMETRIC_PRESENTATION_REPRESENTATION (  '', ( #3142 ), #3189 ) ;
#3141 = PRESENTATION_LAYER_ASSIGNMENT (  '', '', ( #3142 ) ) ;
#3142 = STYLED_ITEM ( 'NONE', ( #3143 ), #6554 ) ;
#3143 = PRESENTATION_STYLE_ASSIGNMENT (( #3144 ) ) ;
#3144 = SURFACE_STYLE_USAGE ( .BOTH. , #3145 ) ;
#3145 = SURFACE_SIDE_STYLE ('',( #3135 ) ) ;
#3146 = CARTESIAN_POINT ( 'NONE',  ( 0.4808272021980071200, 3.871421567709541400, -4.714148800632544000 ) ) ;
#3147 = CARTESIAN_POINT ( 'NONE',  ( 0.4808272021961029800, 4.263295234079952100, -4.714148800632544000 ) ) ;
#3148 = PRESENTATION_STYLE_ASSIGNMENT (( #3149 ) ) ;
#3149 = SURFACE_STYLE_USAGE ( .BOTH. , #3150 ) ;
#3150 = SURFACE_SIDE_STYLE ('',( #3151 ) ) ;
#3151 = SURFACE_STYLE_FILL_AREA ( #3152 ) ;
#3152 = FILL_AREA_STYLE ('',( #3159 ) ) ;
#3153 = COLOUR_RGB ( '',1.000000000000000000, 0.8588235294117646500, 0.5568627450980392400 ) ;
#3154 = FACE_OUTER_BOUND ( 'NONE', #6587, .T. ) ;
#3155 = DIRECTION ( 'NONE',  ( 0.0000000000000000000, 0.0000000000000000000, -1.000000000000000000 ) ) ;
#3156 = VECTOR ( 'NONE', #3155, 1000.000000000000000 ) ;
#3157 = CARTESIAN_POINT ( 'NONE',  ( 4.290827202196100900, -2.801557433181493200, 5.191851199367455600 ) ) ;
#3158 = LINE ( 'NONE', #3157, #3156 ) ;
#3159 = FILL_AREA_STYLE_COLOUR ( '', #3153 ) ;
#3160 = DIRECTION ( 'NONE',  ( 1.000000000000000000, -3.868201923988832200E-016, -1.920830620545216900E-016 ) ) ;
#3161 = VECTOR ( 'NONE', #3160, 1000.000000000000000 ) ;
#3162 = CARTESIAN_POINT ( 'NONE',  ( 6.830827202196104500, -2.979055534312798200, 4.592919267698409400 ) ) ;
#3163 = LINE ( 'NONE', #3162, #3161 ) ;
#3164 = CARTESIAN_POINT ( 'NONE',  ( 6.830827202196101000, -2.979055534312798200, 4.592919267698409400 ) ) ;
#3165 = DIRECTION ( 'NONE',  ( -2.980831119295280200E-016, -0.2588190451025145800, -0.9659258262890699800 ) ) ;
#3166 = VECTOR ( 'NONE', #3165, 1000.000000000000000 ) ;
#3167 = CARTESIAN_POINT ( 'NONE',  ( 6.830827202196101000, -2.900167489365551800, 4.887333459551317800 ) ) ;
#3168 = LINE ( 'NONE', #3167, #3166 ) ;
#3169 = CARTESIAN_POINT ( 'NONE',  ( 6.830827202196101000, -2.900167489365550500, 4.887333459551323100 ) ) ;
#3170 = DIRECTION ( 'NONE',  ( 2.276539994720228200E-015, 0.0000000000000000000, -1.000000000000000000 ) ) ;
#3171 = DIRECTION ( 'NONE',  ( 1.000000000000000000, 1.244235020197816600E-016, 2.275172608361721800E-015 ) ) ;
#3172 = AXIS2_PLACEMENT_3D ( 'NONE', #3177, #3171, #3170 ) ;
#3173 = CIRCLE ( 'NONE', #3172, 0.3809999999999985100 ) ;
#3174 = DIRECTION ( 'NONE',  ( -2.275172608361721800E-015, 0.0000000000000000000, 1.000000000000000000 ) ) ;
#3175 = DIRECTION ( 'NONE',  ( -1.000000000000000000, -1.244235020197816600E-016, -2.275172608361721800E-015 ) ) ;
#3176 = CARTESIAN_POINT ( 'NONE',  ( 6.830827202196100100, -2.801557433181492800, 5.255351199367458600 ) ) ;
#3177 = CARTESIAN_POINT ( 'NONE',  ( 6.830827202196100100, -2.801557433181492800, 5.255351199367458600 ) ) ;
#3178 = LINE ( 'NONE', #3188, #3119 ) ;
#3179 = CARTESIAN_POINT ( 'NONE',  ( 0.4808272021961015300, 2.303842566818503200, -5.285648800632547100 ) ) ;
#3180 = CARTESIAN_POINT ( 'NONE',  ( 0.6674769777921371100, 5.047042566818504400, 3.267168294648157700 ) ) ;
#3181 = CARTESIAN_POINT ( 'NONE',  ( 0.3865833856444428300, 5.047042566818504400, 3.598137766609509100 ) ) ;
#3182 = CARTESIAN_POINT ( 'NONE',  ( 6.830827202196100100, -2.801557433181492800, 5.255351199367458600 ) ) ;
#3183 =( GEOMETRIC_REPRESENTATION_CONTEXT ( 3 ) GLOBAL_UNCERTAINTY_ASSIGNED_CONTEXT ( ( #3103 ) ) GLOBAL_UNIT_ASSIGNED_CONTEXT ( ( #3268, #3105, #3104 ) ) REPRESENTATION_CONTEXT ( 'NONE', 'WORKASPACE' ) );
#3184 = CARTESIAN_POINT ( 'NONE',  ( 0.9126272021961019400, 2.312091916578968000, -3.240948800632545100 ) ) ;
#3185 = CARTESIAN_POINT ( 'NONE',  ( 0.8284986709432831100, 2.309342133325478200, -3.809521239657562000 ) ) ;
#3186 = CARTESIAN_POINT ( 'NONE',  ( 0.5229711431744390500, 2.306592350071991100, -4.338523593066700100 ) ) ;
#3187 = CARTESIAN_POINT ( 'NONE',  ( 0.05294814900327644200, 2.303842566818503200, -4.714148800632544000 ) ) ;
#3188 = CARTESIAN_POINT ( 'NONE',  ( 0.4046272021961030400, -2.852357433181492900, 4.493351199367458200 ) ) ;
#3189 =( GEOMETRIC_REPRESENTATION_CONTEXT ( 3 ) GLOBAL_UNCERTAINTY_ASSIGNED_CONTEXT ( ( #3190 ) ) GLOBAL_UNIT_ASSIGNED_CONTEXT ( ( #3139, #3243, #3242 ) ) REPRESENTATION_CONTEXT ( 'NONE', 'WORKASPACE' ) );
#3190 = UNCERTAINTY_MEASURE_WITH_UNIT (LENGTH_MEASURE( 1.000000000000000100E-005 ), #3139, 'distance_accuracy_value', 'NONE');
#3191 = DIRECTION ( 'NONE',  ( 0.0000000000000000000, -1.000000000000000000, 0.0000000000000000000 ) ) ;
#3192 = LINE ( 'NONE', #3249, #3248 ) ;
#3193 = AXIS2_PLACEMENT_3D ( 'NONE', #3179, #3191, #3234 ) ;
#3194 =( NAMED_UNIT ( * ) PLANE_ANGLE_UNIT ( ) SI_UNIT ( $, .RADIAN. ) );
#3195 =( LENGTH_UNIT ( ) NAMED_UNIT ( * ) SI_UNIT ( .MILLI., .METRE. ) );
#3196 = MECHANICAL_DESIGN_GEOMETRIC_PRESENTATION_REPRESENTATION (  '', ( #3198 ), #3217 ) ;
#3197 = PRESENTATION_LAYER_ASSIGNMENT (  '', '', ( #3198 ) ) ;
#3198 = STYLED_ITEM ( 'NONE', ( #3199 ), #6597 ) ;
#3199 = PRESENTATION_STYLE_ASSIGNMENT (( #3200 ) ) ;
#3200 = SURFACE_STYLE_USAGE ( .BOTH. , #3201 ) ;
#3201 = SURFACE_SIDE_STYLE ('',( #3202 ) ) ;
#3202 = SURFACE_STYLE_FILL_AREA ( #3203 ) ;
#3203 = FILL_AREA_STYLE ('',( #3210 ) ) ;
#3204 = COLOUR_RGB ( '',1.000000000000000000, 0.8588235294117646500, 0.5568627450980392400 ) ;
#3205 = FACE_OUTER_BOUND ( 'NONE', #6598, .T. ) ;
#3206 = DIRECTION ( 'NONE',  ( 2.980831119295280200E-016, 0.2588190451025145800, 0.9659258262890699800 ) ) ;
#3207 = VECTOR ( 'NONE', #3206, 1000.000000000000000 ) ;
#3208 = CARTESIAN_POINT ( 'NONE',  ( 6.830827202196104500, -4.893366358728926900, 5.105857307162854600 ) ) ;
#3209 = LINE ( 'NONE', #3208, #3207 ) ;
#3210 = FILL_AREA_STYLE_COLOUR ( '', #3204 ) ;
#3211 = DIRECTION ( 'NONE',  ( 2.276539994720226300E-015, -0.2588190451025144100, -0.9659258262890699800 ) ) ;
#3212 = DIRECTION ( 'NONE',  ( 1.000000000000000000, 1.244235020197816600E-016, 2.275172608361721800E-015 ) ) ;
#3213 = AXIS2_PLACEMENT_3D ( 'NONE', #3182, #3212, #3211 ) ;
#3214 = CYLINDRICAL_SURFACE ( 'NONE', #3213, 0.3809999999999988400 ) ;
#3215 = AXIS2_PLACEMENT_3D ( 'NONE', #3266, #3265, #3264 ) ;
#3216 = PLANE ( 'NONE',  #3215 ) ;
#3217 =( GEOMETRIC_REPRESENTATION_CONTEXT ( 3 ) GLOBAL_UNCERTAINTY_ASSIGNED_CONTEXT ( ( #3218 ) ) GLOBAL_UNIT_ASSIGNED_CONTEXT ( ( #3195, #3194, #3219 ) ) REPRESENTATION_CONTEXT ( 'NONE', 'WORKASPACE' ) );
#3218 = UNCERTAINTY_MEASURE_WITH_UNIT (LENGTH_MEASURE( 1.000000000000000100E-005 ), #3195, 'distance_accuracy_value', 'NONE');
#3219 =( NAMED_UNIT ( * ) SI_UNIT ( $, .STERADIAN. ) SOLID_ANGLE_UNIT ( ) );
#3220 = CARTESIAN_POINT ( 'NONE',  ( 0.9126272021961019400, 5.047042566818506200, 2.448651199367455300 ) ) ;
#3221 = CARTESIAN_POINT ( 'NONE',  ( 0.8504736033877317000, 5.047042566818505300, 2.868708732078423500 ) ) ;
#3222 = CARTESIAN_POINT ( 'NONE',  ( 0.9380272021961011400, 2.312091916578968000, -3.240948800632545100 ) ) ;
#3223 = CARTESIAN_POINT ( 'NONE',  ( 0.8573175335319718200, 2.309342133325478200, -3.809521239657562000 ) ) ;
#3224 = CARTESIAN_POINT ( 'NONE',  ( 0.5552088683518172600, 2.306592350071991100, -4.338523593066700100 ) ) ;
#3225 = CARTESIAN_POINT ( 'NONE',  ( 0.08860473676934425800, 2.303842566818503200, -4.714148800632544000 ) ) ;
#3226 = CARTESIAN_POINT ( 'NONE',  ( 0.9888272021961065400, 2.312091916578964400, -3.240948800632545100 ) ) ;
#3227 = CARTESIAN_POINT ( 'NONE',  ( 0.9149552587093597900, 2.309342133325474700, -3.809521239657560600 ) ) ;
#3228 = CARTESIAN_POINT ( 'NONE',  ( 0.6196843187065885800, 2.306592350071986700, -4.338523593066696500 ) ) ;
#3229 = CARTESIAN_POINT ( 'NONE',  ( 0.1599179123014981000, 2.303842566818497000, -4.714148800632540500 ) ) ;
#3230 = CARTESIAN_POINT ( 'NONE',  ( 1.065027202196098000, 2.312091916578969300, -3.240948800632542000 ) ) ;
#3231 = CARTESIAN_POINT ( 'NONE',  ( 1.001411846475412900, 2.309342133325482200, -3.809521239657559700 ) ) ;
#3232 = CARTESIAN_POINT ( 'NONE',  ( 0.7163974942387034700, 2.306592350071996900, -4.338523593066700100 ) ) ;
#3233 = CARTESIAN_POINT ( 'NONE',  ( 0.2668876755996755200, 2.303842566818509900, -4.714148800632545800 ) ) ;
#3234 = DIRECTION ( 'NONE',  ( 0.0000000000000000000, 0.0000000000000000000, -1.000000000000000000 ) ) ;
#3235 = AXIS2_PLACEMENT_3D ( 'NONE', #3176, #3175, #3174 ) ;
#3236 = PLANE ( 'NONE',  #3235 ) ;
#3237 =( GEOMETRIC_REPRESENTATION_CONTEXT ( 3 ) GLOBAL_UNCERTAINTY_ASSIGNED_CONTEXT ( ( #3238 ) ) GLOBAL_UNIT_ASSIGNED_CONTEXT ( ( #3241, #3240, #3239 ) ) REPRESENTATION_CONTEXT ( 'NONE', 'WORKASPACE' ) );
#3238 = UNCERTAINTY_MEASURE_WITH_UNIT (LENGTH_MEASURE( 1.000000000000000100E-005 ), #3241, 'distance_accuracy_value', 'NONE');
#3239 =( NAMED_UNIT ( * ) SI_UNIT ( $, .STERADIAN. ) SOLID_ANGLE_UNIT ( ) );
#3240 =( NAMED_UNIT ( * ) PLANE_ANGLE_UNIT ( ) SI_UNIT ( $, .RADIAN. ) );
#3241 =( LENGTH_UNIT ( ) NAMED_UNIT ( * ) SI_UNIT ( .MILLI., .METRE. ) );
#3242 =( NAMED_UNIT ( * ) SI_UNIT ( $, .STERADIAN. ) SOLID_ANGLE_UNIT ( ) );
#3243 =( NAMED_UNIT ( * ) PLANE_ANGLE_UNIT ( ) SI_UNIT ( $, .RADIAN. ) );
#3244 = FACE_OUTER_BOUND ( 'NONE', #6555, .T. ) ;
#3245 = COLOUR_RGB ( '',1.000000000000000000, 0.8588235294117646500, 0.5568627450980392400 ) ;
#3246 = B_SPLINE_CURVE_WITH_KNOTS ( 'NONE', 3,
 ( #3134, #3133, #3147, #3146 ),
 .UNSPECIFIED., .F., .F.,
 ( 4, 4 ),
 ( 0.0000000000000000000, 1.000000000000000000 ),
 .UNSPECIFIED. ) ;
#3247 = DIRECTION ( 'NONE',  ( -1.000000000000000000, -0.0000000000000000000, 8.869636343065785700E-017 ) ) ;
#3248 = VECTOR ( 'NONE', #3247, 1000.000000000000000 ) ;
#3249 = CARTESIAN_POINT ( 'NONE',  ( 0.4046272021961012700, -2.852357433181492900, 0.8738511993674558100 ) ) ;
#3250 = MECHANICAL_DESIGN_GEOMETRIC_PRESENTATION_REPRESENTATION (  '', ( #3252 ), #3307 ) ;
#3251 = PRESENTATION_LAYER_ASSIGNMENT (  '', '', ( #3252 ) ) ;
#3252 = STYLED_ITEM ( 'NONE', ( #3253 ), #6603 ) ;
#3253 = PRESENTATION_STYLE_ASSIGNMENT (( #3254 ) ) ;
#3254 = SURFACE_STYLE_USAGE ( .BOTH. , #3255 ) ;
#3255 = SURFACE_SIDE_STYLE ('',( #3256 ) ) ;
#3256 = SURFACE_STYLE_FILL_AREA ( #3257 ) ;
#3257 = FILL_AREA_STYLE ('',( #3263 ) ) ;
#3258 = COLOUR_RGB ( '',1.000000000000000000, 0.8588235294117646500, 0.5568627450980392400 ) ;
#3259 = FACE_OUTER_BOUND ( 'NONE', #6757, .T. ) ;
#3260 = DIRECTION ( 'NONE',  ( 2.980831119295280700E-016, 0.2588190451025145800, 0.9659258262890699800 ) ) ;
#3261 = VECTOR ( 'NONE', #3260, 1000.000000000000000 ) ;
#3262 = CARTESIAN_POINT ( 'NONE',  ( 4.290827202196104500, -4.893366358728926900, 5.105857307162856400 ) ) ;
#3263 = FILL_AREA_STYLE_COLOUR ( '', #3258 ) ;
#3264 = DIRECTION ( 'NONE',  ( 1.383977525032650700E-015, -1.000000000000000000, 0.0000000000000000000 ) ) ;
#3265 = DIRECTION ( 'NONE',  ( -1.000000000000000000, -1.383977525032650700E-015, 6.794340057384656600E-016 ) ) ;
#3266 = CARTESIAN_POINT ( 'NONE',  ( 6.830827202196103600, -4.893366358728926900, 5.105857307162854600 ) ) ;
#3267 = LINE ( 'NONE', #3262, #3261 ) ;
#3268 =( LENGTH_UNIT ( ) NAMED_UNIT ( * ) SI_UNIT ( .MILLI., .METRE. ) );
#3269 = MECHANICAL_DESIGN_GEOMETRIC_PRESENTATION_REPRESENTATION (  '', ( #3271 ), #3183 ) ;
#3270 = PRESENTATION_LAYER_ASSIGNMENT (  '', '', ( #3271 ) ) ;
#3271 = STYLED_ITEM ( 'NONE', ( #3272 ), #6589 ) ;
#3272 = PRESENTATION_STYLE_ASSIGNMENT (( #3273 ) ) ;
#3273 = SURFACE_STYLE_USAGE ( .BOTH. , #3274 ) ;
#3274 = SURFACE_SIDE_STYLE ('',( #3275 ) ) ;
#3275 = SURFACE_STYLE_FILL_AREA ( #3276 ) ;
#3276 = FILL_AREA_STYLE ('',( #3279 ) ) ;
#3277 = COLOUR_RGB ( '',1.000000000000000000, 0.8588235294117646500, 0.5568627450980392400 ) ;
#3278 = FACE_OUTER_BOUND ( 'NONE', #6590, .T. ) ;
#3279 = FILL_AREA_STYLE_COLOUR ( '', #3277 ) ;
#3280 =( GEOMETRIC_REPRESENTATION_CONTEXT ( 3 ) GLOBAL_UNCERTAINTY_ASSIGNED_CONTEXT ( ( #3281 ) ) GLOBAL_UNIT_ASSIGNED_CONTEXT ( ( #3284, #3283, #3282 ) ) REPRESENTATION_CONTEXT ( 'NONE', 'WORKASPACE' ) );
#3281 = UNCERTAINTY_MEASURE_WITH_UNIT (LENGTH_MEASURE( 1.000000000000000100E-005 ), #3284, 'distance_accuracy_value', 'NONE');
#3282 =( NAMED_UNIT ( * ) SI_UNIT ( $, .STERADIAN. ) SOLID_ANGLE_UNIT ( ) );
#3283 =( NAMED_UNIT ( * ) PLANE_ANGLE_UNIT ( ) SI_UNIT ( $, .RADIAN. ) );
#3284 =( LENGTH_UNIT ( ) NAMED_UNIT ( * ) SI_UNIT ( .MILLI., .METRE. ) );
#3285 = MECHANICAL_DESIGN_GEOMETRIC_PRESENTATION_REPRESENTATION (  '', ( #3287 ), #3280 ) ;
#3286 = PRESENTATION_LAYER_ASSIGNMENT (  '', '', ( #3287 ) ) ;
#3287 = STYLED_ITEM ( 'NONE', ( #3148 ), #6586 ) ;
#3288 =( LENGTH_UNIT ( ) NAMED_UNIT ( * ) SI_UNIT ( .MILLI., .METRE. ) );
#3289 =( NAMED_UNIT ( * ) PLANE_ANGLE_UNIT ( ) SI_UNIT ( $, .RADIAN. ) );
#3290 =( NAMED_UNIT ( * ) SI_UNIT ( $, .STERADIAN. ) SOLID_ANGLE_UNIT ( ) );
#3291 = UNCERTAINTY_MEASURE_WITH_UNIT (LENGTH_MEASURE( 1.000000000000000100E-005 ), #3288, 'distance_accuracy_value', 'NONE');
#3292 = AXIS2_PLACEMENT_3D ( 'NONE', #3301, #3300, #3299 ) ;
#3293 = CIRCLE ( 'NONE', #3292, 0.6857999999999985200 ) ;
#3294 =( NAMED_UNIT ( * ) SI_UNIT ( $, .STERADIAN. ) SOLID_ANGLE_UNIT ( ) );
#3295 =( NAMED_UNIT ( * ) PLANE_ANGLE_UNIT ( ) SI_UNIT ( $, .RADIAN. ) );
#3296 =( LENGTH_UNIT ( ) NAMED_UNIT ( * ) SI_UNIT ( .MILLI., .METRE. ) );
#3297 = MECHANICAL_DESIGN_GEOMETRIC_PRESENTATION_REPRESENTATION (  '', ( #3308 ), #3414 ) ;
#3298 = PRESENTATION_LAYER_ASSIGNMENT (  '', '', ( #3308 ) ) ;
#3299 = DIRECTION ( 'NONE',  ( 2.529488883022471500E-015, 0.0000000000000000000, -1.000000000000000000 ) ) ;
#3300 = DIRECTION ( 'NONE',  ( -1.000000000000000000, -1.244235020197816600E-016, -2.275172608361721800E-015 ) ) ;
#3301 = CARTESIAN_POINT ( 'NONE',  ( 4.290827202196100000, -2.801557433181493200, 5.255351199367451500 ) ) ;
#3302 = CARTESIAN_POINT ( 'NONE',  ( 0.5037263280684382000, 2.489846032704613700, -4.338523593066694800 ) ) ;
#3303 = CARTESIAN_POINT ( 'NONE',  ( 0.02408092634427309900, 2.491330965362933600, -4.714148800632538700 ) ) ;
#3304 = CARTESIAN_POINT ( 'NONE',  ( 0.9126272021961019400, 2.369362864331870700, -3.240948800632545100 ) ) ;
#3305 = CARTESIAN_POINT ( 'NONE',  ( 0.8252275843249152800, 2.368767995393735900, -3.809521239657562000 ) ) ;
#3306 = CARTESIAN_POINT ( 'NONE',  ( 0.5164289699377032600, 2.368173126455604300, -4.338523593066700100 ) ) ;
#3307 =( GEOMETRIC_REPRESENTATION_CONTEXT ( 3 ) GLOBAL_UNCERTAINTY_ASSIGNED_CONTEXT ( ( #3291 ) ) GLOBAL_UNIT_ASSIGNED_CONTEXT ( ( #3288, #3289, #3290 ) ) REPRESENTATION_CONTEXT ( 'NONE', 'WORKASPACE' ) );
#3308 = STYLED_ITEM ( 'NONE', ( #3309 ), #6620 ) ;
#3309 = PRESENTATION_STYLE_ASSIGNMENT (( #3310 ) ) ;
#3310 = SURFACE_STYLE_USAGE ( .BOTH. , #3315 ) ;
#3311 = CARTESIAN_POINT ( 'NONE',  ( 1.217427202196101900, 5.047042566818506200, -3.240948800632545100 ) ) ;
#3312 = CARTESIAN_POINT ( 'NONE',  ( 1.174325022007557600, 5.047042566818504400, -3.809521239657562000 ) ) ;
#3313 = CARTESIAN_POINT ( 'NONE',  ( 0.9098238453029896500, 5.047042566818506200, -4.338523593066700100 ) ) ;
#3314 = CARTESIAN_POINT ( 'NONE',  ( 0.4808272021961032500, 5.047042566818506200, -4.714148800632544000 ) ) ;
#3315 = SURFACE_SIDE_STYLE ('',( #3316 ) ) ;
#3316 = SURFACE_STYLE_FILL_AREA ( #3317 ) ;
#3317 = FILL_AREA_STYLE ('',( #3320 ) ) ;
#3318 = COLOUR_RGB ( '',1.000000000000000000, 0.8588235294117646500, 0.5568627450980392400 ) ;
#3319 = B_SPLINE_CURVE_WITH_KNOTS ( 'NONE', 3,
 ( #3314, #3313, #3312, #3311 ),
 .UNSPECIFIED., .F., .F.,
 ( 4, 4 ),
 ( 0.0000000000000000000, 1.000000000000000000 ),
 .UNSPECIFIED. ) ;
#3320 = FILL_AREA_STYLE_COLOUR ( '', #3318 ) ;
#3321 = CARTESIAN_POINT ( 'NONE',  ( -0.04929611185317938500, 2.967904120462517200, -4.714148800632544000 ) ) ;
#3322 = CARTESIAN_POINT ( 'NONE',  ( 0.9126272021961071600, 2.855159808469480300, -3.240948800632544200 ) ) ;
#3323 = CARTESIAN_POINT ( 'NONE',  ( 0.8005373722325429500, 2.852991949288715500, -3.809521239657559700 ) ) ;
#3324 = CARTESIAN_POINT ( 'NONE',  ( 0.4670485457529535100, 2.850824090107951600, -4.338523593066696500 ) ) ;
#3325 = CARTESIAN_POINT ( 'NONE',  ( -0.03093574712895522100, 2.848656230927186800, -4.714148800632538700 ) ) ;
#3326 = CARTESIAN_POINT ( 'NONE',  ( 1.217427202196101900, 2.312091916578968000, -3.240948800632545100 ) ) ;
#3327 = CARTESIAN_POINT ( 'NONE',  ( 0.9126272021961028300, 3.141331493038798800, -3.240948800632544600 ) ) ;
#3328 = CARTESIAN_POINT ( 'NONE',  ( 0.7860281639942481300, 3.138008262497715700, -3.809521239657561500 ) ) ;
#3329 = CARTESIAN_POINT ( 'NONE',  ( 0.4380301292763680900, 3.134685031956634400, -4.338523593066700100 ) ) ;
#3330 = CARTESIAN_POINT ( 'NONE',  ( -0.07446337184382860500, 3.131361801415552200, -4.714148800632544000 ) ) ;
#3331 = CARTESIAN_POINT ( 'NONE',  ( 0.9126272021961010500, 2.977863841186783500, -3.240948800632545100 ) ) ;
#3332 = CARTESIAN_POINT ( 'NONE',  ( 0.7944172506577970000, 2.974543934278694100, -3.809521239657562000 ) ) ;
#3333 = CARTESIAN_POINT ( 'NONE',  ( 0.4548083026034684400, 2.971224027370605600, -4.338523593066700100 ) ) ;
#3334 = B_SPLINE_CURVE_WITH_KNOTS ( 'NONE', 3,
 ( #3326, #3371, #3370, #3369 ),
 .UNSPECIFIED., .F., .F.,
 ( 4, 4 ),
 ( 0.0000000000000000000, 1.000000000000000000 ),
 .UNSPECIFIED. ) ;
#3335 = CARTESIAN_POINT ( 'NONE',  ( 0.9126272021960941700, 2.669617034112826500, -3.240948800632545100 ) ) ;
#3336 = CARTESIAN_POINT ( 'NONE',  ( 0.8096522784577752100, 2.670096780599685800, -3.809521239657563300 ) ) ;
#3337 = CARTESIAN_POINT ( 'NONE',  ( 0.4852783582034317900, 2.670576527086546500, -4.338523593066703700 ) ) ;
#3338 = CARTESIAN_POINT ( 'NONE',  ( -0.003591028453231795400, 2.671056273573407600, -4.714148800632549400 ) ) ;
#3339 = CARTESIAN_POINT ( 'NONE',  ( 0.9126272021961080400, 2.486876167387972500, -3.240948800632543800 ) ) ;
#3340 = CARTESIAN_POINT ( 'NONE',  ( 0.8188762633902857400, 2.488361100046292000, -3.809521239657559300 ) ) ;
#3341 = CARTESIAN_POINT ( 'NONE',  ( 0.04313488914817285200, 2.367578257517471300, -4.714148800632544000 ) ) ;
#3342 = CARTESIAN_POINT ( 'NONE',  ( 0.9126272021961019400, 2.312091916578968000, -3.240948800632545100 ) ) ;
#3343 = CARTESIAN_POINT ( 'NONE',  ( 0.8284986709432831100, 2.309342133325478200, -3.809521239657562000 ) ) ;
#3344 = CARTESIAN_POINT ( 'NONE',  ( 0.5229711431744390500, 2.306592350071991100, -4.338523593066700100 ) ) ;
#3345 = CARTESIAN_POINT ( 'NONE',  ( 0.05294814900327644200, 2.303842566818503200, -4.714148800632544000 ) ) ;
#3346 = CARTESIAN_POINT ( 'NONE',  ( 0.7736273045795670800, 3.654538691525185600, -3.809521239657563700 ) ) ;
#3347 = CARTESIAN_POINT ( 'NONE',  ( 0.4132284104469922100, 3.653072966493105400, -4.338523593066703700 ) ) ;
#3348 = CARTESIAN_POINT ( 'NONE',  ( -0.1116659500879028200, 3.651607241461025200, -4.714148800632551200 ) ) ;
#3349 = CARTESIAN_POINT ( 'NONE',  ( 0.9126272021960898400, 3.347262520434961100, -3.240948800632544600 ) ) ;
#3350 = CARTESIAN_POINT ( 'NONE',  ( 0.7779894724657789900, 3.344396813745234000, -3.809521239657559300 ) ) ;
#3351 = CARTESIAN_POINT ( 'NONE',  ( 0.4219527462194419000, 3.341531107055508700, -4.338523593066694800 ) ) ;
#3352 = CARTESIAN_POINT ( 'NONE',  ( -0.09857944642921359600, 3.338665400365781600, -4.714148800632536900 ) ) ;
#3353 = CARTESIAN_POINT ( 'NONE',  ( 0.9126272021961019400, 4.170683467912588100, -3.240948800632545100 ) ) ;
#3354 = CARTESIAN_POINT ( 'NONE',  ( 0.7843702689086682300, 4.171181647450659100, -3.809521239657562000 ) ) ;
#3355 = CARTESIAN_POINT ( 'NONE',  ( 0.4347143391052092900, 4.171679826988733600, -4.338523593066700100 ) ) ;
#3356 = CARTESIAN_POINT ( 'NONE',  ( -0.07943705710056897500, 4.172178006526806400, -4.714148800632544000 ) ) ;
#3357 = CARTESIAN_POINT ( 'NONE',  ( 0.9126272021960915000, 3.964748353047561600, -3.240948800632543800 ) ) ;
#3358 = CARTESIAN_POINT ( 'NONE',  ( 0.7769924694592030800, 3.964718131623641700, -3.809521239657559300 ) ) ;
#3359 = CARTESIAN_POINT ( 'NONE',  ( 0.4199587402062892600, 3.964687910199722800, -4.338523593066694800 ) ) ;
#3360 = CARTESIAN_POINT ( 'NONE',  ( -0.1015704554489429300, 3.964657688775802900, -4.714148800632536900 ) ) ;
#3361 = CARTESIAN_POINT ( 'NONE',  ( 0.9126272021961167000, 3.656004416557267200, -3.240948800632545100 ) ) ;
#3362 = FACE_OUTER_BOUND ( 'NONE', #6768, .T. ) ;
#3363 = CARTESIAN_POINT ( 'NONE',  ( 1.217427202196101900, 2.312091916578968000, -3.240948800632545100 ) ) ;
#3364 = CARTESIAN_POINT ( 'NONE',  ( 1.115827202196102000, 2.312091916578968000, -3.240948800632545100 ) ) ;
#3365 = CARTESIAN_POINT ( 'NONE',  ( 1.014227202196102100, 2.312091916578968000, -3.240948800632545100 ) ) ;
#3366 = CARTESIAN_POINT ( 'NONE',  ( 0.9126272021961019400, 2.312091916578968000, -3.240948800632545100 ) ) ;
#3367 = CARTESIAN_POINT ( 'NONE',  ( 1.217427202196101900, 5.047042566818506200, -3.240948800632545100 ) ) ;
#3368 = B_SPLINE_CURVE_WITH_KNOTS ( 'NONE', 3,
 ( #3366, #3365, #3364, #3363 ),
 .UNSPECIFIED., .F., .F.,
 ( 4, 4 ),
 ( 0.0000000000000000000, 1.000000000000000000 ),
 .UNSPECIFIED. ) ;
#3369 = CARTESIAN_POINT ( 'NONE',  ( 1.217427202196101900, 5.047042566818506200, -3.240948800632545100 ) ) ;
#3370 = CARTESIAN_POINT ( 'NONE',  ( 1.217427202196101900, 4.135392350071993100, -3.240948800632545100 ) ) ;
#3371 = CARTESIAN_POINT ( 'NONE',  ( 1.217427202196101900, 3.223742133325480500, -3.240948800632545100 ) ) ;
#3372 = CARTESIAN_POINT ( 'NONE',  ( 0.9126272021961019400, 5.047042566818506200, -3.240948800632545100 ) ) ;
#3373 = CARTESIAN_POINT ( 'NONE',  ( 0.8284986709432814500, 5.047042566818504400, -3.809521239657562000 ) ) ;
#3374 = CARTESIAN_POINT ( 'NONE',  ( 0.5229711431744354900, 5.047042566818504400, -4.338523593066700100 ) ) ;
#3375 = CARTESIAN_POINT ( 'NONE',  ( 0.05294814900327037000, 5.047042566818504400, -4.714148800632544000 ) ) ;
#3376 = CARTESIAN_POINT ( 'NONE',  ( 0.9126272021961028300, 4.985912560309176700, -3.240948800632545100 ) ) ;
#3377 = CARTESIAN_POINT ( 'NONE',  ( 0.8250603637418637600, 4.983709338367827300, -3.809521239657562000 ) ) ;
#3378 = CARTESIAN_POINT ( 'NONE',  ( 0.5160945287715993400, 4.981506116426475100, -4.338523593066700100 ) ) ;
#3379 = CARTESIAN_POINT ( 'NONE',  ( 0.04263322739901480300, 4.979302894485123900, -4.714148800632544000 ) ) ;
#3380 = CARTESIAN_POINT ( 'NONE',  ( 0.9126272021961010500, 4.860605671363034100, -3.240948800632546400 ) ) ;
#3381 = CARTESIAN_POINT ( 'NONE',  ( 0.8183758190029961600, 4.856272981792111300, -3.809521239657560600 ) ) ;
#3382 = CARTESIAN_POINT ( 'NONE',  ( 0.5027254392938668200, 4.851940292221189400, -4.338523593066696500 ) ) ;
#3383 = CARTESIAN_POINT ( 'NONE',  ( 0.02257959318241811700, 4.847607602650265700, -4.714148800632536900 ) ) ;
#3384 = CARTESIAN_POINT ( 'NONE',  ( 0.9126272021961097100, 4.666053611333754100, -3.240948800632545500 ) ) ;
#3385 = CARTESIAN_POINT ( 'NONE',  ( 0.8086559081279861600, 4.662739462830779200, -3.809521239657563300 ) ) ;
#3386 = CARTESIAN_POINT ( 'NONE',  ( 0.4832856175438372000, 4.659425314327806200, -4.338523593066703700 ) ) ;
#3387 = B_SPLINE_SURFACE_WITH_KNOTS ( 'NONE', 3, 3, ( 
 ( #3345, #3344, #3343, #3342 ),
 ( #3341, #3306, #3305, #3304 ),
 ( #3303, #3302, #3340, #3339 ),
 ( #3338, #3337, #3336, #3335 ),
 ( #3325, #3324, #3323, #3322 ),
 ( #3321, #3333, #3332, #3331 ),
 ( #3330, #3329, #3328, #3327 ),
 ( #3352, #3351, #3350, #3349 ),
 ( #3348, #3347, #3346, #3361 ),
 ( #3360, #3359, #3358, #3357 ),
 ( #3356, #3355, #3354, #3353 ),
 ( #3396, #3395, #3394, #3393 ),
 ( #3392, #3391, #3390, #3389 ),
 ( #3388, #3386, #3385, #3384 ),
 ( #3383, #3382, #3381, #3380 ),
 ( #3379, #3378, #3377, #3376 ),
 ( #3375, #3374, #3373, #3372 ) ),
 .UNSPECIFIED., .F., .F., .F.,
 ( 4, 1, 1, 1, 2, 1, 1, 1, 2, 1, 1, 1, 4 ),
 ( 4, 4 ),
 ( 0.05868410232022186500, 0.08801377919250869000, 0.1173434560647955100, 0.1466731329370824500, 0.1760028098093692800, 0.2259856977664576600, 0.2759685857235460400, 0.3259514736806344300, 0.3759343616377228100, 0.4071669279915786600, 0.4383994943454347400, 0.4696320606992905900, 0.5008646270531464900 ),
 ( 0.0000000000000000000, 1.000000000000000000 ),
 .UNSPECIFIED. ) ;
#3388 = CARTESIAN_POINT ( 'NONE',  ( -0.006580139442631874300, 4.656111165824833100, -4.714148800632549400 ) ) ;
#3389 = CARTESIAN_POINT ( 'NONE',  ( 0.9126272021960958300, 4.468662485303124000, -3.240948800632544200 ) ) ;
#3390 = CARTESIAN_POINT ( 'NONE',  ( 0.7990467274531423100, 4.468040415410804700, -3.809521239657559300 ) ) ;
#3391 = CARTESIAN_POINT ( 'NONE',  ( 0.4640672561941642800, 4.467418345518486200, -4.338523593066694800 ) ) ;
#3392 = CARTESIAN_POINT ( 'NONE',  ( -0.03540768146713130900, 4.466796275626166800, -4.714148800632536900 ) ) ;
#3393 = CARTESIAN_POINT ( 'NONE',  ( 0.9126272021961019400, 4.338077519068583000, -3.240948800632545100 ) ) ;
#3394 = CARTESIAN_POINT ( 'NONE',  ( 0.7925964315500774200, 4.338623688677885500, -3.809521239657562000 ) ) ;
#3395 = CARTESIAN_POINT ( 'NONE',  ( 0.4511666643880274900, 4.339169858287189800, -4.338523593066700100 ) ) ;
#3396 = CARTESIAN_POINT ( 'NONE',  ( -0.05475856917634084500, 4.339716027896493200, -4.714148800632544000 ) ) ;
#3397 =( LENGTH_UNIT ( ) NAMED_UNIT ( * ) SI_UNIT ( .MILLI., .METRE. ) );
#3398 = MECHANICAL_DESIGN_GEOMETRIC_PRESENTATION_REPRESENTATION (  '', ( #3400 ), #3430 ) ;
#3399 = PRESENTATION_LAYER_ASSIGNMENT (  '', '', ( #3400 ) ) ;
#3400 = STYLED_ITEM ( 'NONE', ( #3401 ), #6621 ) ;
#3401 = PRESENTATION_STYLE_ASSIGNMENT (( #3402 ) ) ;
#3402 = SURFACE_STYLE_USAGE ( .BOTH. , #3403 ) ;
#3403 = SURFACE_SIDE_STYLE ('',( #3407 ) ) ;
#3404 = COLOUR_RGB ( '',1.000000000000000000, 0.8588235294117646500, 0.5568627450980392400 ) ;
#3405 = FACE_OUTER_BOUND ( 'NONE', #6542, .T. ) ;
#3406 = AXIS2_PLACEMENT_3D ( 'NONE', #3412, #3411, #3410 ) ;
#3407 = SURFACE_STYLE_FILL_AREA ( #3408 ) ;
#3408 = FILL_AREA_STYLE ('',( #3409 ) ) ;
#3409 = FILL_AREA_STYLE_COLOUR ( '', #3404 ) ;
#3410 = DIRECTION ( 'NONE',  ( 1.000000000000000000, 0.0000000000000000000, -8.869636343065785700E-017 ) ) ;
#3411 = DIRECTION ( 'NONE',  ( 8.869636343065785700E-017, 0.0000000000000000000, 1.000000000000000000 ) ) ;
#3412 = CARTESIAN_POINT ( 'NONE',  ( -0.7129727978038985500, 5.047042566818506200, 3.921851199367455200 ) ) ;
#3413 = PLANE ( 'NONE',  #3406 ) ;
#3414 =( GEOMETRIC_REPRESENTATION_CONTEXT ( 3 ) GLOBAL_UNCERTAINTY_ASSIGNED_CONTEXT ( ( #3415 ) ) GLOBAL_UNIT_ASSIGNED_CONTEXT ( ( #3296, #3295, #3294 ) ) REPRESENTATION_CONTEXT ( 'NONE', 'WORKASPACE' ) );
#3415 = UNCERTAINTY_MEASURE_WITH_UNIT (LENGTH_MEASURE( 1.000000000000000100E-005 ), #3296, 'distance_accuracy_value', 'NONE');
#3416 = UNCERTAINTY_MEASURE_WITH_UNIT (LENGTH_MEASURE( 1.000000000000000100E-005 ), #3397, 'distance_accuracy_value', 'NONE');
#3417 = PLANE ( 'NONE',  #3460 ) ;
#3418 = CARTESIAN_POINT ( 'NONE',  ( -0.7129727978038976600, 5.047042566818506200, 5.017902054945823300 ) ) ;
#3419 = DIRECTION ( 'NONE',  ( -1.000000000000000000, -1.707404996040163800E-016, 3.414809992080328000E-016 ) ) ;
#3420 = VECTOR ( 'NONE', #3419, 1000.000000000000000 ) ;
#3421 = FILL_AREA_STYLE_COLOUR ( '', #3471 ) ;
#3422 = CARTESIAN_POINT ( 'NONE',  ( 0.4808272021961032500, 2.303842566818503200, 3.921851199367455200 ) ) ;
#3423 = CARTESIAN_POINT ( 'NONE',  ( 0.4808272021961032500, 2.422209063610585300, 3.921851199367453400 ) ) ;
#3424 = CARTESIAN_POINT ( 'NONE',  ( 0.4808272021961006400, 2.654722144150035500, 3.921851199367460500 ) ) ;
#3425 = CARTESIAN_POINT ( 'NONE',  ( 0.4808272021961041400, 2.996230480823024700, 3.921851199367448500 ) ) ;
#3426 = CARTESIAN_POINT ( 'NONE',  ( 0.4808272021961034200, 3.269982919492500100, 3.921851199367455200 ) ) ;
#3427 = CARTESIAN_POINT ( 'NONE',  ( 0.4808272021961032500, 3.431246810815698800, 3.921851199367454300 ) ) ;
#3428 = CARTESIAN_POINT ( 'NONE',  ( 0.4808272021961032500, 3.479463565926335500, 3.921851199367455200 ) ) ;
#3429 = LINE ( 'NONE', #3446, #3420 ) ;
#3430 =( GEOMETRIC_REPRESENTATION_CONTEXT ( 3 ) GLOBAL_UNCERTAINTY_ASSIGNED_CONTEXT ( ( #3416 ) ) GLOBAL_UNIT_ASSIGNED_CONTEXT ( ( #3397, #3431, #3453 ) ) REPRESENTATION_CONTEXT ( 'NONE', 'WORKASPACE' ) );
#3431 =( NAMED_UNIT ( * ) PLANE_ANGLE_UNIT ( ) SI_UNIT ( $, .RADIAN. ) );
#3432 = CARTESIAN_POINT ( 'NONE',  ( 0.9126272021961019400, 2.303842566818503200, -5.810199656210910400 ) ) ;
#3433 = CARTESIAN_POINT ( 'NONE',  ( 0.9126272021961019400, 2.312091916578968000, 2.448651199367455300 ) ) ;
#3434 = B_SPLINE_CURVE_WITH_KNOTS ( 'NONE', 3,
 ( #3443, #3442, #3441, #3440, #3439, #3438, #3437 ),
 .UNSPECIFIED., .F., .F.,
 ( 4, 1, 1, 1, 4 ),
 ( 0.0000000000000000000, 0.2499999999999997500, 0.5000000000000004400, 0.7500000000000002200, 1.000000000000000000 ),
 .UNSPECIFIED. ) ;
#3435 = DIRECTION ( 'NONE',  ( 7.913517274987328100E-016, 0.0000000000000000000, -1.000000000000000000 ) ) ;
#3436 = VECTOR ( 'NONE', #3435, 1000.000000000000000 ) ;
#3437 = CARTESIAN_POINT ( 'NONE',  ( 1.217427202196101900, 2.312091916578968000, 2.448651199367455300 ) ) ;
#3438 = CARTESIAN_POINT ( 'NONE',  ( 1.192027202196100900, 2.312091916578968000, 2.448651199367455300 ) ) ;
#3439 = CARTESIAN_POINT ( 'NONE',  ( 1.141227202196101900, 2.312091916578967100, 2.448651199367457600 ) ) ;
#3440 = CARTESIAN_POINT ( 'NONE',  ( 1.065027202196098000, 2.312091916578969300, 2.448651199367452200 ) ) ;
#3441 = CARTESIAN_POINT ( 'NONE',  ( 0.9888272021961065400, 2.312091916578964400, 2.448651199367455300 ) ) ;
#3442 = CARTESIAN_POINT ( 'NONE',  ( 0.9380272021961011400, 2.312091916578968000, 2.448651199367455300 ) ) ;
#3443 = CARTESIAN_POINT ( 'NONE',  ( 0.9126272021961019400, 2.312091916578968000, 2.448651199367455300 ) ) ;
#3444 = LINE ( 'NONE', #3432, #3436 ) ;
#3445 = B_SPLINE_CURVE_WITH_KNOTS ( 'NONE', 3,
 ( #3428, #3427, #3426, #3425, #3424, #3423, #3422 ),
 .UNSPECIFIED., .F., .F.,
 ( 4, 1, 1, 1, 4 ),
 ( 0.5724823358549489000, 0.6255776372165934300, 0.7503850914777288100, 0.8751925457388641800, 1.000000000000000000 ),
 .UNSPECIFIED. ) ;
#3446 = CARTESIAN_POINT ( 'NONE',  ( 6.830827202196103600, -4.893366358728926900, 5.105857307162854600 ) ) ;
#3447 = CARTESIAN_POINT ( 'NONE',  ( 4.290827202196104500, -4.893366358728926900, 5.105857307162856400 ) ) ;
#3448 = CARTESIAN_POINT ( 'NONE',  ( 1.217427202196101900, 2.312091916578968000, 2.448651199367455300 ) ) ;
#3449 = CARTESIAN_POINT ( 'NONE',  ( 1.174325022007557600, 2.309342133325478200, 3.017223638392472200 ) ) ;
#3450 = CARTESIAN_POINT ( 'NONE',  ( 0.9098238453029896500, 2.306592350071991100, 3.546225991801609900 ) ) ;
#3451 = CARTESIAN_POINT ( 'NONE',  ( 0.4808272021961032500, 2.303842566818503200, 3.921851199367455200 ) ) ;
#3452 = B_SPLINE_CURVE_WITH_KNOTS ( 'NONE', 3,
 ( #3451, #3450, #3449, #3448 ),
 .UNSPECIFIED., .F., .F.,
 ( 4, 4 ),
 ( 0.0000000000000000000, 1.000000000000000000 ),
 .UNSPECIFIED. ) ;
#3453 =( NAMED_UNIT ( * ) SI_UNIT ( $, .STERADIAN. ) SOLID_ANGLE_UNIT ( ) );
#3454 = DIRECTION ( 'NONE',  ( -7.913517274987302400E-016, 0.0000000000000000000, 1.000000000000000000 ) ) ;
#3455 = VECTOR ( 'NONE', #3454, 1000.000000000000000 ) ;
#3456 = CARTESIAN_POINT ( 'NONE',  ( 0.9126272021961019400, 5.047042566818506200, -5.810199656210913900 ) ) ;
#3457 = LINE ( 'NONE', #3456, #3455 ) ;
#3458 = DIRECTION ( 'NONE',  ( 0.0000000000000000000, 0.0000000000000000000, -1.000000000000000000 ) ) ;
#3459 = DIRECTION ( 'NONE',  ( 0.0000000000000000000, -1.000000000000000000, 0.0000000000000000000 ) ) ;
#3460 = AXIS2_PLACEMENT_3D ( 'NONE', #3418, #3459, #3458 ) ;
#3461 =( NAMED_UNIT ( * ) PLANE_ANGLE_UNIT ( ) SI_UNIT ( $, .RADIAN. ) );
#3462 =( LENGTH_UNIT ( ) NAMED_UNIT ( * ) SI_UNIT ( .MILLI., .METRE. ) );
#3463 = MECHANICAL_DESIGN_GEOMETRIC_PRESENTATION_REPRESENTATION (  '', ( #3465 ), #3503 ) ;
#3464 = PRESENTATION_LAYER_ASSIGNMENT (  '', '', ( #3465 ) ) ;
#3465 = STYLED_ITEM ( 'NONE', ( #3466 ), #6648 ) ;
#3466 = PRESENTATION_STYLE_ASSIGNMENT (( #3467 ) ) ;
#3467 = SURFACE_STYLE_USAGE ( .BOTH. , #3468 ) ;
#3468 = SURFACE_SIDE_STYLE ('',( #3469 ) ) ;
#3469 = SURFACE_STYLE_FILL_AREA ( #3470 ) ;
#3470 = FILL_AREA_STYLE ('',( #3421 ) ) ;
#3471 = COLOUR_RGB ( '',1.000000000000000000, 0.8588235294117646500, 0.5568627450980392400 ) ;
#3472 = FACE_OUTER_BOUND ( 'NONE', #6649, .T. ) ;
#3473 =( NAMED_UNIT ( * ) SI_UNIT ( $, .STERADIAN. ) SOLID_ANGLE_UNIT ( ) );
#3474 =( NAMED_UNIT ( * ) SI_UNIT ( $, .STERADIAN. ) SOLID_ANGLE_UNIT ( ) );
#3475 = PLANE ( 'NONE',  #3519 ) ;
#3476 = DIRECTION ( 'NONE',  ( 0.7071067811865443500, 0.7071067811865506800, 0.0000000000000000000 ) ) ;
#3477 = CARTESIAN_POINT ( 'NONE',  ( 4.082868829148931200, 8.958642566818507900, 5.191851199367455600 ) ) ;
#3478 = AXIS2_PLACEMENT_3D ( 'NONE', #3477, #3476, #3529 ) ;
#3479 = CARTESIAN_POINT ( 'NONE',  ( 0.4808272021961032500, 2.695716233187780600, -4.714148800632544000 ) ) ;
#3480 = PLANE ( 'NONE',  #3478 ) ;
#3481 =( GEOMETRIC_REPRESENTATION_CONTEXT ( 3 ) GLOBAL_UNCERTAINTY_ASSIGNED_CONTEXT ( ( #3482 ) ) GLOBAL_UNIT_ASSIGNED_CONTEXT ( ( #3485, #3484, #3483 ) ) REPRESENTATION_CONTEXT ( 'NONE', 'WORKASPACE' ) );
#3482 = UNCERTAINTY_MEASURE_WITH_UNIT (LENGTH_MEASURE( 1.000000000000000100E-005 ), #3485, 'distance_accuracy_value', 'NONE');
#3483 =( NAMED_UNIT ( * ) SI_UNIT ( $, .STERADIAN. ) SOLID_ANGLE_UNIT ( ) );
#3484 =( NAMED_UNIT ( * ) PLANE_ANGLE_UNIT ( ) SI_UNIT ( $, .RADIAN. ) );
#3485 =( LENGTH_UNIT ( ) NAMED_UNIT ( * ) SI_UNIT ( .MILLI., .METRE. ) );
#3486 = MECHANICAL_DESIGN_GEOMETRIC_PRESENTATION_REPRESENTATION (  '', ( #3488 ), #3481 ) ;
#3487 = PRESENTATION_LAYER_ASSIGNMENT (  '', '', ( #3488 ) ) ;
#3488 = STYLED_ITEM ( 'NONE', ( #3489 ), #6657 ) ;
#3489 = PRESENTATION_STYLE_ASSIGNMENT (( #3490 ) ) ;
#3490 = SURFACE_STYLE_USAGE ( .BOTH. , #3491 ) ;
#3491 = SURFACE_SIDE_STYLE ('',( #3492 ) ) ;
#3492 = SURFACE_STYLE_FILL_AREA ( #3493 ) ;
#3493 = FILL_AREA_STYLE ('',( #3506 ) ) ;
#3494 = COLOUR_RGB ( '',1.000000000000000000, 0.8588235294117646500, 0.5568627450980392400 ) ;
#3495 = FACE_OUTER_BOUND ( 'NONE', #6754, .T. ) ;
#3496 = DIRECTION ( 'NONE',  ( 0.0000000000000000000, 0.0000000000000000000, -1.000000000000000000 ) ) ;
#3497 = CARTESIAN_POINT ( 'NONE',  ( 6.830827202196104500, -4.814478313781680000, 5.400271499015763000 ) ) ;
#3498 = STYLED_ITEM ( 'NONE', ( #3499 ), #6652 ) ;
#3499 = PRESENTATION_STYLE_ASSIGNMENT (( #3500 ) ) ;
#3500 = SURFACE_STYLE_USAGE ( .BOTH. , #3501 ) ;
#3501 = SURFACE_SIDE_STYLE ('',( #3520 ) ) ;
#3502 =( NAMED_UNIT ( * ) PLANE_ANGLE_UNIT ( ) SI_UNIT ( $, .RADIAN. ) );
#3503 =( GEOMETRIC_REPRESENTATION_CONTEXT ( 3 ) GLOBAL_UNCERTAINTY_ASSIGNED_CONTEXT ( ( #3511 ) ) GLOBAL_UNIT_ASSIGNED_CONTEXT ( ( #3462, #3461, #3473 ) ) REPRESENTATION_CONTEXT ( 'NONE', 'WORKASPACE' ) );
#3504 = VECTOR ( 'NONE', #3496, 1000.000000000000000 ) ;
#3505 = CARTESIAN_POINT ( 'NONE',  ( 4.290827202196100900, -2.801557433181493200, 5.191851199367455600 ) ) ;
#3506 = FILL_AREA_STYLE_COLOUR ( '', #3494 ) ;
#3507 = DIRECTION ( 'NONE',  ( -5.122214988120525900E-014, 1.000000000000000000, 0.0000000000000000000 ) ) ;
#3508 = DIRECTION ( 'NONE',  ( 1.000000000000000000, 5.122214988120525900E-014, 0.0000000000000000000 ) ) ;
#3509 = CARTESIAN_POINT ( 'NONE',  ( 4.290827202196100900, -2.801557433181493200, 5.191851199367455600 ) ) ;
#3510 =( GEOMETRIC_REPRESENTATION_CONTEXT ( 3 ) GLOBAL_UNCERTAINTY_ASSIGNED_CONTEXT ( ( #3522 ) ) GLOBAL_UNIT_ASSIGNED_CONTEXT ( ( #3526, #3502, #3474 ) ) REPRESENTATION_CONTEXT ( 'NONE', 'WORKASPACE' ) );
#3511 = UNCERTAINTY_MEASURE_WITH_UNIT (LENGTH_MEASURE( 1.000000000000000100E-005 ), #3462, 'distance_accuracy_value', 'NONE');
#3512 = FILL_AREA_STYLE_COLOUR ( '', #3521 ) ;
#3513 = FILL_AREA_STYLE ('',( #3512 ) ) ;
#3514 = FACE_OUTER_BOUND ( 'NONE', #6653, .T. ) ;
#3515 = DIRECTION ( 'NONE',  ( 0.0000000000000000000, 0.9659258262890699800, -0.2588190451025146300 ) ) ;
#3516 = DIRECTION ( 'NONE',  ( -2.856544232541985100E-016, -0.2588190451025146300, -0.9659258262890699800 ) ) ;
#3517 = MECHANICAL_DESIGN_GEOMETRIC_PRESENTATION_REPRESENTATION (  '', ( #3498 ), #3510 ) ;
#3518 = PRESENTATION_LAYER_ASSIGNMENT (  '', '', ( #3498 ) ) ;
#3519 = AXIS2_PLACEMENT_3D ( 'NONE', #3497, #3516, #3515 ) ;
#3520 = SURFACE_STYLE_FILL_AREA ( #3513 ) ;
#3521 = COLOUR_RGB ( '',1.000000000000000000, 0.8588235294117646500, 0.5568627450980392400 ) ;
#3522 = UNCERTAINTY_MEASURE_WITH_UNIT (LENGTH_MEASURE( 1.000000000000000100E-005 ), #3526, 'distance_accuracy_value', 'NONE');
#3523 = AXIS2_PLACEMENT_3D ( 'NONE', #3509, #3508, #3507 ) ;
#3524 = LINE ( 'NONE', #3505, #3504 ) ;
#3525 = PLANE ( 'NONE',  #3523 ) ;
#3526 =( LENGTH_UNIT ( ) NAMED_UNIT ( * ) SI_UNIT ( .MILLI., .METRE. ) );
#3527 =( LENGTH_UNIT ( ) NAMED_UNIT ( * ) SI_UNIT ( .MILLI., .METRE. ) );
#3528 = CARTESIAN_POINT ( 'NONE',  ( 0.4808272021961032500, 2.303842566818503200, -4.714148800632544000 ) ) ;
#3529 = DIRECTION ( 'NONE',  ( -0.7071067811865506800, 0.7071067811865443500, 0.0000000000000000000 ) ) ;
#3530 = B_SPLINE_CURVE_WITH_KNOTS ( 'NONE', 3,
 ( #3534, #3533, #3532, #3531 ),
 .UNSPECIFIED., .F., .F.,
 ( 4, 4 ),
 ( 0.2609098452768096000, 1.000000000000000000 ),
 .UNSPECIFIED. ) ;
#3531 = CARTESIAN_POINT ( 'NONE',  ( 0.9126272021961019400, 2.312091916578968000, -3.240948800632545100 ) ) ;
#3532 = CARTESIAN_POINT ( 'NONE',  ( 0.8504486330158214100, 2.310059578848691100, -3.661175092562886800 ) ) ;
#3533 = CARTESIAN_POINT ( 'NONE',  ( 0.6673299195354764900, 2.308027241118415100, -4.059786056783267800 ) ) ;
#3534 = CARTESIAN_POINT ( 'NONE',  ( 0.3862447890190211500, 2.305994903388139900, -4.390834238765779500 ) ) ;
#3535 = CARTESIAN_POINT ( 'NONE',  ( 0.4808272021961032500, 3.087589899557058100, -4.714148800632544000 ) ) ;
#3536 = CARTESIAN_POINT ( 'NONE',  ( 0.4808272021961032500, 3.479463565926336400, -4.714148800632544000 ) ) ;
#3537 =( NAMED_UNIT ( * ) PLANE_ANGLE_UNIT ( ) SI_UNIT ( $, .RADIAN. ) );
#3538 = B_SPLINE_CURVE_WITH_KNOTS ( 'NONE', 3,
 ( #3536, #3535, #3479, #3528 ),
 .UNSPECIFIED., .F., .F.,
 ( 4, 4 ),
 ( 0.0000000000000000000, 1.000000000000000000 ),
 .UNSPECIFIED. ) ;
#3539 = CARTESIAN_POINT ( 'NONE',  ( 1.217427202196106300, 4.020067098152642500, 2.448651199367457100 ) ) ;
#3540 = CARTESIAN_POINT ( 'NONE',  ( 1.217427202196102800, 3.789574378276391500, 2.448651199367456200 ) ) ;
#3541 = CARTESIAN_POINT ( 'NONE',  ( 1.217427202196101900, 3.561661824089763100, 2.448651199367455800 ) ) ;
#3542 = CARTESIAN_POINT ( 'NONE',  ( 1.217427202196099500, 3.332233449950820200, 2.448651199367452200 ) ) ;
#3543 = CARTESIAN_POINT ( 'NONE',  ( 1.217427202196101900, 2.986871416923254900, 2.448651199367462000 ) ) ;
#3544 = STYLED_ITEM ( 'NONE', ( #3545 ), #6688 ) ;
#3545 = PRESENTATION_STYLE_ASSIGNMENT (( #3546 ) ) ;
#3546 = SURFACE_STYLE_USAGE ( .BOTH. , #3547 ) ;
#3547 = SURFACE_SIDE_STYLE ('',( #3548 ) ) ;
#3548 = SURFACE_STYLE_FILL_AREA ( #3549 ) ;
#3549 = FILL_AREA_STYLE ('',( #3590 ) ) ;
#3550 = COLOUR_RGB ( '',1.000000000000000000, 0.8588235294117646500, 0.5568627450980392400 ) ;
#3551 = FILL_AREA_STYLE_COLOUR ( '', #3552 ) ;
#3552 = COLOUR_RGB ( '',1.000000000000000000, 0.8588235294117646500, 0.5568627450980392400 ) ;
#3553 = CARTESIAN_POINT ( 'NONE',  ( 1.174325022007557600, 4.934000098443878100, 3.017223638392472200 ) ) ;
#3554 = CARTESIAN_POINT ( 'NONE',  ( 0.9098238453029896500, 4.931299708997871200, 3.546225991801609900 ) ) ;
#3555 = CARTESIAN_POINT ( 'NONE',  ( 0.4808272021961032500, 4.928599319551862500, 3.921851199367453400 ) ) ;
#3556 = CARTESIAN_POINT ( 'NONE',  ( 1.217427202196101900, 5.047042566818506200, 2.448651199367455300 ) ) ;
#3557 = CARTESIAN_POINT ( 'NONE',  ( 1.174325022007557600, 5.047042566818504400, 3.017223638392472200 ) ) ;
#3558 = CARTESIAN_POINT ( 'NONE',  ( 0.9098238453029896500, 5.047042566818506200, 3.546225991801609900 ) ) ;
#3559 = CARTESIAN_POINT ( 'NONE',  ( 0.4808272021961032500, 5.047042566818506200, 3.921851199367453400 ) ) ;
#3560 = CARTESIAN_POINT ( 'NONE',  ( 0.9126272021960958300, 4.468662485303124000, 2.448651199367454500 ) ) ;
#3561 = CARTESIAN_POINT ( 'NONE',  ( 0.9126272021961097100, 4.666053611333754100, 2.448651199367455800 ) ) ;
#3562 =( LENGTH_UNIT ( ) NAMED_UNIT ( * ) SI_UNIT ( .MILLI., .METRE. ) );
#3563 = MECHANICAL_DESIGN_GEOMETRIC_PRESENTATION_REPRESENTATION (  '', ( #3565 ), #3683 ) ;
#3564 = PRESENTATION_LAYER_ASSIGNMENT (  '', '', ( #3565 ) ) ;
#3565 = STYLED_ITEM ( 'NONE', ( #3691 ), #6680 ) ;
#3566 = CARTESIAN_POINT ( 'NONE',  ( 0.4808272021961032500, 3.479463565926336400, -4.714148800632544000 ) ) ;
#3567 = DIRECTION ( 'NONE',  ( 1.000000000000000000, 0.0000000000000000000, 8.869636343065785700E-017 ) ) ;
#3568 = VECTOR ( 'NONE', #3567, 1000.000000000000000 ) ;
#3569 = CARTESIAN_POINT ( 'NONE',  ( -0.7129727978038985500, 2.303842566818503200, -4.714148800632544000 ) ) ;
#3570 = LINE ( 'NONE', #3569, #3568 ) ;
#3571 = UNCERTAINTY_MEASURE_WITH_UNIT (LENGTH_MEASURE( 1.000000000000000100E-005 ), #3562, 'distance_accuracy_value', 'NONE');
#3572 =( NAMED_UNIT ( * ) SI_UNIT ( $, .STERADIAN. ) SOLID_ANGLE_UNIT ( ) );
#3573 = DIRECTION ( 'NONE',  ( 1.000000000000000000, 0.0000000000000000000, 8.869636343065785700E-017 ) ) ;
#3574 = DIRECTION ( 'NONE',  ( -8.869636343065785700E-017, 0.0000000000000000000, 1.000000000000000000 ) ) ;
#3575 = CARTESIAN_POINT ( 'NONE',  ( -0.7129727978038985500, 5.047042566818506200, -4.714148800632544000 ) ) ;
#3576 = AXIS2_PLACEMENT_3D ( 'NONE', #3575, #3574, #3573 ) ;
#3577 = CARTESIAN_POINT ( 'NONE',  ( 0.9126272021961019400, 5.047042566818506200, 2.448651199367455300 ) ) ;
#3578 = CARTESIAN_POINT ( 'NONE',  ( 1.217427202196101900, 2.312091916578968000, 2.448651199367455300 ) ) ;
#3579 = PLANE ( 'NONE',  #3576 ) ;
#3580 = FILL_AREA_STYLE_COLOUR ( '', #3696 ) ;
#3581 = CARTESIAN_POINT ( 'NONE',  ( 0.9126272021961071600, 2.855159808469480300, 2.448651199367454500 ) ) ;
#3582 = CARTESIAN_POINT ( 'NONE',  ( 0.9126272021961010500, 2.977863841186783500, 2.448651199367455300 ) ) ;
#3583 = CARTESIAN_POINT ( 'NONE',  ( 0.9126272021961028300, 3.141331493038798800, 2.448651199367454900 ) ) ;
#3584 = CARTESIAN_POINT ( 'NONE',  ( 0.9126272021960898400, 3.347262520434961100, 2.448651199367454900 ) ) ;
#3585 = CARTESIAN_POINT ( 'NONE',  ( 0.9126272021961019400, 2.312091916578968000, 2.448651199367455300 ) ) ;
#3586 = CARTESIAN_POINT ( 'NONE',  ( 0.9126272021961019400, 2.369362864331870700, 2.448651199367455300 ) ) ;
#3587 = CARTESIAN_POINT ( 'NONE',  ( 0.9126272021961080400, 2.486876167387972500, 2.448651199367454000 ) ) ;
#3588 = CARTESIAN_POINT ( 'NONE',  ( 0.9126272021960941700, 2.669617034112826500, 2.448651199367455300 ) ) ;
#3589 = B_SPLINE_CURVE_WITH_KNOTS ( 'NONE', 3,
 ( #3577, #3681, #3680, #3561, #3560, #3658, #3657, #3656, #3655, #3584, #3583, #3582, #3581, #3588, #3587, #3586, #3585 ),
 .UNSPECIFIED., .F., .F.,
 ( 4, 1, 1, 1, 2, 1, 1, 1, 2, 1, 1, 1, 4 ),
 ( 0.0000000000000000000, 0.07063306637649918700, 0.1412661327529982600, 0.2118991991294978100, 0.2825322655059968600, 0.3955695549417490600, 0.5086068443775012500, 0.6216441338132534500, 0.7346814232490056500, 0.8010110674367542100, 0.8673407116245029900, 0.9336703558122514400, 1.000000000000000000 ),
 .UNSPECIFIED. ) ;
#3590 = FILL_AREA_STYLE_COLOUR ( '', #3550 ) ;
#3591 = B_SPLINE_CURVE_WITH_KNOTS ( 'NONE', 3,
 ( #3595, #3594, #3593, #3543, #3542, #3541, #3540, #3539, #3690, #3689, #3688, #3687 ),
 .UNSPECIFIED., .F., .F.,
 ( 4, 1, 1, 1, 2, 1, 1, 1, 4 ),
 ( 0.0000000000000000000, 0.1248074542611358200, 0.2496149085222711100, 0.3744223627834064600, 0.4992298170445422200, 0.6244223627834066800, 0.7496149085222710800, 0.8748074542611356000, 1.000000000000000000 ),
 .UNSPECIFIED. ) ;
#3592 = FACE_OUTER_BOUND ( 'NONE', #6616, .T. ) ;
#3593 = CARTESIAN_POINT ( 'NONE',  ( 1.217427202196101000, 2.644850561629292300, 2.448651199367451800 ) ) ;
#3594 = CARTESIAN_POINT ( 'NONE',  ( 1.217427202196102800, 2.421819867143296900, 2.448651199367454900 ) ) ;
#3595 = CARTESIAN_POINT ( 'NONE',  ( 1.217427202196101900, 2.312091916578968000, 2.448651199367455300 ) ) ;
#3596 = UNCERTAINTY_MEASURE_WITH_UNIT (LENGTH_MEASURE( 1.000000000000000100E-005 ), #3684, 'distance_accuracy_value', 'NONE');
#3597 =( NAMED_UNIT ( * ) SI_UNIT ( $, .STERADIAN. ) SOLID_ANGLE_UNIT ( ) );
#3598 =( NAMED_UNIT ( * ) PLANE_ANGLE_UNIT ( ) SI_UNIT ( $, .RADIAN. ) );
#3599 = CARTESIAN_POINT ( 'NONE',  ( 1.217427202196101900, 2.312091916578968000, 2.448651199367455300 ) ) ;
#3600 = CARTESIAN_POINT ( 'NONE',  ( 1.174325022007557600, 2.309342133325478200, 3.017223638392472200 ) ) ;
#3601 = CARTESIAN_POINT ( 'NONE',  ( 0.9098238453029896500, 2.306592350071991100, 3.546225991801609900 ) ) ;
#3602 = CARTESIAN_POINT ( 'NONE',  ( 0.4808272021961032500, 2.303842566818503200, 3.921851199367453400 ) ) ;
#3603 = CARTESIAN_POINT ( 'NONE',  ( 1.217427202196102800, 2.421819867143296900, 2.448651199367454900 ) ) ;
#3604 = CARTESIAN_POINT ( 'NONE',  ( 1.174325022007559400, 2.421949599299059000, 3.017223638392471800 ) ) ;
#3605 = CARTESIAN_POINT ( 'NONE',  ( 0.9098238453029905400, 2.422079331454822300, 3.546225991801609900 ) ) ;
#3606 = CARTESIAN_POINT ( 'NONE',  ( 0.4808272021961032500, 2.422209063610585300, 3.921851199367453400 ) ) ;
#3607 = CARTESIAN_POINT ( 'NONE',  ( 1.217427202196101000, 2.644850561629292300, 2.448651199367451800 ) ) ;
#3608 = CARTESIAN_POINT ( 'NONE',  ( 1.174325022007557600, 2.648141089136205800, 3.017223638392471800 ) ) ;
#3609 = CARTESIAN_POINT ( 'NONE',  ( 0.9098238453029887700, 2.651431616643121100, 3.546225991801612600 ) ) ;
#3610 = CARTESIAN_POINT ( 'NONE',  ( 0.4808272021961006400, 2.654722144150035500, 3.921851199367460500 ) ) ;
#3611 = CARTESIAN_POINT ( 'NONE',  ( 1.217427202196101900, 2.986871416923254900, 2.448651199367462000 ) ) ;
#3612 = CARTESIAN_POINT ( 'NONE',  ( 1.174325022007558500, 2.989991104889844200, 3.017223638392474400 ) ) ;
#3613 = CARTESIAN_POINT ( 'NONE',  ( 0.9098238453029905400, 2.993110792856435300, 3.546225991801608600 ) ) ;
#3614 = CARTESIAN_POINT ( 'NONE',  ( 0.4808272021961041400, 2.996230480823024700, 3.921851199367448500 ) ) ;
#3615 = CARTESIAN_POINT ( 'NONE',  ( 1.217427202196099500, 3.332233449950820200, 2.448651199367452200 ) ) ;
#3616 = CARTESIAN_POINT ( 'NONE',  ( 1.174325022007556700, 3.333100622109028700, 3.017223638392470900 ) ) ;
#3617 = CARTESIAN_POINT ( 'NONE',  ( 0.9098238453029887700, 3.333967794267239000, 3.546225991801610800 ) ) ;
#3618 = CARTESIAN_POINT ( 'NONE',  ( 0.4808272021961032500, 3.334834966425447500, 3.921851199367457000 ) ) ;
#3619 = CARTESIAN_POINT ( 'NONE',  ( 1.217427202196101900, 3.561661824089763100, 2.448651199367455800 ) ) ;
#3620 = CARTESIAN_POINT ( 'NONE',  ( 1.174325022007557600, 3.561547426273882400, 3.017223638392472200 ) ) ;
#3621 = CARTESIAN_POINT ( 'NONE',  ( 0.9098238453029896500, 3.561433028458004500, 3.546225991801609900 ) ) ;
#3622 = CARTESIAN_POINT ( 'NONE',  ( 0.4808272021961032500, 3.561318630642126100, 3.921851199367453400 ) ) ;
#3623 = CARTESIAN_POINT ( 'NONE',  ( 1.217427202196102800, 3.789574378276391500, 2.448651199367456200 ) ) ;
#3624 = CARTESIAN_POINT ( 'NONE',  ( 1.174325022007557600, 3.789689129064968600, 3.017223638392472200 ) ) ;
#3625 = CARTESIAN_POINT ( 'NONE',  ( 0.9098238453029896500, 3.789803879853546500, 3.546225991801609900 ) ) ;
#3626 = CARTESIAN_POINT ( 'NONE',  ( 0.4808272021961032500, 3.789918630642123500, 3.921851199367453400 ) ) ;
#3627 = CARTESIAN_POINT ( 'NONE',  ( 1.217427202196106300, 4.020067098152642500, 2.448651199367457100 ) ) ;
#3628 = CARTESIAN_POINT ( 'NONE',  ( 1.174325022007559400, 4.018946753236195800, 3.017223638392473500 ) ) ;
#3629 = CARTESIAN_POINT ( 'NONE',  ( 0.9098238453029869900, 4.017826408319749000, 3.546225991801611700 ) ) ;
#3630 = CARTESIAN_POINT ( 'NONE',  ( 0.4808272021960972000, 4.016706063403301400, 3.921851199367455200 ) ) ;
#3631 = CARTESIAN_POINT ( 'NONE',  ( 1.217427202196096800, 4.367721431433319700, 2.448651199367452200 ) ) ;
#3632 = CARTESIAN_POINT ( 'NONE',  ( 1.174325022007555800, 4.363518669805763700, 3.017223638392469500 ) ) ;
#3633 = CARTESIAN_POINT ( 'NONE',  ( 0.9098238453029896500, 4.359315908178210500, 3.546225991801608600 ) ) ;
#3634 = CARTESIAN_POINT ( 'NONE',  ( 0.4808272021961049700, 4.355113146550655400, 3.921851199367452100 ) ) ;
#3635 = CARTESIAN_POINT ( 'NONE',  ( 1.217427202196105500, 4.712220580211172700, 2.448651199367457100 ) ) ;
#3636 = CARTESIAN_POINT ( 'NONE',  ( 1.174325022007561200, 4.706883281932353400, 3.017223638392473100 ) ) ;
#3637 = CARTESIAN_POINT ( 'NONE',  ( 0.9098238453029905400, 4.701545983653534900, 3.546225991801611700 ) ) ;
#3638 = CARTESIAN_POINT ( 'NONE',  ( 0.4808272021961006400, 4.696208685374714700, 3.921851199367455200 ) ) ;
#3639 = CARTESIAN_POINT ( 'NONE',  ( 1.217427202196101900, 4.936700487889886800, 2.448651199367455800 ) ) ;
#3640 = UNCERTAINTY_MEASURE_WITH_UNIT (LENGTH_MEASURE( 1.000000000000000100E-005 ), #3643, 'distance_accuracy_value', 'NONE');
#3641 =( NAMED_UNIT ( * ) SI_UNIT ( $, .STERADIAN. ) SOLID_ANGLE_UNIT ( ) );
#3642 =( NAMED_UNIT ( * ) PLANE_ANGLE_UNIT ( ) SI_UNIT ( $, .RADIAN. ) );
#3643 =( LENGTH_UNIT ( ) NAMED_UNIT ( * ) SI_UNIT ( .MILLI., .METRE. ) );
#3644 = MECHANICAL_DESIGN_GEOMETRIC_PRESENTATION_REPRESENTATION (  '', ( #3646 ), #3679 ) ;
#3645 = PRESENTATION_LAYER_ASSIGNMENT (  '', '', ( #3646 ) ) ;
#3646 = STYLED_ITEM ( 'NONE', ( #3647 ), #6693 ) ;
#3647 = PRESENTATION_STYLE_ASSIGNMENT (( #3661 ) ) ;
#3648 = CARTESIAN_POINT ( 'NONE',  ( 0.4808272021961023700, 3.871421567709543200, 3.921851199367453400 ) ) ;
#3649 = CARTESIAN_POINT ( 'NONE',  ( 0.4808272021961006400, 3.919845736341937700, 3.921851199367453400 ) ) ;
#3650 = CARTESIAN_POINT ( 'NONE',  ( 0.4808272021960986500, 4.081379169721833100, 3.921851199367454300 ) ) ;
#3651 = CARTESIAN_POINT ( 'NONE',  ( 0.4808272021961049700, 4.355113146550655400, 3.921851199367452100 ) ) ;
#3652 = CARTESIAN_POINT ( 'NONE',  ( 0.4808272021961006400, 4.696208685374714700, 3.921851199367455200 ) ) ;
#3653 = CARTESIAN_POINT ( 'NONE',  ( 0.4808272021961032500, 4.928599319551862500, 3.921851199367453400 ) ) ;
#3654 =( NAMED_UNIT ( * ) PLANE_ANGLE_UNIT ( ) SI_UNIT ( $, .RADIAN. ) );
#3655 = CARTESIAN_POINT ( 'NONE',  ( 0.9126272021961167000, 3.656004416557267200, 2.448651199367455300 ) ) ;
#3656 = CARTESIAN_POINT ( 'NONE',  ( 0.9126272021960915000, 3.964748353047561600, 2.448651199367454000 ) ) ;
#3657 = CARTESIAN_POINT ( 'NONE',  ( 0.9126272021961019400, 4.170683467912588100, 2.448651199367455300 ) ) ;
#3658 = CARTESIAN_POINT ( 'NONE',  ( 0.9126272021961019400, 4.338077519068583000, 2.448651199367455300 ) ) ;
#3659 = B_SPLINE_SURFACE_WITH_KNOTS ( 'NONE', 3, 3, ( 
 ( #3559, #3558, #3557, #3556 ),
 ( #3555, #3554, #3553, #3639 ),
 ( #3638, #3637, #3636, #3635 ),
 ( #3634, #3633, #3632, #3631 ),
 ( #3630, #3629, #3628, #3627 ),
 ( #3626, #3625, #3624, #3623 ),
 ( #3622, #3621, #3620, #3619 ),
 ( #3618, #3617, #3616, #3615 ),
 ( #3614, #3613, #3612, #3611 ),
 ( #3610, #3609, #3608, #3607 ),
 ( #3606, #3605, #3604, #3603 ),
 ( #3602, #3601, #3600, #3599 ) ),
 .UNSPECIFIED., .F., .F., .F.,
 ( 4, 1, 1, 1, 2, 1, 1, 1, 4 ),
 ( 4, 4 ),
 ( 0.5595487293733687500, 0.6146899452170342400, 0.6698311610606997300, 0.7249723769043652200, 0.7801135927480307200, 0.8350851945610231500, 0.8900567963740153600, 0.9450283981870075700, 1.000000000000000000 ),
 ( 0.0000000000000000000, 1.000000000000000000 ),
 .UNSPECIFIED. ) ;
#3660 = CARTESIAN_POINT ( 'NONE',  ( 0.4808272021961032500, 5.047042566818506200, 3.921851199367455200 ) ) ;
#3661 = SURFACE_STYLE_USAGE ( .BOTH. , #3662 ) ;
#3662 = SURFACE_SIDE_STYLE ('',( #3663 ) ) ;
#3663 = SURFACE_STYLE_FILL_AREA ( #3664 ) ;
#3664 = FILL_AREA_STYLE ('',( #3551 ) ) ;
#3665 = FACE_OUTER_BOUND ( 'NONE', #6694, .T. ) ;
#3666 = B_SPLINE_CURVE_WITH_KNOTS ( 'NONE', 3,
 ( #3660, #3653, #3652, #3651, #3650, #3649, #3648 ),
 .UNSPECIFIED., .F., .F.,
 ( 4, 1, 1, 1, 4 ),
 ( 0.0000000000000000000, 0.1251925457388634300, 0.2503850914777268600, 0.3755776372165902700, 0.4289933979169587300 ),
 .UNSPECIFIED. ) ;
#3667 = CIRCLE ( 'NONE', #3711, 0.6857999999999985200 ) ;
#3668 = CARTESIAN_POINT ( 'NONE',  ( 4.290827202196101800, -2.979055534312797300, 4.592919267698409400 ) ) ;
#3669 = CARTESIAN_POINT ( 'NONE',  ( 4.290827202196100900, -2.900167489365550900, 4.887333459551317800 ) ) ;
#3670 = DIRECTION ( 'NONE',  ( -2.980831119295280700E-016, -0.2588190451025145800, -0.9659258262890699800 ) ) ;
#3671 = VECTOR ( 'NONE', #3670, 1000.000000000000000 ) ;
#3672 = CARTESIAN_POINT ( 'NONE',  ( 4.290827202196100900, -2.979055534312797300, 4.592919267698409400 ) ) ;
#3673 = DIRECTION ( 'NONE',  ( -2.275172608361721800E-015, 0.0000000000000000000, 1.000000000000000000 ) ) ;
#3674 = DIRECTION ( 'NONE',  ( -1.000000000000000000, -1.244235020197816600E-016, -2.275172608361721800E-015 ) ) ;
#3675 = CARTESIAN_POINT ( 'NONE',  ( 4.290827202196100000, -2.801557433181493200, 5.255351199367451500 ) ) ;
#3676 = AXIS2_PLACEMENT_3D ( 'NONE', #3675, #3674, #3673 ) ;
#3677 = LINE ( 'NONE', #3672, #3671 ) ;
#3678 = PLANE ( 'NONE',  #3676 ) ;
#3679 =( GEOMETRIC_REPRESENTATION_CONTEXT ( 3 ) GLOBAL_UNCERTAINTY_ASSIGNED_CONTEXT ( ( #3640 ) ) GLOBAL_UNIT_ASSIGNED_CONTEXT ( ( #3643, #3642, #3641 ) ) REPRESENTATION_CONTEXT ( 'NONE', 'WORKASPACE' ) );
#3680 = CARTESIAN_POINT ( 'NONE',  ( 0.9126272021961010500, 4.860605671363034100, 2.448651199367456700 ) ) ;
#3681 = CARTESIAN_POINT ( 'NONE',  ( 0.9126272021961028300, 4.985912560309176700, 2.448651199367455300 ) ) ;
#3682 =( GEOMETRIC_REPRESENTATION_CONTEXT ( 3 ) GLOBAL_UNCERTAINTY_ASSIGNED_CONTEXT ( ( #3596 ) ) GLOBAL_UNIT_ASSIGNED_CONTEXT ( ( #3684, #3598, #3597 ) ) REPRESENTATION_CONTEXT ( 'NONE', 'WORKASPACE' ) );
#3683 =( GEOMETRIC_REPRESENTATION_CONTEXT ( 3 ) GLOBAL_UNCERTAINTY_ASSIGNED_CONTEXT ( ( #3571 ) ) GLOBAL_UNIT_ASSIGNED_CONTEXT ( ( #3562, #3654, #3572 ) ) REPRESENTATION_CONTEXT ( 'NONE', 'WORKASPACE' ) );
#3684 =( LENGTH_UNIT ( ) NAMED_UNIT ( * ) SI_UNIT ( .MILLI., .METRE. ) );
#3685 = MECHANICAL_DESIGN_GEOMETRIC_PRESENTATION_REPRESENTATION (  '', ( #3544 ), #3682 ) ;
#3686 = PRESENTATION_LAYER_ASSIGNMENT (  '', '', ( #3544 ) ) ;
#3687 = CARTESIAN_POINT ( 'NONE',  ( 1.217427202196101900, 5.047042566818506200, 2.448651199367455300 ) ) ;
#3688 = CARTESIAN_POINT ( 'NONE',  ( 1.217427202196101900, 4.936700487889886800, 2.448651199367455800 ) ) ;
#3689 = CARTESIAN_POINT ( 'NONE',  ( 1.217427202196105500, 4.712220580211172700, 2.448651199367457100 ) ) ;
#3690 = CARTESIAN_POINT ( 'NONE',  ( 1.217427202196096800, 4.367721431433319700, 2.448651199367452200 ) ) ;
#3691 = PRESENTATION_STYLE_ASSIGNMENT (( #3692 ) ) ;
#3692 = SURFACE_STYLE_USAGE ( .BOTH. , #3693 ) ;
#3693 = SURFACE_SIDE_STYLE ('',( #3694 ) ) ;
#3694 = SURFACE_STYLE_FILL_AREA ( #3695 ) ;
#3695 = FILL_AREA_STYLE ('',( #3580 ) ) ;
#3696 = COLOUR_RGB ( '',1.000000000000000000, 0.8588235294117646500, 0.5568627450980392400 ) ;
#3697 = FACE_OUTER_BOUND ( 'NONE', #6669, .T. ) ;
#3698 = MECHANICAL_DESIGN_GEOMETRIC_PRESENTATION_REPRESENTATION (  '', ( #3700 ), #3749 ) ;
#3699 = PRESENTATION_LAYER_ASSIGNMENT (  '', '', ( #3700 ) ) ;
#3700 = STYLED_ITEM ( 'NONE', ( #3701 ), #6701 ) ;
#3701 = PRESENTATION_STYLE_ASSIGNMENT (( #3702 ) ) ;
#3702 = SURFACE_STYLE_USAGE ( .BOTH. , #3703 ) ;
#3703 = SURFACE_SIDE_STYLE ('',( #3704 ) ) ;
#3704 = SURFACE_STYLE_FILL_AREA ( #3705 ) ;
#3705 = FILL_AREA_STYLE ('',( #3706 ) ) ;
#3706 = FILL_AREA_STYLE_COLOUR ( '', #3707 ) ;
#3707 = COLOUR_RGB ( '',1.000000000000000000, 0.8588235294117646500, 0.5568627450980392400 ) ;
#3708 = DIRECTION ( 'NONE',  ( 2.529488883022471500E-015, 0.0000000000000000000, -1.000000000000000000 ) ) ;
#3709 = DIRECTION ( 'NONE',  ( 1.000000000000000000, 1.244235020197816600E-016, 2.275172608361721800E-015 ) ) ;
#3710 = CARTESIAN_POINT ( 'NONE',  ( 6.830827202196100100, -2.801557433181492800, 5.255351199367458600 ) ) ;
#3711 = AXIS2_PLACEMENT_3D ( 'NONE', #3710, #3709, #3708 ) ;
#3712 = FACE_OUTER_BOUND ( 'NONE', #6702, .T. ) ;
#3713 = MECHANICAL_DESIGN_GEOMETRIC_PRESENTATION_REPRESENTATION (  '', ( #3715 ), #3990 ) ;
#3714 = PRESENTATION_LAYER_ASSIGNMENT (  '', '', ( #3715 ) ) ;
#3715 = STYLED_ITEM ( 'NONE', ( #3716 ), #6729 ) ;
#3716 = PRESENTATION_STYLE_ASSIGNMENT (( #3717 ) ) ;
#3717 = SURFACE_STYLE_USAGE ( .BOTH. , #3718 ) ;
#3718 = SURFACE_SIDE_STYLE ('',( #3756 ) ) ;
#3719 = CARTESIAN_POINT ( 'NONE',  ( 0.9126272021961019400, 2.312091916578968000, 2.448651199367455300 ) ) ;
#3720 = CARTESIAN_POINT ( 'NONE',  ( 0.8284986709432831100, 2.309342133325478200, 3.017223638392472200 ) ) ;
#3721 = CARTESIAN_POINT ( 'NONE',  ( 0.5229711431744390500, 2.306592350071991100, 3.546225991801609900 ) ) ;
#3722 = CARTESIAN_POINT ( 'NONE',  ( 0.05294814900327644200, 2.303842566818503200, 3.921851199367453400 ) ) ;
#3723 = CARTESIAN_POINT ( 'NONE',  ( 0.9380272021961011400, 2.312091916578968000, 2.448651199367455300 ) ) ;
#3724 = CARTESIAN_POINT ( 'NONE',  ( 0.8573175335319718200, 2.309342133325478200, 3.017223638392472200 ) ) ;
#3725 = CARTESIAN_POINT ( 'NONE',  ( 0.5552088683518172600, 2.306592350071991100, 3.546225991801609900 ) ) ;
#3726 = CARTESIAN_POINT ( 'NONE',  ( 0.08860473676934425800, 2.303842566818503200, 3.921851199367453400 ) ) ;
#3727 = CARTESIAN_POINT ( 'NONE',  ( 0.9888272021961065400, 2.312091916578964400, 2.448651199367455300 ) ) ;
#3728 = CARTESIAN_POINT ( 'NONE',  ( 0.9149552587093597900, 2.309342133325474700, 3.017223638392470900 ) ) ;
#3729 = CARTESIAN_POINT ( 'NONE',  ( 0.6196843187065885800, 2.306592350071986700, 3.546225991801607700 ) ) ;
#3730 = CARTESIAN_POINT ( 'NONE',  ( 0.1599179123014981000, 2.303842566818497000, 3.921851199367450300 ) ) ;
#3731 = CARTESIAN_POINT ( 'NONE',  ( 1.065027202196098000, 2.312091916578969300, 2.448651199367452200 ) ) ;
#3732 = CARTESIAN_POINT ( 'NONE',  ( 1.001411846475412900, 2.309342133325482200, 3.017223638392470000 ) ) ;
#3733 = CARTESIAN_POINT ( 'NONE',  ( 0.7163974942387034700, 2.306592350071996900, 3.546225991801609900 ) ) ;
#3734 = CARTESIAN_POINT ( 'NONE',  ( 0.2668876755996755200, 2.303842566818509900, 3.921851199367455200 ) ) ;
#3735 = CARTESIAN_POINT ( 'NONE',  ( 1.141227202196101900, 2.312091916578967100, 2.448651199367457600 ) ) ;
#3736 = CARTESIAN_POINT ( 'NONE',  ( 1.087868434241492200, 2.309342133325477300, 3.017223638392472700 ) ) ;
#3737 = CARTESIAN_POINT ( 'NONE',  ( 0.8131106697708574400, 2.306592350071989400, 3.546225991801609000 ) ) ;
#3738 = CARTESIAN_POINT ( 'NONE',  ( 0.3738574388979050100, 2.303842566818500500, 3.921851199367452100 ) ) ;
#3739 = CARTESIAN_POINT ( 'NONE',  ( 1.192027202196100900, 2.312091916578968000, 2.448651199367455300 ) ) ;
#3740 = CARTESIAN_POINT ( 'NONE',  ( 1.145506159418868000, 2.309342133325478200, 3.017223638392472200 ) ) ;
#3741 = CARTESIAN_POINT ( 'NONE',  ( 0.8775861201256096600, 2.306592350071991100, 3.546225991801609900 ) ) ;
#3742 = CARTESIAN_POINT ( 'NONE',  ( 0.4451706144300337000, 2.303842566818503200, 3.921851199367453400 ) ) ;
#3743 = CARTESIAN_POINT ( 'NONE',  ( 1.217427202196101900, 2.312091916578968000, 2.448651199367455300 ) ) ;
#3744 = CARTESIAN_POINT ( 'NONE',  ( 1.174325022007557600, 2.309342133325478200, 3.017223638392472200 ) ) ;
#3745 = CARTESIAN_POINT ( 'NONE',  ( 0.9098238453029896500, 2.306592350071991100, 3.546225991801609900 ) ) ;
#3746 =( NAMED_UNIT ( * ) SI_UNIT ( $, .STERADIAN. ) SOLID_ANGLE_UNIT ( ) );
#3747 =( NAMED_UNIT ( * ) PLANE_ANGLE_UNIT ( ) SI_UNIT ( $, .RADIAN. ) );
#3748 =( LENGTH_UNIT ( ) NAMED_UNIT ( * ) SI_UNIT ( .MILLI., .METRE. ) );
#3749 =( GEOMETRIC_REPRESENTATION_CONTEXT ( 3 ) GLOBAL_UNCERTAINTY_ASSIGNED_CONTEXT ( ( #3780 ) ) GLOBAL_UNIT_ASSIGNED_CONTEXT ( ( #3527, #3537, #3852 ) ) REPRESENTATION_CONTEXT ( 'NONE', 'WORKASPACE' ) );
#3750 = CARTESIAN_POINT ( 'NONE',  ( -0.7129727978038985500, 5.047042566818506200, 3.921851199367455200 ) ) ;
#3751 = LINE ( 'NONE', #3750, #3761 ) ;
#3752 = FILL_AREA_STYLE_COLOUR ( '', #3758 ) ;
#3753 = CARTESIAN_POINT ( 'NONE',  ( 0.4808272021961032500, 3.479463565926335500, 3.921851199367455200 ) ) ;
#3754 = CARTESIAN_POINT ( 'NONE',  ( 0.4808272021961032500, 2.303842566818503200, 3.921851199367453400 ) ) ;
#3755 = B_SPLINE_SURFACE_WITH_KNOTS ( 'NONE', 3, 3, ( 
 ( #3754, #3745, #3744, #3743 ),
 ( #3742, #3741, #3740, #3739 ),
 ( #3738, #3737, #3736, #3735 ),
 ( #3734, #3733, #3732, #3731 ),
 ( #3730, #3729, #3728, #3727 ),
 ( #3726, #3725, #3724, #3723 ),
 ( #3722, #3721, #3720, #3719 ) ),
 .UNSPECIFIED., .F., .F., .F.,
 ( 4, 1, 1, 1, 4 ),
 ( 4, 4 ),
 ( 0.0000000000000000000, 0.01467102558005545200, 0.02934205116011090500, 0.04401307674016641200, 0.05868410232022186500 ),
 ( 0.0000000000000000000, 1.000000000000000000 ),
 .UNSPECIFIED. ) ;
#3756 = SURFACE_STYLE_FILL_AREA ( #3757 ) ;
#3757 = FILL_AREA_STYLE ('',( #3752 ) ) ;
#3758 = COLOUR_RGB ( '',1.000000000000000000, 0.8588235294117646500, 0.5568627450980392400 ) ;
#3759 = FACE_OUTER_BOUND ( 'NONE', #6717, .T. ) ;
#3760 = DIRECTION ( 'NONE',  ( 1.000000000000000000, 0.0000000000000000000, -8.869636343065785700E-017 ) ) ;
#3761 = VECTOR ( 'NONE', #3760, 1000.000000000000000 ) ;
#3762 =( GEOMETRIC_REPRESENTATION_CONTEXT ( 3 ) GLOBAL_UNCERTAINTY_ASSIGNED_CONTEXT ( ( #3763 ) ) GLOBAL_UNIT_ASSIGNED_CONTEXT ( ( #3832, #3831, #3764 ) ) REPRESENTATION_CONTEXT ( 'NONE', 'WORKASPACE' ) );
#3763 = UNCERTAINTY_MEASURE_WITH_UNIT (LENGTH_MEASURE( 1.000000000000000100E-005 ), #3832, 'distance_accuracy_value', 'NONE');
#3764 =( NAMED_UNIT ( * ) SI_UNIT ( $, .STERADIAN. ) SOLID_ANGLE_UNIT ( ) );
#3765 =( GEOMETRIC_REPRESENTATION_CONTEXT ( 3 ) GLOBAL_UNCERTAINTY_ASSIGNED_CONTEXT ( ( #3778 ) ) GLOBAL_UNIT_ASSIGNED_CONTEXT ( ( #3819, #3826, #3779 ) ) REPRESENTATION_CONTEXT ( 'NONE', 'WORKASPACE' ) );
#3766 = DIRECTION ( 'NONE',  ( 1.000000000000000000, 1.244235020197816600E-016, 2.275172608361721800E-015 ) ) ;
#3767 = CARTESIAN_POINT ( 'NONE',  ( 6.830827202196100100, -2.801557433181492800, 5.255351199367458600 ) ) ;
#3768 = STYLED_ITEM ( 'NONE', ( #3769 ), #6703 ) ;
#3769 = PRESENTATION_STYLE_ASSIGNMENT (( #3770 ) ) ;
#3770 = SURFACE_STYLE_USAGE ( .BOTH. , #3771 ) ;
#3771 = SURFACE_SIDE_STYLE ('',( #3772 ) ) ;
#3772 = SURFACE_STYLE_FILL_AREA ( #3773 ) ;
#3773 = FILL_AREA_STYLE ('',( #3822 ) ) ;
#3774 = AXIS2_PLACEMENT_3D ( 'NONE', #3818, #3817, #3816 ) ;
#3775 = COLOUR_RGB ( '',1.000000000000000000, 0.8588235294117646500, 0.5568627450980392400 ) ;
#3776 = FACE_OUTER_BOUND ( 'NONE', #6593, .T. ) ;
#3777 = PLANE ( 'NONE',  #3774 ) ;
#3778 = UNCERTAINTY_MEASURE_WITH_UNIT (LENGTH_MEASURE( 1.000000000000000100E-005 ), #3819, 'distance_accuracy_value', 'NONE');
#3779 =( NAMED_UNIT ( * ) SI_UNIT ( $, .STERADIAN. ) SOLID_ANGLE_UNIT ( ) );
#3780 = UNCERTAINTY_MEASURE_WITH_UNIT (LENGTH_MEASURE( 1.000000000000000100E-005 ), #3527, 'distance_accuracy_value', 'NONE');
#3781 = CYLINDRICAL_SURFACE ( 'NONE', #3782, 0.6857999999999987400 ) ;
#3782 = AXIS2_PLACEMENT_3D ( 'NONE', #3767, #3766, #3823 ) ;
#3783 =( LENGTH_UNIT ( ) NAMED_UNIT ( * ) SI_UNIT ( .MILLI., .METRE. ) );
#3784 = MECHANICAL_DESIGN_GEOMETRIC_PRESENTATION_REPRESENTATION (  '', ( #3786 ), #3827 ) ;
#3785 = PRESENTATION_LAYER_ASSIGNMENT (  '', '', ( #3786 ) ) ;
#3786 = STYLED_ITEM ( 'NONE', ( #3787 ), #6721 ) ;
#3787 = PRESENTATION_STYLE_ASSIGNMENT (( #3788 ) ) ;
#3788 = SURFACE_STYLE_USAGE ( .BOTH. , #3793 ) ;
#3789 = CARTESIAN_POINT ( 'NONE',  ( 0.4808272021961032500, 3.479463565926336400, -4.714148800632544000 ) ) ;
#3790 = CARTESIAN_POINT ( 'NONE',  ( 0.4757582072137114800, 3.610116233188710200, -4.714148800632544000 ) ) ;
#3791 = CARTESIAN_POINT ( 'NONE',  ( 0.4757582072136782300, 3.740768900450034200, -4.714148800632544000 ) ) ;
#3792 = CARTESIAN_POINT ( 'NONE',  ( 0.4808272021980071200, 3.871421567709541400, -4.714148800632544000 ) ) ;
#3793 = SURFACE_SIDE_STYLE ('',( #3794 ) ) ;
#3794 = SURFACE_STYLE_FILL_AREA ( #3795 ) ;
#3795 = FILL_AREA_STYLE ('',( #3798 ) ) ;
#3796 = FACE_OUTER_BOUND ( 'NONE', #6684, .T. ) ;
#3797 = B_SPLINE_CURVE_WITH_KNOTS ( 'NONE', 3,
 ( #3792, #3791, #3790, #3789 ),
 .UNSPECIFIED., .F., .F.,
 ( 4, 4 ),
 ( 0.0000000000000000000, 1.000000000000000000 ),
 .UNSPECIFIED. ) ;
#3798 = FILL_AREA_STYLE_COLOUR ( '', #3799 ) ;
#3799 = COLOUR_RGB ( '',1.000000000000000000, 0.8588235294117646500, 0.5568627450980392400 ) ;
#3800 = DIRECTION ( 'NONE',  ( -0.7071067811865506800, 0.7071067811865443500, 0.0000000000000000000 ) ) ;
#3801 = DIRECTION ( 'NONE',  ( 0.7071067811865443500, 0.7071067811865506800, 0.0000000000000000000 ) ) ;
#3802 = CARTESIAN_POINT ( 'NONE',  ( 4.082868829148931200, 8.958642566818507900, 5.191851199367455600 ) ) ;
#3803 = AXIS2_PLACEMENT_3D ( 'NONE', #3802, #3801, #3800 ) ;
#3804 = PLANE ( 'NONE',  #3803 ) ;
#3805 =( GEOMETRIC_REPRESENTATION_CONTEXT ( 3 ) GLOBAL_UNCERTAINTY_ASSIGNED_CONTEXT ( ( #3851 ) ) GLOBAL_UNIT_ASSIGNED_CONTEXT ( ( #3806, #3850, #3849 ) ) REPRESENTATION_CONTEXT ( 'NONE', 'WORKASPACE' ) );
#3806 =( LENGTH_UNIT ( ) NAMED_UNIT ( * ) SI_UNIT ( .MILLI., .METRE. ) );
#3807 = MECHANICAL_DESIGN_GEOMETRIC_PRESENTATION_REPRESENTATION (  '', ( #3809 ), #3805 ) ;
#3808 = PRESENTATION_LAYER_ASSIGNMENT (  '', '', ( #3809 ) ) ;
#3809 = STYLED_ITEM ( 'NONE', ( #3810 ), #6709 ) ;
#3810 = PRESENTATION_STYLE_ASSIGNMENT (( #3811 ) ) ;
#3811 = SURFACE_STYLE_USAGE ( .BOTH. , #3812 ) ;
#3812 = SURFACE_SIDE_STYLE ('',( #3813 ) ) ;
#3813 = SURFACE_STYLE_FILL_AREA ( #3814 ) ;
#3814 = FILL_AREA_STYLE ('',( #3815 ) ) ;
#3815 = FILL_AREA_STYLE_COLOUR ( '', #3775 ) ;
#3816 = DIRECTION ( 'NONE',  ( -5.122214988120525900E-014, 1.000000000000000000, 0.0000000000000000000 ) ) ;
#3817 = DIRECTION ( 'NONE',  ( 1.000000000000000000, 5.122214988120525900E-014, 0.0000000000000000000 ) ) ;
#3818 = CARTESIAN_POINT ( 'NONE',  ( 4.290827202196100900, -2.801557433181493200, 5.191851199367455600 ) ) ;
#3819 =( LENGTH_UNIT ( ) NAMED_UNIT ( * ) SI_UNIT ( .MILLI., .METRE. ) );
#3820 = MECHANICAL_DESIGN_GEOMETRIC_PRESENTATION_REPRESENTATION (  '', ( #3768 ), #3765 ) ;
#3821 = PRESENTATION_LAYER_ASSIGNMENT (  '', '', ( #3768 ) ) ;
#3822 = FILL_AREA_STYLE_COLOUR ( '', #3824 ) ;
#3823 = DIRECTION ( 'NONE',  ( 2.529488883022470700E-015, -0.2588190451025145800, -0.9659258262890698700 ) ) ;
#3824 = COLOUR_RGB ( '',1.000000000000000000, 0.8588235294117646500, 0.5568627450980392400 ) ;
#3825 = FACE_OUTER_BOUND ( 'NONE', #6704, .T. ) ;
#3826 =( NAMED_UNIT ( * ) PLANE_ANGLE_UNIT ( ) SI_UNIT ( $, .RADIAN. ) );
#3827 =( GEOMETRIC_REPRESENTATION_CONTEXT ( 3 ) GLOBAL_UNCERTAINTY_ASSIGNED_CONTEXT ( ( #3828 ) ) GLOBAL_UNIT_ASSIGNED_CONTEXT ( ( #3783, #3830, #3829 ) ) REPRESENTATION_CONTEXT ( 'NONE', 'WORKASPACE' ) );
#3828 = UNCERTAINTY_MEASURE_WITH_UNIT (LENGTH_MEASURE( 1.000000000000000100E-005 ), #3783, 'distance_accuracy_value', 'NONE');
#3829 =( NAMED_UNIT ( * ) SI_UNIT ( $, .STERADIAN. ) SOLID_ANGLE_UNIT ( ) );
#3830 =( NAMED_UNIT ( * ) PLANE_ANGLE_UNIT ( ) SI_UNIT ( $, .RADIAN. ) );
#3831 =( NAMED_UNIT ( * ) PLANE_ANGLE_UNIT ( ) SI_UNIT ( $, .RADIAN. ) );
#3832 =( LENGTH_UNIT ( ) NAMED_UNIT ( * ) SI_UNIT ( .MILLI., .METRE. ) );
#3833 = MECHANICAL_DESIGN_GEOMETRIC_PRESENTATION_REPRESENTATION (  '', ( #3835 ), #3762 ) ;
#3834 = PRESENTATION_LAYER_ASSIGNMENT (  '', '', ( #3835 ) ) ;
#3835 = STYLED_ITEM ( 'NONE', ( #3836 ), #6722 ) ;
#3836 = PRESENTATION_STYLE_ASSIGNMENT (( #3837 ) ) ;
#3837 = SURFACE_STYLE_USAGE ( .BOTH. , #3838 ) ;
#3838 = SURFACE_SIDE_STYLE ('',( #3839 ) ) ;
#3839 = SURFACE_STYLE_FILL_AREA ( #3840 ) ;
#3840 = FILL_AREA_STYLE ('',( #3847 ) ) ;
#3841 = COLOUR_RGB ( '',1.000000000000000000, 0.8588235294117646500, 0.5568627450980392400 ) ;
#3842 = DIRECTION ( 'NONE',  ( 0.0000000000000000000, -0.0000000000000000000, -1.000000000000000000 ) ) ;
#3843 = DIRECTION ( 'NONE',  ( 0.0000000000000000000, -1.000000000000000000, 0.0000000000000000000 ) ) ;
#3844 = CARTESIAN_POINT ( 'NONE',  ( -0.7129727978038976600, 2.303842566818503200, -5.810199656210910400 ) ) ;
#3845 = AXIS2_PLACEMENT_3D ( 'NONE', #3844, #3843, #3842 ) ;
#3846 = FACE_OUTER_BOUND ( 'NONE', #6686, .T. ) ;
#3847 = FILL_AREA_STYLE_COLOUR ( '', #3841 ) ;
#3848 = PLANE ( 'NONE',  #3845 ) ;
#3849 =( NAMED_UNIT ( * ) SI_UNIT ( $, .STERADIAN. ) SOLID_ANGLE_UNIT ( ) );
#3850 =( NAMED_UNIT ( * ) PLANE_ANGLE_UNIT ( ) SI_UNIT ( $, .RADIAN. ) );
#3851 = UNCERTAINTY_MEASURE_WITH_UNIT (LENGTH_MEASURE( 1.000000000000000100E-005 ), #3806, 'distance_accuracy_value', 'NONE');
#3852 =( NAMED_UNIT ( * ) SI_UNIT ( $, .STERADIAN. ) SOLID_ANGLE_UNIT ( ) );
#3853 = PLANE ( 'NONE',  #3899 ) ;
#3854 = SURFACE_STYLE_FILL_AREA ( #3855 ) ;
#3855 = FILL_AREA_STYLE ('',( #3893 ) ) ;
#3856 = UNCERTAINTY_MEASURE_WITH_UNIT (LENGTH_MEASURE( 1.000000000000000100E-005 ), #3748, 'distance_accuracy_value', 'NONE');
#3857 =( GEOMETRIC_REPRESENTATION_CONTEXT ( 3 ) GLOBAL_UNCERTAINTY_ASSIGNED_CONTEXT ( ( #3858 ) ) GLOBAL_UNIT_ASSIGNED_CONTEXT ( ( #3923, #3922, #3859 ) ) REPRESENTATION_CONTEXT ( 'NONE', 'WORKASPACE' ) );
#3858 = UNCERTAINTY_MEASURE_WITH_UNIT (LENGTH_MEASURE( 1.000000000000000100E-005 ), #3923, 'distance_accuracy_value', 'NONE');
#3859 =( NAMED_UNIT ( * ) SI_UNIT ( $, .STERADIAN. ) SOLID_ANGLE_UNIT ( ) );
#3860 = CARTESIAN_POINT ( 'NONE',  ( 0.4808272021961049700, 4.355113146550655400, -4.714148800632542300 ) ) ;
#3861 = CARTESIAN_POINT ( 'NONE',  ( 1.217427202196105500, 4.712220580211172700, -3.240948800632546900 ) ) ;
#3862 = CARTESIAN_POINT ( 'NONE',  ( 1.174325022007561200, 4.706883281932353400, -3.809521239657563300 ) ) ;
#3863 = CARTESIAN_POINT ( 'NONE',  ( 0.9098238453029905400, 4.701545983653534900, -4.338523593066701900 ) ) ;
#3864 = CARTESIAN_POINT ( 'NONE',  ( 0.4808272021961006400, 4.696208685374714700, -4.714148800632544000 ) ) ;
#3865 = CARTESIAN_POINT ( 'NONE',  ( 1.217427202196101900, 4.936700487889886800, -3.240948800632545500 ) ) ;
#3866 = CARTESIAN_POINT ( 'NONE',  ( 1.174325022007557600, 4.934000098443878100, -3.809521239657562000 ) ) ;
#3867 = CARTESIAN_POINT ( 'NONE',  ( 0.9098238453029896500, 4.931299708997871200, -4.338523593066700100 ) ) ;
#3868 = CARTESIAN_POINT ( 'NONE',  ( 0.4808272021961032500, 4.928599319551862500, -4.714148800632544000 ) ) ;
#3869 = CARTESIAN_POINT ( 'NONE',  ( 1.217427202196101900, 5.047042566818506200, -3.240948800632545100 ) ) ;
#3870 = CARTESIAN_POINT ( 'NONE',  ( 1.174325022007557600, 5.047042566818504400, -3.809521239657562000 ) ) ;
#3871 = CARTESIAN_POINT ( 'NONE',  ( 0.9098238453029896500, 5.047042566818506200, -4.338523593066700100 ) ) ;
#3872 = CARTESIAN_POINT ( 'NONE',  ( 0.4808272021961032500, 5.047042566818506200, -4.714148800632544000 ) ) ;
#3873 = B_SPLINE_SURFACE_WITH_KNOTS ( 'NONE', 3, 3, ( 
 ( #3872, #3871, #3870, #3869 ),
 ( #3868, #3867, #3866, #3865 ),
 ( #3864, #3863, #3862, #3861 ),
 ( #3860, #3944, #3943, #3942 ),
 ( #3941, #3940, #3939, #3938 ),
 ( #3937, #3936, #3935, #3934 ),
 ( #3986, #3985, #3984, #3983 ),
 ( #3982, #3981, #3980, #3979 ),
 ( #3978, #3977, #3976, #3975 ),
 ( #3974, #3973, #3972, #3971 ),
 ( #3970, #3969, #3968, #3967 ),
 ( #3966, #3965, #3964, #3963 ) ),
 .UNSPECIFIED., .F., .F., .F.,
 ( 4, 1, 1, 1, 2, 1, 1, 1, 4 ),
 ( 4, 4 ),
 ( 0.5595487293733687500, 0.6146899452170342400, 0.6698311610606997300, 0.7249723769043652200, 0.7801135927480307200, 0.8350851945610231500, 0.8900567963740153600, 0.9450283981870075700, 1.000000000000000000 ),
 ( 0.0000000000000000000, 1.000000000000000000 ),
 .UNSPECIFIED. ) ;
#3874 = STYLED_ITEM ( 'NONE', ( #3875 ), #6751 ) ;
#3875 = PRESENTATION_STYLE_ASSIGNMENT (( #3876 ) ) ;
#3876 = SURFACE_STYLE_USAGE ( .BOTH. , #3877 ) ;
#3877 = SURFACE_SIDE_STYLE ('',( #3878 ) ) ;
#3878 = SURFACE_STYLE_FILL_AREA ( #3927 ) ;
#3879 = DIRECTION ( 'NONE',  ( 1.000000000000000000, 0.0000000000000000000, 8.869636343065785700E-017 ) ) ;
#3880 = VECTOR ( 'NONE', #3879, 1000.000000000000000 ) ;
#3881 = CARTESIAN_POINT ( 'NONE',  ( -0.7129727978038985500, 5.047042566818506200, -4.714148800632544000 ) ) ;
#3882 = LINE ( 'NONE', #3881, #3880 ) ;
#3883 = FILL_AREA_STYLE_COLOUR ( '', #3960 ) ;
#3884 = DIRECTION ( 'NONE',  ( 1.000000000000000000, 4.054237904455249500E-015, 0.0000000000000000000 ) ) ;
#3885 = DIRECTION ( 'NONE',  ( -4.054237904455249500E-015, 1.000000000000000000, 1.188311109926536100E-015 ) ) ;
#3886 = CARTESIAN_POINT ( 'NONE',  ( 0.05294814900327037000, 5.047042566818504400, -4.714148800632544000 ) ) ;
#3887 = AXIS2_PLACEMENT_3D ( 'NONE', #3886, #3885, #3884 ) ;
#3888 = PLANE ( 'NONE',  #3887 ) ;
#3889 = CARTESIAN_POINT ( 'NONE',  ( 0.9098238453029896500, 2.306592350071991100, -4.338523593066700100 ) ) ;
#3890 = PRESENTATION_STYLE_ASSIGNMENT (( #3891 ) ) ;
#3891 = SURFACE_STYLE_USAGE ( .BOTH. , #3892 ) ;
#3892 = SURFACE_SIDE_STYLE ('',( #3854 ) ) ;
#3893 = FILL_AREA_STYLE_COLOUR ( '', #3894 ) ;
#3894 = COLOUR_RGB ( '',1.000000000000000000, 0.8588235294117646500, 0.5568627450980392400 ) ;
#3895 = B_SPLINE_CURVE_WITH_KNOTS ( 'NONE', 3,
 ( #3994, #3889, #3997, #3996 ),
 .UNSPECIFIED., .F., .F.,
 ( 4, 4 ),
 ( 0.0000000000000000000, 1.000000000000000000 ),
 .UNSPECIFIED. ) ;
#3896 = DIRECTION ( 'NONE',  ( 7.913517274987328100E-016, 0.0000000000000000000, -1.000000000000000000 ) ) ;
#3897 = DIRECTION ( 'NONE',  ( -1.000000000000000000, 0.0000000000000000000, -7.913517274987328100E-016 ) ) ;
#3898 = CARTESIAN_POINT ( 'NONE',  ( 0.9126272021961010500, 2.303842566818503200, -4.714148800632544000 ) ) ;
#3899 = AXIS2_PLACEMENT_3D ( 'NONE', #3898, #3897, #3896 ) ;
#3900 =( NAMED_UNIT ( * ) PLANE_ANGLE_UNIT ( ) SI_UNIT ( $, .RADIAN. ) );
#3901 =( LENGTH_UNIT ( ) NAMED_UNIT ( * ) SI_UNIT ( .MILLI., .METRE. ) );
#3902 = MECHANICAL_DESIGN_GEOMETRIC_PRESENTATION_REPRESENTATION (  '', ( #3874 ), #3931 ) ;
#3903 = PRESENTATION_LAYER_ASSIGNMENT (  '', '', ( #3874 ) ) ;
#3904 = CARTESIAN_POINT ( 'NONE',  ( 0.9126272021961019400, 2.312091916578968000, -3.240948800632545100 ) ) ;
#3905 = B_SPLINE_CURVE_WITH_KNOTS ( 'NONE', 3,
 ( #3919, #3918, #3917, #3916 ),
 .UNSPECIFIED., .F., .F.,
 ( 4, 4 ),
 ( 0.0000000000000000000, 1.000000000000000000 ),
 .UNSPECIFIED. ) ;
#3906 = CARTESIAN_POINT ( 'NONE',  ( 1.217427202196101900, 2.312091916578968000, -3.240948800632545100 ) ) ;
#3907 =( LENGTH_UNIT ( ) NAMED_UNIT ( * ) SI_UNIT ( .MILLI., .METRE. ) );
#3908 = PRESENTATION_LAYER_ASSIGNMENT (  '', '', ( #3909 ) ) ;
#3909 = STYLED_ITEM ( 'NONE', ( #3910 ), #6750 ) ;
#3910 = PRESENTATION_STYLE_ASSIGNMENT (( #3911 ) ) ;
#3911 = SURFACE_STYLE_USAGE ( .BOTH. , #3912 ) ;
#3912 = SURFACE_SIDE_STYLE ('',( #3913 ) ) ;
#3913 = SURFACE_STYLE_FILL_AREA ( #3914 ) ;
#3914 = FILL_AREA_STYLE ('',( #3915 ) ) ;
#3915 = FILL_AREA_STYLE_COLOUR ( '', #3920 ) ;
#3916 = CARTESIAN_POINT ( 'NONE',  ( 0.9126272021961019400, 2.312091916578968000, -3.240948800632545100 ) ) ;
#3917 = CARTESIAN_POINT ( 'NONE',  ( 0.9126272021961019400, 3.223742133325480500, -3.240948800632545100 ) ) ;
#3918 = CARTESIAN_POINT ( 'NONE',  ( 0.9126272021961019400, 4.135392350071993100, -3.240948800632545100 ) ) ;
#3919 = CARTESIAN_POINT ( 'NONE',  ( 0.9126272021961019400, 5.047042566818506200, -3.240948800632545100 ) ) ;
#3920 = COLOUR_RGB ( '',1.000000000000000000, 0.8588235294117646500, 0.5568627450980392400 ) ;
#3921 = FACE_OUTER_BOUND ( 'NONE', #6607, .T. ) ;
#3922 =( NAMED_UNIT ( * ) PLANE_ANGLE_UNIT ( ) SI_UNIT ( $, .RADIAN. ) );
#3923 =( LENGTH_UNIT ( ) NAMED_UNIT ( * ) SI_UNIT ( .MILLI., .METRE. ) );
#3924 = MECHANICAL_DESIGN_GEOMETRIC_PRESENTATION_REPRESENTATION (  '', ( #3909 ), #3857 ) ;
#3925 =( NAMED_UNIT ( * ) PLANE_ANGLE_UNIT ( ) SI_UNIT ( $, .RADIAN. ) );
#3926 =( LENGTH_UNIT ( ) NAMED_UNIT ( * ) SI_UNIT ( .MILLI., .METRE. ) );
#3927 = FILL_AREA_STYLE ('',( #3962 ) ) ;
#3928 = COLOUR_RGB ( '',1.000000000000000000, 0.8588235294117646500, 0.5568627450980392400 ) ;
#3929 = FACE_OUTER_BOUND ( 'NONE', #6777, .T. ) ;
#3930 = CARTESIAN_POINT ( 'NONE',  ( 0.8188762633902857400, 2.488361100046292000, 3.017223638392469500 ) ) ;
#3931 =( GEOMETRIC_REPRESENTATION_CONTEXT ( 3 ) GLOBAL_UNCERTAINTY_ASSIGNED_CONTEXT ( ( #3932 ) ) GLOBAL_UNIT_ASSIGNED_CONTEXT ( ( #3901, #3900, #3933 ) ) REPRESENTATION_CONTEXT ( 'NONE', 'WORKASPACE' ) );
#3932 = UNCERTAINTY_MEASURE_WITH_UNIT (LENGTH_MEASURE( 1.000000000000000100E-005 ), #3901, 'distance_accuracy_value', 'NONE');
#3933 =( NAMED_UNIT ( * ) SI_UNIT ( $, .STERADIAN. ) SOLID_ANGLE_UNIT ( ) );
#3934 = CARTESIAN_POINT ( 'NONE',  ( 1.217427202196102800, 3.789574378276391500, -3.240948800632546000 ) ) ;
#3935 = CARTESIAN_POINT ( 'NONE',  ( 1.174325022007557600, 3.789689129064968600, -3.809521239657562000 ) ) ;
#3936 = CARTESIAN_POINT ( 'NONE',  ( 0.9098238453029896500, 3.789803879853546500, -4.338523593066700100 ) ) ;
#3937 = CARTESIAN_POINT ( 'NONE',  ( 0.4808272021961032500, 3.789918630642123500, -4.714148800632544000 ) ) ;
#3938 = CARTESIAN_POINT ( 'NONE',  ( 1.217427202196106300, 4.020067098152642500, -3.240948800632546900 ) ) ;
#3939 = CARTESIAN_POINT ( 'NONE',  ( 1.174325022007559400, 4.018946753236195800, -3.809521239657563300 ) ) ;
#3940 = CARTESIAN_POINT ( 'NONE',  ( 0.9098238453029869900, 4.017826408319749000, -4.338523593066701900 ) ) ;
#3941 = CARTESIAN_POINT ( 'NONE',  ( 0.4808272021960972000, 4.016706063403301400, -4.714148800632545800 ) ) ;
#3942 = CARTESIAN_POINT ( 'NONE',  ( 1.217427202196096800, 4.367721431433319700, -3.240948800632542000 ) ) ;
#3943 = CARTESIAN_POINT ( 'NONE',  ( 1.174325022007555800, 4.363518669805763700, -3.809521239657559300 ) ) ;
#3944 = CARTESIAN_POINT ( 'NONE',  ( 0.9098238453029896500, 4.359315908178210500, -4.338523593066698300 ) ) ;
#3945 =( GEOMETRIC_REPRESENTATION_CONTEXT ( 3 ) GLOBAL_UNCERTAINTY_ASSIGNED_CONTEXT ( ( #3998 ) ) GLOBAL_UNIT_ASSIGNED_CONTEXT ( ( #3907, #3951, #3999 ) ) REPRESENTATION_CONTEXT ( 'NONE', 'WORKASPACE' ) );
#3946 = UNCERTAINTY_MEASURE_WITH_UNIT (LENGTH_MEASURE( 1.000000000000000100E-005 ), #3926, 'distance_accuracy_value', 'NONE');
#3947 =( NAMED_UNIT ( * ) SI_UNIT ( $, .STERADIAN. ) SOLID_ANGLE_UNIT ( ) );
#3948 = DIRECTION ( 'NONE',  ( 0.0000000000000000000, 0.0000000000000000000, 1.000000000000000000 ) ) ;
#3949 = DIRECTION ( 'NONE',  ( 0.0000000000000000000, 1.000000000000000000, -0.0000000000000000000 ) ) ;
#3950 = AXIS2_PLACEMENT_3D ( 'NONE', #3987, #3949, #3948 ) ;
#3951 =( NAMED_UNIT ( * ) PLANE_ANGLE_UNIT ( ) SI_UNIT ( $, .RADIAN. ) );
#3952 = MECHANICAL_DESIGN_GEOMETRIC_PRESENTATION_REPRESENTATION (  '', ( #3954 ), #3989 ) ;
#3953 = PRESENTATION_LAYER_ASSIGNMENT (  '', '', ( #3954 ) ) ;
#3954 = STYLED_ITEM ( 'NONE', ( #3955 ), #6740 ) ;
#3955 = PRESENTATION_STYLE_ASSIGNMENT (( #3956 ) ) ;
#3956 = SURFACE_STYLE_USAGE ( .BOTH. , #3957 ) ;
#3957 = SURFACE_SIDE_STYLE ('',( #3958 ) ) ;
#3958 = SURFACE_STYLE_FILL_AREA ( #3959 ) ;
#3959 = FILL_AREA_STYLE ('',( #3883 ) ) ;
#3960 = COLOUR_RGB ( '',1.000000000000000000, 0.8588235294117646500, 0.5568627450980392400 ) ;
#3961 = FACE_OUTER_BOUND ( 'NONE', #6547, .T. ) ;
#3962 = FILL_AREA_STYLE_COLOUR ( '', #3928 ) ;
#3963 = CARTESIAN_POINT ( 'NONE',  ( 1.217427202196101900, 2.312091916578968000, -3.240948800632545100 ) ) ;
#3964 = CARTESIAN_POINT ( 'NONE',  ( 1.174325022007557600, 2.309342133325478200, -3.809521239657562000 ) ) ;
#3965 = CARTESIAN_POINT ( 'NONE',  ( 0.9098238453029896500, 2.306592350071991100, -4.338523593066700100 ) ) ;
#3966 = CARTESIAN_POINT ( 'NONE',  ( 0.4808272021961032500, 2.303842566818503200, -4.714148800632544000 ) ) ;
#3967 = CARTESIAN_POINT ( 'NONE',  ( 1.217427202196102800, 2.421819867143296900, -3.240948800632544600 ) ) ;
#3968 = CARTESIAN_POINT ( 'NONE',  ( 1.174325022007559400, 2.421949599299059000, -3.809521239657561500 ) ) ;
#3969 = CARTESIAN_POINT ( 'NONE',  ( 0.9098238453029905400, 2.422079331454822300, -4.338523593066700100 ) ) ;
#3970 = CARTESIAN_POINT ( 'NONE',  ( 0.4808272021961032500, 2.422209063610585300, -4.714148800632544000 ) ) ;
#3971 = CARTESIAN_POINT ( 'NONE',  ( 1.217427202196101000, 2.644850561629292300, -3.240948800632541500 ) ) ;
#3972 = CARTESIAN_POINT ( 'NONE',  ( 1.174325022007557600, 2.648141089136205800, -3.809521239657561500 ) ) ;
#3973 = CARTESIAN_POINT ( 'NONE',  ( 0.9098238453029887700, 2.651431616643121100, -4.338523593066701900 ) ) ;
#3974 = CARTESIAN_POINT ( 'NONE',  ( 0.4808272021961006400, 2.654722144150035500, -4.714148800632549400 ) ) ;
#3975 = CARTESIAN_POINT ( 'NONE',  ( 1.217427202196101900, 2.986871416923254900, -3.240948800632551800 ) ) ;
#3976 = CARTESIAN_POINT ( 'NONE',  ( 1.174325022007558500, 2.989991104889844200, -3.809521239657564200 ) ) ;
#3977 = CARTESIAN_POINT ( 'NONE',  ( 0.9098238453029905400, 2.993110792856435300, -4.338523593066698300 ) ) ;
#3978 = CARTESIAN_POINT ( 'NONE',  ( 0.4808272021961041400, 2.996230480823024700, -4.714148800632538700 ) ) ;
#3979 = CARTESIAN_POINT ( 'NONE',  ( 1.217427202196099500, 3.332233449950820200, -3.240948800632542000 ) ) ;
#3980 = CARTESIAN_POINT ( 'NONE',  ( 1.174325022007556700, 3.333100622109028700, -3.809521239657560600 ) ) ;
#3981 = CARTESIAN_POINT ( 'NONE',  ( 0.9098238453029887700, 3.333967794267239000, -4.338523593066700100 ) ) ;
#3982 = CARTESIAN_POINT ( 'NONE',  ( 0.4808272021961032500, 3.334834966425447500, -4.714148800632547600 ) ) ;
#3983 = CARTESIAN_POINT ( 'NONE',  ( 1.217427202196101900, 3.561661824089763100, -3.240948800632545500 ) ) ;
#3984 = CARTESIAN_POINT ( 'NONE',  ( 1.174325022007557600, 3.561547426273882400, -3.809521239657562000 ) ) ;
#3985 = CARTESIAN_POINT ( 'NONE',  ( 0.9098238453029896500, 3.561433028458004500, -4.338523593066700100 ) ) ;
#3986 = CARTESIAN_POINT ( 'NONE',  ( 0.4808272021961032500, 3.561318630642126100, -4.714148800632544000 ) ) ;
#3987 = CARTESIAN_POINT ( 'NONE',  ( -0.7129727978038976600, 5.047042566818506200, -5.810199656210913900 ) ) ;
#3988 = PLANE ( 'NONE',  #3950 ) ;
#3989 =( GEOMETRIC_REPRESENTATION_CONTEXT ( 3 ) GLOBAL_UNCERTAINTY_ASSIGNED_CONTEXT ( ( #3946 ) ) GLOBAL_UNIT_ASSIGNED_CONTEXT ( ( #3926, #3925, #3947 ) ) REPRESENTATION_CONTEXT ( 'NONE', 'WORKASPACE' ) );
#3990 =( GEOMETRIC_REPRESENTATION_CONTEXT ( 3 ) GLOBAL_UNCERTAINTY_ASSIGNED_CONTEXT ( ( #3856 ) ) GLOBAL_UNIT_ASSIGNED_CONTEXT ( ( #3748, #3747, #3746 ) ) REPRESENTATION_CONTEXT ( 'NONE', 'WORKASPACE' ) );
#3991 = MECHANICAL_DESIGN_GEOMETRIC_PRESENTATION_REPRESENTATION (  '', ( #3993 ), #3945 ) ;
#3992 = PRESENTATION_LAYER_ASSIGNMENT (  '', '', ( #3993 ) ) ;
#3993 = STYLED_ITEM ( 'NONE', ( #3890 ), #6731 ) ;
#3994 = CARTESIAN_POINT ( 'NONE',  ( 0.4808272021961032500, 2.303842566818503200, -4.714148800632544000 ) ) ;
#3995 = FACE_OUTER_BOUND ( 'NONE', #6732, .T. ) ;
#3996 = CARTESIAN_POINT ( 'NONE',  ( 1.217427202196101900, 2.312091916578968000, -3.240948800632545100 ) ) ;
#3997 = CARTESIAN_POINT ( 'NONE',  ( 1.174325022007557600, 2.309342133325478200, -3.809521239657562000 ) ) ;
#3998 = UNCERTAINTY_MEASURE_WITH_UNIT (LENGTH_MEASURE( 1.000000000000000100E-005 ), #3907, 'distance_accuracy_value', 'NONE');
#3999 =( NAMED_UNIT ( * ) SI_UNIT ( $, .STERADIAN. ) SOLID_ANGLE_UNIT ( ) );
#4000 = CARTESIAN_POINT ( 'NONE',  ( 4.290827202196100000, -2.801557433181493200, 5.255351199367451500 ) ) ;
#4001 = COLOUR_RGB ( '',1.000000000000000000, 0.8588235294117646500, 0.5568627450980392400 ) ;
#4002 = AXIS2_PLACEMENT_3D ( 'NONE', #4000, #4085, #4084 ) ;
#4003 = AXIS2_PLACEMENT_3D ( 'NONE', #4088, #4063, #4026 ) ;
#4004 = B_SPLINE_CURVE_WITH_KNOTS ( 'NONE', 3,
 ( #4041, #4022, #4052, #4071 ),
 .UNSPECIFIED., .F., .F.,
 ( 4, 4 ),
 ( 0.2609098452768096000, 1.000000000000000000 ),
 .UNSPECIFIED. ) ;
#4005 = CARTESIAN_POINT ( 'NONE',  ( 1.217427202196101900, 5.047042566818506200, 2.448651199367455300 ) ) ;
#4006 = B_SPLINE_CURVE_WITH_KNOTS ( 'NONE', 3,
 ( #4077, #4076, #4081, #4080 ),
 .UNSPECIFIED., .F., .F.,
 ( 4, 4 ),
 ( 0.0000000000000000000, 1.000000000000000000 ),
 .UNSPECIFIED. ) ;
#4007 = SURFACE_STYLE_FILL_AREA ( #4008 ) ;
#4008 = FILL_AREA_STYLE ('',( #4009 ) ) ;
#4009 = FILL_AREA_STYLE_COLOUR ( '', #4001 ) ;
#4010 =( LENGTH_UNIT ( ) NAMED_UNIT ( * ) SI_UNIT ( .MILLI., .METRE. ) );
#4011 = MECHANICAL_DESIGN_GEOMETRIC_PRESENTATION_REPRESENTATION (  '', ( #4013 ), #4284 ) ;
#4012 = PRESENTATION_LAYER_ASSIGNMENT (  '', '', ( #4013 ) ) ;
#4013 = STYLED_ITEM ( 'NONE', ( #4014 ), #6819 ) ;
#4014 = PRESENTATION_STYLE_ASSIGNMENT (( #4015 ) ) ;
#4015 = SURFACE_STYLE_USAGE ( .BOTH. , #4016 ) ;
#4016 = SURFACE_SIDE_STYLE ('',( #4017 ) ) ;
#4017 = SURFACE_STYLE_FILL_AREA ( #4018 ) ;
#4018 = FILL_AREA_STYLE ('',( #4019 ) ) ;
#4019 = FILL_AREA_STYLE_COLOUR ( '', #4020 ) ;
#4020 = COLOUR_RGB ( '',1.000000000000000000, 0.8588235294117646500, 0.5568627450980392400 ) ;
#4021 = DIRECTION ( 'NONE',  ( 1.000000000000000000, 0.0000000000000000000, 1.138269997360105000E-015 ) ) ;
#4022 = CARTESIAN_POINT ( 'NONE',  ( 0.6673299195354764900, 2.308027241118415100, 3.267488455518177100 ) ) ;
#4023 = UNCERTAINTY_MEASURE_WITH_UNIT (LENGTH_MEASURE( 1.000000000000000100E-005 ), #4049, 'distance_accuracy_value', 'NONE');
#4024 =( NAMED_UNIT ( * ) SI_UNIT ( $, .STERADIAN. ) SOLID_ANGLE_UNIT ( ) );
#4025 =( NAMED_UNIT ( * ) PLANE_ANGLE_UNIT ( ) SI_UNIT ( $, .RADIAN. ) );
#4026 = DIRECTION ( 'NONE',  ( 1.000000000000000000, 4.054237904455249500E-015, 0.0000000000000000000 ) ) ;
#4027 = CARTESIAN_POINT ( 'NONE',  ( 0.5037263280684382000, 2.489846032704613700, 3.546225991801605900 ) ) ;
#4028 = CARTESIAN_POINT ( 'NONE',  ( 0.02408092634427309900, 2.491330965362933600, 3.921851199367448500 ) ) ;
#4029 = CARTESIAN_POINT ( 'NONE',  ( 0.9126272021961019400, 2.369362864331870700, 2.448651199367455300 ) ) ;
#4030 = CARTESIAN_POINT ( 'NONE',  ( 0.8252275843249152800, 2.368767995393735900, 3.017223638392472200 ) ) ;
#4031 = CARTESIAN_POINT ( 'NONE',  ( 0.5164289699377032600, 2.368173126455604300, 3.546225991801609900 ) ) ;
#4032 = CARTESIAN_POINT ( 'NONE',  ( 0.04313488914817285200, 2.367578257517471300, 3.921851199367453400 ) ) ;
#4033 = CARTESIAN_POINT ( 'NONE',  ( 0.9126272021961019400, 2.312091916578968000, 2.448651199367455300 ) ) ;
#4034 = CARTESIAN_POINT ( 'NONE',  ( 0.8284986709432831100, 2.309342133325478200, 3.017223638392472200 ) ) ;
#4035 = CARTESIAN_POINT ( 'NONE',  ( 0.5229711431744390500, 2.306592350071991100, 3.546225991801609900 ) ) ;
#4036 = CARTESIAN_POINT ( 'NONE',  ( 0.05294814900327644200, 2.303842566818503200, 3.921851199367453400 ) ) ;
#4037 = B_SPLINE_SURFACE_WITH_KNOTS ( 'NONE', 3, 3, ( 
 ( #4036, #4035, #4034, #4033 ),
 ( #4032, #4031, #4030, #4029 ),
 ( #4028, #4027, #3930, #4156 ),
 ( #4200, #4136, #4145, #4165 ),
 ( #4201, #4160, #4121, #4120 ),
 ( #4131, #4189, #4130, #4175 ),
 ( #4170, #4182, #4181, #4135 ),
 ( #4174, #4173, #4172, #4171 ),
 ( #4159, #4158, #4157, #4188 ),
 ( #4187, #4111, #4110, #4109 ),
 ( #4129, #4128, #4127, #4134 ),
 ( #4133, #4132, #4164, #4163 ),
 ( #4162, #4161, #4180, #4179 ),
 ( #4178, #4177, #4176, #4144 ),
 ( #4143, #4142, #4141, #4140 ),
 ( #4126, #4125, #4124, #4123 ),
 ( #4122, #4114, #4113, #4112 ) ),
 .UNSPECIFIED., .F., .F., .F.,
 ( 4, 1, 1, 1, 2, 1, 1, 1, 2, 1, 1, 1, 4 ),
 ( 4, 4 ),
 ( 0.05868410232022186500, 0.08801377919250869000, 0.1173434560647955100, 0.1466731329370824500, 0.1760028098093692800, 0.2259856977664576600, 0.2759685857235460400, 0.3259514736806344300, 0.3759343616377228100, 0.4071669279915786600, 0.4383994943454347400, 0.4696320606992905900, 0.5008646270531464900 ),
 ( 0.0000000000000000000, 1.000000000000000000 ),
 .UNSPECIFIED. ) ;
#4038 = CARTESIAN_POINT ( 'NONE',  ( 0.9126272021961019400, 5.047042566818506200, -3.240948800632545100 ) ) ;
#4039 = AXIS2_PLACEMENT_3D ( 'NONE', #4038, #4087, #4086 ) ;
#4040 =( GEOMETRIC_REPRESENTATION_CONTEXT ( 3 ) GLOBAL_UNCERTAINTY_ASSIGNED_CONTEXT ( ( #4090 ) ) GLOBAL_UNIT_ASSIGNED_CONTEXT ( ( #4072, #4053, #4065 ) ) REPRESENTATION_CONTEXT ( 'NONE', 'WORKASPACE' ) );
#4041 = CARTESIAN_POINT ( 'NONE',  ( 0.3862447890190211500, 2.305994903388139900, 3.598536637500689300 ) ) ;
#4042 = PLANE ( 'NONE',  #4003 ) ;
#4043 = CARTESIAN_POINT ( 'NONE',  ( 0.4808272021961032500, 5.047042566818506200, 3.921851199367455200 ) ) ;
#4044 = FACE_OUTER_BOUND ( 'NONE', #6727, .T. ) ;
#4045 = B_SPLINE_CURVE_WITH_KNOTS ( 'NONE', 3,
 ( #4043, #4059, #4058, #4057 ),
 .UNSPECIFIED., .F., .F.,
 ( 4, 4 ),
 ( 0.0000000000000000000, 1.000000000000000000 ),
 .UNSPECIFIED. ) ;
#4046 = PRESENTATION_STYLE_ASSIGNMENT (( #4047 ) ) ;
#4047 = SURFACE_STYLE_USAGE ( .BOTH. , #4048 ) ;
#4048 = SURFACE_SIDE_STYLE ('',( #4007 ) ) ;
#4049 =( LENGTH_UNIT ( ) NAMED_UNIT ( * ) SI_UNIT ( .MILLI., .METRE. ) );
#4050 = MECHANICAL_DESIGN_GEOMETRIC_PRESENTATION_REPRESENTATION (  '', ( #4054 ), #4064 ) ;
#4051 = PRESENTATION_LAYER_ASSIGNMENT (  '', '', ( #4054 ) ) ;
#4052 = CARTESIAN_POINT ( 'NONE',  ( 0.8504486330158214100, 2.310059578848691100, 2.868877491297797000 ) ) ;
#4053 =( NAMED_UNIT ( * ) PLANE_ANGLE_UNIT ( ) SI_UNIT ( $, .RADIAN. ) );
#4054 = STYLED_ITEM ( 'NONE', ( #4055 ), #6778 ) ;
#4055 = PRESENTATION_STYLE_ASSIGNMENT (( #4056 ) ) ;
#4056 = SURFACE_STYLE_USAGE ( .BOTH. , #4060 ) ;
#4057 = CARTESIAN_POINT ( 'NONE',  ( 1.217427202196101900, 5.047042566818506200, 2.448651199367455300 ) ) ;
#4058 = CARTESIAN_POINT ( 'NONE',  ( 1.174325022007557600, 5.047042566818504400, 3.017223638392472200 ) ) ;
#4059 = CARTESIAN_POINT ( 'NONE',  ( 0.9098238453029896500, 5.047042566818506200, 3.546225991801609900 ) ) ;
#4060 = SURFACE_SIDE_STYLE ('',( #4061 ) ) ;
#4061 = SURFACE_STYLE_FILL_AREA ( #4062 ) ;
#4062 = FILL_AREA_STYLE ('',( #4078 ) ) ;
#4063 = DIRECTION ( 'NONE',  ( -4.054237904455249500E-015, 1.000000000000000000, -1.188311109926536100E-015 ) ) ;
#4064 =( GEOMETRIC_REPRESENTATION_CONTEXT ( 3 ) GLOBAL_UNCERTAINTY_ASSIGNED_CONTEXT ( ( #4023 ) ) GLOBAL_UNIT_ASSIGNED_CONTEXT ( ( #4049, #4025, #4024 ) ) REPRESENTATION_CONTEXT ( 'NONE', 'WORKASPACE' ) );
#4065 =( NAMED_UNIT ( * ) SI_UNIT ( $, .STERADIAN. ) SOLID_ANGLE_UNIT ( ) );
#4066 = DIRECTION ( 'NONE',  ( 1.137586304180857000E-015, -0.0000000000000000000, -1.000000000000000000 ) ) ;
#4067 = CARTESIAN_POINT ( 'NONE',  ( -0.2811727978039007500, -2.801557433181493600, -1.666148800632544700 ) ) ;
#4068 = AXIS2_PLACEMENT_3D ( 'NONE', #4067, #4066, #4021 ) ;
#4069 = CIRCLE ( 'NONE', #4068, 0.3810000000000015600 ) ;
#4070 = FACE_OUTER_BOUND ( 'NONE', #6811, .T. ) ;
#4071 = CARTESIAN_POINT ( 'NONE',  ( 0.9126272021961019400, 2.312091916578968000, 2.448651199367455300 ) ) ;
#4072 =( LENGTH_UNIT ( ) NAMED_UNIT ( * ) SI_UNIT ( .MILLI., .METRE. ) );
#4073 = MECHANICAL_DESIGN_GEOMETRIC_PRESENTATION_REPRESENTATION (  '', ( #4075 ), #4040 ) ;
#4074 = PRESENTATION_LAYER_ASSIGNMENT (  '', '', ( #4075 ) ) ;
#4075 = STYLED_ITEM ( 'NONE', ( #4046 ), #6761 ) ;
#4076 = CARTESIAN_POINT ( 'NONE',  ( 1.115827202196102000, 5.047042566818507000, 2.448651199367454900 ) ) ;
#4077 = CARTESIAN_POINT ( 'NONE',  ( 1.217427202196101900, 5.047042566818506200, 2.448651199367455300 ) ) ;
#4078 = FILL_AREA_STYLE_COLOUR ( '', #4079 ) ;
#4079 = COLOUR_RGB ( '',1.000000000000000000, 0.8588235294117646500, 0.5568627450980392400 ) ;
#4080 = CARTESIAN_POINT ( 'NONE',  ( 0.9126272021961019400, 5.047042566818506200, 2.448651199367455300 ) ) ;
#4081 = CARTESIAN_POINT ( 'NONE',  ( 1.014227202196102100, 5.047042566818506200, 2.448651199367454900 ) ) ;
#4082 = CIRCLE ( 'NONE', #4002, 0.3809999999999985100 ) ;
#4083 = FACE_OUTER_BOUND ( 'NONE', #6677, .T. ) ;
#4084 = DIRECTION ( 'NONE',  ( 2.276539994720228200E-015, 0.0000000000000000000, -1.000000000000000000 ) ) ;
#4085 = DIRECTION ( 'NONE',  ( -1.000000000000000000, -1.244235020197816600E-016, -2.275172608361721800E-015 ) ) ;
#4086 = DIRECTION ( 'NONE',  ( 1.000000000000000000, 0.0000000000000000000, 0.0000000000000000000 ) ) ;
#4087 = DIRECTION ( 'NONE',  ( 0.0000000000000000000, 0.0000000000000000000, -1.000000000000000000 ) ) ;
#4088 = CARTESIAN_POINT ( 'NONE',  ( 0.05294814900327037000, 5.047042566818504400, 3.921851199367453400 ) ) ;
#4089 = PLANE ( 'NONE',  #4039 ) ;
#4090 = UNCERTAINTY_MEASURE_WITH_UNIT (LENGTH_MEASURE( 1.000000000000000100E-005 ), #4072, 'distance_accuracy_value', 'NONE');
#4091 = CARTESIAN_POINT ( 'NONE',  ( 4.290827202196104500, -5.840993823293207900, 4.883157644800810700 ) ) ;
#4092 = DIRECTION ( 'NONE',  ( 4.184816166765108200E-016, 0.9396926207859080900, 0.3420201433256696600 ) ) ;
#4093 = VECTOR ( 'NONE', #4092, 1000.000000000000000 ) ;
#4094 = CARTESIAN_POINT ( 'NONE',  ( 4.290827202196104500, -5.086758938145604400, 5.157676692639726400 ) ) ;
#4095 = LINE ( 'NONE', #4094, #4093 ) ;
#4096 = DIRECTION ( 'NONE',  ( 4.995393918644650000E-016, 0.0000000000000000000, 1.000000000000000000 ) ) ;
#4097 = DIRECTION ( 'NONE',  ( -1.000000000000000000, 2.635213651748218700E-016, 4.995393918644650000E-016 ) ) ;
#4098 = CARTESIAN_POINT ( 'NONE',  ( 4.290827202196104500, -5.191006677831270000, 5.444095003455270600 ) ) ;
#4099 = AXIS2_PLACEMENT_3D ( 'NONE', #4098, #4097, #4096 ) ;
#4100 = FILL_AREA_STYLE_COLOUR ( '', #4101 ) ;
#4101 = COLOUR_RGB ( '',1.000000000000000000, 0.8588235294117646500, 0.5568627450980392400 ) ;
#4102 = DIRECTION ( 'NONE',  ( 0.0000000000000000000, 0.0000000000000000000, 1.000000000000000000 ) ) ;
#4103 = DIRECTION ( 'NONE',  ( 1.000000000000000000, 0.0000000000000000000, 0.0000000000000000000 ) ) ;
#4104 = CARTESIAN_POINT ( 'NONE',  ( 6.830827202196104500, -5.057716452369022300, 4.492494407469297200 ) ) ;
#4105 = AXIS2_PLACEMENT_3D ( 'NONE', #4104, #4103, #4102 ) ;
#4106 = CIRCLE ( 'NONE', #4105, 0.9397999999999993000 ) ;
#4107 = FACE_OUTER_BOUND ( 'NONE', #6958, .T. ) ;
#4108 = CARTESIAN_POINT ( 'NONE',  ( 0.9126272021961019400, 5.047042566818506200, -3.240948800632545100 ) ) ;
#4109 = CARTESIAN_POINT ( 'NONE',  ( 0.9126272021960915000, 3.964748353047561600, 2.448651199367454000 ) ) ;
#4110 = CARTESIAN_POINT ( 'NONE',  ( 0.7769924694592030800, 3.964718131623641700, 3.017223638392469500 ) ) ;
#4111 = CARTESIAN_POINT ( 'NONE',  ( 0.4199587402062892600, 3.964687910199722800, 3.546225991801605900 ) ) ;
#4112 = CARTESIAN_POINT ( 'NONE',  ( 0.9126272021961019400, 5.047042566818506200, 2.448651199367455300 ) ) ;
#4113 = CARTESIAN_POINT ( 'NONE',  ( 0.8284986709432814500, 5.047042566818504400, 3.017223638392472200 ) ) ;
#4114 = CARTESIAN_POINT ( 'NONE',  ( 0.5229711431744354900, 5.047042566818504400, 3.546225991801609900 ) ) ;
#4115 = CARTESIAN_POINT ( 'NONE',  ( 6.830827202196104500, -5.379146983066487300, 5.375617532483892600 ) ) ;
#4116 = CARTESIAN_POINT ( 'NONE',  ( 4.290827202196104500, -4.814478313781680000, 5.400271499015764800 ) ) ;
#4117 = CARTESIAN_POINT ( 'NONE',  ( 0.9126272021961019400, 5.047042566818506200, -3.240948800632545100 ) ) ;
#4118 = CARTESIAN_POINT ( 'NONE',  ( 0.8504736033877317000, 5.047042566818505300, -3.661006333343514100 ) ) ;
#4119 = CARTESIAN_POINT ( 'NONE',  ( 0.6674769777921371100, 5.047042566818504400, -4.059465895913247900 ) ) ;
#4120 = CARTESIAN_POINT ( 'NONE',  ( 0.9126272021961071600, 2.855159808469480300, 2.448651199367454500 ) ) ;
#4121 = CARTESIAN_POINT ( 'NONE',  ( 0.8005373722325429500, 2.852991949288715500, 3.017223638392470000 ) ) ;
#4122 = CARTESIAN_POINT ( 'NONE',  ( 0.05294814900327037000, 5.047042566818504400, 3.921851199367453400 ) ) ;
#4123 = CARTESIAN_POINT ( 'NONE',  ( 0.9126272021961028300, 4.985912560309176700, 2.448651199367455300 ) ) ;
#4124 = CARTESIAN_POINT ( 'NONE',  ( 0.8250603637418637600, 4.983709338367827300, 3.017223638392472200 ) ) ;
#4125 = CARTESIAN_POINT ( 'NONE',  ( 0.5160945287715993400, 4.981506116426475100, 3.546225991801609900 ) ) ;
#4126 = CARTESIAN_POINT ( 'NONE',  ( 0.04263322739901480300, 4.979302894485123900, 3.921851199367453400 ) ) ;
#4127 = CARTESIAN_POINT ( 'NONE',  ( 0.7843702689086682300, 4.171181647450659100, 3.017223638392472200 ) ) ;
#4128 = CARTESIAN_POINT ( 'NONE',  ( 0.4347143391052092900, 4.171679826988733600, 3.546225991801609900 ) ) ;
#4129 = CARTESIAN_POINT ( 'NONE',  ( -0.07943705710056897500, 4.172178006526806400, 3.921851199367453400 ) ) ;
#4130 = CARTESIAN_POINT ( 'NONE',  ( 0.7944172506577970000, 2.974543934278694100, 3.017223638392472200 ) ) ;
#4131 = CARTESIAN_POINT ( 'NONE',  ( -0.04929611185317938500, 2.967904120462517200, 3.921851199367453400 ) ) ;
#4132 = CARTESIAN_POINT ( 'NONE',  ( 0.4511666643880274900, 4.339169858287189800, 3.546225991801609900 ) ) ;
#4133 = CARTESIAN_POINT ( 'NONE',  ( -0.05475856917634084500, 4.339716027896493200, 3.921851199367453400 ) ) ;
#4134 = CARTESIAN_POINT ( 'NONE',  ( 0.9126272021961019400, 4.170683467912588100, 2.448651199367455300 ) ) ;
#4135 = CARTESIAN_POINT ( 'NONE',  ( 0.9126272021961028300, 3.141331493038798800, 2.448651199367454900 ) ) ;
#4136 = CARTESIAN_POINT ( 'NONE',  ( 0.4852783582034317900, 2.670576527086546500, 3.546225991801613500 ) ) ;
#4137 = CARTESIAN_POINT ( 'NONE',  ( 0.3865833856406680800, 5.047042566818504400, -4.390435367879046400 ) ) ;
#4138 = CARTESIAN_POINT ( 'NONE',  ( 0.9126272021961019400, 5.047042566818506200, -3.240948800632545100 ) ) ;
#4139 = B_SPLINE_CURVE_WITH_KNOTS ( 'NONE', 3,
 ( #4137, #4119, #4118, #4117 ),
 .UNSPECIFIED., .F., .F.,
 ( 4, 4 ),
 ( 0.2612066574467104600, 1.000000000000000000 ),
 .UNSPECIFIED. ) ;
#4140 = CARTESIAN_POINT ( 'NONE',  ( 0.9126272021961010500, 4.860605671363034100, 2.448651199367456700 ) ) ;
#4141 = CARTESIAN_POINT ( 'NONE',  ( 0.8183758190029961600, 4.856272981792111300, 3.017223638392470900 ) ) ;
#4142 = CARTESIAN_POINT ( 'NONE',  ( 0.5027254392938668200, 4.851940292221189400, 3.546225991801606800 ) ) ;
#4143 = CARTESIAN_POINT ( 'NONE',  ( 0.02257959318241811700, 4.847607602650265700, 3.921851199367448500 ) ) ;
#4144 = CARTESIAN_POINT ( 'NONE',  ( 0.9126272021961097100, 4.666053611333754100, 2.448651199367455800 ) ) ;
#4145 = CARTESIAN_POINT ( 'NONE',  ( 0.8096522784577752100, 2.670096780599685800, 3.017223638392473500 ) ) ;
#4146 =( NAMED_UNIT ( * ) PLANE_ANGLE_UNIT ( ) SI_UNIT ( $, .RADIAN. ) );
#4147 = DIRECTION ( 'NONE',  ( -1.000000000000000000, -0.0000000000000000000, 8.869636343065785700E-017 ) ) ;
#4148 = VECTOR ( 'NONE', #4147, 1000.000000000000000 ) ;
#4149 = CARTESIAN_POINT ( 'NONE',  ( 0.4046272021961012700, -2.801557433181492800, 0.8738511993674558100 ) ) ;
#4150 = DIRECTION ( 'NONE',  ( 1.000000000000000000, 0.0000000000000000000, 1.138269997360105000E-015 ) ) ;
#4151 = DIRECTION ( 'NONE',  ( -1.137586304180857000E-015, 0.0000000000000000000, 1.000000000000000000 ) ) ;
#4152 = CARTESIAN_POINT ( 'NONE',  ( -0.2811727978039033600, -2.801557433181493600, 0.8738511993674551400 ) ) ;
#4153 = AXIS2_PLACEMENT_3D ( 'NONE', #4152, #4151, #4150 ) ;
#4154 = CIRCLE ( 'NONE', #4153, 0.3810000000000015600 ) ;
#4155 = LINE ( 'NONE', #4149, #4148 ) ;
#4156 = CARTESIAN_POINT ( 'NONE',  ( 0.9126272021961080400, 2.486876167387972500, 2.448651199367454000 ) ) ;
#4157 = CARTESIAN_POINT ( 'NONE',  ( 0.7736273045795670800, 3.654538691525185600, 3.017223638392474000 ) ) ;
#4158 = CARTESIAN_POINT ( 'NONE',  ( 0.4132284104469922100, 3.653072966493105400, 3.546225991801614400 ) ) ;
#4159 = CARTESIAN_POINT ( 'NONE',  ( -0.1116659500879028200, 3.651607241461025200, 3.921851199367460500 ) ) ;
#4160 = CARTESIAN_POINT ( 'NONE',  ( 0.4670485457529535100, 2.850824090107951600, 3.546225991801606800 ) ) ;
#4161 = CARTESIAN_POINT ( 'NONE',  ( 0.4640672561941642800, 4.467418345518486200, 3.546225991801605900 ) ) ;
#4162 = CARTESIAN_POINT ( 'NONE',  ( -0.03540768146713130900, 4.466796275626166800, 3.921851199367448500 ) ) ;
#4163 = CARTESIAN_POINT ( 'NONE',  ( 0.9126272021961019400, 4.338077519068583000, 2.448651199367455300 ) ) ;
#4164 = CARTESIAN_POINT ( 'NONE',  ( 0.7925964315500774200, 4.338623688677885500, 3.017223638392472200 ) ) ;
#4165 = CARTESIAN_POINT ( 'NONE',  ( 0.9126272021960941700, 2.669617034112826500, 2.448651199367455300 ) ) ;
#4166 = PLANE ( 'NONE',  #4099 ) ;
#4167 =( GEOMETRIC_REPRESENTATION_CONTEXT ( 3 ) GLOBAL_UNCERTAINTY_ASSIGNED_CONTEXT ( ( #4168 ) ) GLOBAL_UNIT_ASSIGNED_CONTEXT ( ( #4191, #4190, #4169 ) ) REPRESENTATION_CONTEXT ( 'NONE', 'WORKASPACE' ) );
#4168 = UNCERTAINTY_MEASURE_WITH_UNIT (LENGTH_MEASURE( 1.000000000000000100E-005 ), #4191, 'distance_accuracy_value', 'NONE');
#4169 =( NAMED_UNIT ( * ) SI_UNIT ( $, .STERADIAN. ) SOLID_ANGLE_UNIT ( ) );
#4170 = CARTESIAN_POINT ( 'NONE',  ( -0.07446337184382860500, 3.131361801415552200, 3.921851199367453400 ) ) ;
#4171 = CARTESIAN_POINT ( 'NONE',  ( 0.9126272021960898400, 3.347262520434961100, 2.448651199367454900 ) ) ;
#4172 = CARTESIAN_POINT ( 'NONE',  ( 0.7779894724657789900, 3.344396813745234000, 3.017223638392469500 ) ) ;
#4173 = CARTESIAN_POINT ( 'NONE',  ( 0.4219527462194419000, 3.341531107055508700, 3.546225991801605000 ) ) ;
#4174 = CARTESIAN_POINT ( 'NONE',  ( -0.09857944642921359600, 3.338665400365781600, 3.921851199367446700 ) ) ;
#4175 = CARTESIAN_POINT ( 'NONE',  ( 0.9126272021961010500, 2.977863841186783500, 2.448651199367455300 ) ) ;
#4176 = CARTESIAN_POINT ( 'NONE',  ( 0.8086559081279861600, 4.662739462830779200, 3.017223638392473500 ) ) ;
#4177 = CARTESIAN_POINT ( 'NONE',  ( 0.4832856175438372000, 4.659425314327806200, 3.546225991801613500 ) ) ;
#4178 = CARTESIAN_POINT ( 'NONE',  ( -0.006580139442631874300, 4.656111165824833100, 3.921851199367458700 ) ) ;
#4179 = CARTESIAN_POINT ( 'NONE',  ( 0.9126272021960958300, 4.468662485303124000, 2.448651199367454500 ) ) ;
#4180 = CARTESIAN_POINT ( 'NONE',  ( 0.7990467274531423100, 4.468040415410804700, 3.017223638392469500 ) ) ;
#4181 = CARTESIAN_POINT ( 'NONE',  ( 0.7860281639942481300, 3.138008262497715700, 3.017223638392471800 ) ) ;
#4182 = CARTESIAN_POINT ( 'NONE',  ( 0.4380301292763680900, 3.134685031956634400, 3.546225991801609900 ) ) ;
#4183 = CARTESIAN_POINT ( 'NONE',  ( 1.014227202196102100, 5.047042566818506200, -3.240948800632545100 ) ) ;
#4184 = CARTESIAN_POINT ( 'NONE',  ( 1.115827202196102000, 5.047042566818506200, -3.240948800632545100 ) ) ;
#4185 = CARTESIAN_POINT ( 'NONE',  ( 1.217427202196101900, 5.047042566818506200, -3.240948800632545100 ) ) ;
#4186 = B_SPLINE_CURVE_WITH_KNOTS ( 'NONE', 3,
 ( #4185, #4184, #4183, #4108 ),
 .UNSPECIFIED., .F., .F.,
 ( 4, 4 ),
 ( 0.0000000000000000000, 1.000000000000000000 ),
 .UNSPECIFIED. ) ;
#4187 = CARTESIAN_POINT ( 'NONE',  ( -0.1015704554489429300, 3.964657688775802900, 3.921851199367448500 ) ) ;
#4188 = CARTESIAN_POINT ( 'NONE',  ( 0.9126272021961167000, 3.656004416557267200, 2.448651199367455300 ) ) ;
#4189 = CARTESIAN_POINT ( 'NONE',  ( 0.4548083026034684400, 2.971224027370605600, 3.546225991801609900 ) ) ;
#4190 =( NAMED_UNIT ( * ) PLANE_ANGLE_UNIT ( ) SI_UNIT ( $, .RADIAN. ) );
#4191 =( LENGTH_UNIT ( ) NAMED_UNIT ( * ) SI_UNIT ( .MILLI., .METRE. ) );
#4192 = MECHANICAL_DESIGN_GEOMETRIC_PRESENTATION_REPRESENTATION (  '', ( #4194 ), #4167 ) ;
#4193 = PRESENTATION_LAYER_ASSIGNMENT (  '', '', ( #4194 ) ) ;
#4194 = STYLED_ITEM ( 'NONE', ( #4195 ), #6803 ) ;
#4195 = PRESENTATION_STYLE_ASSIGNMENT (( #4196 ) ) ;
#4196 = SURFACE_STYLE_USAGE ( .BOTH. , #4197 ) ;
#4197 = SURFACE_SIDE_STYLE ('',( #4198 ) ) ;
#4198 = SURFACE_STYLE_FILL_AREA ( #4199 ) ;
#4199 = FILL_AREA_STYLE ('',( #4100 ) ) ;
#4200 = CARTESIAN_POINT ( 'NONE',  ( -0.003591028453231795400, 2.671056273573407600, 3.921851199367458700 ) ) ;
#4201 = CARTESIAN_POINT ( 'NONE',  ( -0.03093574712895522100, 2.848656230927186800, 3.921851199367450300 ) ) ;
#4202 = STYLED_ITEM ( 'NONE', ( #4203 ), #6827 ) ;
#4203 = PRESENTATION_STYLE_ASSIGNMENT (( #4204 ) ) ;
#4204 = SURFACE_STYLE_USAGE ( .BOTH. , #4231 ) ;
#4205 =( NAMED_UNIT ( * ) PLANE_ANGLE_UNIT ( ) SI_UNIT ( $, .RADIAN. ) );
#4206 =( LENGTH_UNIT ( ) NAMED_UNIT ( * ) SI_UNIT ( .MILLI., .METRE. ) );
#4207 = MECHANICAL_DESIGN_GEOMETRIC_PRESENTATION_REPRESENTATION (  '', ( #4209 ), #4254 ) ;
#4208 = PRESENTATION_LAYER_ASSIGNMENT (  '', '', ( #4209 ) ) ;
#4209 = STYLED_ITEM ( 'NONE', ( #4210 ), #6836 ) ;
#4210 = PRESENTATION_STYLE_ASSIGNMENT (( #4211 ) ) ;
#4211 = SURFACE_STYLE_USAGE ( .BOTH. , #4212 ) ;
#4212 = SURFACE_SIDE_STYLE ('',( #4213 ) ) ;
#4213 = SURFACE_STYLE_FILL_AREA ( #4214 ) ;
#4214 = FILL_AREA_STYLE ('',( #4215 ) ) ;
#4215 = FILL_AREA_STYLE_COLOUR ( '', #4216 ) ;
#4216 = COLOUR_RGB ( '',1.000000000000000000, 0.8588235294117646500, 0.5568627450980392400 ) ;
#4217 = FACE_OUTER_BOUND ( 'NONE', #6894, .T. ) ;
#4218 = FILL_AREA_STYLE_COLOUR ( '', #4219 ) ;
#4219 = COLOUR_RGB ( '',1.000000000000000000, 0.8588235294117646500, 0.5568627450980392400 ) ;
#4220 =( GEOMETRIC_REPRESENTATION_CONTEXT ( 3 ) GLOBAL_UNCERTAINTY_ASSIGNED_CONTEXT ( ( #4265 ) ) GLOBAL_UNIT_ASSIGNED_CONTEXT ( ( #4238, #4287, #4266 ) ) REPRESENTATION_CONTEXT ( 'NONE', 'WORKASPACE' ) );
#4221 =( LENGTH_UNIT ( ) NAMED_UNIT ( * ) SI_UNIT ( .MILLI., .METRE. ) );
#4222 = MECHANICAL_DESIGN_GEOMETRIC_PRESENTATION_REPRESENTATION (  '', ( #4224 ), #4306 ) ;
#4223 = PRESENTATION_LAYER_ASSIGNMENT (  '', '', ( #4224 ) ) ;
#4224 = STYLED_ITEM ( 'NONE', ( #4225 ), #6841 ) ;
#4225 = PRESENTATION_STYLE_ASSIGNMENT (( #4226 ) ) ;
#4226 = SURFACE_STYLE_USAGE ( .BOTH. , #4227 ) ;
#4227 = SURFACE_SIDE_STYLE ('',( #4228 ) ) ;
#4228 = SURFACE_STYLE_FILL_AREA ( #4229 ) ;
#4229 = FILL_AREA_STYLE ('',( #4267 ) ) ;
#4230 = COLOUR_RGB ( '',1.000000000000000000, 0.8588235294117646500, 0.5568627450980392400 ) ;
#4231 = SURFACE_SIDE_STYLE ('',( #4232 ) ) ;
#4232 = SURFACE_STYLE_FILL_AREA ( #4233 ) ;
#4233 = FILL_AREA_STYLE ('',( #4295 ) ) ;
#4234 = COLOUR_RGB ( '',1.000000000000000000, 0.8588235294117646500, 0.5568627450980392400 ) ;
#4235 = FACE_OUTER_BOUND ( 'NONE', #6833, .T. ) ;
#4236 = DIRECTION ( 'NONE',  ( 1.000000000000000000, 4.312580324916834200E-016, 2.466603717324553800E-016 ) ) ;
#4237 =( NAMED_UNIT ( * ) PLANE_ANGLE_UNIT ( ) SI_UNIT ( $, .RADIAN. ) );
#4238 =( LENGTH_UNIT ( ) NAMED_UNIT ( * ) SI_UNIT ( .MILLI., .METRE. ) );
#4239 = UNCERTAINTY_MEASURE_WITH_UNIT (LENGTH_MEASURE( 1.000000000000000100E-005 ), #4245, 'distance_accuracy_value', 'NONE');
#4240 =( NAMED_UNIT ( * ) SI_UNIT ( $, .STERADIAN. ) SOLID_ANGLE_UNIT ( ) );
#4241 = AXIS2_PLACEMENT_3D ( 'NONE', #4302, #4301, #4300 ) ;
#4242 = LINE ( 'NONE', #4299, #4298 ) ;
#4243 = PLANE ( 'NONE',  #4241 ) ;
#4244 =( GEOMETRIC_REPRESENTATION_CONTEXT ( 3 ) GLOBAL_UNCERTAINTY_ASSIGNED_CONTEXT ( ( #4239 ) ) GLOBAL_UNIT_ASSIGNED_CONTEXT ( ( #4245, #4237, #4240 ) ) REPRESENTATION_CONTEXT ( 'NONE', 'WORKASPACE' ) );
#4245 =( LENGTH_UNIT ( ) NAMED_UNIT ( * ) SI_UNIT ( .MILLI., .METRE. ) );
#4246 = MECHANICAL_DESIGN_GEOMETRIC_PRESENTATION_REPRESENTATION (  '', ( #4202 ), #4244 ) ;
#4247 = PRESENTATION_LAYER_ASSIGNMENT (  '', '', ( #4202 ) ) ;
#4248 = DIRECTION ( 'NONE',  ( 0.0000000000000000000, 0.9659258262890699800, 0.2588190451025146300 ) ) ;
#4249 = DIRECTION ( 'NONE',  ( -2.856544232541985100E-016, -0.2588190451025146300, 0.9659258262890699800 ) ) ;
#4250 = CARTESIAN_POINT ( 'NONE',  ( 6.830827202196103600, -4.893366358728926900, -5.898154908427945200 ) ) ;
#4251 = AXIS2_PLACEMENT_3D ( 'NONE', #4250, #4249, #4248 ) ;
#4252 = LINE ( 'NONE', #4276, #4275 ) ;
#4253 = PLANE ( 'NONE',  #4251 ) ;
#4254 =( GEOMETRIC_REPRESENTATION_CONTEXT ( 3 ) GLOBAL_UNCERTAINTY_ASSIGNED_CONTEXT ( ( #4255 ) ) GLOBAL_UNIT_ASSIGNED_CONTEXT ( ( #4206, #4205, #4256 ) ) REPRESENTATION_CONTEXT ( 'NONE', 'WORKASPACE' ) );
#4255 = UNCERTAINTY_MEASURE_WITH_UNIT (LENGTH_MEASURE( 1.000000000000000100E-005 ), #4206, 'distance_accuracy_value', 'NONE');
#4256 =( NAMED_UNIT ( * ) SI_UNIT ( $, .STERADIAN. ) SOLID_ANGLE_UNIT ( ) );
#4257 =( NAMED_UNIT ( * ) SI_UNIT ( $, .STERADIAN. ) SOLID_ANGLE_UNIT ( ) );
#4258 = UNCERTAINTY_MEASURE_WITH_UNIT (LENGTH_MEASURE( 1.000000000000000100E-005 ), #4010, 'distance_accuracy_value', 'NONE');
#4259 = CARTESIAN_POINT ( 'NONE',  ( 4.290827202196104500, -5.057716452369022300, 4.492494407469297200 ) ) ;
#4260 = PLANE ( 'NONE',  #4262 ) ;
#4261 = CARTESIAN_POINT ( 'NONE',  ( 6.830827202196104500, -5.086758938145604400, -5.949974293904815200 ) ) ;
#4262 = AXIS2_PLACEMENT_3D ( 'NONE', #4261, #4264, #4286 ) ;
#4263 = MECHANICAL_DESIGN_GEOMETRIC_PRESENTATION_REPRESENTATION (  '', ( #4278 ), #4220 ) ;
#4264 = DIRECTION ( 'NONE',  ( -3.792838652404491100E-016, 0.3420201433256696600, 0.9396926207859080900 ) ) ;
#4265 = UNCERTAINTY_MEASURE_WITH_UNIT (LENGTH_MEASURE( 1.000000000000000100E-005 ), #4238, 'distance_accuracy_value', 'NONE');
#4266 =( NAMED_UNIT ( * ) SI_UNIT ( $, .STERADIAN. ) SOLID_ANGLE_UNIT ( ) );
#4267 = FILL_AREA_STYLE_COLOUR ( '', #4230 ) ;
#4268 = DIRECTION ( 'NONE',  ( 0.0000000000000000000, 1.000000000000000000, 0.0000000000000000000 ) ) ;
#4269 = DIRECTION ( 'NONE',  ( -1.000000000000000000, -3.408214427003764100E-016, 0.0000000000000000000 ) ) ;
#4270 = CARTESIAN_POINT ( 'NONE',  ( 4.290827202196104500, -5.057716452369023200, -5.284792008734386000 ) ) ;
#4271 = AXIS2_PLACEMENT_3D ( 'NONE', #4270, #4269, #4268 ) ;
#4272 = CIRCLE ( 'NONE', #4271, 0.6350000000000010100 ) ;
#4273 = FACE_OUTER_BOUND ( 'NONE', #6800, .T. ) ;
#4274 = DIRECTION ( 'NONE',  ( 2.980831119295280700E-016, 0.2588190451025145800, -0.9659258262890699800 ) ) ;
#4275 = VECTOR ( 'NONE', #4274, 1000.000000000000000 ) ;
#4276 = CARTESIAN_POINT ( 'NONE',  ( 4.290827202196104500, -4.893366358728926900, -5.898154908427945200 ) ) ;
#4277 = PRESENTATION_LAYER_ASSIGNMENT (  '', '', ( #4278 ) ) ;
#4278 = STYLED_ITEM ( 'NONE', ( #4279 ), #6822 ) ;
#4279 = PRESENTATION_STYLE_ASSIGNMENT (( #4288 ) ) ;
#4280 = DIRECTION ( 'NONE',  ( 0.0000000000000000000, -0.3420201433256700500, 0.9396926207859078700 ) ) ;
#4281 = DIRECTION ( 'NONE',  ( -1.000000000000000000, -0.0000000000000000000, -0.0000000000000000000 ) ) ;
#4282 = AXIS2_PLACEMENT_3D ( 'NONE', #4259, #4281, #4280 ) ;
#4283 = CYLINDRICAL_SURFACE ( 'NONE', #4282, 0.9397999999999991900 ) ;
#4284 =( GEOMETRIC_REPRESENTATION_CONTEXT ( 3 ) GLOBAL_UNCERTAINTY_ASSIGNED_CONTEXT ( ( #4258 ) ) GLOBAL_UNIT_ASSIGNED_CONTEXT ( ( #4010, #4146, #4257 ) ) REPRESENTATION_CONTEXT ( 'NONE', 'WORKASPACE' ) );
#4285 = FACE_OUTER_BOUND ( 'NONE', #6823, .T. ) ;
#4286 = DIRECTION ( 'NONE',  ( 0.0000000000000000000, 0.9396926207859080900, -0.3420201433256696600 ) ) ;
#4287 =( NAMED_UNIT ( * ) PLANE_ANGLE_UNIT ( ) SI_UNIT ( $, .RADIAN. ) );
#4288 = SURFACE_STYLE_USAGE ( .BOTH. , #4289 ) ;
#4289 = SURFACE_SIDE_STYLE ('',( #4290 ) ) ;
#4290 = SURFACE_STYLE_FILL_AREA ( #4291 ) ;
#4291 = FILL_AREA_STYLE ('',( #4218 ) ) ;
#4292 = VECTOR ( 'NONE', #4236, 1000.000000000000000 ) ;
#4293 = CARTESIAN_POINT ( 'NONE',  ( 4.290827202196104500, -5.274899243380824400, -5.881496822933438100 ) ) ;
#4294 = LINE ( 'NONE', #4293, #4292 ) ;
#4295 = FILL_AREA_STYLE_COLOUR ( '', #4234 ) ;
#4296 = CARTESIAN_POINT ( 'NONE',  ( 6.830827202196104500, -5.945241562978871700, -5.961873556881442900 ) ) ;
#4297 = DIRECTION ( 'NONE',  ( 8.953299498998082600E-017, -0.9396926207859080900, 0.3420201433256696600 ) ) ;
#4298 = VECTOR ( 'NONE', #4297, 1000.000000000000000 ) ;
#4299 = CARTESIAN_POINT ( 'NONE',  ( 6.830827202196104500, -5.191006677831270000, -6.236392604720359500 ) ) ;
#4300 = DIRECTION ( 'NONE',  ( 4.995393918644650000E-016, 0.0000000000000000000, -1.000000000000000000 ) ) ;
#4301 = DIRECTION ( 'NONE',  ( 1.000000000000000000, -2.635213651748218700E-016, 4.995393918644650000E-016 ) ) ;
#4302 = CARTESIAN_POINT ( 'NONE',  ( 4.290827202196104500, -5.191006677831270000, -6.236392604720361300 ) ) ;
#4303 = AXIS2_PLACEMENT_3D ( 'NONE', #4327, #4326, #4325 ) ;
#4304 = PLANE ( 'NONE',  #4303 ) ;
#4305 =( GEOMETRIC_REPRESENTATION_CONTEXT ( 3 ) GLOBAL_UNCERTAINTY_ASSIGNED_CONTEXT ( ( #4339 ) ) GLOBAL_UNIT_ASSIGNED_CONTEXT ( ( #4328, #4333, #4340 ) ) REPRESENTATION_CONTEXT ( 'NONE', 'WORKASPACE' ) );
#4306 =( GEOMETRIC_REPRESENTATION_CONTEXT ( 3 ) GLOBAL_UNCERTAINTY_ASSIGNED_CONTEXT ( ( #4341 ) ) GLOBAL_UNIT_ASSIGNED_CONTEXT ( ( #4221, #4375, #4329 ) ) REPRESENTATION_CONTEXT ( 'NONE', 'WORKASPACE' ) );
#4307 = CARTESIAN_POINT ( 'NONE',  ( 4.290827202196104500, -5.379146983066489100, -6.167915133748983300 ) ) ;
#4308 = CARTESIAN_POINT ( 'NONE',  ( 4.290827202196104500, -5.274899243380823500, -5.881496822933438100 ) ) ;
#4309 = DIRECTION ( 'NONE',  ( -2.980831119295279300E-016, -0.2588190451025146300, 0.9659258262890699800 ) ) ;
#4310 = VECTOR ( 'NONE', #4309, 1000.000000000000000 ) ;
#4311 = CARTESIAN_POINT ( 'NONE',  ( 6.830827202196101000, -2.979055534312797300, -5.385216868963500000 ) ) ;
#4312 = LINE ( 'NONE', #4311, #4310 ) ;
#4313 = DIRECTION ( 'NONE',  ( -1.000000000000000000, -6.543683865509510400E-016, -4.710687009526309100E-016 ) ) ;
#4314 = VECTOR ( 'NONE', #4313, 1000.000000000000000 ) ;
#4315 = CARTESIAN_POINT ( 'NONE',  ( 6.830827202196102700, -2.900167489365551400, -5.679631060816408400 ) ) ;
#4316 = LINE ( 'NONE', #4315, #4314 ) ;
#4317 = CARTESIAN_POINT ( 'NONE',  ( 5.560827202196103200, -7.034403451691311200, 4.448792062777210200 ) ) ;
#4318 = DIRECTION ( 'NONE',  ( -1.000000000000000000, -6.543683865509510400E-016, -4.710687009526309100E-016 ) ) ;
#4319 = VECTOR ( 'NONE', #4318, 1000.000000000000000 ) ;
#4320 = DIRECTION ( 'NONE',  ( 0.0000000000000000000, 0.9659258262890699800, -0.2588190451025146300 ) ) ;
#4321 = DIRECTION ( 'NONE',  ( -2.856544232541985100E-016, -0.2588190451025146300, -0.9659258262890699800 ) ) ;
#4322 = VECTOR ( 'NONE', #4338, 1000.000000000000000 ) ;
#4323 = CARTESIAN_POINT ( 'NONE',  ( 4.290827202196100900, -2.851717034762289800, 4.874351199367454000 ) ) ;
#4324 = CARTESIAN_POINT ( 'NONE',  ( 6.830827202196103600, -4.893366358728926900, 5.105857307162854600 ) ) ;
#4325 = DIRECTION ( 'NONE',  ( -1.383977525032650700E-015, 1.000000000000000000, 0.0000000000000000000 ) ) ;
#4326 = DIRECTION ( 'NONE',  ( 1.000000000000000000, 1.383977525032650700E-015, 6.794340057384656600E-016 ) ) ;
#4327 = CARTESIAN_POINT ( 'NONE',  ( 6.830827202196103600, -4.893366358728926900, -5.898154908427945200 ) ) ;
#4328 =( LENGTH_UNIT ( ) NAMED_UNIT ( * ) SI_UNIT ( .MILLI., .METRE. ) );
#4329 =( NAMED_UNIT ( * ) SI_UNIT ( $, .STERADIAN. ) SOLID_ANGLE_UNIT ( ) );
#4330 = STYLED_ITEM ( 'NONE', ( #4331 ), #6845 ) ;
#4331 = PRESENTATION_STYLE_ASSIGNMENT (( #4332 ) ) ;
#4332 = SURFACE_STYLE_USAGE ( .BOTH. , #4342 ) ;
#4333 =( NAMED_UNIT ( * ) PLANE_ANGLE_UNIT ( ) SI_UNIT ( $, .RADIAN. ) );
#4334 = MECHANICAL_DESIGN_GEOMETRIC_PRESENTATION_REPRESENTATION (  '', ( #4330 ), #4305 ) ;
#4335 = PRESENTATION_LAYER_ASSIGNMENT (  '', '', ( #4330 ) ) ;
#4336 = FILL_AREA_STYLE_COLOUR ( '', #4344 ) ;
#4337 = FACE_OUTER_BOUND ( 'NONE', #6846, .T. ) ;
#4338 = DIRECTION ( 'NONE',  ( -1.280553747030123300E-015, 0.9659258262890699800, -0.2588190451025146300 ) ) ;
#4339 = UNCERTAINTY_MEASURE_WITH_UNIT (LENGTH_MEASURE( 1.000000000000000100E-005 ), #4328, 'distance_accuracy_value', 'NONE');
#4340 =( NAMED_UNIT ( * ) SI_UNIT ( $, .STERADIAN. ) SOLID_ANGLE_UNIT ( ) );
#4341 = UNCERTAINTY_MEASURE_WITH_UNIT (LENGTH_MEASURE( 1.000000000000000100E-005 ), #4221, 'distance_accuracy_value', 'NONE');
#4342 = SURFACE_SIDE_STYLE ('',( #4343 ) ) ;
#4343 = SURFACE_STYLE_FILL_AREA ( #4346 ) ;
#4344 = COLOUR_RGB ( '',1.000000000000000000, 0.8588235294117646500, 0.5568627450980392400 ) ;
#4345 = LINE ( 'NONE', #4323, #4322 ) ;
#4346 = FILL_AREA_STYLE ('',( #4336 ) ) ;
#4347 = LINE ( 'NONE', #4374, #4373 ) ;
#4348 = PRESENTATION_STYLE_ASSIGNMENT (( #4349 ) ) ;
#4349 = SURFACE_STYLE_USAGE ( .BOTH. , #4350 ) ;
#4350 = SURFACE_SIDE_STYLE ('',( #4351 ) ) ;
#4351 = SURFACE_STYLE_FILL_AREA ( #4352 ) ;
#4352 = FILL_AREA_STYLE ('',( #4359 ) ) ;
#4353 = COLOUR_RGB ( '',1.000000000000000000, 0.8588235294117646500, 0.5568627450980392400 ) ;
#4354 = FACE_OUTER_BOUND ( 'NONE', #6903, .T. ) ;
#4355 = DIRECTION ( 'NONE',  ( -1.000000000000000000, -4.312580324916834200E-016, -2.466603717324553800E-016 ) ) ;
#4356 = VECTOR ( 'NONE', #4355, 1000.000000000000000 ) ;
#4357 = CARTESIAN_POINT ( 'NONE',  ( 4.290827202196104500, -5.379146983066489100, -6.167915133748983300 ) ) ;
#4358 = LINE ( 'NONE', #4357, #4356 ) ;
#4359 = FILL_AREA_STYLE_COLOUR ( '', #4353 ) ;
#4360 = DIRECTION ( 'NONE',  ( -1.000000000000000000, -1.707404996040163800E-016, -3.414809992080328000E-016 ) ) ;
#4361 = VECTOR ( 'NONE', #4360, 1000.000000000000000 ) ;
#4362 = CARTESIAN_POINT ( 'NONE',  ( 4.290827202196104500, -4.893366358728926900, -5.898154908427945200 ) ) ;
#4363 = LINE ( 'NONE', #4362, #4361 ) ;
#4364 = CARTESIAN_POINT ( 'NONE',  ( 6.830827202196102700, -2.979055534312797300, -5.385216868963500000 ) ) ;
#4365 = LINE ( 'NONE', #4364, #4319 ) ;
#4366 = CARTESIAN_POINT ( 'NONE',  ( 6.830827202196103600, -4.814478313781680000, -6.192569100280855400 ) ) ;
#4367 = DIRECTION ( 'NONE',  ( 1.512670095008071400E-015, -0.9659258262890699800, -0.2588190451025146300 ) ) ;
#4368 = VECTOR ( 'NONE', #4367, 1000.000000000000000 ) ;
#4369 = CARTESIAN_POINT ( 'NONE',  ( 6.830827202196104500, -4.814478313781680000, -6.192569100280853600 ) ) ;
#4370 = LINE ( 'NONE', #4369, #4368 ) ;
#4371 = AXIS2_PLACEMENT_3D ( 'NONE', #4324, #4321, #4320 ) ;
#4372 = PLANE ( 'NONE',  #4371 ) ;
#4373 = VECTOR ( 'NONE', #4376, 1000.000000000000000 ) ;
#4374 = CARTESIAN_POINT ( 'NONE',  ( 6.830827202196104500, -4.814478313781680000, 5.400271499015763000 ) ) ;
#4375 =( NAMED_UNIT ( * ) PLANE_ANGLE_UNIT ( ) SI_UNIT ( $, .RADIAN. ) );
#4376 = DIRECTION ( 'NONE',  ( 1.512670095008071400E-015, -0.9659258262890699800, 0.2588190451025146300 ) ) ;
#4377 = AXIS2_PLACEMENT_3D ( 'NONE', #4412, #4410, #4409 ) ;
#4378 = DIRECTION ( 'NONE',  ( 1.000000000000000000, -1.416714375908910100E-015, -1.592080946234545300E-016 ) ) ;
#4379 = CARTESIAN_POINT ( 'NONE',  ( 0.6308272021960997800, 2.233514602265623600, 1.833848868283147500 ) ) ;
#4380 = AXIS2_PLACEMENT_3D ( 'NONE', #4379, #4378, #4408 ) ;
#4381 = UNCERTAINTY_MEASURE_WITH_UNIT (LENGTH_MEASURE( 1.000000000000000100E-005 ), #4405, 'distance_accuracy_value', 'NONE');
#4382 =( NAMED_UNIT ( * ) SI_UNIT ( $, .STERADIAN. ) SOLID_ANGLE_UNIT ( ) );
#4383 =( NAMED_UNIT ( * ) PLANE_ANGLE_UNIT ( ) SI_UNIT ( $, .RADIAN. ) );
#4384 = FACE_OUTER_BOUND ( 'NONE', #7714, .T. ) ;
#4385 =( NAMED_UNIT ( * ) PLANE_ANGLE_UNIT ( ) SI_UNIT ( $, .RADIAN. ) );
#4386 = STYLED_ITEM ( 'NONE', ( #4387 ), #7713 ) ;
#4387 = PRESENTATION_STYLE_ASSIGNMENT (( #4388 ) ) ;
#4388 = SURFACE_STYLE_USAGE ( .BOTH. , #4394 ) ;
#4389 = LINE ( 'NONE', #4437, #4407 ) ;
#4390 = DIRECTION ( 'NONE',  ( -8.922050372365010400E-017, -0.1736481776669335200, 0.9848077530122074700 ) ) ;
#4391 = CARTESIAN_POINT ( 'NONE',  ( -5.669172797803897300, 3.675442566818504500, -4.079148800632544300 ) ) ;
#4392 = LINE ( 'NONE', #4391, #4439 ) ;
#4393 =( NAMED_UNIT ( * ) SI_UNIT ( $, .STERADIAN. ) SOLID_ANGLE_UNIT ( ) );
#4394 = SURFACE_SIDE_STYLE ('',( #4395 ) ) ;
#4395 = SURFACE_STYLE_FILL_AREA ( #4396 ) ;
#4396 = FILL_AREA_STYLE ('',( #4448 ) ) ;
#4397 = PRESENTATION_LAYER_ASSIGNMENT (  '', '', ( #4398 ) ) ;
#4398 = STYLED_ITEM ( 'NONE', ( #4399 ), #7715 ) ;
#4399 = PRESENTATION_STYLE_ASSIGNMENT (( #4400 ) ) ;
#4400 = SURFACE_STYLE_USAGE ( .BOTH. , #4401 ) ;
#4401 = SURFACE_SIDE_STYLE ('',( #4402 ) ) ;
#4402 = SURFACE_STYLE_FILL_AREA ( #4403 ) ;
#4403 = FILL_AREA_STYLE ('',( #4404 ) ) ;
#4404 = FILL_AREA_STYLE_COLOUR ( '', #4445 ) ;
#4405 =( LENGTH_UNIT ( ) NAMED_UNIT ( * ) SI_UNIT ( .MILLI., .METRE. ) );
#4406 = MECHANICAL_DESIGN_GEOMETRIC_PRESENTATION_REPRESENTATION (  '', ( #4417 ), #4452 ) ;
#4407 = VECTOR ( 'NONE', #4390, 1000.000000000000000 ) ;
#4408 = DIRECTION ( 'NONE',  ( 1.416714375908910100E-015, 1.000000000000000000, 0.0000000000000000000 ) ) ;
#4409 = DIRECTION ( 'NONE',  ( 0.0000000000000000000, 0.0000000000000000000, -1.000000000000000000 ) ) ;
#4410 = DIRECTION ( 'NONE',  ( 1.000000000000000000, 1.063803735850569600E-016, -0.0000000000000000000 ) ) ;
#4411 =( GEOMETRIC_REPRESENTATION_CONTEXT ( 3 ) GLOBAL_UNCERTAINTY_ASSIGNED_CONTEXT ( ( #4415 ) ) GLOBAL_UNIT_ASSIGNED_CONTEXT ( ( #4441, #4385, #4443 ) ) REPRESENTATION_CONTEXT ( 'NONE', 'WORKASPACE' ) );
#4412 = CARTESIAN_POINT ( 'NONE',  ( -5.669172797803897300, 3.675442566818504500, -0.3961488006325448700 ) ) ;
#4413 =( GEOMETRIC_REPRESENTATION_CONTEXT ( 3 ) GLOBAL_UNCERTAINTY_ASSIGNED_CONTEXT ( ( #6432 ) ) GLOBAL_UNIT_ASSIGNED_CONTEXT ( ( #1643, #6381, #6434 ) ) REPRESENTATION_CONTEXT ( 'NONE', 'WORKASPACE' ) );
#4414 = PLANE ( 'NONE',  #4380 ) ;
#4415 = UNCERTAINTY_MEASURE_WITH_UNIT (LENGTH_MEASURE( 1.000000000000000100E-005 ), #4441, 'distance_accuracy_value', 'NONE');
#4416 = PRESENTATION_LAYER_ASSIGNMENT (  '', '', ( #4417 ) ) ;
#4417 = STYLED_ITEM ( 'NONE', ( #4418 ), #7722 ) ;
#4418 = PRESENTATION_STYLE_ASSIGNMENT (( #4419 ) ) ;
#4419 = SURFACE_STYLE_USAGE ( .BOTH. , #4420 ) ;
#4420 = SURFACE_SIDE_STYLE ('',( #4421 ) ) ;
#4421 = SURFACE_STYLE_FILL_AREA ( #4422 ) ;
#4422 = FILL_AREA_STYLE ('',( #4432 ) ) ;
#4423 = COLOUR_RGB ( '',1.000000000000000000, 0.8588235294117646500, 0.5568627450980392400 ) ;
#4424 = FACE_OUTER_BOUND ( 'NONE', #7837, .T. ) ;
#4425 = DIRECTION ( 'NONE',  ( 0.0000000000000000000, 0.0000000000000000000, -1.000000000000000000 ) ) ;
#4426 = DIRECTION ( 'NONE',  ( 1.000000000000000000, 1.063803735850569600E-016, -0.0000000000000000000 ) ) ;
#4427 =( LENGTH_UNIT ( ) NAMED_UNIT ( * ) SI_UNIT ( .MILLI., .METRE. ) );
#4428 = DIRECTION ( 'NONE',  ( 1.000000000000000000, 2.799024583672399800E-016, 1.399512291836200400E-016 ) ) ;
#4429 = VECTOR ( 'NONE', #4428, 1000.000000000000000 ) ;
#4430 = CARTESIAN_POINT ( 'NONE',  ( 0.6308272021960997800, 2.886781373054748500, 1.639535394270789800 ) ) ;
#4431 = LINE ( 'NONE', #4430, #4429 ) ;
#4432 = FILL_AREA_STYLE_COLOUR ( '', #4423 ) ;
#4433 = AXIS2_PLACEMENT_3D ( 'NONE', #4435, #4426, #4425 ) ;
#4434 = CYLINDRICAL_SURFACE ( 'NONE', #4433, 1.778000000000000000 ) ;
#4435 = CARTESIAN_POINT ( 'NONE',  ( -5.669172797803897300, 3.675442566818504500, -0.3961488006325448700 ) ) ;
#4436 =( GEOMETRIC_REPRESENTATION_CONTEXT ( 3 ) GLOBAL_UNCERTAINTY_ASSIGNED_CONTEXT ( ( #4440 ) ) GLOBAL_UNIT_ASSIGNED_CONTEXT ( ( #4427, #4447, #4393 ) ) REPRESENTATION_CONTEXT ( 'NONE', 'WORKASPACE' ) );
#4437 = CARTESIAN_POINT ( 'NONE',  ( 0.6308272021961005600, 2.811175974000001100, 1.626204122530206400 ) ) ;
#4438 = DIRECTION ( 'NONE',  ( 1.000000000000000000, 1.063803735850569600E-016, -0.0000000000000000000 ) ) ;
#4439 = VECTOR ( 'NONE', #4438, 1000.000000000000000 ) ;
#4440 = UNCERTAINTY_MEASURE_WITH_UNIT (LENGTH_MEASURE( 1.000000000000000100E-005 ), #4427, 'distance_accuracy_value', 'NONE');
#4441 =( LENGTH_UNIT ( ) NAMED_UNIT ( * ) SI_UNIT ( .MILLI., .METRE. ) );
#4442 = MECHANICAL_DESIGN_GEOMETRIC_PRESENTATION_REPRESENTATION (  '', ( #4398 ), #4411 ) ;
#4443 =( NAMED_UNIT ( * ) SI_UNIT ( $, .STERADIAN. ) SOLID_ANGLE_UNIT ( ) );
#4444 = CYLINDRICAL_SURFACE ( 'NONE', #4377, 3.682999999999999400 ) ;
#4445 = COLOUR_RGB ( '',0.2509803921568627400, 0.2509803921568627400, 0.2509803921568627400 ) ;
#4446 = FACE_OUTER_BOUND ( 'NONE', #7790, .T. ) ;
#4447 =( NAMED_UNIT ( * ) PLANE_ANGLE_UNIT ( ) SI_UNIT ( $, .RADIAN. ) );
#4448 = FILL_AREA_STYLE_COLOUR ( '', #4449 ) ;
#4449 = COLOUR_RGB ( '',0.2509803921568627400, 0.2509803921568627400, 0.2509803921568627400 ) ;
#4450 = MECHANICAL_DESIGN_GEOMETRIC_PRESENTATION_REPRESENTATION (  '', ( #4386 ), #4436 ) ;
#4451 = PRESENTATION_LAYER_ASSIGNMENT (  '', '', ( #4386 ) ) ;
#4452 =( GEOMETRIC_REPRESENTATION_CONTEXT ( 3 ) GLOBAL_UNCERTAINTY_ASSIGNED_CONTEXT ( ( #4381 ) ) GLOBAL_UNIT_ASSIGNED_CONTEXT ( ( #4405, #4383, #4382 ) ) REPRESENTATION_CONTEXT ( 'NONE', 'WORKASPACE' ) );
#4453 = DIRECTION ( 'NONE',  ( 1.327481356089167000E-015, 0.0000000000000000000, 1.000000000000000000 ) ) ;
#4454 = DIRECTION ( 'NONE',  ( -1.000000000000000000, -0.0000000000000000000, 1.327481356089167000E-015 ) ) ;
#4455 = AXIS2_PLACEMENT_3D ( 'NONE', #4457, #4454, #4453 ) ;
#4456 = DIRECTION ( 'NONE',  ( 1.000000000000000000, 1.063803735850569600E-016, -0.0000000000000000000 ) ) ;
#4457 = CARTESIAN_POINT ( 'NONE',  ( -5.566772797803902300, 3.027922611862438300, 0.8390836526224708700 ) ) ;
#4458 = PLANE ( 'NONE',  #4455 ) ;
#4459 =( NAMED_UNIT ( * ) SI_UNIT ( $, .STERADIAN. ) SOLID_ANGLE_UNIT ( ) );
#4460 = UNCERTAINTY_MEASURE_WITH_UNIT (LENGTH_MEASURE( 1.000000000000000100E-005 ), #4463, 'distance_accuracy_value', 'NONE');
#4461 =( NAMED_UNIT ( * ) PLANE_ANGLE_UNIT ( ) SI_UNIT ( $, .RADIAN. ) );
#4462 = DIRECTION ( 'NONE',  ( 0.0000000000000000000, 0.0000000000000000000, -1.000000000000000000 ) ) ;
#4463 =( LENGTH_UNIT ( ) NAMED_UNIT ( * ) SI_UNIT ( .MILLI., .METRE. ) );
#4464 = COLOUR_RGB ( '',0.2509803921568627400, 0.2509803921568627400, 0.2509803921568627400 ) ;
#4465 = CARTESIAN_POINT ( 'NONE',  ( -5.669172797803897300, 3.675442566818504500, -0.3961488006325448700 ) ) ;
#4466 = AXIS2_PLACEMENT_3D ( 'NONE', #4465, #4456, #4462 ) ;
#4467 = UNCERTAINTY_MEASURE_WITH_UNIT (LENGTH_MEASURE( 1.000000000000000100E-005 ), #4481, 'distance_accuracy_value', 'NONE');
#4468 =( NAMED_UNIT ( * ) SI_UNIT ( $, .STERADIAN. ) SOLID_ANGLE_UNIT ( ) );
#4469 =( NAMED_UNIT ( * ) PLANE_ANGLE_UNIT ( ) SI_UNIT ( $, .RADIAN. ) );
#4470 = PRESENTATION_LAYER_ASSIGNMENT (  '', '', ( #4473 ) ) ;
#4471 = FACE_OUTER_BOUND ( 'NONE', #7690, .T. ) ;
#4472 = FILL_AREA_STYLE_COLOUR ( '', #4464 ) ;
#4473 = STYLED_ITEM ( 'NONE', ( #4480 ), #7727 ) ;
#4474 = CYLINDRICAL_SURFACE ( 'NONE', #4466, 3.682999999999999400 ) ;
#4475 =( GEOMETRIC_REPRESENTATION_CONTEXT ( 3 ) GLOBAL_UNCERTAINTY_ASSIGNED_CONTEXT ( ( #4467 ) ) GLOBAL_UNIT_ASSIGNED_CONTEXT ( ( #4481, #4469, #4468 ) ) REPRESENTATION_CONTEXT ( 'NONE', 'WORKASPACE' ) );
#4476 = SURFACE_STYLE_USAGE ( .BOTH. , #4479 ) ;
#4477 = FILL_AREA_STYLE ('',( #4472 ) ) ;
#4478 = SURFACE_STYLE_FILL_AREA ( #4477 ) ;
#4479 = SURFACE_SIDE_STYLE ('',( #4478 ) ) ;
#4480 = PRESENTATION_STYLE_ASSIGNMENT (( #4476 ) ) ;
#4481 =( LENGTH_UNIT ( ) NAMED_UNIT ( * ) SI_UNIT ( .MILLI., .METRE. ) );
#4482 = MECHANICAL_DESIGN_GEOMETRIC_PRESENTATION_REPRESENTATION (  '', ( #4473 ), #4475 ) ;
#4483 = SURFACE_STYLE_USAGE ( .BOTH. , #4505 ) ;
#4484 = MECHANICAL_DESIGN_GEOMETRIC_PRESENTATION_REPRESENTATION (  '', ( #4486 ), #4538 ) ;
#4485 = DIRECTION ( 'NONE',  ( 1.000000000000000000, 2.799024583672400300E-016, 1.399512291836200400E-016 ) ) ;
#4486 = STYLED_ITEM ( 'NONE', ( #4522 ), #7738 ) ;
#4487 = VECTOR ( 'NONE', #4544, 1000.000000000000000 ) ;
#4488 = DIRECTION ( 'NONE',  ( -9.756599977372360700E-016, -0.9063077870366537100, 0.4226182617406912800 ) ) ;
#4489 = VECTOR ( 'NONE', #4488, 1000.000000000000100 ) ;
#4490 = CARTESIAN_POINT ( 'NONE',  ( 0.6308272021961014400, 3.139162837752540000, 1.684037055927732700 ) ) ;
#4491 = MECHANICAL_DESIGN_GEOMETRIC_PRESENTATION_REPRESENTATION (  '', ( #4493 ), #4577 ) ;
#4492 = PRESENTATION_LAYER_ASSIGNMENT (  '', '', ( #4493 ) ) ;
#4493 = STYLED_ITEM ( 'NONE', ( #4494 ), #7759 ) ;
#4494 = PRESENTATION_STYLE_ASSIGNMENT (( #4495 ) ) ;
#4495 = SURFACE_STYLE_USAGE ( .BOTH. , #4496 ) ;
#4496 = SURFACE_SIDE_STYLE ('',( #4497 ) ) ;
#4497 = SURFACE_STYLE_FILL_AREA ( #4498 ) ;
#4498 = FILL_AREA_STYLE ('',( #4513 ) ) ;
#4499 = COLOUR_RGB ( '',1.000000000000000000, 0.8588235294117646500, 0.5568627450980392400 ) ;
#4500 = FACE_OUTER_BOUND ( 'NONE', #7760, .T. ) ;
#4501 = DIRECTION ( 'NONE',  ( 1.000000000000000000, 1.126834068684769000E-015, -2.644100359515479700E-016 ) ) ;
#4502 = VECTOR ( 'NONE', #4501, 1000.000000000000000 ) ;
#4503 = LINE ( 'NONE', #4506, #4545 ) ;
#4504 =( NAMED_UNIT ( * ) PLANE_ANGLE_UNIT ( ) SI_UNIT ( $, .RADIAN. ) );
#4505 = SURFACE_SIDE_STYLE ('',( #4510 ) ) ;
#4506 = CARTESIAN_POINT ( 'NONE',  ( 0.6308272021961005600, 2.833853408501867000, 1.939704797388910600 ) ) ;
#4507 = LINE ( 'NONE', #4550, #4548 ) ;
#4508 = DIRECTION ( 'NONE',  ( -2.451307792265762200E-016, 0.4226182617406912800, 0.9063077870366537100 ) ) ;
#4509 = COLOUR_RGB ( '',1.000000000000000000, 0.8588235294117646500, 0.5568627450980392400 ) ;
#4510 = SURFACE_STYLE_FILL_AREA ( #4525 ) ;
#4511 = CARTESIAN_POINT ( 'NONE',  ( 0.6308272021961014400, 3.500240781183837900, 1.851973235414630800 ) ) ;
#4512 = LINE ( 'NONE', #4511, #4502 ) ;
#4513 = FILL_AREA_STYLE_COLOUR ( '', #4499 ) ;
#4514 = DIRECTION ( 'NONE',  ( 1.000000000000000000, 2.559693886352469300E-016, 1.357311832586924700E-016 ) ) ;
#4515 = VECTOR ( 'NONE', #4514, 1000.000000000000000 ) ;
#4516 = CARTESIAN_POINT ( 'NONE',  ( 0.6308272021960997800, 2.758248009447119600, 1.926373525648328100 ) ) ;
#4517 = LINE ( 'NONE', #4516, #4515 ) ;
#4518 = AXIS2_PLACEMENT_3D ( 'NONE', #4528, #4527, #4526 ) ;
#4519 = LINE ( 'NONE', #4490, #4489 ) ;
#4520 = CARTESIAN_POINT ( 'NONE',  ( -5.566772797803902300, 2.833853408501865200, 1.939704797388909700 ) ) ;
#4521 = DIRECTION ( 'NONE',  ( -2.845674993400266400E-015, 0.9848077530122074700, 0.1736481776669335800 ) ) ;
#4522 = PRESENTATION_STYLE_ASSIGNMENT (( #4483 ) ) ;
#4523 =( LENGTH_UNIT ( ) NAMED_UNIT ( * ) SI_UNIT ( .MILLI., .METRE. ) );
#4524 = CARTESIAN_POINT ( 'NONE',  ( 0.6308272021961023300, 2.833853408501877200, 1.939704797388902800 ) ) ;
#4525 = FILL_AREA_STYLE ('',( #4551 ) ) ;
#4526 = DIRECTION ( 'NONE',  ( 0.0000000000000000000, -0.9848077530122074700, -0.1736481776669335800 ) ) ;
#4527 = DIRECTION ( 'NONE',  ( -8.922050372365133700E-017, -0.1736481776669336100, 0.9848077530122075800 ) ) ;
#4528 = CARTESIAN_POINT ( 'NONE',  ( 0.6308272021960997800, 2.286442566818505100, 1.533679465165026700 ) ) ;
#4529 = PRESENTATION_LAYER_ASSIGNMENT (  '', '', ( #4486 ) ) ;
#4530 = UNCERTAINTY_MEASURE_WITH_UNIT (LENGTH_MEASURE( 1.000000000000000100E-005 ), #4523, 'distance_accuracy_value', 'NONE');
#4531 =( NAMED_UNIT ( * ) SI_UNIT ( $, .STERADIAN. ) SOLID_ANGLE_UNIT ( ) );
#4532 = CARTESIAN_POINT ( 'NONE',  ( -5.566772797803902300, 3.371426735005270500, 1.575730621925859800 ) ) ;
#4533 = VECTOR ( 'NONE', #4521, 1000.000000000000000 ) ;
#4534 = CARTESIAN_POINT ( 'NONE',  ( -5.566772797803900600, 2.286442566818487800, 1.533679465165023200 ) ) ;
#4535 = LINE ( 'NONE', #4534, #4533 ) ;
#4536 = CARTESIAN_POINT ( 'NONE',  ( 0.6308272021961005600, 2.886781373054748500, 1.639535394270789800 ) ) ;
#4537 = PLANE ( 'NONE',  #4518 ) ;
#4538 =( GEOMETRIC_REPRESENTATION_CONTEXT ( 3 ) GLOBAL_UNCERTAINTY_ASSIGNED_CONTEXT ( ( #4530 ) ) GLOBAL_UNIT_ASSIGNED_CONTEXT ( ( #4523, #4504, #4531 ) ) REPRESENTATION_CONTEXT ( 'NONE', 'WORKASPACE' ) );
#4539 = CARTESIAN_POINT ( 'NONE',  ( 0.6308272021960997800, 2.233514602265623600, 1.833848868283147500 ) ) ;
#4540 = DIRECTION ( 'NONE',  ( -1.422837496700133200E-015, -0.9848077530122074700, -0.1736481776669335800 ) ) ;
#4541 = VECTOR ( 'NONE', #4540, 1000.000000000000000 ) ;
#4542 = CARTESIAN_POINT ( 'NONE',  ( 0.6308272021960997800, 2.286442566818505100, 1.533679465165026700 ) ) ;
#4543 = LINE ( 'NONE', #4542, #4541 ) ;
#4544 = DIRECTION ( 'NONE',  ( -1.422837496700133200E-015, -0.9848077530122074700, -0.1736481776669335800 ) ) ;
#4545 = VECTOR ( 'NONE', #4485, 1000.000000000000000 ) ;
#4546 = LINE ( 'NONE', #4539, #4487 ) ;
#4547 = FACE_OUTER_BOUND ( 'NONE', #7716, .T. ) ;
#4548 = VECTOR ( 'NONE', #4508, 1000.000000000000100 ) ;
#4549 = CARTESIAN_POINT ( 'NONE',  ( -5.566772797803900600, 3.500240781183833000, 1.851973235414632100 ) ) ;
#4550 = CARTESIAN_POINT ( 'NONE',  ( -5.566772797803902300, 3.500240781183831200, 1.851973235414632500 ) ) ;
#4551 = FILL_AREA_STYLE_COLOUR ( '', #4509 ) ;
#4552 = PRESENTATION_LAYER_ASSIGNMENT (  '', '', ( #4553 ) ) ;
#4553 = STYLED_ITEM ( 'NONE', ( #4554 ), #7766 ) ;
#4554 = PRESENTATION_STYLE_ASSIGNMENT (( #4555 ) ) ;
#4555 = SURFACE_STYLE_USAGE ( .BOTH. , #4556 ) ;
#4556 = SURFACE_SIDE_STYLE ('',( #4557 ) ) ;
#4557 = SURFACE_STYLE_FILL_AREA ( #4558 ) ;
#4558 = FILL_AREA_STYLE ('',( #4567 ) ) ;
#4559 = AXIS2_PLACEMENT_3D ( 'NONE', #4560, #4573, #4561 ) ;
#4560 = CARTESIAN_POINT ( 'NONE',  ( 0.6308272021961005600, 3.027922611862438300, 0.8390836526224626500 ) ) ;
#4561 = DIRECTION ( 'NONE',  ( 1.200519137840745900E-015, 0.4226182617406913400, 0.9063077870366537100 ) ) ;
#4562 = DIRECTION ( 'NONE',  ( -1.067128122525107300E-015, 5.335640612625536500E-015, -1.000000000000000000 ) ) ;
#4563 = DIRECTION ( 'NONE',  ( -1.000000000000000000, -0.0000000000000000000, 1.327481356089167000E-015 ) ) ;
#4564 = CARTESIAN_POINT ( 'NONE',  ( -5.566772797803902300, 3.027922611862438300, 0.8390836526224708700 ) ) ;
#4565 = CARTESIAN_POINT ( 'NONE',  ( -5.566772797803902300, 3.027922611862438300, 0.8390836526224708700 ) ) ;
#4566 = CYLINDRICAL_SURFACE ( 'NONE', #4559, 0.8127999999999964100 ) ;
#4567 = FILL_AREA_STYLE_COLOUR ( '', #4568 ) ;
#4568 = COLOUR_RGB ( '',1.000000000000000000, 0.8588235294117646500, 0.5568627450980392400 ) ;
#4569 = DIRECTION ( 'NONE',  ( -1.552186360036517900E-015, 1.940232950045647300E-015, -1.000000000000000000 ) ) ;
#4570 = DIRECTION ( 'NONE',  ( -1.000000000000000000, -0.0000000000000000000, 1.327481356089167000E-015 ) ) ;
#4571 = AXIS2_PLACEMENT_3D ( 'NONE', #4565, #4570, #4569 ) ;
#4572 = AXIS2_PLACEMENT_3D ( 'NONE', #4564, #4563, #4562 ) ;
#4573 = DIRECTION ( 'NONE',  ( 1.000000000000000000, 0.0000000000000000000, -1.327481356089167000E-015 ) ) ;
#4574 = UNCERTAINTY_MEASURE_WITH_UNIT (LENGTH_MEASURE( 1.000000000000000100E-005 ), #4575, 'distance_accuracy_value', 'NONE');
#4575 =( LENGTH_UNIT ( ) NAMED_UNIT ( * ) SI_UNIT ( .MILLI., .METRE. ) );
#4576 = MECHANICAL_DESIGN_GEOMETRIC_PRESENTATION_REPRESENTATION (  '', ( #4553 ), #4588 ) ;
#4577 =( GEOMETRIC_REPRESENTATION_CONTEXT ( 3 ) GLOBAL_UNCERTAINTY_ASSIGNED_CONTEXT ( ( #4460 ) ) GLOBAL_UNIT_ASSIGNED_CONTEXT ( ( #4463, #4461, #4459 ) ) REPRESENTATION_CONTEXT ( 'NONE', 'WORKASPACE' ) );
#4578 =( NAMED_UNIT ( * ) SI_UNIT ( $, .STERADIAN. ) SOLID_ANGLE_UNIT ( ) );
#4579 =( NAMED_UNIT ( * ) PLANE_ANGLE_UNIT ( ) SI_UNIT ( $, .RADIAN. ) );
#4580 = CIRCLE ( 'NONE', #4571, 1.117599999999996600 ) ;
#4581 = FACE_OUTER_BOUND ( 'NONE', #7767, .T. ) ;
#4582 = CIRCLE ( 'NONE', #4572, 0.8127999999999965300 ) ;
#4583 = CIRCLE ( 'NONE', #4606, 0.8127999999999965300 ) ;
#4584 = PLANE ( 'NONE',  #4607 ) ;
#4585 = FILL_AREA_STYLE_COLOUR ( '', #4601 ) ;
#4586 = FACE_OUTER_BOUND ( 'NONE', #7776, .T. ) ;
#4587 = CARTESIAN_POINT ( 'NONE',  ( 0.6308272021961014400, 3.500240781183837900, 1.851973235414630800 ) ) ;
#4588 =( GEOMETRIC_REPRESENTATION_CONTEXT ( 3 ) GLOBAL_UNCERTAINTY_ASSIGNED_CONTEXT ( ( #4574 ) ) GLOBAL_UNIT_ASSIGNED_CONTEXT ( ( #4575, #4579, #4578 ) ) REPRESENTATION_CONTEXT ( 'NONE', 'WORKASPACE' ) );
#4589 = CARTESIAN_POINT ( 'NONE',  ( 0.6308272021961005600, 3.027922611862438300, 0.8390836526224626500 ) ) ;
#4590 = CARTESIAN_POINT ( 'NONE',  ( 0.6308272021961014400, 3.371426735005270500, 1.575730621925851600 ) ) ;
#4591 = DIRECTION ( 'NONE',  ( -1.000000000000000000, -0.0000000000000000000, 1.327481356089167000E-015 ) ) ;
#4592 =( LENGTH_UNIT ( ) NAMED_UNIT ( * ) SI_UNIT ( .MILLI., .METRE. ) );
#4593 = MECHANICAL_DESIGN_GEOMETRIC_PRESENTATION_REPRESENTATION (  '', ( #4595 ), #4610 ) ;
#4594 = PRESENTATION_LAYER_ASSIGNMENT (  '', '', ( #4595 ) ) ;
#4595 = STYLED_ITEM ( 'NONE', ( #4596 ), #7775 ) ;
#4596 = PRESENTATION_STYLE_ASSIGNMENT (( #4597 ) ) ;
#4597 = SURFACE_STYLE_USAGE ( .BOTH. , #4598 ) ;
#4598 = SURFACE_SIDE_STYLE ('',( #4599 ) ) ;
#4599 = SURFACE_STYLE_FILL_AREA ( #4600 ) ;
#4600 = FILL_AREA_STYLE ('',( #4585 ) ) ;
#4601 = COLOUR_RGB ( '',1.000000000000000000, 0.8588235294117646500, 0.5568627450980392400 ) ;
#4602 = CARTESIAN_POINT ( 'NONE',  ( 0.6308272021961005600, 3.027922611862438300, 0.8390836526224626500 ) ) ;
#4603 = DIRECTION ( 'NONE',  ( 1.327481356089167000E-015, 0.0000000000000000000, 1.000000000000000000 ) ) ;
#4604 = DIRECTION ( 'NONE',  ( -1.333910153156384100E-015, 0.0000000000000000000, -1.000000000000000000 ) ) ;
#4605 = DIRECTION ( 'NONE',  ( 1.000000000000000000, 0.0000000000000000000, -1.327481356089167000E-015 ) ) ;
#4606 = AXIS2_PLACEMENT_3D ( 'NONE', #4589, #4605, #4604 ) ;
#4607 = AXIS2_PLACEMENT_3D ( 'NONE', #4602, #4591, #4603 ) ;
#4608 = UNCERTAINTY_MEASURE_WITH_UNIT (LENGTH_MEASURE( 1.000000000000000100E-005 ), #4592, 'distance_accuracy_value', 'NONE');
#4609 =( NAMED_UNIT ( * ) SI_UNIT ( $, .STERADIAN. ) SOLID_ANGLE_UNIT ( ) );
#4610 =( GEOMETRIC_REPRESENTATION_CONTEXT ( 3 ) GLOBAL_UNCERTAINTY_ASSIGNED_CONTEXT ( ( #4608 ) ) GLOBAL_UNIT_ASSIGNED_CONTEXT ( ( #4592, #4619, #4609 ) ) REPRESENTATION_CONTEXT ( 'NONE', 'WORKASPACE' ) );
#4611 = MECHANICAL_DESIGN_GEOMETRIC_PRESENTATION_REPRESENTATION (  '', ( #4613 ), #4632 ) ;
#4612 = PRESENTATION_LAYER_ASSIGNMENT (  '', '', ( #4613 ) ) ;
#4613 = STYLED_ITEM ( 'NONE', ( #4614 ), #7779 ) ;
#4614 = PRESENTATION_STYLE_ASSIGNMENT (( #4615 ) ) ;
#4615 = SURFACE_STYLE_USAGE ( .BOTH. , #4622 ) ;
#4616 = AXIS2_PLACEMENT_3D ( 'NONE', #4620, #4627, #4626 ) ;
#4617 = COLOUR_RGB ( '',1.000000000000000000, 0.8588235294117646500, 0.5568627450980392400 ) ;
#4618 = FACE_OUTER_BOUND ( 'NONE', #7658, .T. ) ;
#4619 =( NAMED_UNIT ( * ) PLANE_ANGLE_UNIT ( ) SI_UNIT ( $, .RADIAN. ) );
#4620 = CARTESIAN_POINT ( 'NONE',  ( 0.6308272021961005600, 2.921442566818501800, 1.000851199367455800 ) ) ;
#4621 = CYLINDRICAL_SURFACE ( 'NONE', #4616, 0.6349999999999989000 ) ;
#4622 = SURFACE_SIDE_STYLE ('',( #4623 ) ) ;
#4623 = SURFACE_STYLE_FILL_AREA ( #4624 ) ;
#4624 = FILL_AREA_STYLE ('',( #4625 ) ) ;
#4625 = FILL_AREA_STYLE_COLOUR ( '', #4617 ) ;
#4626 = DIRECTION ( 'NONE',  ( 0.0000000000000000000, -0.1736481776669334400, 0.9848077530122075800 ) ) ;
#4627 = DIRECTION ( 'NONE',  ( 1.000000000000000000, 0.0000000000000000000, 0.0000000000000000000 ) ) ;
#4628 =( LENGTH_UNIT ( ) NAMED_UNIT ( * ) SI_UNIT ( .MILLI., .METRE. ) );
#4629 = UNCERTAINTY_MEASURE_WITH_UNIT (LENGTH_MEASURE( 1.000000000000000100E-005 ), #4628, 'distance_accuracy_value', 'NONE');
#4630 =( NAMED_UNIT ( * ) PLANE_ANGLE_UNIT ( ) SI_UNIT ( $, .RADIAN. ) );
#4631 = STYLED_ITEM ( 'NONE', ( #4782 ), #7859 ) ;
#4632 =( GEOMETRIC_REPRESENTATION_CONTEXT ( 3 ) GLOBAL_UNCERTAINTY_ASSIGNED_CONTEXT ( ( #4629 ) ) GLOBAL_UNIT_ASSIGNED_CONTEXT ( ( #4628, #4630, #4633 ) ) REPRESENTATION_CONTEXT ( 'NONE', 'WORKASPACE' ) );
#4633 =( NAMED_UNIT ( * ) SI_UNIT ( $, .STERADIAN. ) SOLID_ANGLE_UNIT ( ) );
#4634 = CARTESIAN_POINT ( 'NONE',  ( 6.168027202196101100, -2.945957433181492400, 0.2388511993674556900 ) ) ;
#4635 = AXIS2_PLACEMENT_3D ( 'NONE', #4634, #4655, #4659 ) ;
#4636 = DIRECTION ( 'NONE',  ( -1.000000000000000000, -0.0000000000000000000, -0.0000000000000000000 ) ) ;
#4637 = CIRCLE ( 'NONE', #4691, 0.6349999999999989000 ) ;
#4638 = DIRECTION ( 'NONE',  ( 0.0000000000000000000, 6.829619984160669900E-016, -1.000000000000000000 ) ) ;
#4639 = CARTESIAN_POINT ( 'NONE',  ( 0.6308272021960997800, 2.811175974000008200, -2.418501723795298800 ) ) ;
#4640 = CARTESIAN_POINT ( 'NONE',  ( 6.370546836902067700, 1.473499957755827000, -0.2440389369443674800 ) ) ;
#4641 = COLOUR_RGB ( '',1.000000000000000000, 0.8588235294117646500, 0.5568627450980392400 ) ;
#4642 = FACE_OUTER_BOUND ( 'NONE', #7809, .T. ) ;
#4643 = CARTESIAN_POINT ( 'NONE',  ( 0.6308272021960997800, 2.758248009447128400, -2.718671126913420300 ) ) ;
#4644 = DIRECTION ( 'NONE',  ( -8.922050372365038800E-017, -0.1736481776669337500, -0.9848077530122073500 ) ) ;
#4645 = VECTOR ( 'NONE', #4644, 1000.000000000000100 ) ;
#4646 = CARTESIAN_POINT ( 'NONE',  ( 0.6308272021961005600, 2.758248009447121300, -2.718671126913418900 ) ) ;
#4647 = LINE ( 'NONE', #4646, #4645 ) ;
#4648 = DIRECTION ( 'NONE',  ( 0.0000000000000000000, 0.0000000000000000000, 1.000000000000000000 ) ) ;
#4649 = DIRECTION ( 'NONE',  ( 1.000000000000000000, 1.063803735850569600E-016, -0.0000000000000000000 ) ) ;
#4650 = DIRECTION ( 'NONE',  ( -1.000000000000000000, -0.0000000000000000000, -0.0000000000000000000 ) ) ;
#4651 = CARTESIAN_POINT ( 'NONE',  ( -5.566772797803900600, 2.921442566818501800, 1.000851199367455800 ) ) ;
#4652 = AXIS2_PLACEMENT_3D ( 'NONE', #4651, #4650, #4658 ) ;
#4653 = CIRCLE ( 'NONE', #4652, 0.9397999999999988600 ) ;
#4654 = CARTESIAN_POINT ( 'NONE',  ( -7.243972797803897000, 3.675442566818504500, 1.585051199367456800 ) ) ;
#4655 = DIRECTION ( 'NONE',  ( 0.0000000000000000000, 1.580930551889041200E-016, -1.000000000000000000 ) ) ;
#4656 = CARTESIAN_POINT ( 'NONE',  ( -5.566772797803900600, 2.921442566818501800, 1.000851199367455800 ) ) ;
#4657 = CARTESIAN_POINT ( 'NONE',  ( -5.669172797803897300, 3.675442566818504500, -0.3961488006325448700 ) ) ;
#4658 = DIRECTION ( 'NONE',  ( 0.0000000000000000000, 0.0000000000000000000, -1.000000000000000000 ) ) ;
#4659 = DIRECTION ( 'NONE',  ( 0.0000000000000000000, 1.000000000000000000, 1.580930551889041200E-016 ) ) ;
#4660 = PLANE ( 'NONE',  #4635 ) ;
#4661 = CARTESIAN_POINT ( 'NONE',  ( -6.608972797803897200, 3.675442566818504500, -0.3961488006325448700 ) ) ;
#4662 = AXIS2_PLACEMENT_3D ( 'NONE', #4661, #4649, #4648 ) ;
#4663 = CIRCLE ( 'NONE', #4662, 3.682999999999999800 ) ;
#4664 = DIRECTION ( 'NONE',  ( 1.000000000000000000, 1.063803735850569600E-016, -0.0000000000000000000 ) ) ;
#4665 = VECTOR ( 'NONE', #4664, 1000.000000000000000 ) ;
#4666 = CARTESIAN_POINT ( 'NONE',  ( -5.669172797803897300, 3.675442566818504500, -2.174148800632544900 ) ) ;
#4667 = LINE ( 'NONE', #4666, #4665 ) ;
#4668 = DIRECTION ( 'NONE',  ( 0.0000000000000000000, 0.0000000000000000000, 1.000000000000000000 ) ) ;
#4669 = DIRECTION ( 'NONE',  ( -1.000000000000000000, -1.063803735850569600E-016, 0.0000000000000000000 ) ) ;
#4670 = AXIS2_PLACEMENT_3D ( 'NONE', #4677, #4669, #4668 ) ;
#4671 = CIRCLE ( 'NONE', #4670, 3.047999999999999600 ) ;
#4672 = DIRECTION ( 'NONE',  ( 0.0000000000000000000, 0.0000000000000000000, 1.000000000000000000 ) ) ;
#4673 = DIRECTION ( 'NONE',  ( -1.000000000000000000, -1.063803735850569600E-016, 0.0000000000000000000 ) ) ;
#4674 = CARTESIAN_POINT ( 'NONE',  ( -7.243972797803897000, 3.675442566818504500, -0.3961488006325448700 ) ) ;
#4675 = AXIS2_PLACEMENT_3D ( 'NONE', #4674, #4673, #4672 ) ;
#4676 = CIRCLE ( 'NONE', #4675, 3.047999999999999600 ) ;
#4677 = CARTESIAN_POINT ( 'NONE',  ( -7.243972797803897000, 3.675442566818504500, -0.3961488006325448700 ) ) ;
#4678 = DIRECTION ( 'NONE',  ( -0.7071067811865489100, -7.522228354715220900E-017, 0.7071067811865460200 ) ) ;
#4679 = VECTOR ( 'NONE', #4678, 1000.000000000000100 ) ;
#4680 = CARTESIAN_POINT ( 'NONE',  ( -7.243972797803897000, 3.675442566818504500, 1.585051199367456800 ) ) ;
#4681 = DIRECTION ( 'NONE',  ( 0.0000000000000000000, 0.0000000000000000000, -1.000000000000000000 ) ) ;
#4682 = DIRECTION ( 'NONE',  ( 1.000000000000000000, 1.063803735850569600E-016, -0.0000000000000000000 ) ) ;
#4683 = AXIS2_PLACEMENT_3D ( 'NONE', #4657, #4682, #4681 ) ;
#4684 = CIRCLE ( 'NONE', #4683, 1.778000000000000000 ) ;
#4685 = LINE ( 'NONE', #4680, #4679 ) ;
#4686 = DIRECTION ( 'NONE',  ( 0.0000000000000000000, 0.0000000000000000000, 1.000000000000000000 ) ) ;
#4687 = DIRECTION ( 'NONE',  ( 1.000000000000000000, 1.063803735850569600E-016, -0.0000000000000000000 ) ) ;
#4688 = CARTESIAN_POINT ( 'NONE',  ( -7.243972797803897000, 3.675442566818504500, -0.3961488006325448700 ) ) ;
#4689 = AXIS2_PLACEMENT_3D ( 'NONE', #4688, #4687, #4686 ) ;
#4690 = CIRCLE ( 'NONE', #4689, 1.981200000000001600 ) ;
#4691 = AXIS2_PLACEMENT_3D ( 'NONE', #4656, #4636, #4638 ) ;
#4692 = UNCERTAINTY_MEASURE_WITH_UNIT (LENGTH_MEASURE( 1.000000000000000100E-005 ), #4698, 'distance_accuracy_value', 'NONE');
#4693 =( NAMED_UNIT ( * ) SI_UNIT ( $, .STERADIAN. ) SOLID_ANGLE_UNIT ( ) );
#4694 =( NAMED_UNIT ( * ) SI_UNIT ( $, .STERADIAN. ) SOLID_ANGLE_UNIT ( ) );
#4695 = CARTESIAN_POINT ( 'NONE',  ( 0.6308272021961005600, 3.027922611862438300, 0.8390836526224626500 ) ) ;
#4696 =( GEOMETRIC_REPRESENTATION_CONTEXT ( 3 ) GLOBAL_UNCERTAINTY_ASSIGNED_CONTEXT ( ( #4796 ) ) GLOBAL_UNIT_ASSIGNED_CONTEXT ( ( #4808, #4807, #4797 ) ) REPRESENTATION_CONTEXT ( 'NONE', 'WORKASPACE' ) );
#4697 =( GEOMETRIC_REPRESENTATION_CONTEXT ( 3 ) GLOBAL_UNCERTAINTY_ASSIGNED_CONTEXT ( ( #4701 ) ) GLOBAL_UNIT_ASSIGNED_CONTEXT ( ( #4753, #4804, #4694 ) ) REPRESENTATION_CONTEXT ( 'NONE', 'WORKASPACE' ) );
#4698 =( LENGTH_UNIT ( ) NAMED_UNIT ( * ) SI_UNIT ( .MILLI., .METRE. ) );
#4699 = AXIS2_PLACEMENT_3D ( 'NONE', #4767, #4766, #4735 ) ;
#4700 = PLANE ( 'NONE',  #4699 ) ;
#4701 = UNCERTAINTY_MEASURE_WITH_UNIT (LENGTH_MEASURE( 1.000000000000000100E-005 ), #4753, 'distance_accuracy_value', 'NONE');
#4702 = FILL_AREA_STYLE_COLOUR ( '', #4819 ) ;
#4703 = DIRECTION ( 'NONE',  ( 0.0000000000000000000, 0.0000000000000000000, 1.000000000000000000 ) ) ;
#4704 = DIRECTION ( 'NONE',  ( -1.000000000000000000, -1.063803735850569600E-016, 0.0000000000000000000 ) ) ;
#4705 = CARTESIAN_POINT ( 'NONE',  ( -7.040772797803894500, 3.675442566818504500, -0.3961488006325448700 ) ) ;
#4706 = AXIS2_PLACEMENT_3D ( 'NONE', #4705, #4704, #4703 ) ;
#4707 = CIRCLE ( 'NONE', #4706, 1.778000000000000000 ) ;
#4708 = FACE_OUTER_BOUND ( 'NONE', #7842, .T. ) ;
#4709 = DIRECTION ( 'NONE',  ( 1.164139770027388300E-015, 0.4226182617406913900, 0.9063077870366537100 ) ) ;
#4710 = DIRECTION ( 'NONE',  ( 1.000000000000000000, 0.0000000000000000000, -1.327481356089167000E-015 ) ) ;
#4711 = AXIS2_PLACEMENT_3D ( 'NONE', #4695, #4710, #4709 ) ;
#4712 = CYLINDRICAL_SURFACE ( 'NONE', #4711, 1.117599999999996600 ) ;
#4713 = FILL_AREA_STYLE ('',( #4752 ) ) ;
#4714 = SURFACE_SIDE_STYLE ('',( #4802 ) ) ;
#4715 = DIRECTION ( 'NONE',  ( 2.451307792265755300E-016, -0.4226182617406915000, -0.9063077870366537100 ) ) ;
#4716 = CARTESIAN_POINT ( 'NONE',  ( -5.566772797803897000, 4.879392129282272200, 1.208864400041554300 ) ) ;
#4717 = LINE ( 'NONE', #4716, #4795 ) ;
#4718 = DIRECTION ( 'NONE',  ( 0.0000000000000000000, 0.0000000000000000000, 1.000000000000000000 ) ) ;
#4719 = DIRECTION ( 'NONE',  ( 1.000000000000000000, 1.063803735850569600E-016, -0.0000000000000000000 ) ) ;
#4720 = CARTESIAN_POINT ( 'NONE',  ( -6.608972797803897200, 3.675442566818504500, -0.3961488006325448700 ) ) ;
#4721 = AXIS2_PLACEMENT_3D ( 'NONE', #4720, #4719, #4718 ) ;
#4722 = DIRECTION ( 'NONE',  ( 0.0000000000000000000, 0.0000000000000000000, 1.000000000000000000 ) ) ;
#4723 = VECTOR ( 'NONE', #4751, 1000.000000000000100 ) ;
#4724 = CARTESIAN_POINT ( 'NONE',  ( 0.6308272021961014400, 3.371426735005275800, 1.575730621925859300 ) ) ;
#4725 = LINE ( 'NONE', #4724, #4723 ) ;
#4726 = DIRECTION ( 'NONE',  ( -8.922050372365313700E-017, -0.1736481776669335200, 0.9848077530122074700 ) ) ;
#4727 = COLOUR_RGB ( '',1.000000000000000000, 0.8588235294117646500, 0.5568627450980392400 ) ;
#4728 = FACE_OUTER_BOUND ( 'NONE', #7739, .T. ) ;
#4729 = DIRECTION ( 'NONE',  ( 1.000000000000000000, 2.762903407593354600E-016, 1.322050179757738900E-016 ) ) ;
#4730 = VECTOR ( 'NONE', #4729, 1000.000000000000000 ) ;
#4731 = CARTESIAN_POINT ( 'NONE',  ( 0.6308272021961032200, 4.879392129282273900, 1.208864400041554900 ) ) ;
#4732 = VECTOR ( 'NONE', #4726, 1000.000000000000000 ) ;
#4733 = CARTESIAN_POINT ( 'NONE',  ( -5.566772797803902300, 2.758248009447118200, 1.926373525648327200 ) ) ;
#4734 = LINE ( 'NONE', #4733, #4732 ) ;
#4735 = DIRECTION ( 'NONE',  ( -2.786949818171406300E-015, 1.000000000000000000, 0.0000000000000000000 ) ) ;
#4736 = DIRECTION ( 'NONE',  ( -1.000000000000000000, -1.063803735850569600E-016, 0.0000000000000000000 ) ) ;
#4737 = AXIS2_PLACEMENT_3D ( 'NONE', #4740, #4736, #4722 ) ;
#4738 = TOROIDAL_SURFACE ( 'NONE', #4737, 3.047999999999999600, 0.6350000000000000100 ) ;
#4739 = CIRCLE ( 'NONE', #4721, 3.682999999999999800 ) ;
#4740 = CARTESIAN_POINT ( 'NONE',  ( -6.608972797803897200, 3.675442566818504500, -0.3961488006325448700 ) ) ;
#4741 =( GEOMETRIC_REPRESENTATION_CONTEXT ( 3 ) GLOBAL_UNCERTAINTY_ASSIGNED_CONTEXT ( ( #4742 ) ) GLOBAL_UNIT_ASSIGNED_CONTEXT ( ( #4810, #4744, #4743 ) ) REPRESENTATION_CONTEXT ( 'NONE', 'WORKASPACE' ) );
#4742 = UNCERTAINTY_MEASURE_WITH_UNIT (LENGTH_MEASURE( 1.000000000000000100E-005 ), #4810, 'distance_accuracy_value', 'NONE');
#4743 =( NAMED_UNIT ( * ) SI_UNIT ( $, .STERADIAN. ) SOLID_ANGLE_UNIT ( ) );
#4744 =( NAMED_UNIT ( * ) PLANE_ANGLE_UNIT ( ) SI_UNIT ( $, .RADIAN. ) );
#4745 = PRESENTATION_STYLE_ASSIGNMENT (( #4820 ) ) ;
#4746 = DIRECTION ( 'NONE',  ( 1.000000000000000000, 0.0000000000000000000, -1.327481356089167000E-015 ) ) ;
#4747 = CARTESIAN_POINT ( 'NONE',  ( 0.6308272021961005600, 3.027922611862438300, 0.8390836526224626500 ) ) ;
#4748 = AXIS2_PLACEMENT_3D ( 'NONE', #4747, #4746, #4777 ) ;
#4749 = CIRCLE ( 'NONE', #4748, 1.117599999999996600 ) ;
#4750 = FILL_AREA_STYLE_COLOUR ( '', #4775 ) ;
#4751 = DIRECTION ( 'NONE',  ( -2.451307792265757300E-016, 0.4226182617406912800, 0.9063077870366537100 ) ) ;
#4752 = FILL_AREA_STYLE_COLOUR ( '', #4641 ) ;
#4753 =( LENGTH_UNIT ( ) NAMED_UNIT ( * ) SI_UNIT ( .MILLI., .METRE. ) );
#4754 = CARTESIAN_POINT ( 'NONE',  ( -5.566772797803900600, 2.758248009447118200, 1.926373525648327200 ) ) ;
#4755 = CARTESIAN_POINT ( 'NONE',  ( -5.566772797803900600, 2.811175973999999700, 1.626204122530206400 ) ) ;
#4756 = DIRECTION ( 'NONE',  ( 0.0000000000000000000, -0.9063077870366537100, 0.4226182617406912800 ) ) ;
#4757 = DIRECTION ( 'NONE',  ( -2.365837808242182900E-016, 0.4226182617406912800, 0.9063077870366537100 ) ) ;
#4758 = CARTESIAN_POINT ( 'NONE',  ( 0.6308272021961014400, 3.139162837752540000, 1.684037055927732700 ) ) ;
#4759 = AXIS2_PLACEMENT_3D ( 'NONE', #4758, #4757, #4756 ) ;
#4760 = SURFACE_SIDE_STYLE ('',( #4761 ) ) ;
#4761 = SURFACE_STYLE_FILL_AREA ( #4762 ) ;
#4762 = FILL_AREA_STYLE ('',( #4765 ) ) ;
#4763 = MECHANICAL_DESIGN_GEOMETRIC_PRESENTATION_REPRESENTATION (  '', ( #4803 ), #4697 ) ;
#4764 = LINE ( 'NONE', #4731, #4730 ) ;
#4765 = FILL_AREA_STYLE_COLOUR ( '', #4727 ) ;
#4766 = DIRECTION ( 'NONE',  ( 1.000000000000000000, 2.786949818171406300E-015, -5.820113206310275100E-016 ) ) ;
#4767 = CARTESIAN_POINT ( 'NONE',  ( -5.566772797803902300, 2.833853408501865200, -2.732002398654000500 ) ) ;
#4768 = PRESENTATION_LAYER_ASSIGNMENT (  '', '', ( #4769 ) ) ;
#4769 = STYLED_ITEM ( 'NONE', ( #4770 ), #7835 ) ;
#4770 = PRESENTATION_STYLE_ASSIGNMENT (( #4771 ) ) ;
#4771 = SURFACE_STYLE_USAGE ( .BOTH. , #4772 ) ;
#4772 = SURFACE_SIDE_STYLE ('',( #4773 ) ) ;
#4773 = SURFACE_STYLE_FILL_AREA ( #4774 ) ;
#4774 = FILL_AREA_STYLE ('',( #4750 ) ) ;
#4775 = COLOUR_RGB ( '',1.000000000000000000, 0.8588235294117646500, 0.5568627450980392400 ) ;
#4776 = FACE_OUTER_BOUND ( 'NONE', #7836, .T. ) ;
#4777 = DIRECTION ( 'NONE',  ( -1.358163065031953200E-015, 0.0000000000000000000, -1.000000000000000000 ) ) ;
#4778 = PRESENTATION_LAYER_ASSIGNMENT (  '', '', ( #4803 ) ) ;
#4779 = MECHANICAL_DESIGN_GEOMETRIC_PRESENTATION_REPRESENTATION (  '', ( #4798 ), #4806 ) ;
#4780 = PRESENTATION_LAYER_ASSIGNMENT (  '', '', ( #4798 ) ) ;
#4781 = CARTESIAN_POINT ( 'NONE',  ( 6.370630364362505700, 1.889945278194444800, -0.2440389369443675100 ) ) ;
#4782 = PRESENTATION_STYLE_ASSIGNMENT (( #4783 ) ) ;
#4783 = SURFACE_STYLE_USAGE ( .BOTH. , #4784 ) ;
#4784 = SURFACE_SIDE_STYLE ('',( #4785 ) ) ;
#4785 = SURFACE_STYLE_FILL_AREA ( #4786 ) ;
#4786 = FILL_AREA_STYLE ('',( #4793 ) ) ;
#4787 = COLOUR_RGB ( '',1.000000000000000000, 0.8588235294117646500, 0.5568627450980392400 ) ;
#4788 = FACE_OUTER_BOUND ( 'NONE', #7900, .T. ) ;
#4789 = DIRECTION ( 'NONE',  ( -1.422837496700133000E-015, -0.9848077530122074700, 0.1736481776669335800 ) ) ;
#4790 = VECTOR ( 'NONE', #4789, 1000.000000000000000 ) ;
#4791 = CARTESIAN_POINT ( 'NONE',  ( 0.6308272021960997800, 2.233514602265623600, -2.626146469548238400 ) ) ;
#4792 = LINE ( 'NONE', #4791, #4790 ) ;
#4793 = FILL_AREA_STYLE_COLOUR ( '', #4787 ) ;
#4794 = CARTESIAN_POINT ( 'NONE',  ( -5.566772797803902300, 2.811175973999999700, -2.418501723795297500 ) ) ;
#4795 = VECTOR ( 'NONE', #4715, 999.9999999999998900 ) ;
#4796 = UNCERTAINTY_MEASURE_WITH_UNIT (LENGTH_MEASURE( 1.000000000000000100E-005 ), #4808, 'distance_accuracy_value', 'NONE');
#4797 =( NAMED_UNIT ( * ) SI_UNIT ( $, .STERADIAN. ) SOLID_ANGLE_UNIT ( ) );
#4798 = STYLED_ITEM ( 'NONE', ( #4799 ), #7816 ) ;
#4799 = PRESENTATION_STYLE_ASSIGNMENT (( #4800 ) ) ;
#4800 = SURFACE_STYLE_USAGE ( .BOTH. , #4760 ) ;
#4801 =( NAMED_UNIT ( * ) PLANE_ANGLE_UNIT ( ) SI_UNIT ( $, .RADIAN. ) );
#4802 = SURFACE_STYLE_FILL_AREA ( #4713 ) ;
#4803 = STYLED_ITEM ( 'NONE', ( #4745 ), #7808 ) ;
#4804 =( NAMED_UNIT ( * ) PLANE_ANGLE_UNIT ( ) SI_UNIT ( $, .RADIAN. ) );
#4805 = PLANE ( 'NONE',  #4759 ) ;
#4806 =( GEOMETRIC_REPRESENTATION_CONTEXT ( 3 ) GLOBAL_UNCERTAINTY_ASSIGNED_CONTEXT ( ( #4692 ) ) GLOBAL_UNIT_ASSIGNED_CONTEXT ( ( #4698, #4801, #4693 ) ) REPRESENTATION_CONTEXT ( 'NONE', 'WORKASPACE' ) );
#4807 =( NAMED_UNIT ( * ) PLANE_ANGLE_UNIT ( ) SI_UNIT ( $, .RADIAN. ) );
#4808 =( LENGTH_UNIT ( ) NAMED_UNIT ( * ) SI_UNIT ( .MILLI., .METRE. ) );
#4809 = MECHANICAL_DESIGN_GEOMETRIC_PRESENTATION_REPRESENTATION (  '', ( #4769 ), #4696 ) ;
#4810 =( LENGTH_UNIT ( ) NAMED_UNIT ( * ) SI_UNIT ( .MILLI., .METRE. ) );
#4811 = MECHANICAL_DESIGN_GEOMETRIC_PRESENTATION_REPRESENTATION (  '', ( #4813 ), #4741 ) ;
#4812 = PRESENTATION_LAYER_ASSIGNMENT (  '', '', ( #4813 ) ) ;
#4813 = STYLED_ITEM ( 'NONE', ( #4814 ), #7841 ) ;
#4814 = PRESENTATION_STYLE_ASSIGNMENT (( #4815 ) ) ;
#4815 = SURFACE_STYLE_USAGE ( .BOTH. , #4816 ) ;
#4816 = SURFACE_SIDE_STYLE ('',( #4817 ) ) ;
#4817 = SURFACE_STYLE_FILL_AREA ( #4818 ) ;
#4818 = FILL_AREA_STYLE ('',( #4702 ) ) ;
#4819 = COLOUR_RGB ( '',0.2509803921568627400, 0.2509803921568627400, 0.2509803921568627400 ) ;
#4820 = SURFACE_STYLE_USAGE ( .BOTH. , #4714 ) ;
#4821 = UNCERTAINTY_MEASURE_WITH_UNIT (LENGTH_MEASURE( 1.000000000000000100E-005 ), #4824, 'distance_accuracy_value', 'NONE');
#4822 =( NAMED_UNIT ( * ) SI_UNIT ( $, .STERADIAN. ) SOLID_ANGLE_UNIT ( ) );
#4823 =( NAMED_UNIT ( * ) PLANE_ANGLE_UNIT ( ) SI_UNIT ( $, .RADIAN. ) );
#4824 =( LENGTH_UNIT ( ) NAMED_UNIT ( * ) SI_UNIT ( .MILLI., .METRE. ) );
#4825 = CARTESIAN_POINT ( 'NONE',  ( 0.6308272021961014400, 3.267976883931102500, -2.752577270681595000 ) ) ;
#4826 = AXIS2_PLACEMENT_3D ( 'NONE', #4825, #4983, #4982 ) ;
#4827 = PLANE ( 'NONE',  #4826 ) ;
#4828 = VECTOR ( 'NONE', #4864, 1000.000000000000100 ) ;
#4829 = CARTESIAN_POINT ( 'NONE',  ( 0.6308272021961014400, 3.267976883931102500, -2.752577270681595000 ) ) ;
#4830 = MECHANICAL_DESIGN_GEOMETRIC_PRESENTATION_REPRESENTATION (  '', ( #4832 ), #4898 ) ;
#4831 = PRESENTATION_LAYER_ASSIGNMENT (  '', '', ( #4832 ) ) ;
#4832 = STYLED_ITEM ( 'NONE', ( #4833 ), #7906 ) ;
#4833 = PRESENTATION_STYLE_ASSIGNMENT (( #4834 ) ) ;
#4834 = SURFACE_STYLE_USAGE ( .BOTH. , #4835 ) ;
#4835 = SURFACE_SIDE_STYLE ('',( #4836 ) ) ;
#4836 = SURFACE_STYLE_FILL_AREA ( #4837 ) ;
#4837 = FILL_AREA_STYLE ('',( #4839 ) ) ;
#4838 = COLOUR_RGB ( '',1.000000000000000000, 0.8588235294117646500, 0.5568627450980392400 ) ;
#4839 = FILL_AREA_STYLE_COLOUR ( '', #4838 ) ;
#4840 = FACE_OUTER_BOUND ( 'NONE', #7907, .T. ) ;
#4841 = CARTESIAN_POINT ( 'NONE',  ( -5.566772797803897000, 4.879392129282272200, 1.208864400041554300 ) ) ;
#4842 = DIRECTION ( 'NONE',  ( 2.926979993211705300E-015, 0.9063077870366537100, 0.4226182617406912800 ) ) ;
#4843 = VECTOR ( 'NONE', #4842, 1000.000000000000100 ) ;
#4844 = CARTESIAN_POINT ( 'NONE',  ( -5.566772797803902300, 3.267976883931118100, -2.752577270681586100 ) ) ;
#4845 = LINE ( 'NONE', #4844, #4843 ) ;
#4846 = DIRECTION ( 'NONE',  ( 2.451307792265755300E-016, -0.4226182617406915000, 0.9063077870366537100 ) ) ;
#4847 = VECTOR ( 'NONE', #4846, 999.9999999999998900 ) ;
#4848 = CARTESIAN_POINT ( 'NONE',  ( 5.659669159078363000, 2.184787669770966700, -0.5538015540832623700 ) ) ;
#4849 = CARTESIAN_POINT ( 'NONE',  ( 6.076481001073606300, 2.184997392190452600, -0.5538015540832623700 ) ) ;
#4850 = CARTESIAN_POINT ( 'NONE',  ( 6.371256040369302400, 1.890311403688824900, -0.5538015540832623700 ) ) ;
#4851 = CARTESIAN_POINT ( 'NONE',  ( 6.371172254782722500, 1.473499517352869800, -0.5538015540832623700 ) ) ;
#4852 = CARTESIAN_POINT ( 'NONE',  ( 5.659669159078360300, 2.288247839669812900, -0.8457763190355758200 ) ) ;
#4853 = CARTESIAN_POINT ( 'NONE',  ( 6.137120409045000900, 2.288457562089300200, -0.8457763190355759300 ) ) ;
#4854 = CARTESIAN_POINT ( 'NONE',  ( 6.474758885295995200, 1.950877942690989900, -0.8457763190355759300 ) ) ;
#4855 = CARTESIAN_POINT ( 'NONE',  ( 6.474632399030651800, 1.473426663417988900, -0.8457763190355758200 ) ) ;
#4856 = MECHANICAL_DESIGN_GEOMETRIC_PRESENTATION_REPRESENTATION (  '', ( #4858 ), #5224 ) ;
#4857 = PRESENTATION_LAYER_ASSIGNMENT (  '', '', ( #4858 ) ) ;
#4858 = STYLED_ITEM ( 'NONE', ( #4859 ), #7974 ) ;
#4859 = PRESENTATION_STYLE_ASSIGNMENT (( #4860 ) ) ;
#4860 = SURFACE_STYLE_USAGE ( .BOTH. , #4861 ) ;
#4861 = SURFACE_SIDE_STYLE ('',( #4862 ) ) ;
#4862 = SURFACE_STYLE_FILL_AREA ( #4902 ) ;
#4863 = CARTESIAN_POINT ( 'NONE',  ( 0.6308272021961032200, 4.879392129282273900, -2.001162001306645300 ) ) ;
#4864 = DIRECTION ( 'NONE',  ( -9.756599977372360700E-016, -0.9063077870366537100, -0.4226182617406912800 ) ) ;
#4865 =( LENGTH_UNIT ( ) NAMED_UNIT ( * ) SI_UNIT ( .MILLI., .METRE. ) );
#4866 = MECHANICAL_DESIGN_GEOMETRIC_PRESENTATION_REPRESENTATION (  '', ( #4869 ), #4938 ) ;
#4867 = PRESENTATION_LAYER_ASSIGNMENT (  '', '', ( #4869 ) ) ;
#4868 =( NAMED_UNIT ( * ) PLANE_ANGLE_UNIT ( ) SI_UNIT ( $, .RADIAN. ) );
#4869 = STYLED_ITEM ( 'NONE', ( #4870 ), #7869 ) ;
#4870 = PRESENTATION_STYLE_ASSIGNMENT (( #4871 ) ) ;
#4871 = SURFACE_STYLE_USAGE ( .BOTH. , #4872 ) ;
#4872 = SURFACE_SIDE_STYLE ('',( #4873 ) ) ;
#4873 = SURFACE_STYLE_FILL_AREA ( #4874 ) ;
#4874 = FILL_AREA_STYLE ('',( #4881 ) ) ;
#4875 = COLOUR_RGB ( '',1.000000000000000000, 0.8588235294117646500, 0.5568627450980392400 ) ;
#4876 = FACE_OUTER_BOUND ( 'NONE', #7881, .T. ) ;
#4877 = DIRECTION ( 'NONE',  ( -9.756599977372360700E-016, -0.9063077870366537100, -0.4226182617406912800 ) ) ;
#4878 = VECTOR ( 'NONE', #4877, 1000.000000000000100 ) ;
#4879 = CARTESIAN_POINT ( 'NONE',  ( 0.6308272021961014400, 3.139162837752540000, -2.476334657192822900 ) ) ;
#4880 = LINE ( 'NONE', #4879, #4878 ) ;
#4881 = FILL_AREA_STYLE_COLOUR ( '', #4875 ) ;
#4882 = MECHANICAL_DESIGN_GEOMETRIC_PRESENTATION_REPRESENTATION (  '', ( #4884 ), #4992 ) ;
#4883 = PRESENTATION_LAYER_ASSIGNMENT (  '', '', ( #4884 ) ) ;
#4884 = STYLED_ITEM ( 'NONE', ( #4885 ), #7910 ) ;
#4885 = PRESENTATION_STYLE_ASSIGNMENT (( #4886 ) ) ;
#4886 = SURFACE_STYLE_USAGE ( .BOTH. , #4887 ) ;
#4887 = SURFACE_SIDE_STYLE ('',( #4888 ) ) ;
#4888 = SURFACE_STYLE_FILL_AREA ( #4889 ) ;
#4889 = FILL_AREA_STYLE ('',( #4896 ) ) ;
#4890 = COLOUR_RGB ( '',1.000000000000000000, 0.8588235294117646500, 0.5568627450980392400 ) ;
#4891 = DIRECTION ( 'NONE',  ( 0.0000000000000000000, 0.4226182617406915000, -0.9063077870366537100 ) ) ;
#4892 = DIRECTION ( 'NONE',  ( -1.000000000000000000, -1.061985084871342100E-015, -8.628628814579654800E-016 ) ) ;
#4893 = AXIS2_PLACEMENT_3D ( 'NONE', #4897, #4892, #4891 ) ;
#4894 = CYLINDRICAL_SURFACE ( 'NONE', #4893, 0.8127999999999971900 ) ;
#4895 = FACE_OUTER_BOUND ( 'NONE', #8006, .T. ) ;
#4896 = FILL_AREA_STYLE_COLOUR ( '', #4890 ) ;
#4897 = CARTESIAN_POINT ( 'NONE',  ( -5.566772797803902300, 3.027922611862434700, -1.631381253887566500 ) ) ;
#4898 =( GEOMETRIC_REPRESENTATION_CONTEXT ( 3 ) GLOBAL_UNCERTAINTY_ASSIGNED_CONTEXT ( ( #4821 ) ) GLOBAL_UNIT_ASSIGNED_CONTEXT ( ( #4824, #4823, #4822 ) ) REPRESENTATION_CONTEXT ( 'NONE', 'WORKASPACE' ) );
#4899 = UNCERTAINTY_MEASURE_WITH_UNIT (LENGTH_MEASURE( 1.000000000000000100E-005 ), #4985, 'distance_accuracy_value', 'NONE');
#4900 =( NAMED_UNIT ( * ) SI_UNIT ( $, .STERADIAN. ) SOLID_ANGLE_UNIT ( ) );
#4901 =( GEOMETRIC_REPRESENTATION_CONTEXT ( 3 ) GLOBAL_UNCERTAINTY_ASSIGNED_CONTEXT ( ( #4899 ) ) GLOBAL_UNIT_ASSIGNED_CONTEXT ( ( #4985, #4868, #4900 ) ) REPRESENTATION_CONTEXT ( 'NONE', 'WORKASPACE' ) );
#4902 = FILL_AREA_STYLE ('',( #4903 ) ) ;
#4903 = FILL_AREA_STYLE_COLOUR ( '', #4904 ) ;
#4904 = COLOUR_RGB ( '',1.000000000000000000, 0.8588235294117646500, 0.5568627450980392400 ) ;
#4905 = DIRECTION ( 'NONE',  ( 1.384382429221754800E-015, -1.000000000000000000, 0.0000000000000000000 ) ) ;
#4906 = DIRECTION ( 'NONE',  ( 1.000000000000000000, 1.365763953267363700E-015, -1.707204941584204600E-016 ) ) ;
#4907 = AXIS2_PLACEMENT_3D ( 'NONE', #4909, #4906, #4905 ) ;
#4908 =( BOUNDED_SURFACE ( )  B_SPLINE_SURFACE ( 3, 3, ( 
 ( #4855, #4854, #4853, #4852 ),
 ( #4851, #4850, #4849, #4848 ),
 ( #4640, #4781, #5037, #5141 ),
 ( #5073, #5072, #5123, #5080 ) ),
 .UNSPECIFIED., .F., .F., .T. ) 
 B_SPLINE_SURFACE_WITH_KNOTS ( ( 4, 4 ),
 ( 4, 4 ),
 ( 0.0000000000000000000, 1.000000000000000000 ),
 ( 0.0000000000000000000, 1.000000000000000000 ),
 .UNSPECIFIED. ) 
 GEOMETRIC_REPRESENTATION_ITEM ( )  RATIONAL_B_SPLINE_SURFACE ( (
 ( 1.000000000000000000, 0.8045718495527387500, 0.8045718495527387500, 1.000000000000000000),
 ( 0.9621642428582273300, 0.7741302644499544700, 0.7741302644499544700, 0.9621642428582273300),
 ( 0.9621642428582273300, 0.7741302644499544700, 0.7741302644499544700, 0.9621642428582273300),
 ( 1.000000000000000000, 0.8045718495527387500, 0.8045718495527387500, 1.000000000000000000) ) ) 
 REPRESENTATION_ITEM ( '' )  SURFACE ( )  );
#4909 = CARTESIAN_POINT ( 'NONE',  ( 0.6308272021960997800, 2.921442566818510200, -1.793148800632546700 ) ) ;
#4910 = CIRCLE ( 'NONE', #4907, 0.9398000000000001900 ) ;
#4911 = FACE_OUTER_BOUND ( 'NONE', #7852, .T. ) ;
#4912 =( GEOMETRIC_REPRESENTATION_CONTEXT ( 3 ) GLOBAL_UNCERTAINTY_ASSIGNED_CONTEXT ( ( #4913 ) ) GLOBAL_UNIT_ASSIGNED_CONTEXT ( ( #4916, #4915, #4914 ) ) REPRESENTATION_CONTEXT ( 'NONE', 'WORKASPACE' ) );
#4913 = UNCERTAINTY_MEASURE_WITH_UNIT (LENGTH_MEASURE( 1.000000000000000100E-005 ), #4916, 'distance_accuracy_value', 'NONE');
#4914 =( NAMED_UNIT ( * ) SI_UNIT ( $, .STERADIAN. ) SOLID_ANGLE_UNIT ( ) );
#4915 =( NAMED_UNIT ( * ) PLANE_ANGLE_UNIT ( ) SI_UNIT ( $, .RADIAN. ) );
#4916 =( LENGTH_UNIT ( ) NAMED_UNIT ( * ) SI_UNIT ( .MILLI., .METRE. ) );
#4917 = MECHANICAL_DESIGN_GEOMETRIC_PRESENTATION_REPRESENTATION (  '', ( #4970 ), #4912 ) ;
#4918 = PRESENTATION_LAYER_ASSIGNMENT (  '', '', ( #4631 ) ) ;
#4919 = CARTESIAN_POINT ( 'NONE',  ( -5.566772797803897000, 4.879392129282272200, -2.001162001306644500 ) ) ;
#4920 = LINE ( 'NONE', #4919, #4847 ) ;
#4921 = CARTESIAN_POINT ( 'NONE',  ( -5.566772797803897000, 4.879392129282272200, -2.001162001306644900 ) ) ;
#4922 = CARTESIAN_POINT ( 'NONE',  ( -5.566772797803897000, 4.750578083103709700, -1.724919387817872800 ) ) ;
#4923 = DIRECTION ( 'NONE',  ( 2.926979993211705300E-015, 0.9063077870366537100, 0.4226182617406912800 ) ) ;
#4924 = VECTOR ( 'NONE', #4923, 1000.000000000000100 ) ;
#4925 = CARTESIAN_POINT ( 'NONE',  ( -5.566772797803897000, 4.750578083103709700, -1.724919387817872600 ) ) ;
#4926 = DIRECTION ( 'NONE',  ( 2.549148016532384000E-015, 1.000000000000000000, 0.0000000000000000000 ) ) ;
#4927 = DIRECTION ( 'NONE',  ( 1.000000000000000000, -2.549148016532384000E-015, -1.459159130936320300E-015 ) ) ;
#4928 = CARTESIAN_POINT ( 'NONE',  ( -5.566772797803897000, 4.879392129282272200, -2.001162001306644500 ) ) ;
#4929 = AXIS2_PLACEMENT_3D ( 'NONE', #4928, #4927, #4926 ) ;
#4930 = LINE ( 'NONE', #4925, #4924 ) ;
#4931 = PLANE ( 'NONE',  #4929 ) ;
#4932 =( GEOMETRIC_REPRESENTATION_CONTEXT ( 3 ) GLOBAL_UNCERTAINTY_ASSIGNED_CONTEXT ( ( #4993 ) ) GLOBAL_UNIT_ASSIGNED_CONTEXT ( ( #4996, #4995, #4994 ) ) REPRESENTATION_CONTEXT ( 'NONE', 'WORKASPACE' ) );
#4933 = UNCERTAINTY_MEASURE_WITH_UNIT (LENGTH_MEASURE( 1.000000000000000100E-005 ), #4865, 'distance_accuracy_value', 'NONE');
#4934 =( NAMED_UNIT ( * ) SI_UNIT ( $, .STERADIAN. ) SOLID_ANGLE_UNIT ( ) );
#4935 =( NAMED_UNIT ( * ) PLANE_ANGLE_UNIT ( ) SI_UNIT ( $, .RADIAN. ) );
#4936 = CARTESIAN_POINT ( 'NONE',  ( 0.6308272021961014400, 3.267976883931102500, -2.752577270681595000 ) ) ;
#4937 = PLANE ( 'NONE',  #4953 ) ;
#4938 =( GEOMETRIC_REPRESENTATION_CONTEXT ( 3 ) GLOBAL_UNCERTAINTY_ASSIGNED_CONTEXT ( ( #4933 ) ) GLOBAL_UNIT_ASSIGNED_CONTEXT ( ( #4865, #4935, #4934 ) ) REPRESENTATION_CONTEXT ( 'NONE', 'WORKASPACE' ) );
#4939 = UNCERTAINTY_MEASURE_WITH_UNIT (LENGTH_MEASURE( 1.000000000000000100E-005 ), #4942, 'distance_accuracy_value', 'NONE');
#4940 =( NAMED_UNIT ( * ) SI_UNIT ( $, .STERADIAN. ) SOLID_ANGLE_UNIT ( ) );
#4941 =( NAMED_UNIT ( * ) PLANE_ANGLE_UNIT ( ) SI_UNIT ( $, .RADIAN. ) );
#4942 =( LENGTH_UNIT ( ) NAMED_UNIT ( * ) SI_UNIT ( .MILLI., .METRE. ) );
#4943 = CARTESIAN_POINT ( 'NONE',  ( -5.566772797803902300, 2.886781373054751600, -2.431832995535886200 ) ) ;
#4944 = DIRECTION ( 'NONE',  ( -2.845674993400266100E-015, 0.9848077530122074700, -0.1736481776669335800 ) ) ;
#4945 = VECTOR ( 'NONE', #4944, 1000.000000000000000 ) ;
#4946 = CARTESIAN_POINT ( 'NONE',  ( -5.566772797803902300, 2.886781373054746700, -2.431832995535879500 ) ) ;
#4947 = LINE ( 'NONE', #4946, #4945 ) ;
#4948 = VECTOR ( 'NONE', #4949, 1000.000000000000000 ) ;
#4949 = DIRECTION ( 'NONE',  ( 1.000000000000000000, 1.126834068684769000E-015, -2.644100359515479200E-016 ) ) ;
#4950 = CARTESIAN_POINT ( 'NONE',  ( -5.566772797803898800, 3.371426735005268700, 1.575730621925860700 ) ) ;
#4951 = DIRECTION ( 'NONE',  ( 0.0000000000000000000, -0.9063077870366537100, -0.4226182617406912800 ) ) ;
#4952 = DIRECTION ( 'NONE',  ( -2.365837808242182900E-016, 0.4226182617406912800, -0.9063077870366537100 ) ) ;
#4953 = AXIS2_PLACEMENT_3D ( 'NONE', #4936, #4952, #4951 ) ;
#4954 = LINE ( 'NONE', #4950, #4948 ) ;
#4955 = AXIS2_PLACEMENT_3D ( 'NONE', #4962, #5014, #5013 ) ;
#4956 = CIRCLE ( 'NONE', #4955, 0.6350000000000001200 ) ;
#4957 = DIRECTION ( 'NONE',  ( 1.365923996832131200E-015, -1.000000000000000000, 0.0000000000000000000 ) ) ;
#4958 = DIRECTION ( 'NONE',  ( 1.000000000000000000, 1.365763953267363700E-015, -1.707204941584204600E-016 ) ) ;
#4959 = CARTESIAN_POINT ( 'NONE',  ( 0.6308272021960997800, 2.921442566818510200, -1.793148800632546700 ) ) ;
#4960 = AXIS2_PLACEMENT_3D ( 'NONE', #4959, #4958, #4957 ) ;
#4961 = CIRCLE ( 'NONE', #4960, 0.6350000000000001200 ) ;
#4962 = CARTESIAN_POINT ( 'NONE',  ( -5.566772797803902300, 2.921442566818501800, -1.793148800632545600 ) ) ;
#4963 = CARTESIAN_POINT ( 'NONE',  ( 0.6308272021961032200, 4.750578083103711400, -1.724919387817873500 ) ) ;
#4964 = DIRECTION ( 'NONE',  ( 2.451307792265754800E-016, -0.4226182617406915000, 0.9063077870366537100 ) ) ;
#4965 = VECTOR ( 'NONE', #4964, 999.9999999999998900 ) ;
#4966 = CARTESIAN_POINT ( 'NONE',  ( 0.6308272021961032200, 4.879392129282273900, -2.001162001306644900 ) ) ;
#4967 = LINE ( 'NONE', #4966, #4965 ) ;
#4968 = MECHANICAL_DESIGN_GEOMETRIC_PRESENTATION_REPRESENTATION (  '', ( #4631 ), #4901 ) ;
#4969 = PRESENTATION_LAYER_ASSIGNMENT (  '', '', ( #4970 ) ) ;
#4970 = STYLED_ITEM ( 'NONE', ( #4971 ), #7913 ) ;
#4971 = PRESENTATION_STYLE_ASSIGNMENT (( #4972 ) ) ;
#4972 = SURFACE_STYLE_USAGE ( .BOTH. , #4973 ) ;
#4973 = SURFACE_SIDE_STYLE ('',( #4974 ) ) ;
#4974 = SURFACE_STYLE_FILL_AREA ( #4975 ) ;
#4975 = FILL_AREA_STYLE ('',( #4981 ) ) ;
#4976 = COLOUR_RGB ( '',1.000000000000000000, 0.8588235294117646500, 0.5568627450980392400 ) ;
#4977 = FACE_OUTER_BOUND ( 'NONE', #8112, .T. ) ;
#4978 = DIRECTION ( 'NONE',  ( -9.756599977372360700E-016, -0.9063077870366537100, 0.4226182617406912800 ) ) ;
#4979 = VECTOR ( 'NONE', #4978, 1000.000000000000100 ) ;
#4980 = CARTESIAN_POINT ( 'NONE',  ( 0.6308272021961014400, 3.267976883931102500, 1.960279669416504600 ) ) ;
#4981 = FILL_AREA_STYLE_COLOUR ( '', #4976 ) ;
#4982 = DIRECTION ( 'NONE',  ( -7.806515096335447200E-016, -1.000000000000000000, 0.0000000000000000000 ) ) ;
#4983 = DIRECTION ( 'NONE',  ( -1.000000000000000000, 7.806515096335447200E-016, 6.344956663490459700E-016 ) ) ;
#4984 = LINE ( 'NONE', #4829, #4828 ) ;
#4985 =( LENGTH_UNIT ( ) NAMED_UNIT ( * ) SI_UNIT ( .MILLI., .METRE. ) );
#4986 = DIRECTION ( 'NONE',  ( -2.549148016532384000E-015, -1.000000000000000000, 0.0000000000000000000 ) ) ;
#4987 = DIRECTION ( 'NONE',  ( -1.000000000000000000, 2.549148016532384000E-015, -1.459159130936320300E-015 ) ) ;
#4988 = CARTESIAN_POINT ( 'NONE',  ( -5.566772797803897000, 4.879392129282272200, 1.208864400041554300 ) ) ;
#4989 = AXIS2_PLACEMENT_3D ( 'NONE', #4988, #4987, #4986 ) ;
#4990 = LINE ( 'NONE', #4980, #4979 ) ;
#4991 = PLANE ( 'NONE',  #4989 ) ;
#4992 =( GEOMETRIC_REPRESENTATION_CONTEXT ( 3 ) GLOBAL_UNCERTAINTY_ASSIGNED_CONTEXT ( ( #4939 ) ) GLOBAL_UNIT_ASSIGNED_CONTEXT ( ( #4942, #4941, #4940 ) ) REPRESENTATION_CONTEXT ( 'NONE', 'WORKASPACE' ) );
#4993 = UNCERTAINTY_MEASURE_WITH_UNIT (LENGTH_MEASURE( 1.000000000000000100E-005 ), #4996, 'distance_accuracy_value', 'NONE');
#4994 =( NAMED_UNIT ( * ) SI_UNIT ( $, .STERADIAN. ) SOLID_ANGLE_UNIT ( ) );
#4995 =( NAMED_UNIT ( * ) PLANE_ANGLE_UNIT ( ) SI_UNIT ( $, .RADIAN. ) );
#4996 =( LENGTH_UNIT ( ) NAMED_UNIT ( * ) SI_UNIT ( .MILLI., .METRE. ) );
#4997 = MECHANICAL_DESIGN_GEOMETRIC_PRESENTATION_REPRESENTATION (  '', ( #4999 ), #4932 ) ;
#4998 = PRESENTATION_LAYER_ASSIGNMENT (  '', '', ( #4999 ) ) ;
#4999 = STYLED_ITEM ( 'NONE', ( #5000 ), #7888 ) ;
#5000 = PRESENTATION_STYLE_ASSIGNMENT (( #5001 ) ) ;
#5001 = SURFACE_STYLE_USAGE ( .BOTH. , #5002 ) ;
#5002 = SURFACE_SIDE_STYLE ('',( #5003 ) ) ;
#5003 = SURFACE_STYLE_FILL_AREA ( #5004 ) ;
#5004 = FILL_AREA_STYLE ('',( #5011 ) ) ;
#5005 = COLOUR_RGB ( '',1.000000000000000000, 0.8588235294117646500, 0.5568627450980392400 ) ;
#5006 = FACE_OUTER_BOUND ( 'NONE', #7889, .T. ) ;
#5007 = DIRECTION ( 'NONE',  ( -1.000000000000000000, -8.433194927096248500E-016, -1.322050179757741300E-016 ) ) ;
#5008 = VECTOR ( 'NONE', #5007, 1000.000000000000000 ) ;
#5009 = CARTESIAN_POINT ( 'NONE',  ( 0.6308272021961023300, 3.371426735005272200, -2.368028223190950900 ) ) ;
#5010 = LINE ( 'NONE', #5009, #5008 ) ;
#5011 = FILL_AREA_STYLE_COLOUR ( '', #5005 ) ;
#5012 = CARTESIAN_POINT ( 'NONE',  ( 0.6308272021961005600, 2.833853408501867000, -2.732002398654001000 ) ) ;
#5013 = DIRECTION ( 'NONE',  ( 1.365923996832131200E-015, -1.000000000000000000, 0.0000000000000000000 ) ) ;
#5014 = DIRECTION ( 'NONE',  ( -1.000000000000000000, -1.365763953267363700E-015, 1.707204941584204600E-016 ) ) ;
#5015 = PLANE ( 'NONE',  #5171 ) ;
#5016 = CARTESIAN_POINT ( 'NONE',  ( 1.242609159078362800, 3.557140874836581800, -0.3961488006325295000 ) ) ;
#5017 =( GEOMETRIC_REPRESENTATION_CONTEXT ( 3 ) GLOBAL_UNCERTAINTY_ASSIGNED_CONTEXT ( ( #5018 ) ) GLOBAL_UNIT_ASSIGNED_CONTEXT ( ( #5176, #5175, #5019 ) ) REPRESENTATION_CONTEXT ( 'NONE', 'WORKASPACE' ) );
#5018 = UNCERTAINTY_MEASURE_WITH_UNIT (LENGTH_MEASURE( 1.000000000000000100E-005 ), #5176, 'distance_accuracy_value', 'NONE');
#5019 =( NAMED_UNIT ( * ) SI_UNIT ( $, .STERADIAN. ) SOLID_ANGLE_UNIT ( ) );
#5020 = CARTESIAN_POINT ( 'NONE',  ( 7.743525510214176700, 1.473642566818507800, -0.3961488006325448700 ) ) ;
#5021 = PLANE ( 'NONE',  #5077 ) ;
#5022 =( GEOMETRIC_REPRESENTATION_CONTEXT ( 3 ) GLOBAL_UNCERTAINTY_ASSIGNED_CONTEXT ( ( #5069 ) ) GLOBAL_UNIT_ASSIGNED_CONTEXT ( ( #5122, #5174, #5173 ) ) REPRESENTATION_CONTEXT ( 'NONE', 'WORKASPACE' ) );
#5023 = MECHANICAL_DESIGN_GEOMETRIC_PRESENTATION_REPRESENTATION (  '', ( #5025 ), #5022 ) ;
#5024 = PRESENTATION_LAYER_ASSIGNMENT (  '', '', ( #5025 ) ) ;
#5025 = STYLED_ITEM ( 'NONE', ( #5026 ), #7915 ) ;
#5026 = PRESENTATION_STYLE_ASSIGNMENT (( #5027 ) ) ;
#5027 = SURFACE_STYLE_USAGE ( .BOTH. , #5028 ) ;
#5028 = SURFACE_SIDE_STYLE ('',( #5210 ) ) ;
#5029 = MECHANICAL_DESIGN_GEOMETRIC_PRESENTATION_REPRESENTATION (  '', ( #5031 ), #5055 ) ;
#5030 = PRESENTATION_LAYER_ASSIGNMENT (  '', '', ( #5031 ) ) ;
#5031 = STYLED_ITEM ( 'NONE', ( #5032 ), #7919 ) ;
#5032 = PRESENTATION_STYLE_ASSIGNMENT (( #5033 ) ) ;
#5033 = SURFACE_STYLE_USAGE ( .BOTH. , #5034 ) ;
#5034 = SURFACE_SIDE_STYLE ('',( #5035 ) ) ;
#5035 = SURFACE_STYLE_FILL_AREA ( #5036 ) ;
#5036 = FILL_AREA_STYLE ('',( #5074 ) ) ;
#5037 = CARTESIAN_POINT ( 'NONE',  ( 6.076114435085386000, 2.184371974154737400, -0.2440389369443675100 ) ) ;
#5038 = FILL_AREA_STYLE ('',( #5039 ) ) ;
#5039 = FILL_AREA_STYLE_COLOUR ( '', #5211 ) ;
#5040 =( LENGTH_UNIT ( ) NAMED_UNIT ( * ) SI_UNIT ( .MILLI., .METRE. ) );
#5041 = MECHANICAL_DESIGN_GEOMETRIC_PRESENTATION_REPRESENTATION (  '', ( #5043 ), #5118 ) ;
#5042 = PRESENTATION_LAYER_ASSIGNMENT (  '', '', ( #5043 ) ) ;
#5043 = STYLED_ITEM ( 'NONE', ( #5044 ), #7930 ) ;
#5044 = PRESENTATION_STYLE_ASSIGNMENT (( #5045 ) ) ;
#5045 = SURFACE_STYLE_USAGE ( .BOTH. , #5046 ) ;
#5046 = SURFACE_SIDE_STYLE ('',( #5047 ) ) ;
#5047 = SURFACE_STYLE_FILL_AREA ( #5048 ) ;
#5048 = FILL_AREA_STYLE ('',( #5049 ) ) ;
#5049 = FILL_AREA_STYLE_COLOUR ( '', #5050 ) ;
#5050 = COLOUR_RGB ( '',1.000000000000000000, 0.8588235294117646500, 0.5568627450980392400 ) ;
#5051 = CARTESIAN_POINT ( 'NONE',  ( 7.743525510214176700, -7.606857433181492200, -0.3961488006325132300 ) ) ;
#5052 = AXIS2_PLACEMENT_3D ( 'NONE', #5051, #5062, #5061 ) ;
#5053 = CARTESIAN_POINT ( 'NONE',  ( -5.566772797803902300, 2.921442566818501800, -1.793148800632545600 ) ) ;
#5054 = PLANE ( 'NONE',  #5052 ) ;
#5055 =( GEOMETRIC_REPRESENTATION_CONTEXT ( 3 ) GLOBAL_UNCERTAINTY_ASSIGNED_CONTEXT ( ( #5106 ) ) GLOBAL_UNIT_ASSIGNED_CONTEXT ( ( #5071, #5070, #5107 ) ) REPRESENTATION_CONTEXT ( 'NONE', 'WORKASPACE' ) );
#5056 = DIRECTION ( 'NONE',  ( 9.229216194811698500E-016, -1.000000000000000000, 0.0000000000000000000 ) ) ;
#5057 = DIRECTION ( 'NONE',  ( -1.000000000000000000, -1.365763953267363700E-015, 1.707204941584204600E-016 ) ) ;
#5058 = AXIS2_PLACEMENT_3D ( 'NONE', #5053, #5057, #5056 ) ;
#5059 = CIRCLE ( 'NONE', #5058, 0.9398000000000001900 ) ;
#5060 = FACE_OUTER_BOUND ( 'NONE', #7870, .T. ) ;
#5061 = DIRECTION ( 'NONE',  ( 0.0000000000000000000, 3.491483361109382100E-015, 1.000000000000000000 ) ) ;
#5062 = DIRECTION ( 'NONE',  ( 0.0000000000000000000, 1.000000000000000000, -3.491483361109382100E-015 ) ) ;
#5063 = DIRECTION ( 'NONE',  ( 0.0000000000000000000, 0.4226182617406915000, -0.9063077870366536000 ) ) ;
#5064 = DIRECTION ( 'NONE',  ( 1.945318324228778200E-016, -0.9063077870366537100, -0.4226182617406915600 ) ) ;
#5065 = CARTESIAN_POINT ( 'NONE',  ( 0.6308272021961032200, 4.879392129282273900, -2.001162001306645300 ) ) ;
#5066 = AXIS2_PLACEMENT_3D ( 'NONE', #5065, #5064, #5063 ) ;
#5067 = PLANE ( 'NONE',  #5066 ) ;
#5068 =( GEOMETRIC_REPRESENTATION_CONTEXT ( 3 ) GLOBAL_UNCERTAINTY_ASSIGNED_CONTEXT ( ( #5163 ) ) GLOBAL_UNIT_ASSIGNED_CONTEXT ( ( #5124, #5165, #5164 ) ) REPRESENTATION_CONTEXT ( 'NONE', 'WORKASPACE' ) );
#5069 = UNCERTAINTY_MEASURE_WITH_UNIT (LENGTH_MEASURE( 1.000000000000000100E-005 ), #5122, 'distance_accuracy_value', 'NONE');
#5070 =( NAMED_UNIT ( * ) PLANE_ANGLE_UNIT ( ) SI_UNIT ( $, .RADIAN. ) );
#5071 =( LENGTH_UNIT ( ) NAMED_UNIT ( * ) SI_UNIT ( .MILLI., .METRE. ) );
#5072 = CARTESIAN_POINT ( 'NONE',  ( 6.472952876051930800, 1.949821124113716000, 0.04835122292010704500 ) ) ;
#5073 = CARTESIAN_POINT ( 'NONE',  ( 6.472827134865822200, 1.473427934637921300, 0.04835122292010703800 ) ) ;
#5074 = FILL_AREA_STYLE_COLOUR ( '', #5078 ) ;
#5075 = DIRECTION ( 'NONE',  ( 0.0000000000000000000, 3.491483361109382100E-015, 1.000000000000000000 ) ) ;
#5076 = DIRECTION ( 'NONE',  ( 0.0000000000000000000, 1.000000000000000000, -3.491483361109382100E-015 ) ) ;
#5077 = AXIS2_PLACEMENT_3D ( 'NONE', #5020, #5076, #5075 ) ;
#5078 = COLOUR_RGB ( '',1.000000000000000000, 0.8588235294117646500, 0.5568627450980392400 ) ;
#5079 = FACE_OUTER_BOUND ( 'NONE', #8107, .T. ) ;
#5080 = CARTESIAN_POINT ( 'NONE',  ( 5.659669159078363900, 2.286442575057403100, 0.04835122292010703800 ) ) ;
#5081 = DIRECTION ( 'NONE',  ( 8.922050372365106600E-017, 0.1736481776669342700, 0.9848077530122073500 ) ) ;
#5082 = VECTOR ( 'NONE', #5081, 1000.000000000000000 ) ;
#5083 = CARTESIAN_POINT ( 'NONE',  ( -5.566772797803902300, 2.833853408501865200, -2.732002398654000500 ) ) ;
#5084 = DIRECTION ( 'NONE',  ( 0.0000000000000000000, 0.4226182617406915000, 0.9063077870366536000 ) ) ;
#5085 = DIRECTION ( 'NONE',  ( -1.945318324228778200E-016, 0.9063077870366537100, -0.4226182617406915600 ) ) ;
#5086 = CARTESIAN_POINT ( 'NONE',  ( 0.6308272021961032200, 4.879392129282273900, 1.208864400041554900 ) ) ;
#5087 = AXIS2_PLACEMENT_3D ( 'NONE', #5086, #5085, #5084 ) ;
#5088 = LINE ( 'NONE', #5083, #5082 ) ;
#5089 = PLANE ( 'NONE',  #5087 ) ;
#5090 =( GEOMETRIC_REPRESENTATION_CONTEXT ( 3 ) GLOBAL_UNCERTAINTY_ASSIGNED_CONTEXT ( ( #5091 ) ) GLOBAL_UNIT_ASSIGNED_CONTEXT ( ( #5094, #5093, #5092 ) ) REPRESENTATION_CONTEXT ( 'NONE', 'WORKASPACE' ) );
#5091 = UNCERTAINTY_MEASURE_WITH_UNIT (LENGTH_MEASURE( 1.000000000000000100E-005 ), #5094, 'distance_accuracy_value', 'NONE');
#5092 =( NAMED_UNIT ( * ) SI_UNIT ( $, .STERADIAN. ) SOLID_ANGLE_UNIT ( ) );
#5093 =( NAMED_UNIT ( * ) PLANE_ANGLE_UNIT ( ) SI_UNIT ( $, .RADIAN. ) );
#5094 =( LENGTH_UNIT ( ) NAMED_UNIT ( * ) SI_UNIT ( .MILLI., .METRE. ) );
#5095 = MECHANICAL_DESIGN_GEOMETRIC_PRESENTATION_REPRESENTATION (  '', ( #5097 ), #5090 ) ;
#5096 = PRESENTATION_LAYER_ASSIGNMENT (  '', '', ( #5097 ) ) ;
#5097 = STYLED_ITEM ( 'NONE', ( #5098 ), #7938 ) ;
#5098 = PRESENTATION_STYLE_ASSIGNMENT (( #5099 ) ) ;
#5099 = SURFACE_STYLE_USAGE ( .BOTH. , #5100 ) ;
#5100 = SURFACE_SIDE_STYLE ('',( #5101 ) ) ;
#5101 = SURFACE_STYLE_FILL_AREA ( #5102 ) ;
#5102 = FILL_AREA_STYLE ('',( #5111 ) ) ;
#5103 = COLOUR_RGB ( '',1.000000000000000000, 0.8588235294117646500, 0.5568627450980392400 ) ;
#5104 = FACE_OUTER_BOUND ( 'NONE', #7845, .T. ) ;
#5105 = DIRECTION ( 'NONE',  ( 1.000000000000000000, 2.762903407593354100E-016, 1.322050179757739100E-016 ) ) ;
#5106 = UNCERTAINTY_MEASURE_WITH_UNIT (LENGTH_MEASURE( 1.000000000000000100E-005 ), #5071, 'distance_accuracy_value', 'NONE');
#5107 =( NAMED_UNIT ( * ) SI_UNIT ( $, .STERADIAN. ) SOLID_ANGLE_UNIT ( ) );
#5108 = VECTOR ( 'NONE', #5105, 1000.000000000000000 ) ;
#5109 = CARTESIAN_POINT ( 'NONE',  ( 0.6308272021961014400, 4.750578083103711400, 0.9326217865527831600 ) ) ;
#5110 = LINE ( 'NONE', #5109, #5108 ) ;
#5111 = FILL_AREA_STYLE_COLOUR ( '', #5103 ) ;
#5112 = DIRECTION ( 'NONE',  ( 0.0000000000000000000, -0.1736481776669337700, -0.9848077530122074700 ) ) ;
#5113 = DIRECTION ( 'NONE',  ( -1.000000000000000000, -1.365763953267363700E-015, 1.707204941584204600E-016 ) ) ;
#5114 = AXIS2_PLACEMENT_3D ( 'NONE', #5117, #5113, #5112 ) ;
#5115 = CYLINDRICAL_SURFACE ( 'NONE', #5114, 0.9398000000000006300 ) ;
#5116 = CARTESIAN_POINT ( 'NONE',  ( -5.566772797803897000, 4.750578083103709700, 0.9326217865527823800 ) ) ;
#5117 = CARTESIAN_POINT ( 'NONE',  ( -5.566772797803902300, 2.921442566818501800, -1.793148800632545600 ) ) ;
#5118 =( GEOMETRIC_REPRESENTATION_CONTEXT ( 3 ) GLOBAL_UNCERTAINTY_ASSIGNED_CONTEXT ( ( #5119 ) ) GLOBAL_UNIT_ASSIGNED_CONTEXT ( ( #5040, #5121, #5120 ) ) REPRESENTATION_CONTEXT ( 'NONE', 'WORKASPACE' ) );
#5119 = UNCERTAINTY_MEASURE_WITH_UNIT (LENGTH_MEASURE( 1.000000000000000100E-005 ), #5040, 'distance_accuracy_value', 'NONE');
#5120 =( NAMED_UNIT ( * ) SI_UNIT ( $, .STERADIAN. ) SOLID_ANGLE_UNIT ( ) );
#5121 =( NAMED_UNIT ( * ) PLANE_ANGLE_UNIT ( ) SI_UNIT ( $, .RADIAN. ) );
#5122 =( LENGTH_UNIT ( ) NAMED_UNIT ( * ) SI_UNIT ( .MILLI., .METRE. ) );
#5123 = CARTESIAN_POINT ( 'NONE',  ( 6.136062318985466400, 2.286652297476888100, 0.04835122292010704500 ) ) ;
#5124 =( LENGTH_UNIT ( ) NAMED_UNIT ( * ) SI_UNIT ( .MILLI., .METRE. ) );
#5125 = MECHANICAL_DESIGN_GEOMETRIC_PRESENTATION_REPRESENTATION (  '', ( #5127 ), #5068 ) ;
#5126 = PRESENTATION_LAYER_ASSIGNMENT (  '', '', ( #5127 ) ) ;
#5127 = STYLED_ITEM ( 'NONE', ( #5128 ), #7966 ) ;
#5128 = PRESENTATION_STYLE_ASSIGNMENT (( #5129 ) ) ;
#5129 = SURFACE_STYLE_USAGE ( .BOTH. , #5130 ) ;
#5130 = SURFACE_SIDE_STYLE ('',( #5131 ) ) ;
#5131 = SURFACE_STYLE_FILL_AREA ( #5132 ) ;
#5132 = FILL_AREA_STYLE ('',( #5140 ) ) ;
#5133 = COLOUR_RGB ( '',1.000000000000000000, 0.8588235294117646500, 0.5568627450980392400 ) ;
#5134 = FACE_OUTER_BOUND ( 'NONE', #7967, .T. ) ;
#5135 = DIRECTION ( 'NONE',  ( -3.557093741750345600E-015, 0.0000000000000000000, -1.000000000000000000 ) ) ;
#5136 = DIRECTION ( 'NONE',  ( -1.000000000000000000, -0.0000000000000000000, 3.491483361109382100E-015 ) ) ;
#5137 = CARTESIAN_POINT ( 'NONE',  ( 1.242609159078351700, 3.429281725262189900, -0.3763455135086055700 ) ) ;
#5138 = AXIS2_PLACEMENT_3D ( 'NONE', #5137, #5136, #5135 ) ;
#5139 = CIRCLE ( 'NONE', #5138, 1.219199999999999000 ) ;
#5140 = FILL_AREA_STYLE_COLOUR ( '', #5133 ) ;
#5141 = CARTESIAN_POINT ( 'NONE',  ( 5.659669159078363000, 2.184162251735251900, -0.2440389369443674800 ) ) ;
#5142 =( NAMED_UNIT ( * ) PLANE_ANGLE_UNIT ( ) SI_UNIT ( $, .RADIAN. ) );
#5143 =( LENGTH_UNIT ( ) NAMED_UNIT ( * ) SI_UNIT ( .MILLI., .METRE. ) );
#5144 = MECHANICAL_DESIGN_GEOMETRIC_PRESENTATION_REPRESENTATION (  '', ( #5146 ), #5207 ) ;
#5145 = PRESENTATION_LAYER_ASSIGNMENT (  '', '', ( #5146 ) ) ;
#5146 = STYLED_ITEM ( 'NONE', ( #5147 ), #7948 ) ;
#5147 = PRESENTATION_STYLE_ASSIGNMENT (( #5148 ) ) ;
#5148 = SURFACE_STYLE_USAGE ( .BOTH. , #5149 ) ;
#5149 = SURFACE_SIDE_STYLE ('',( #5150 ) ) ;
#5150 = SURFACE_STYLE_FILL_AREA ( #5151 ) ;
#5151 = FILL_AREA_STYLE ('',( #5157 ) ) ;
#5152 = COLOUR_RGB ( '',1.000000000000000000, 0.8588235294117646500, 0.5568627450980392400 ) ;
#5153 = FACE_OUTER_BOUND ( 'NONE', #7949, .T. ) ;
#5154 = DIRECTION ( 'NONE',  ( 1.000000000000000000, 2.762903407593354100E-016, -1.322050179757739100E-016 ) ) ;
#5155 = VECTOR ( 'NONE', #5154, 1000.000000000000000 ) ;
#5156 = CARTESIAN_POINT ( 'NONE',  ( 0.6308272021961014400, 4.879392129282273900, -2.001162001306645800 ) ) ;
#5157 = FILL_AREA_STYLE_COLOUR ( '', #5152 ) ;
#5158 = LINE ( 'NONE', #5156, #5155 ) ;
#5159 = DIRECTION ( 'NONE',  ( -2.845674993400266100E-015, 0.9848077530122074700, -0.1736481776669335800 ) ) ;
#5160 = VECTOR ( 'NONE', #5159, 1000.000000000000000 ) ;
#5161 = CARTESIAN_POINT ( 'NONE',  ( -5.566772797803900600, 2.233514602265606300, -2.626146469548234400 ) ) ;
#5162 = LINE ( 'NONE', #5161, #5160 ) ;
#5163 = UNCERTAINTY_MEASURE_WITH_UNIT (LENGTH_MEASURE( 1.000000000000000100E-005 ), #5124, 'distance_accuracy_value', 'NONE');
#5164 =( NAMED_UNIT ( * ) SI_UNIT ( $, .STERADIAN. ) SOLID_ANGLE_UNIT ( ) );
#5165 =( NAMED_UNIT ( * ) PLANE_ANGLE_UNIT ( ) SI_UNIT ( $, .RADIAN. ) );
#5166 = DIRECTION ( 'NONE',  ( 1.000000000000000000, 2.762903407593354600E-016, -1.322050179757738900E-016 ) ) ;
#5167 = VECTOR ( 'NONE', #5166, 1000.000000000000000 ) ;
#5168 = CARTESIAN_POINT ( 'NONE',  ( 0.6308272021961032200, 4.750578083103711400, -1.724919387817873700 ) ) ;
#5169 = DIRECTION ( 'NONE',  ( -3.491483361109382100E-015, 0.0000000000000000000, -1.000000000000000000 ) ) ;
#5170 = DIRECTION ( 'NONE',  ( 1.000000000000000000, 0.0000000000000000000, -3.491483361109382100E-015 ) ) ;
#5171 = AXIS2_PLACEMENT_3D ( 'NONE', #5016, #5170, #5169 ) ;
#5172 = LINE ( 'NONE', #5168, #5167 ) ;
#5173 =( NAMED_UNIT ( * ) SI_UNIT ( $, .STERADIAN. ) SOLID_ANGLE_UNIT ( ) );
#5174 =( NAMED_UNIT ( * ) PLANE_ANGLE_UNIT ( ) SI_UNIT ( $, .RADIAN. ) );
#5175 =( NAMED_UNIT ( * ) PLANE_ANGLE_UNIT ( ) SI_UNIT ( $, .RADIAN. ) );
#5176 =( LENGTH_UNIT ( ) NAMED_UNIT ( * ) SI_UNIT ( .MILLI., .METRE. ) );
#5177 = MECHANICAL_DESIGN_GEOMETRIC_PRESENTATION_REPRESENTATION (  '', ( #5179 ), #5017 ) ;
#5178 = PRESENTATION_LAYER_ASSIGNMENT (  '', '', ( #5179 ) ) ;
#5179 = STYLED_ITEM ( 'NONE', ( #5180 ), #7957 ) ;
#5180 = PRESENTATION_STYLE_ASSIGNMENT (( #5181 ) ) ;
#5181 = SURFACE_STYLE_USAGE ( .BOTH. , #5182 ) ;
#5182 = SURFACE_SIDE_STYLE ('',( #5183 ) ) ;
#5183 = SURFACE_STYLE_FILL_AREA ( #5184 ) ;
#5184 = FILL_AREA_STYLE ('',( #5185 ) ) ;
#5185 = FILL_AREA_STYLE_COLOUR ( '', #5186 ) ;
#5186 = COLOUR_RGB ( '',1.000000000000000000, 0.8588235294117646500, 0.5568627450980392400 ) ;
#5187 = DIRECTION ( 'NONE',  ( -3.221518860453139200E-015, 0.0000000000000000000, -1.000000000000000000 ) ) ;
#5188 = DIRECTION ( 'NONE',  ( 1.000000000000000000, 0.0000000000000000000, -3.491483361109382100E-015 ) ) ;
#5189 = CARTESIAN_POINT ( 'NONE',  ( 5.659669159078362100, 3.252340874836586100, -0.3961488006325522600 ) ) ;
#5190 = AXIS2_PLACEMENT_3D ( 'NONE', #5189, #5188, #5187 ) ;
#5191 = CIRCLE ( 'NONE', #5190, 1.346200000000000500 ) ;
#5192 = FACE_OUTER_BOUND ( 'NONE', #7958, .T. ) ;
#5193 = DIRECTION ( 'NONE',  ( -3.221518860453141600E-015, 0.0000000000000000000, -1.000000000000000000 ) ) ;
#5194 = DIRECTION ( 'NONE',  ( -1.000000000000000000, -0.0000000000000000000, 3.491483361109382100E-015 ) ) ;
#5195 = CARTESIAN_POINT ( 'NONE',  ( 5.659669159078362100, 3.557140874836581800, -0.3961488006325448700 ) ) ;
#5196 = AXIS2_PLACEMENT_3D ( 'NONE', #5195, #5194, #5193 ) ;
#5197 = CIRCLE ( 'NONE', #5196, 1.346199999999999600 ) ;
#5198 = DIRECTION ( 'NONE',  ( 2.926979993211705300E-015, 0.9063077870366537100, -0.4226182617406912800 ) ) ;
#5199 = VECTOR ( 'NONE', #5198, 1000.000000000000100 ) ;
#5200 = CARTESIAN_POINT ( 'NONE',  ( -5.566772797803897000, 4.879392129282272200, 1.208864400041554300 ) ) ;
#5201 = LINE ( 'NONE', #5200, #5199 ) ;
#5202 = DIRECTION ( 'NONE',  ( 0.0000000000000000000, -0.9063077870366537100, -0.4226182617406912800 ) ) ;
#5203 = DIRECTION ( 'NONE',  ( -2.365837808242182900E-016, 0.4226182617406912800, -0.9063077870366537100 ) ) ;
#5204 = CARTESIAN_POINT ( 'NONE',  ( 0.6308272021961014400, 3.139162837752540000, -2.476334657192822900 ) ) ;
#5205 = AXIS2_PLACEMENT_3D ( 'NONE', #5204, #5203, #5202 ) ;
#5206 = PLANE ( 'NONE',  #5205 ) ;
#5207 =( GEOMETRIC_REPRESENTATION_CONTEXT ( 3 ) GLOBAL_UNCERTAINTY_ASSIGNED_CONTEXT ( ( #5208 ) ) GLOBAL_UNIT_ASSIGNED_CONTEXT ( ( #5143, #5142, #5209 ) ) REPRESENTATION_CONTEXT ( 'NONE', 'WORKASPACE' ) );
#5208 = UNCERTAINTY_MEASURE_WITH_UNIT (LENGTH_MEASURE( 1.000000000000000100E-005 ), #5143, 'distance_accuracy_value', 'NONE');
#5209 =( NAMED_UNIT ( * ) SI_UNIT ( $, .STERADIAN. ) SOLID_ANGLE_UNIT ( ) );
#5210 = SURFACE_STYLE_FILL_AREA ( #5038 ) ;
#5211 = COLOUR_RGB ( '',1.000000000000000000, 0.8588235294117646500, 0.5568627450980392400 ) ;
#5212 = FACE_OUTER_BOUND ( 'NONE', #7916, .T. ) ;
#5213 = CIRCLE ( 'NONE', #5242, 1.117599999999997300 ) ;
#5214 = DIRECTION ( 'NONE',  ( 2.451307792265754800E-016, -0.4226182617406915000, -0.9063077870366537100 ) ) ;
#5215 = VECTOR ( 'NONE', #5214, 999.9999999999998900 ) ;
#5216 = CARTESIAN_POINT ( 'NONE',  ( 0.6308272021961032200, 4.879392129282273900, 1.208864400041554900 ) ) ;
#5217 = LINE ( 'NONE', #5216, #5215 ) ;
#5218 = DIRECTION ( 'NONE',  ( -1.365763953267363700E-015, 1.000000000000000000, 0.0000000000000000000 ) ) ;
#5219 = DIRECTION ( 'NONE',  ( 1.000000000000000000, 1.365763953267363700E-015, -1.707204941584204600E-016 ) ) ;
#5220 = CARTESIAN_POINT ( 'NONE',  ( -5.566772797803902300, 2.921442566818501800, -1.793148800632545600 ) ) ;
#5221 = UNCERTAINTY_MEASURE_WITH_UNIT (LENGTH_MEASURE( 1.000000000000000100E-005 ), #5228, 'distance_accuracy_value', 'NONE');
#5222 =( NAMED_UNIT ( * ) SI_UNIT ( $, .STERADIAN. ) SOLID_ANGLE_UNIT ( ) );
#5223 =( NAMED_UNIT ( * ) PLANE_ANGLE_UNIT ( ) SI_UNIT ( $, .RADIAN. ) );
#5224 =( GEOMETRIC_REPRESENTATION_CONTEXT ( 3 ) GLOBAL_UNCERTAINTY_ASSIGNED_CONTEXT ( ( #5247 ) ) GLOBAL_UNIT_ASSIGNED_CONTEXT ( ( #5244, #5225, #5245 ) ) REPRESENTATION_CONTEXT ( 'NONE', 'WORKASPACE' ) );
#5225 =( NAMED_UNIT ( * ) PLANE_ANGLE_UNIT ( ) SI_UNIT ( $, .RADIAN. ) );
#5226 =( GEOMETRIC_REPRESENTATION_CONTEXT ( 3 ) GLOBAL_UNCERTAINTY_ASSIGNED_CONTEXT ( ( #5221 ) ) GLOBAL_UNIT_ASSIGNED_CONTEXT ( ( #5228, #5223, #5222 ) ) REPRESENTATION_CONTEXT ( 'NONE', 'WORKASPACE' ) );
#5227 = AXIS2_PLACEMENT_3D ( 'NONE', #5220, #5219, #5218 ) ;
#5228 =( LENGTH_UNIT ( ) NAMED_UNIT ( * ) SI_UNIT ( .MILLI., .METRE. ) );
#5229 = MECHANICAL_DESIGN_GEOMETRIC_PRESENTATION_REPRESENTATION (  '', ( #5231 ), #5226 ) ;
#5230 = PRESENTATION_LAYER_ASSIGNMENT (  '', '', ( #5231 ) ) ;
#5231 = STYLED_ITEM ( 'NONE', ( #5232 ), #7982 ) ;
#5232 = PRESENTATION_STYLE_ASSIGNMENT (( #5233 ) ) ;
#5233 = SURFACE_STYLE_USAGE ( .BOTH. , #5234 ) ;
#5234 = SURFACE_SIDE_STYLE ('',( #5235 ) ) ;
#5235 = SURFACE_STYLE_FILL_AREA ( #5236 ) ;
#5236 = FILL_AREA_STYLE ('',( #5243 ) ) ;
#5237 = COLOUR_RGB ( '',1.000000000000000000, 0.8588235294117646500, 0.5568627450980392400 ) ;
#5238 = FACE_OUTER_BOUND ( 'NONE', #8051, .T. ) ;
#5239 = DIRECTION ( 'NONE',  ( 7.760931800182584600E-016, -1.000000000000000000, 0.0000000000000000000 ) ) ;
#5240 = DIRECTION ( 'NONE',  ( -1.000000000000000000, -1.061985084871342100E-015, -8.628628814579654800E-016 ) ) ;
#5241 = CARTESIAN_POINT ( 'NONE',  ( -5.566772797803902300, 3.027922611862434700, -1.631381253887566500 ) ) ;
#5242 = AXIS2_PLACEMENT_3D ( 'NONE', #5241, #5240, #5239 ) ;
#5243 = FILL_AREA_STYLE_COLOUR ( '', #5237 ) ;
#5244 =( LENGTH_UNIT ( ) NAMED_UNIT ( * ) SI_UNIT ( .MILLI., .METRE. ) );
#5245 =( NAMED_UNIT ( * ) SI_UNIT ( $, .STERADIAN. ) SOLID_ANGLE_UNIT ( ) );
#5246 = PLANE ( 'NONE',  #5227 ) ;
#5247 = UNCERTAINTY_MEASURE_WITH_UNIT (LENGTH_MEASURE( 1.000000000000000100E-005 ), #5244, 'distance_accuracy_value', 'NONE');
#5248 = UNCERTAINTY_MEASURE_WITH_UNIT (LENGTH_MEASURE( 1.000000000000000100E-005 ), #5251, 'distance_accuracy_value', 'NONE');
#5249 =( NAMED_UNIT ( * ) SI_UNIT ( $, .STERADIAN. ) SOLID_ANGLE_UNIT ( ) );
#5250 =( NAMED_UNIT ( * ) PLANE_ANGLE_UNIT ( ) SI_UNIT ( $, .RADIAN. ) );
#5251 =( LENGTH_UNIT ( ) NAMED_UNIT ( * ) SI_UNIT ( .MILLI., .METRE. ) );
#5252 = MECHANICAL_DESIGN_GEOMETRIC_PRESENTATION_REPRESENTATION (  '', ( #5254 ), #5470 ) ;
#5253 = PRESENTATION_LAYER_ASSIGNMENT (  '', '', ( #5254 ) ) ;
#5254 = STYLED_ITEM ( 'NONE', ( #5255 ), #8023 ) ;
#5255 = PRESENTATION_STYLE_ASSIGNMENT (( #5256 ) ) ;
#5256 = SURFACE_STYLE_USAGE ( .BOTH. , #5257 ) ;
#5257 = SURFACE_SIDE_STYLE ('',( #5258 ) ) ;
#5258 = SURFACE_STYLE_FILL_AREA ( #5259 ) ;
#5259 = FILL_AREA_STYLE ('',( #5266 ) ) ;
#5260 = COLOUR_RGB ( '',1.000000000000000000, 0.8588235294117646500, 0.5568627450980392400 ) ;
#5261 = FACE_OUTER_BOUND ( 'NONE', #8024, .T. ) ;
#5262 = DIRECTION ( 'NONE',  ( 1.067128122525105500E-015, -1.000000000000000000, -9.701164750228230500E-016 ) ) ;
#5263 = DIRECTION ( 'NONE',  ( 1.000000000000000000, 1.061985084871342100E-015, 8.628628814579654800E-016 ) ) ;
#5264 = AXIS2_PLACEMENT_3D ( 'NONE', #5271, #5263, #5262 ) ;
#5265 = CIRCLE ( 'NONE', #5264, 1.117599999999997300 ) ;
#5266 = FILL_AREA_STYLE_COLOUR ( '', #5260 ) ;
#5267 = DIRECTION ( 'NONE',  ( 0.0000000000000000000, -0.9848077530122074700, 0.1736481776669335800 ) ) ;
#5268 = DIRECTION ( 'NONE',  ( -8.922050372365133700E-017, -0.1736481776669336100, -0.9848077530122075800 ) ) ;
#5269 = CARTESIAN_POINT ( 'NONE',  ( 0.6308272021960997800, 2.286442566818505100, -2.325977066430117400 ) ) ;
#5270 = AXIS2_PLACEMENT_3D ( 'NONE', #5269, #5268, #5267 ) ;
#5271 = CARTESIAN_POINT ( 'NONE',  ( 0.6308272021960980000, 3.027922611862441400, -1.631381253887560900 ) ) ;
#5272 = PLANE ( 'NONE',  #5270 ) ;
#5273 =( GEOMETRIC_REPRESENTATION_CONTEXT ( 3 ) GLOBAL_UNCERTAINTY_ASSIGNED_CONTEXT ( ( #5333 ) ) GLOBAL_UNIT_ASSIGNED_CONTEXT ( ( #5336, #5335, #5334 ) ) REPRESENTATION_CONTEXT ( 'NONE', 'WORKASPACE' ) );
#5274 = DIRECTION ( 'NONE',  ( -1.000000000000000000, -1.061985084871342100E-015, -8.628628814579654800E-016 ) ) ;
#5275 = CARTESIAN_POINT ( 'NONE',  ( -5.566772797803902300, 3.027922611862434700, -1.631381253887566500 ) ) ;
#5276 = AXIS2_PLACEMENT_3D ( 'NONE', #5275, #5274, #5307 ) ;
#5277 = CYLINDRICAL_SURFACE ( 'NONE', #5276, 1.117599999999997300 ) ;
#5278 = UNCERTAINTY_MEASURE_WITH_UNIT (LENGTH_MEASURE( 1.000000000000000100E-005 ), #5281, 'distance_accuracy_value', 'NONE');
#5279 =( NAMED_UNIT ( * ) SI_UNIT ( $, .STERADIAN. ) SOLID_ANGLE_UNIT ( ) );
#5280 =( NAMED_UNIT ( * ) PLANE_ANGLE_UNIT ( ) SI_UNIT ( $, .RADIAN. ) );
#5281 =( LENGTH_UNIT ( ) NAMED_UNIT ( * ) SI_UNIT ( .MILLI., .METRE. ) );
#5282 = MECHANICAL_DESIGN_GEOMETRIC_PRESENTATION_REPRESENTATION (  '', ( #5284 ), #5390 ) ;
#5283 = PRESENTATION_LAYER_ASSIGNMENT (  '', '', ( #5284 ) ) ;
#5284 = STYLED_ITEM ( 'NONE', ( #5285 ), #7995 ) ;
#5285 = PRESENTATION_STYLE_ASSIGNMENT (( #5286 ) ) ;
#5286 = SURFACE_STYLE_USAGE ( .BOTH. , #5287 ) ;
#5287 = SURFACE_SIDE_STYLE ('',( #5288 ) ) ;
#5288 = SURFACE_STYLE_FILL_AREA ( #5289 ) ;
#5289 = FILL_AREA_STYLE ('',( #5296 ) ) ;
#5290 = COLOUR_RGB ( '',1.000000000000000000, 0.8588235294117646500, 0.5568627450980392400 ) ;
#5291 = FACE_OUTER_BOUND ( 'NONE', #7994, .T. ) ;
#5292 = DIRECTION ( 'NONE',  ( -1.422837496700133000E-015, -0.9848077530122074700, 0.1736481776669335800 ) ) ;
#5293 = VECTOR ( 'NONE', #5292, 1000.000000000000000 ) ;
#5294 = CARTESIAN_POINT ( 'NONE',  ( 0.6308272021960997800, 2.286442566818505100, -2.325977066430116900 ) ) ;
#5295 = LINE ( 'NONE', #5294, #5293 ) ;
#5296 = FILL_AREA_STYLE_COLOUR ( '', #5290 ) ;
#5297 = CARTESIAN_POINT ( 'NONE',  ( 0.6308272021961005600, 2.886781373054758700, -2.431832995535880400 ) ) ;
#5298 = DIRECTION ( 'NONE',  ( 8.922050372365116400E-017, 0.1736481776669342700, 0.9848077530122073500 ) ) ;
#5299 = VECTOR ( 'NONE', #5298, 1000.000000000000000 ) ;
#5300 = CARTESIAN_POINT ( 'NONE',  ( 0.6308272021961005600, 2.833853408501867000, -2.732002398654001000 ) ) ;
#5301 = LINE ( 'NONE', #5300, #5299 ) ;
#5302 = DIRECTION ( 'NONE',  ( 1.000000000000000000, 2.799024583672399300E-016, -1.399512291836200100E-016 ) ) ;
#5303 = VECTOR ( 'NONE', #5302, 1000.000000000000000 ) ;
#5304 = CARTESIAN_POINT ( 'NONE',  ( 0.6308272021961005600, 2.886781373054748500, -2.431832995535879900 ) ) ;
#5305 = LINE ( 'NONE', #5304, #5303 ) ;
#5306 = CARTESIAN_POINT ( 'NONE',  ( -5.566772797803900600, 2.833853408501870100, -2.732002398654007200 ) ) ;
#5307 = DIRECTION ( 'NONE',  ( 0.0000000000000000000, 0.4226182617406911100, -0.9063077870366538200 ) ) ;
#5308 = UNCERTAINTY_MEASURE_WITH_UNIT (LENGTH_MEASURE( 1.000000000000000100E-005 ), #5311, 'distance_accuracy_value', 'NONE');
#5309 =( NAMED_UNIT ( * ) SI_UNIT ( $, .STERADIAN. ) SOLID_ANGLE_UNIT ( ) );
#5310 =( NAMED_UNIT ( * ) PLANE_ANGLE_UNIT ( ) SI_UNIT ( $, .RADIAN. ) );
#5311 =( LENGTH_UNIT ( ) NAMED_UNIT ( * ) SI_UNIT ( .MILLI., .METRE. ) );
#5312 = MECHANICAL_DESIGN_GEOMETRIC_PRESENTATION_REPRESENTATION (  '', ( #5314 ), #5363 ) ;
#5313 = PRESENTATION_LAYER_ASSIGNMENT (  '', '', ( #5314 ) ) ;
#5314 = STYLED_ITEM ( 'NONE', ( #5315 ), #8012 ) ;
#5315 = PRESENTATION_STYLE_ASSIGNMENT (( #5316 ) ) ;
#5316 = SURFACE_STYLE_USAGE ( .BOTH. , #5317 ) ;
#5317 = SURFACE_SIDE_STYLE ('',( #5318 ) ) ;
#5318 = SURFACE_STYLE_FILL_AREA ( #5319 ) ;
#5319 = FILL_AREA_STYLE ('',( #5326 ) ) ;
#5320 = COLOUR_RGB ( '',1.000000000000000000, 0.8588235294117646500, 0.5568627450980392400 ) ;
#5321 = FACE_OUTER_BOUND ( 'NONE', #8013, .T. ) ;
#5322 = DIRECTION ( 'NONE',  ( -1.000000000000000000, -2.081032491712607000E-016, 1.272910914088373100E-016 ) ) ;
#5323 = VECTOR ( 'NONE', #5322, 1000.000000000000000 ) ;
#5324 = CARTESIAN_POINT ( 'NONE',  ( 0.6308272021961005600, 2.811175974000002900, -2.418501723795297900 ) ) ;
#5325 = LINE ( 'NONE', #5324, #5323 ) ;
#5326 = FILL_AREA_STYLE_COLOUR ( '', #5320 ) ;
#5327 = CARTESIAN_POINT ( 'NONE',  ( 0.6308272021961032200, 4.750578083103711400, 0.9326217865527831600 ) ) ;
#5328 = DIRECTION ( 'NONE',  ( 0.0000000000000000000, -0.1736481776669336100, -0.9848077530122074700 ) ) ;
#5329 = DIRECTION ( 'NONE',  ( -1.000000000000000000, -1.365763953267363700E-015, 1.707204941584204600E-016 ) ) ;
#5330 = AXIS2_PLACEMENT_3D ( 'NONE', #5391, #5329, #5328 ) ;
#5331 = CYLINDRICAL_SURFACE ( 'NONE', #5330, 0.6350000000000007900 ) ;
#5332 = CARTESIAN_POINT ( 'NONE',  ( 0.6308272021961032200, 4.879392129282273900, 1.208864400041554900 ) ) ;
#5333 = UNCERTAINTY_MEASURE_WITH_UNIT (LENGTH_MEASURE( 1.000000000000000100E-005 ), #5336, 'distance_accuracy_value', 'NONE');
#5334 =( NAMED_UNIT ( * ) SI_UNIT ( $, .STERADIAN. ) SOLID_ANGLE_UNIT ( ) );
#5335 =( NAMED_UNIT ( * ) PLANE_ANGLE_UNIT ( ) SI_UNIT ( $, .RADIAN. ) );
#5336 =( LENGTH_UNIT ( ) NAMED_UNIT ( * ) SI_UNIT ( .MILLI., .METRE. ) );
#5337 = MECHANICAL_DESIGN_GEOMETRIC_PRESENTATION_REPRESENTATION (  '', ( #5339 ), #5273 ) ;
#5338 = PRESENTATION_LAYER_ASSIGNMENT (  '', '', ( #5339 ) ) ;
#5339 = STYLED_ITEM ( 'NONE', ( #5340 ), #8019 ) ;
#5340 = PRESENTATION_STYLE_ASSIGNMENT (( #5341 ) ) ;
#5341 = SURFACE_STYLE_USAGE ( .BOTH. , #5342 ) ;
#5342 = SURFACE_SIDE_STYLE ('',( #5343 ) ) ;
#5343 = SURFACE_STYLE_FILL_AREA ( #5344 ) ;
#5344 = FILL_AREA_STYLE ('',( #5351 ) ) ;
#5345 = COLOUR_RGB ( '',1.000000000000000000, 0.8588235294117646500, 0.5568627450980392400 ) ;
#5346 = FACE_OUTER_BOUND ( 'NONE', #7901, .T. ) ;
#5347 = DIRECTION ( 'NONE',  ( 1.000000000000000000, 2.799024583672399300E-016, -1.399512291836200400E-016 ) ) ;
#5348 = VECTOR ( 'NONE', #5347, 1000.000000000000000 ) ;
#5349 = CARTESIAN_POINT ( 'NONE',  ( 0.6308272021960997800, 2.833853408501867000, -2.732002398654001000 ) ) ;
#5350 = LINE ( 'NONE', #5349, #5348 ) ;
#5351 = FILL_AREA_STYLE_COLOUR ( '', #5345 ) ;
#5352 = CARTESIAN_POINT ( 'NONE',  ( 0.6308272021960988900, 3.500240781183836500, -2.644270836679722500 ) ) ;
#5353 = CARTESIAN_POINT ( 'NONE',  ( 0.6308272021961005600, 3.371426735005274000, -2.368028223190950900 ) ) ;
#5354 = DIRECTION ( 'NONE',  ( -2.451307792265754800E-016, 0.4226182617406914500, -0.9063077870366536000 ) ) ;
#5355 = VECTOR ( 'NONE', #5354, 1000.000000000000200 ) ;
#5356 = CARTESIAN_POINT ( 'NONE',  ( 0.6308272021961014400, 3.500240781183834700, -2.644270836679722500 ) ) ;
#5357 = LINE ( 'NONE', #5356, #5355 ) ;
#5358 = DIRECTION ( 'NONE',  ( -1.061985084871342100E-015, 1.000000000000000000, 0.0000000000000000000 ) ) ;
#5359 = DIRECTION ( 'NONE',  ( 1.000000000000000000, 1.061985084871342100E-015, 8.628628814579653900E-016 ) ) ;
#5360 = CARTESIAN_POINT ( 'NONE',  ( 0.6308272021960997800, 3.027922611862441400, -1.631381253887560900 ) ) ;
#5361 = AXIS2_PLACEMENT_3D ( 'NONE', #5360, #5359, #5358 ) ;
#5362 = PLANE ( 'NONE',  #5361 ) ;
#5363 =( GEOMETRIC_REPRESENTATION_CONTEXT ( 3 ) GLOBAL_UNCERTAINTY_ASSIGNED_CONTEXT ( ( #5308 ) ) GLOBAL_UNIT_ASSIGNED_CONTEXT ( ( #5311, #5310, #5309 ) ) REPRESENTATION_CONTEXT ( 'NONE', 'WORKASPACE' ) );
#5364 =( GEOMETRIC_REPRESENTATION_CONTEXT ( 3 ) GLOBAL_UNCERTAINTY_ASSIGNED_CONTEXT ( ( #5365 ) ) GLOBAL_UNIT_ASSIGNED_CONTEXT ( ( #5368, #5367, #5366 ) ) REPRESENTATION_CONTEXT ( 'NONE', 'WORKASPACE' ) );
#5365 = UNCERTAINTY_MEASURE_WITH_UNIT (LENGTH_MEASURE( 1.000000000000000100E-005 ), #5368, 'distance_accuracy_value', 'NONE');
#5366 =( NAMED_UNIT ( * ) SI_UNIT ( $, .STERADIAN. ) SOLID_ANGLE_UNIT ( ) );
#5367 =( NAMED_UNIT ( * ) PLANE_ANGLE_UNIT ( ) SI_UNIT ( $, .RADIAN. ) );
#5368 =( LENGTH_UNIT ( ) NAMED_UNIT ( * ) SI_UNIT ( .MILLI., .METRE. ) );
#5369 = MECHANICAL_DESIGN_GEOMETRIC_PRESENTATION_REPRESENTATION (  '', ( #5371 ), #5364 ) ;
#5370 = PRESENTATION_LAYER_ASSIGNMENT (  '', '', ( #5371 ) ) ;
#5371 = STYLED_ITEM ( 'NONE', ( #5372 ), #7998 ) ;
#5372 = PRESENTATION_STYLE_ASSIGNMENT (( #5373 ) ) ;
#5373 = SURFACE_STYLE_USAGE ( .BOTH. , #5374 ) ;
#5374 = SURFACE_SIDE_STYLE ('',( #5375 ) ) ;
#5375 = SURFACE_STYLE_FILL_AREA ( #5376 ) ;
#5376 = FILL_AREA_STYLE ('',( #5383 ) ) ;
#5377 = COLOUR_RGB ( '',1.000000000000000000, 0.8588235294117646500, 0.5568627450980392400 ) ;
#5378 = FACE_OUTER_BOUND ( 'NONE', #7850, .T. ) ;
#5379 = DIRECTION ( 'NONE',  ( 1.067128122525106500E-015, -1.000000000000000000, 1.867474214418936500E-015 ) ) ;
#5380 = DIRECTION ( 'NONE',  ( 1.000000000000000000, 1.061985084871342100E-015, 8.628628814579654800E-016 ) ) ;
#5381 = AXIS2_PLACEMENT_3D ( 'NONE', #5388, #5380, #5379 ) ;
#5382 = CIRCLE ( 'NONE', #5381, 0.8127999999999971900 ) ;
#5383 = FILL_AREA_STYLE_COLOUR ( '', #5377 ) ;
#5384 = DIRECTION ( 'NONE',  ( 0.0000000000000000000, -0.9848077530122074700, 0.1736481776669335800 ) ) ;
#5385 = DIRECTION ( 'NONE',  ( -8.922050372365133700E-017, -0.1736481776669336100, -0.9848077530122075800 ) ) ;
#5386 = CARTESIAN_POINT ( 'NONE',  ( 0.6308272021960997800, 2.233514602265623600, -2.626146469548238400 ) ) ;
#5387 = AXIS2_PLACEMENT_3D ( 'NONE', #5386, #5385, #5384 ) ;
#5388 = CARTESIAN_POINT ( 'NONE',  ( 0.6308272021960997800, 3.027922611862441400, -1.631381253887560900 ) ) ;
#5389 = PLANE ( 'NONE',  #5387 ) ;
#5390 =( GEOMETRIC_REPRESENTATION_CONTEXT ( 3 ) GLOBAL_UNCERTAINTY_ASSIGNED_CONTEXT ( ( #5278 ) ) GLOBAL_UNIT_ASSIGNED_CONTEXT ( ( #5281, #5280, #5279 ) ) REPRESENTATION_CONTEXT ( 'NONE', 'WORKASPACE' ) );
#5391 = CARTESIAN_POINT ( 'NONE',  ( -5.566772797803902300, 2.921442566818501800, -1.793148800632545600 ) ) ;
#5392 =( GEOMETRIC_REPRESENTATION_CONTEXT ( 3 ) GLOBAL_UNCERTAINTY_ASSIGNED_CONTEXT ( ( #5393 ) ) GLOBAL_UNIT_ASSIGNED_CONTEXT ( ( #5396, #5395, #5394 ) ) REPRESENTATION_CONTEXT ( 'NONE', 'WORKASPACE' ) );
#5393 = UNCERTAINTY_MEASURE_WITH_UNIT (LENGTH_MEASURE( 1.000000000000000100E-005 ), #5396, 'distance_accuracy_value', 'NONE');
#5394 =( NAMED_UNIT ( * ) SI_UNIT ( $, .STERADIAN. ) SOLID_ANGLE_UNIT ( ) );
#5395 =( NAMED_UNIT ( * ) PLANE_ANGLE_UNIT ( ) SI_UNIT ( $, .RADIAN. ) );
#5396 =( LENGTH_UNIT ( ) NAMED_UNIT ( * ) SI_UNIT ( .MILLI., .METRE. ) );
#5397 = MECHANICAL_DESIGN_GEOMETRIC_PRESENTATION_REPRESENTATION (  '', ( #5399 ), #5392 ) ;
#5398 = PRESENTATION_LAYER_ASSIGNMENT (  '', '', ( #5399 ) ) ;
#5399 = STYLED_ITEM ( 'NONE', ( #5400 ), #8002 ) ;
#5400 = PRESENTATION_STYLE_ASSIGNMENT (( #5401 ) ) ;
#5401 = SURFACE_STYLE_USAGE ( .BOTH. , #5402 ) ;
#5402 = SURFACE_SIDE_STYLE ('',( #5403 ) ) ;
#5403 = SURFACE_STYLE_FILL_AREA ( #5404 ) ;
#5404 = FILL_AREA_STYLE ('',( #5411 ) ) ;
#5405 = COLOUR_RGB ( '',1.000000000000000000, 0.8588235294117646500, 0.5568627450980392400 ) ;
#5406 = FACE_OUTER_BOUND ( 'NONE', #8007, .T. ) ;
#5407 = DIRECTION ( 'NONE',  ( -1.000000000000000000, -2.081032491712607200E-016, 1.272910914088373100E-016 ) ) ;
#5408 = VECTOR ( 'NONE', #5407, 1000.000000000000000 ) ;
#5409 = CARTESIAN_POINT ( 'NONE',  ( 0.6308272021960997800, 2.758248009447121300, -2.718671126913418900 ) ) ;
#5410 = LINE ( 'NONE', #5409, #5408 ) ;
#5411 = FILL_AREA_STYLE_COLOUR ( '', #5405 ) ;
#5412 = DIRECTION ( 'NONE',  ( -1.365763953267363700E-015, 1.000000000000000000, 0.0000000000000000000 ) ) ;
#5413 = DIRECTION ( 'NONE',  ( 1.000000000000000000, 1.365763953267363700E-015, -1.707204941584204600E-016 ) ) ;
#5414 = CARTESIAN_POINT ( 'NONE',  ( 0.6308272021960997800, 2.921442566818510200, -1.793148800632546700 ) ) ;
#5415 = AXIS2_PLACEMENT_3D ( 'NONE', #5414, #5413, #5412 ) ;
#5416 = PLANE ( 'NONE',  #5415 ) ;
#5417 =( GEOMETRIC_REPRESENTATION_CONTEXT ( 3 ) GLOBAL_UNCERTAINTY_ASSIGNED_CONTEXT ( ( #5418 ) ) GLOBAL_UNIT_ASSIGNED_CONTEXT ( ( #5421, #5420, #5419 ) ) REPRESENTATION_CONTEXT ( 'NONE', 'WORKASPACE' ) );
#5418 = UNCERTAINTY_MEASURE_WITH_UNIT (LENGTH_MEASURE( 1.000000000000000100E-005 ), #5421, 'distance_accuracy_value', 'NONE');
#5419 =( NAMED_UNIT ( * ) SI_UNIT ( $, .STERADIAN. ) SOLID_ANGLE_UNIT ( ) );
#5420 =( NAMED_UNIT ( * ) PLANE_ANGLE_UNIT ( ) SI_UNIT ( $, .RADIAN. ) );
#5421 =( LENGTH_UNIT ( ) NAMED_UNIT ( * ) SI_UNIT ( .MILLI., .METRE. ) );
#5422 = MECHANICAL_DESIGN_GEOMETRIC_PRESENTATION_REPRESENTATION (  '', ( #5424 ), #5417 ) ;
#5423 = PRESENTATION_LAYER_ASSIGNMENT (  '', '', ( #5424 ) ) ;
#5424 = STYLED_ITEM ( 'NONE', ( #5425 ), #8036 ) ;
#5425 = PRESENTATION_STYLE_ASSIGNMENT (( #5426 ) ) ;
#5426 = SURFACE_STYLE_USAGE ( .BOTH. , #5427 ) ;
#5427 = SURFACE_SIDE_STYLE ('',( #5428 ) ) ;
#5428 = SURFACE_STYLE_FILL_AREA ( #5429 ) ;
#5429 = FILL_AREA_STYLE ('',( #5436 ) ) ;
#5430 = COLOUR_RGB ( '',1.000000000000000000, 0.8588235294117646500, 0.5568627450980392400 ) ;
#5431 = DIRECTION ( 'NONE',  ( 3.221518860453139200E-015, 0.0000000000000000000, 1.000000000000000000 ) ) ;
#5432 = DIRECTION ( 'NONE',  ( -1.000000000000000000, -0.0000000000000000000, 3.491483361109381700E-015 ) ) ;
#5433 = AXIS2_PLACEMENT_3D ( 'NONE', #5437, #5432, #5431 ) ;
#5434 = CYLINDRICAL_SURFACE ( 'NONE', #5433, 1.346200000000000500 ) ;
#5435 = FACE_OUTER_BOUND ( 'NONE', #7939, .T. ) ;
#5436 = FILL_AREA_STYLE_COLOUR ( '', #5430 ) ;
#5437 = CARTESIAN_POINT ( 'NONE',  ( 5.659669159078362100, 3.252340874836586100, -0.3961488006325522600 ) ) ;
#5438 =( GEOMETRIC_REPRESENTATION_CONTEXT ( 3 ) GLOBAL_UNCERTAINTY_ASSIGNED_CONTEXT ( ( #5439 ) ) GLOBAL_UNIT_ASSIGNED_CONTEXT ( ( #5442, #5441, #5440 ) ) REPRESENTATION_CONTEXT ( 'NONE', 'WORKASPACE' ) );
#5439 = UNCERTAINTY_MEASURE_WITH_UNIT (LENGTH_MEASURE( 1.000000000000000100E-005 ), #5442, 'distance_accuracy_value', 'NONE');
#5440 =( NAMED_UNIT ( * ) SI_UNIT ( $, .STERADIAN. ) SOLID_ANGLE_UNIT ( ) );
#5441 =( NAMED_UNIT ( * ) PLANE_ANGLE_UNIT ( ) SI_UNIT ( $, .RADIAN. ) );
#5442 =( LENGTH_UNIT ( ) NAMED_UNIT ( * ) SI_UNIT ( .MILLI., .METRE. ) );
#5443 = MECHANICAL_DESIGN_GEOMETRIC_PRESENTATION_REPRESENTATION (  '', ( #5445 ), #5438 ) ;
#5444 = PRESENTATION_LAYER_ASSIGNMENT (  '', '', ( #5445 ) ) ;
#5445 = STYLED_ITEM ( 'NONE', ( #5446 ), #8034 ) ;
#5446 = PRESENTATION_STYLE_ASSIGNMENT (( #5447 ) ) ;
#5447 = SURFACE_STYLE_USAGE ( .BOTH. , #5448 ) ;
#5448 = SURFACE_SIDE_STYLE ('',( #5449 ) ) ;
#5449 = SURFACE_STYLE_FILL_AREA ( #5450 ) ;
#5450 = FILL_AREA_STYLE ('',( #5451 ) ) ;
#5451 = FILL_AREA_STYLE_COLOUR ( '', #5452 ) ;
#5452 = COLOUR_RGB ( '',1.000000000000000000, 0.8588235294117646500, 0.5568627450980392400 ) ;
#5453 = FACE_OUTER_BOUND ( 'NONE', #8035, .T. ) ;
#5454 = CARTESIAN_POINT ( 'NONE',  ( -5.566772797803902300, 3.500240781183829400, -2.644270836679723400 ) ) ;
#5455 = DIRECTION ( 'NONE',  ( -2.451307792265756800E-016, 0.4226182617406914500, -0.9063077870366536000 ) ) ;
#5456 = VECTOR ( 'NONE', #5455, 1000.000000000000200 ) ;
#5457 = CARTESIAN_POINT ( 'NONE',  ( -5.566772797803902300, 3.371426735005266900, -2.368028223190952200 ) ) ;
#5458 = LINE ( 'NONE', #5457, #5456 ) ;
#5459 = CARTESIAN_POINT ( 'NONE',  ( -5.566772797803902300, 3.371426735005266900, -2.368028223190956200 ) ) ;
#5460 = DIRECTION ( 'NONE',  ( 1.067128122525106500E-015, -1.000000000000000000, 0.0000000000000000000 ) ) ;
#5461 = DIRECTION ( 'NONE',  ( -1.000000000000000000, -1.061985084871342100E-015, -8.628628814579654800E-016 ) ) ;
#5462 = AXIS2_PLACEMENT_3D ( 'NONE', #5468, #5461, #5460 ) ;
#5463 = CIRCLE ( 'NONE', #5462, 0.8127999999999971900 ) ;
#5464 = DIRECTION ( 'NONE',  ( -1.061985084871342100E-015, 1.000000000000000000, 0.0000000000000000000 ) ) ;
#5465 = DIRECTION ( 'NONE',  ( 1.000000000000000000, 1.061985084871342100E-015, 8.628628814579653900E-016 ) ) ;
#5466 = CARTESIAN_POINT ( 'NONE',  ( -5.566772797803902300, 3.027922611862434700, -1.631381253887566500 ) ) ;
#5467 = AXIS2_PLACEMENT_3D ( 'NONE', #5466, #5465, #5464 ) ;
#5468 = CARTESIAN_POINT ( 'NONE',  ( -5.566772797803902300, 3.027922611862434700, -1.631381253887566500 ) ) ;
#5469 = PLANE ( 'NONE',  #5467 ) ;
#5470 =( GEOMETRIC_REPRESENTATION_CONTEXT ( 3 ) GLOBAL_UNCERTAINTY_ASSIGNED_CONTEXT ( ( #5248 ) ) GLOBAL_UNIT_ASSIGNED_CONTEXT ( ( #5251, #5250, #5249 ) ) REPRESENTATION_CONTEXT ( 'NONE', 'WORKASPACE' ) );
#5471 = UNCERTAINTY_MEASURE_WITH_UNIT (LENGTH_MEASURE( 1.000000000000000100E-005 ), #5596, 'distance_accuracy_value', 'NONE');
#5472 = DIRECTION ( 'NONE',  ( 0.0000000000000000000, -3.543670746498454800E-015, -1.000000000000000000 ) ) ;
#5473 = DIRECTION ( 'NONE',  ( -0.0000000000000000000, -1.000000000000000000, 3.491483361109382500E-015 ) ) ;
#5474 = AXIS2_PLACEMENT_3D ( 'NONE', #5476, #5473, #5472 ) ;
#5475 = CYLINDRICAL_SURFACE ( 'NONE', #5474, 1.346199999999999800 ) ;
#5476 = CARTESIAN_POINT ( 'NONE',  ( 7.438725510214177400, 1.473642566818507800, -0.3961488006325436000 ) ) ;
#5477 = DIRECTION ( 'NONE',  ( -0.0000000000000000000, 1.000000000000000000, -0.0000000000000000000 ) ) ;
#5478 = CARTESIAN_POINT ( 'NONE',  ( 1.242609159078351700, 3.124481725262192400, -0.3961488006325451000 ) ) ;
#5479 = AXIS2_PLACEMENT_3D ( 'NONE', #5478, #5477, #5486 ) ;
#5480 = COLOUR_RGB ( '',1.000000000000000000, 0.8588235294117646500, 0.5568627450980392400 ) ;
#5481 = FACE_OUTER_BOUND ( 'NONE', #8032, .T. ) ;
#5482 = DIRECTION ( 'NONE',  ( -3.543670746498455600E-015, 0.0000000000000000000, -1.000000000000000000 ) ) ;
#5483 = CARTESIAN_POINT ( 'NONE',  ( 1.242609159078350800, 3.429281725262189900, -0.4159520877564844000 ) ) ;
#5484 = AXIS2_PLACEMENT_3D ( 'NONE', #5483, #5552, #5551 ) ;
#5485 = CIRCLE ( 'NONE', #5484, 1.219199999999999000 ) ;
#5486 = DIRECTION ( 'NONE',  ( 0.0000000000000000000, 0.0000000000000000000, 1.000000000000000000 ) ) ;
#5487 = DIRECTION ( 'NONE',  ( -1.416714375908909900E-015, -1.000000000000000000, 0.0000000000000000000 ) ) ;
#5488 = DIRECTION ( 'NONE',  ( -1.000000000000000000, 1.416714375908909900E-015, -1.592080946234545300E-016 ) ) ;
#5489 = CARTESIAN_POINT ( 'NONE',  ( 0.6308272021960997800, 2.233514602265623600, -2.626146469548238400 ) ) ;
#5490 = AXIS2_PLACEMENT_3D ( 'NONE', #5489, #5488, #5487 ) ;
#5491 = PLANE ( 'NONE',  #5490 ) ;
#5492 = CYLINDRICAL_SURFACE ( 'NONE', #5597, 1.346199999999999600 ) ;
#5493 = FILL_AREA_STYLE_COLOUR ( '', #5498 ) ;
#5494 = FACE_OUTER_BOUND ( 'NONE', #7879, .T. ) ;
#5495 = SURFACE_STYLE_USAGE ( .BOTH. , #5496 ) ;
#5496 = SURFACE_SIDE_STYLE ('',( #5497 ) ) ;
#5497 = SURFACE_STYLE_FILL_AREA ( #5503 ) ;
#5498 = COLOUR_RGB ( '',1.000000000000000000, 0.8588235294117646500, 0.5568627450980392400 ) ;
#5499 = DIRECTION ( 'NONE',  ( -1.000000000000000000, -8.433194927096248500E-016, -1.322050179757742300E-016 ) ) ;
#5500 = VECTOR ( 'NONE', #5499, 1000.000000000000000 ) ;
#5501 = CARTESIAN_POINT ( 'NONE',  ( 0.6308272021961014400, 3.500240781183834700, -2.644270836679722500 ) ) ;
#5502 = LINE ( 'NONE', #5501, #5500 ) ;
#5503 = FILL_AREA_STYLE ('',( #5493 ) ) ;
#5504 = DIRECTION ( 'NONE',  ( -1.000000000000000000, -0.0000000000000000000, 3.491483361109382100E-015 ) ) ;
#5505 = CARTESIAN_POINT ( 'NONE',  ( 1.242609159078362800, 3.557140874836581800, -0.3961488006325295000 ) ) ;
#5506 = AXIS2_PLACEMENT_3D ( 'NONE', #5505, #5504, #5482 ) ;
#5507 = CIRCLE ( 'NONE', #5506, 1.346199999999999600 ) ;
#5508 = MECHANICAL_DESIGN_GEOMETRIC_PRESENTATION_REPRESENTATION (  '', ( #5525 ), #5599 ) ;
#5509 = PRESENTATION_LAYER_ASSIGNMENT (  '', '', ( #5525 ) ) ;
#5510 =( NAMED_UNIT ( * ) PLANE_ANGLE_UNIT ( ) SI_UNIT ( $, .RADIAN. ) );
#5511 = PRESENTATION_STYLE_ASSIGNMENT (( #5512 ) ) ;
#5512 = SURFACE_STYLE_USAGE ( .BOTH. , #5513 ) ;
#5513 = SURFACE_SIDE_STYLE ('',( #5514 ) ) ;
#5514 = SURFACE_STYLE_FILL_AREA ( #5515 ) ;
#5515 = FILL_AREA_STYLE ('',( #5516 ) ) ;
#5516 = FILL_AREA_STYLE_COLOUR ( '', #5517 ) ;
#5517 = COLOUR_RGB ( '',1.000000000000000000, 0.8588235294117646500, 0.5568627450980392400 ) ;
#5518 = FACE_OUTER_BOUND ( 'NONE', #7984, .T. ) ;
#5519 = CARTESIAN_POINT ( 'NONE',  ( -5.566772797803902300, 2.758248009447119600, -2.718671126913418100 ) ) ;
#5520 = DIRECTION ( 'NONE',  ( -8.922050372365253300E-017, -0.1736481776669337500, -0.9848077530122073500 ) ) ;
#5521 = CARTESIAN_POINT ( 'NONE',  ( 1.242609159078350800, 2.210242566818506400, -0.3961488006325446500 ) ) ;
#5522 = TOROIDAL_SURFACE ( 'NONE', #5479, 0.01980328712393930300, 1.219200000000000500 ) ;
#5523 =( GEOMETRIC_REPRESENTATION_CONTEXT ( 3 ) GLOBAL_UNCERTAINTY_ASSIGNED_CONTEXT ( ( #5530 ) ) GLOBAL_UNIT_ASSIGNED_CONTEXT ( ( #5595, #5510, #5531 ) ) REPRESENTATION_CONTEXT ( 'NONE', 'WORKASPACE' ) );
#5524 =( NAMED_UNIT ( * ) SI_UNIT ( $, .STERADIAN. ) SOLID_ANGLE_UNIT ( ) );
#5525 = STYLED_ITEM ( 'NONE', ( #5526 ), #8037 ) ;
#5526 = PRESENTATION_STYLE_ASSIGNMENT (( #5605 ) ) ;
#5527 = UNCERTAINTY_MEASURE_WITH_UNIT (LENGTH_MEASURE( 1.000000000000000100E-005 ), #5534, 'distance_accuracy_value', 'NONE');
#5528 =( NAMED_UNIT ( * ) SI_UNIT ( $, .STERADIAN. ) SOLID_ANGLE_UNIT ( ) );
#5529 =( NAMED_UNIT ( * ) PLANE_ANGLE_UNIT ( ) SI_UNIT ( $, .RADIAN. ) );
#5530 = UNCERTAINTY_MEASURE_WITH_UNIT (LENGTH_MEASURE( 1.000000000000000100E-005 ), #5595, 'distance_accuracy_value', 'NONE');
#5531 =( NAMED_UNIT ( * ) SI_UNIT ( $, .STERADIAN. ) SOLID_ANGLE_UNIT ( ) );
#5532 =( NAMED_UNIT ( * ) PLANE_ANGLE_UNIT ( ) SI_UNIT ( $, .RADIAN. ) );
#5533 = DIRECTION ( 'NONE',  ( 0.0000000000000000000, 0.0000000000000000000, 1.000000000000000000 ) ) ;
#5534 =( LENGTH_UNIT ( ) NAMED_UNIT ( * ) SI_UNIT ( .MILLI., .METRE. ) );
#5535 = MECHANICAL_DESIGN_GEOMETRIC_PRESENTATION_REPRESENTATION (  '', ( #5537 ), #5563 ) ;
#5536 = PRESENTATION_LAYER_ASSIGNMENT (  '', '', ( #5537 ) ) ;
#5537 = STYLED_ITEM ( 'NONE', ( #5511 ), #8050 ) ;
#5538 = CARTESIAN_POINT ( 'NONE',  ( 5.659669159078362100, 3.557140874836581800, -0.3961488006325448700 ) ) ;
#5539 = COLOUR_RGB ( '',1.000000000000000000, 0.8588235294117646500, 0.5568627450980392400 ) ;
#5540 = CARTESIAN_POINT ( 'NONE',  ( 0.6308272021961014400, 3.267976883931102500, 1.960279669416504600 ) ) ;
#5541 = PLANE ( 'NONE',  #5574 ) ;
#5542 =( GEOMETRIC_REPRESENTATION_CONTEXT ( 3 ) GLOBAL_UNCERTAINTY_ASSIGNED_CONTEXT ( ( #5543 ) ) GLOBAL_UNIT_ASSIGNED_CONTEXT ( ( #5546, #5545, #5544 ) ) REPRESENTATION_CONTEXT ( 'NONE', 'WORKASPACE' ) );
#5543 = UNCERTAINTY_MEASURE_WITH_UNIT (LENGTH_MEASURE( 1.000000000000000100E-005 ), #5546, 'distance_accuracy_value', 'NONE');
#5544 =( NAMED_UNIT ( * ) SI_UNIT ( $, .STERADIAN. ) SOLID_ANGLE_UNIT ( ) );
#5545 =( NAMED_UNIT ( * ) PLANE_ANGLE_UNIT ( ) SI_UNIT ( $, .RADIAN. ) );
#5546 =( LENGTH_UNIT ( ) NAMED_UNIT ( * ) SI_UNIT ( .MILLI., .METRE. ) );
#5547 = FACE_OUTER_BOUND ( 'NONE', #7970, .T. ) ;
#5548 = VECTOR ( 'NONE', #5520, 1000.000000000000100 ) ;
#5549 = CARTESIAN_POINT ( 'NONE',  ( -5.566772797803902300, 2.811175974000001100, -2.418501723795295700 ) ) ;
#5550 = LINE ( 'NONE', #5549, #5548 ) ;
#5551 = DIRECTION ( 'NONE',  ( -3.557093741750345600E-015, 0.0000000000000000000, 1.000000000000000000 ) ) ;
#5552 = DIRECTION ( 'NONE',  ( 1.000000000000000000, 0.0000000000000000000, 3.491483361109382100E-015 ) ) ;
#5553 = FILL_AREA_STYLE ('',( #5580 ) ) ;
#5554 = CARTESIAN_POINT ( 'NONE',  ( 1.242609159078351700, 3.429281725262189900, -0.3961488006325451000 ) ) ;
#5555 =( LENGTH_UNIT ( ) NAMED_UNIT ( * ) SI_UNIT ( .MILLI., .METRE. ) );
#5556 = MECHANICAL_DESIGN_GEOMETRIC_PRESENTATION_REPRESENTATION (  '', ( #5558 ), #5584 ) ;
#5557 = PRESENTATION_LAYER_ASSIGNMENT (  '', '', ( #5558 ) ) ;
#5558 = STYLED_ITEM ( 'NONE', ( #5559 ), #8057 ) ;
#5559 = PRESENTATION_STYLE_ASSIGNMENT (( #5495 ) ) ;
#5560 = UNCERTAINTY_MEASURE_WITH_UNIT (LENGTH_MEASURE( 1.000000000000000100E-005 ), #5555, 'distance_accuracy_value', 'NONE');
#5561 =( NAMED_UNIT ( * ) SI_UNIT ( $, .STERADIAN. ) SOLID_ANGLE_UNIT ( ) );
#5562 =( NAMED_UNIT ( * ) PLANE_ANGLE_UNIT ( ) SI_UNIT ( $, .RADIAN. ) );
#5563 =( GEOMETRIC_REPRESENTATION_CONTEXT ( 3 ) GLOBAL_UNCERTAINTY_ASSIGNED_CONTEXT ( ( #5527 ) ) GLOBAL_UNIT_ASSIGNED_CONTEXT ( ( #5534, #5529, #5528 ) ) REPRESENTATION_CONTEXT ( 'NONE', 'WORKASPACE' ) );
#5564 = CARTESIAN_POINT ( 'NONE',  ( 6.092655323112672300, -7.606857433181492200, -0.3774541116402065900 ) ) ;
#5565 = SURFACE_SIDE_STYLE ('',( #5566 ) ) ;
#5566 = SURFACE_STYLE_FILL_AREA ( #5567 ) ;
#5567 = FILL_AREA_STYLE ('',( #5570 ) ) ;
#5568 = FACE_OUTER_BOUND ( 'NONE', #8071, .T. ) ;
#5569 = B_SPLINE_CURVE_WITH_KNOTS ( 'NONE', 3,
 ( #5564, #5594, #5593, #5592 ),
 .UNSPECIFIED., .F., .F.,
 ( 4, 4 ),
 ( 0.0000000000000000000, 1.000000000000000000 ),
 .UNSPECIFIED. ) ;
#5570 = FILL_AREA_STYLE_COLOUR ( '', #5571 ) ;
#5571 = COLOUR_RGB ( '',1.000000000000000000, 0.8588235294117646500, 0.5568627450980392400 ) ;
#5572 = DIRECTION ( 'NONE',  ( 7.806515096335447200E-016, 1.000000000000000000, 0.0000000000000000000 ) ) ;
#5573 = DIRECTION ( 'NONE',  ( 1.000000000000000000, -7.806515096335447200E-016, 6.344956663490459700E-016 ) ) ;
#5574 = AXIS2_PLACEMENT_3D ( 'NONE', #5540, #5573, #5572 ) ;
#5575 = MECHANICAL_DESIGN_GEOMETRIC_PRESENTATION_REPRESENTATION (  '', ( #5577 ), #5523 ) ;
#5576 = PRESENTATION_LAYER_ASSIGNMENT (  '', '', ( #5577 ) ) ;
#5577 = STYLED_ITEM ( 'NONE', ( #5578 ), #8043 ) ;
#5578 = PRESENTATION_STYLE_ASSIGNMENT (( #5579 ) ) ;
#5579 = SURFACE_STYLE_USAGE ( .BOTH. , #5607 ) ;
#5580 = FILL_AREA_STYLE_COLOUR ( '', #5539 ) ;
#5581 = TOROIDAL_SURFACE ( 'NONE', #5598, 0.01980328712393930300, 1.219199999999999000 ) ;
#5582 = AXIS2_PLACEMENT_3D ( 'NONE', #5629, #5628, #5627 ) ;
#5583 = PLANE ( 'NONE',  #5582 ) ;
#5584 =( GEOMETRIC_REPRESENTATION_CONTEXT ( 3 ) GLOBAL_UNCERTAINTY_ASSIGNED_CONTEXT ( ( #5560 ) ) GLOBAL_UNIT_ASSIGNED_CONTEXT ( ( #5555, #5562, #5561 ) ) REPRESENTATION_CONTEXT ( 'NONE', 'WORKASPACE' ) );
#5585 =( NAMED_UNIT ( * ) PLANE_ANGLE_UNIT ( ) SI_UNIT ( $, .RADIAN. ) );
#5586 =( LENGTH_UNIT ( ) NAMED_UNIT ( * ) SI_UNIT ( .MILLI., .METRE. ) );
#5587 = MECHANICAL_DESIGN_GEOMETRIC_PRESENTATION_REPRESENTATION (  '', ( #5589 ), #5601 ) ;
#5588 = PRESENTATION_LAYER_ASSIGNMENT (  '', '', ( #5589 ) ) ;
#5589 = STYLED_ITEM ( 'NONE', ( #5590 ), #8070 ) ;
#5590 = PRESENTATION_STYLE_ASSIGNMENT (( #5591 ) ) ;
#5591 = SURFACE_STYLE_USAGE ( .BOTH. , #5565 ) ;
#5592 = CARTESIAN_POINT ( 'NONE',  ( 6.168027202196101100, -7.606857433181492200, 0.04835119936745513300 ) ) ;
#5593 = CARTESIAN_POINT ( 'NONE',  ( 6.120226264159772900, -7.606857433181491300, -0.08829800442203025700 ) ) ;
#5594 = CARTESIAN_POINT ( 'NONE',  ( 6.094665725070219900, -7.606857433181491300, -0.2326995163506921600 ) ) ;
#5595 =( LENGTH_UNIT ( ) NAMED_UNIT ( * ) SI_UNIT ( .MILLI., .METRE. ) );
#5596 =( LENGTH_UNIT ( ) NAMED_UNIT ( * ) SI_UNIT ( .MILLI., .METRE. ) );
#5597 = AXIS2_PLACEMENT_3D ( 'NONE', #5538, #5612, #5611 ) ;
#5598 = AXIS2_PLACEMENT_3D ( 'NONE', #5554, #5600, #5533 ) ;
#5599 =( GEOMETRIC_REPRESENTATION_CONTEXT ( 3 ) GLOBAL_UNCERTAINTY_ASSIGNED_CONTEXT ( ( #5471 ) ) GLOBAL_UNIT_ASSIGNED_CONTEXT ( ( #5596, #5532, #5524 ) ) REPRESENTATION_CONTEXT ( 'NONE', 'WORKASPACE' ) );
#5600 = DIRECTION ( 'NONE',  ( -0.0000000000000000000, 1.000000000000000000, -0.0000000000000000000 ) ) ;
#5601 =( GEOMETRIC_REPRESENTATION_CONTEXT ( 3 ) GLOBAL_UNCERTAINTY_ASSIGNED_CONTEXT ( ( #5602 ) ) GLOBAL_UNIT_ASSIGNED_CONTEXT ( ( #5586, #5585, #5603 ) ) REPRESENTATION_CONTEXT ( 'NONE', 'WORKASPACE' ) );
#5602 = UNCERTAINTY_MEASURE_WITH_UNIT (LENGTH_MEASURE( 1.000000000000000100E-005 ), #5586, 'distance_accuracy_value', 'NONE');
#5603 =( NAMED_UNIT ( * ) SI_UNIT ( $, .STERADIAN. ) SOLID_ANGLE_UNIT ( ) );
#5604 = SURFACE_STYLE_FILL_AREA ( #5553 ) ;
#5605 = SURFACE_STYLE_USAGE ( .BOTH. , #5606 ) ;
#5606 = SURFACE_SIDE_STYLE ('',( #5604 ) ) ;
#5607 = SURFACE_SIDE_STYLE ('',( #5608 ) ) ;
#5608 = SURFACE_STYLE_FILL_AREA ( #5609 ) ;
#5609 = FILL_AREA_STYLE ('',( #5610 ) ) ;
#5610 = FILL_AREA_STYLE_COLOUR ( '', #5480 ) ;
#5611 = DIRECTION ( 'NONE',  ( 3.221518860453141600E-015, 0.0000000000000000000, 1.000000000000000000 ) ) ;
#5612 = DIRECTION ( 'NONE',  ( -1.000000000000000000, -0.0000000000000000000, 3.491483361109381700E-015 ) ) ;
#5613 = MECHANICAL_DESIGN_GEOMETRIC_PRESENTATION_REPRESENTATION (  '', ( #5615 ), #5542 ) ;
#5614 = PRESENTATION_LAYER_ASSIGNMENT (  '', '', ( #5615 ) ) ;
#5615 = STYLED_ITEM ( 'NONE', ( #5616 ), #8063 ) ;
#5616 = PRESENTATION_STYLE_ASSIGNMENT (( #5617 ) ) ;
#5617 = SURFACE_STYLE_USAGE ( .BOTH. , #5618 ) ;
#5618 = SURFACE_SIDE_STYLE ('',( #5619 ) ) ;
#5619 = SURFACE_STYLE_FILL_AREA ( #5620 ) ;
#5620 = FILL_AREA_STYLE ('',( #5626 ) ) ;
#5621 = COLOUR_RGB ( '',1.000000000000000000, 0.8588235294117646500, 0.5568627450980392400 ) ;
#5622 = FACE_OUTER_BOUND ( 'NONE', #7904, .T. ) ;
#5623 = DIRECTION ( 'NONE',  ( 2.926979993211705300E-015, 0.9063077870366537100, -0.4226182617406912800 ) ) ;
#5624 = VECTOR ( 'NONE', #5623, 1000.000000000000100 ) ;
#5625 = CARTESIAN_POINT ( 'NONE',  ( -5.566772797803902300, 3.139162837752555600, 1.684037055927723600 ) ) ;
#5626 = FILL_AREA_STYLE_COLOUR ( '', #5621 ) ;
#5627 = DIRECTION ( 'NONE',  ( 0.0000000000000000000, -0.9063077870366537100, 0.4226182617406912800 ) ) ;
#5628 = DIRECTION ( 'NONE',  ( -2.365837808242182900E-016, 0.4226182617406912800, 0.9063077870366537100 ) ) ;
#5629 = CARTESIAN_POINT ( 'NONE',  ( 0.6308272021961014400, 3.267976883931102500, 1.960279669416504600 ) ) ;
#5630 = LINE ( 'NONE', #5625, #5624 ) ;
#5631 = CARTESIAN_POINT ( 'NONE',  ( 8.122523848119914900, -7.606857433181492200, -0.3961488006325451000 ) ) ;
#5632 = AXIS2_PLACEMENT_3D ( 'NONE', #5631, #5749, #5748 ) ;
#5633 = TOROIDAL_SURFACE ( 'NONE', #5632, -0.06708656787265303300, 1.727200000000000300 ) ;
#5634 = CIRCLE ( 'NONE', #5747, 1.727199999999999800 ) ;
#5635 =( GEOMETRIC_REPRESENTATION_CONTEXT ( 3 ) GLOBAL_UNCERTAINTY_ASSIGNED_CONTEXT ( ( #5636 ) ) GLOBAL_UNIT_ASSIGNED_CONTEXT ( ( #5639, #5638, #5637 ) ) REPRESENTATION_CONTEXT ( 'NONE', 'WORKASPACE' ) );
#5636 = UNCERTAINTY_MEASURE_WITH_UNIT (LENGTH_MEASURE( 1.000000000000000100E-005 ), #5639, 'distance_accuracy_value', 'NONE');
#5637 =( NAMED_UNIT ( * ) SI_UNIT ( $, .STERADIAN. ) SOLID_ANGLE_UNIT ( ) );
#5638 =( NAMED_UNIT ( * ) PLANE_ANGLE_UNIT ( ) SI_UNIT ( $, .RADIAN. ) );
#5639 =( LENGTH_UNIT ( ) NAMED_UNIT ( * ) SI_UNIT ( .MILLI., .METRE. ) );
#5640 = MECHANICAL_DESIGN_GEOMETRIC_PRESENTATION_REPRESENTATION (  '', ( #5642 ), #5635 ) ;
#5641 = PRESENTATION_LAYER_ASSIGNMENT (  '', '', ( #5642 ) ) ;
#5642 = STYLED_ITEM ( 'NONE', ( #5643 ), #8109 ) ;
#5643 = PRESENTATION_STYLE_ASSIGNMENT (( #5644 ) ) ;
#5644 = SURFACE_STYLE_USAGE ( .BOTH. , #5645 ) ;
#5645 = SURFACE_SIDE_STYLE ('',( #5646 ) ) ;
#5646 = SURFACE_STYLE_FILL_AREA ( #5647 ) ;
#5647 = FILL_AREA_STYLE ('',( #5652 ) ) ;
#5648 = CARTESIAN_POINT ( 'NONE',  ( 6.397455323112672500, -7.606857433181494000, -0.4148434896248935900 ) ) ;
#5649 = CARTESIAN_POINT ( 'NONE',  ( 6.404632932063283800, -7.606857433181492200, -0.5591858289426374600 ) ) ;
#5650 = CARTESIAN_POINT ( 'NONE',  ( 6.430021017456300400, -7.606857433181492200, -0.7026130822912826100 ) ) ;
#5651 = CARTESIAN_POINT ( 'NONE',  ( 6.472827202196101300, -7.606857433181494000, -0.8406488006325134600 ) ) ;
#5652 = FILL_AREA_STYLE_COLOUR ( '', #5653 ) ;
#5653 = COLOUR_RGB ( '',1.000000000000000000, 0.8588235294117646500, 0.5568627450980392400 ) ;
#5654 = CARTESIAN_POINT ( 'NONE',  ( 6.397455323112672500, -7.606857433181494000, -0.4148434896248935900 ) ) ;
#5655 = B_SPLINE_CURVE_WITH_KNOTS ( 'NONE', 3,
 ( #5651, #5650, #5649, #5648 ),
 .UNSPECIFIED., .F., .F.,
 ( 4, 4 ),
 ( 0.0000000000000000000, 1.000000000000000000 ),
 .UNSPECIFIED. ) ;
#5656 = FACE_OUTER_BOUND ( 'NONE', #7920, .T. ) ;
#5657 = CARTESIAN_POINT ( 'NONE',  ( 5.659669159078360300, 1.983447831235869400, -0.8457762952341547600 ) ) ;
#5658 = CARTESIAN_POINT ( 'NONE',  ( 5.958472992555394800, 1.983657553655350500, -0.8457762952341547600 ) ) ;
#5659 = CARTESIAN_POINT ( 'NONE',  ( 6.169833153600747800, 1.772445202674288100, -0.8457762952341547600 ) ) ;
#5660 = CARTESIAN_POINT ( 'NONE',  ( 6.169832466165884100, 1.473641295598773900, -0.8457762952341547600 ) ) ;
#5661 = CARTESIAN_POINT ( 'NONE',  ( 5.659669159078360300, 1.879987672737079000, -0.5538015450573149400 ) ) ;
#5662 = CARTESIAN_POINT ( 'NONE',  ( 5.897833591267480600, 1.880197395156559600, -0.5538015450573149400 ) ) ;
#5663 = CARTESIAN_POINT ( 'NONE',  ( 6.066330320081024600, 1.711878670343799100, -0.5538015450573149400 ) ) ;
#5664 = CARTESIAN_POINT ( 'NONE',  ( 6.066372333318004600, 1.473714149521854400, -0.5538015450573149400 ) ) ;
#5665 = AXIS2_PLACEMENT_3D ( 'NONE', #5667, #5669, #5668 ) ;
#5666 = CIRCLE ( 'NONE', #5665, 1.346200000000029200 ) ;
#5667 = CARTESIAN_POINT ( 'NONE',  ( 7.438725195169550600, 1.472747774483603900, -0.3961488006325451000 ) ) ;
#5668 = DIRECTION ( 'NONE',  ( 0.0000000000000000000, 3.543670746498377900E-015, -1.000000000000000000 ) ) ;
#5669 = DIRECTION ( 'NONE',  ( -0.0007041737045326144300, -0.9999997520696661800, -3.491483361109382100E-015 ) ) ;
#5670 = CARTESIAN_POINT ( 'NONE',  ( 6.397455323112671600, -7.606857433181492200, -0.3774541116402198000 ) ) ;
#5671 = CARTESIAN_POINT ( 'NONE',  ( 5.659669159078362100, 1.879362254771620200, -0.2440389456528823700 ) ) ;
#5672 = CARTESIAN_POINT ( 'NONE',  ( 5.897467025320450400, 1.879571977191099700, -0.2440389456528823900 ) ) ;
#5673 = CARTESIAN_POINT ( 'NONE',  ( 6.065704644144524600, 1.711512544890534800, -0.2440389456528823900 ) ) ;
#5674 = CARTESIAN_POINT ( 'NONE',  ( 6.065746915507605600, 1.473714589924738600, -0.2440389456528823900 ) ) ;
#5675 = CARTESIAN_POINT ( 'NONE',  ( 5.659669159078363000, 1.981642566818506700, 0.04835119936745567400 ) ) ;
#5676 = CARTESIAN_POINT ( 'NONE',  ( 5.957414902610208800, 1.981852289237986000, 0.04835119936745566800 ) ) ;
#5677 = CARTESIAN_POINT ( 'NONE',  ( 6.168027144551850000, 1.771388384211160400, 0.04835119936745566800 ) ) ;
#5678 = CARTESIAN_POINT ( 'NONE',  ( 6.168027202196100200, 1.473642566818503100, 0.04835119936745567400 ) ) ;
#5679 = CARTESIAN_POINT ( 'NONE',  ( 7.743525119600353600, 1.472533142338463800, -0.3961488006325451000 ) ) ;
#5680 = AXIS2_PLACEMENT_3D ( 'NONE', #5679, #5695, #5694 ) ;
#5681 = CIRCLE ( 'NONE', #5680, 1.346199999999999800 ) ;
#5682 = PRESENTATION_LAYER_ASSIGNMENT (  '', '', ( #5683 ) ) ;
#5683 = STYLED_ITEM ( 'NONE', ( #5684 ), #8087 ) ;
#5684 = PRESENTATION_STYLE_ASSIGNMENT (( #5685 ) ) ;
#5685 = SURFACE_STYLE_USAGE ( .BOTH. , #5686 ) ;
#5686 = SURFACE_SIDE_STYLE ('',( #5687 ) ) ;
#5687 = SURFACE_STYLE_FILL_AREA ( #5688 ) ;
#5688 = FILL_AREA_STYLE ('',( #5689 ) ) ;
#5689 = FILL_AREA_STYLE_COLOUR ( '', #5690 ) ;
#5690 = COLOUR_RGB ( '',1.000000000000000000, 0.8588235294117646500, 0.5568627450980392400 ) ;
#5691 = FACE_OUTER_BOUND ( 'NONE', #8118, .T. ) ;
#5692 = CARTESIAN_POINT ( 'NONE',  ( 6.396627202196102100, -7.606857433181492200, -0.3961488006325451000 ) ) ;
#5693 =( BOUNDED_SURFACE ( )  B_SPLINE_SURFACE ( 3, 3, ( 
 ( #5678, #5677, #5676, #5675 ),
 ( #5674, #5673, #5672, #5671 ),
 ( #5664, #5663, #5662, #5661 ),
 ( #5660, #5659, #5658, #5657 ) ),
 .UNSPECIFIED., .F., .F., .T. ) 
 B_SPLINE_SURFACE_WITH_KNOTS ( ( 4, 4 ),
 ( 4, 4 ),
 ( 0.0000000000000000000, 1.000000000000000000 ),
 ( 0.0000000000000000000, 1.000000000000000000 ),
 .UNSPECIFIED. ) 
 GEOMETRIC_REPRESENTATION_ITEM ( )  RATIONAL_B_SPLINE_SURFACE ( (
 ( 1.000000000000000000, 0.8045718495613363200, 0.8045718495613363200, 1.000000000000000000),
 ( 0.9621642469864679600, 0.7741302677796929600, 0.7741302677796929600, 0.9621642469864679600),
 ( 0.9621642469864679600, 0.7741302677796929600, 0.7741302677796929600, 0.9621642469864679600),
 ( 1.000000000000000000, 0.8045718495613363200, 0.8045718495613363200, 1.000000000000000000) ) ) 
 REPRESENTATION_ITEM ( '' )  SURFACE ( )  );
#5694 = DIRECTION ( 'NONE',  ( 0.0000000000000000000, 3.543670746498454800E-015, -1.000000000000000000 ) ) ;
#5695 = DIRECTION ( 'NONE',  ( 0.0007041737045326144300, 0.9999997520696661800, 3.491483361109382100E-015 ) ) ;
#5696 =( NAMED_UNIT ( * ) PLANE_ANGLE_UNIT ( ) SI_UNIT ( $, .RADIAN. ) );
#5697 =( LENGTH_UNIT ( ) NAMED_UNIT ( * ) SI_UNIT ( .MILLI., .METRE. ) );
#5698 = MECHANICAL_DESIGN_GEOMETRIC_PRESENTATION_REPRESENTATION (  '', ( #5683 ), #5769 ) ;
#5699 = UNCERTAINTY_MEASURE_WITH_UNIT (LENGTH_MEASURE( 1.000000000000000100E-005 ), #5702, 'distance_accuracy_value', 'NONE');
#5700 =( NAMED_UNIT ( * ) SI_UNIT ( $, .STERADIAN. ) SOLID_ANGLE_UNIT ( ) );
#5701 =( NAMED_UNIT ( * ) PLANE_ANGLE_UNIT ( ) SI_UNIT ( $, .RADIAN. ) );
#5702 =( LENGTH_UNIT ( ) NAMED_UNIT ( * ) SI_UNIT ( .MILLI., .METRE. ) );
#5703 = MECHANICAL_DESIGN_GEOMETRIC_PRESENTATION_REPRESENTATION (  '', ( #5705 ), #5794 ) ;
#5704 = PRESENTATION_LAYER_ASSIGNMENT (  '', '', ( #5705 ) ) ;
#5705 = STYLED_ITEM ( 'NONE', ( #5706 ), #8140 ) ;
#5706 = PRESENTATION_STYLE_ASSIGNMENT (( #5707 ) ) ;
#5707 = SURFACE_STYLE_USAGE ( .BOTH. , #5712 ) ;
#5708 = CARTESIAN_POINT ( 'NONE',  ( 6.168027202196101100, -7.606857433181492200, -0.8406488006325453200 ) ) ;
#5709 = CARTESIAN_POINT ( 'NONE',  ( 6.125221017456302900, -7.606857433181491300, -0.7026130822912860500 ) ) ;
#5710 = CARTESIAN_POINT ( 'NONE',  ( 6.099832932063286300, -7.606857433181491300, -0.5591858289426460100 ) ) ;
#5711 = CARTESIAN_POINT ( 'NONE',  ( 6.092655323112673200, -7.606857433181494000, -0.4148434896249070200 ) ) ;
#5712 = SURFACE_SIDE_STYLE ('',( #5713 ) ) ;
#5713 = SURFACE_STYLE_FILL_AREA ( #5714 ) ;
#5714 = FILL_AREA_STYLE ('',( #5717 ) ) ;
#5715 = FACE_OUTER_BOUND ( 'NONE', #8108, .T. ) ;
#5716 = B_SPLINE_CURVE_WITH_KNOTS ( 'NONE', 3,
 ( #5711, #5710, #5709, #5708 ),
 .UNSPECIFIED., .F., .F.,
 ( 4, 4 ),
 ( 0.0000000000000000000, 1.000000000000000000 ),
 .UNSPECIFIED. ) ;
#5717 = FILL_AREA_STYLE_COLOUR ( '', #5718 ) ;
#5718 = COLOUR_RGB ( '',1.000000000000000000, 0.8588235294117646500, 0.5568627450980392400 ) ;
#5719 = DIRECTION ( 'NONE',  ( 2.458610772706377700E-018, 3.491482495464746800E-015, -1.000000000000000000 ) ) ;
#5720 = DIRECTION ( 'NONE',  ( -0.0007041737045326144300, -0.9999997520696661800, -3.491483361109382100E-015 ) ) ;
#5721 = CARTESIAN_POINT ( 'NONE',  ( 7.743525119600353600, 1.472533142338463800, -0.3961488006325451000 ) ) ;
#5722 = AXIS2_PLACEMENT_3D ( 'NONE', #5721, #5720, #5719 ) ;
#5723 = PLANE ( 'NONE',  #5722 ) ;
#5724 =( GEOMETRIC_REPRESENTATION_CONTEXT ( 3 ) GLOBAL_UNCERTAINTY_ASSIGNED_CONTEXT ( ( #5725 ) ) GLOBAL_UNIT_ASSIGNED_CONTEXT ( ( #5728, #5727, #5726 ) ) REPRESENTATION_CONTEXT ( 'NONE', 'WORKASPACE' ) );
#5725 = UNCERTAINTY_MEASURE_WITH_UNIT (LENGTH_MEASURE( 1.000000000000000100E-005 ), #5728, 'distance_accuracy_value', 'NONE');
#5726 =( NAMED_UNIT ( * ) SI_UNIT ( $, .STERADIAN. ) SOLID_ANGLE_UNIT ( ) );
#5727 =( NAMED_UNIT ( * ) PLANE_ANGLE_UNIT ( ) SI_UNIT ( $, .RADIAN. ) );
#5728 =( LENGTH_UNIT ( ) NAMED_UNIT ( * ) SI_UNIT ( .MILLI., .METRE. ) );
#5729 = MECHANICAL_DESIGN_GEOMETRIC_PRESENTATION_REPRESENTATION (  '', ( #5731 ), #5724 ) ;
#5730 = PRESENTATION_LAYER_ASSIGNMENT (  '', '', ( #5731 ) ) ;
#5731 = STYLED_ITEM ( 'NONE', ( #5732 ), #8124 ) ;
#5732 = PRESENTATION_STYLE_ASSIGNMENT (( #5733 ) ) ;
#5733 = SURFACE_STYLE_USAGE ( .BOTH. , #5734 ) ;
#5734 = SURFACE_SIDE_STYLE ('',( #5735 ) ) ;
#5735 = SURFACE_STYLE_FILL_AREA ( #5736 ) ;
#5736 = FILL_AREA_STYLE ('',( #5743 ) ) ;
#5737 = COLOUR_RGB ( '',1.000000000000000000, 0.8588235294117646500, 0.5568627450980392400 ) ;
#5738 = FACE_OUTER_BOUND ( 'NONE', #8125, .T. ) ;
#5739 = DIRECTION ( 'NONE',  ( 9.916538790963483400E-012, -3.491483361109382100E-015, -1.000000000000000000 ) ) ;
#5740 = VECTOR ( 'NONE', #5739, 1000.000000000000000 ) ;
#5741 = CARTESIAN_POINT ( 'NONE',  ( 6.168027202193190600, 1.473642566818507800, -0.3961488006481686500 ) ) ;
#5742 = LINE ( 'NONE', #5741, #5740 ) ;
#5743 = FILL_AREA_STYLE_COLOUR ( '', #5737 ) ;
#5744 = DIRECTION ( 'NONE',  ( -1.000000000000000000, 0.0000000000000000000, 0.0000000000000000000 ) ) ;
#5745 = DIRECTION ( 'NONE',  ( -0.0000000000000000000, 1.000000000000000000, 3.491483361109382100E-015 ) ) ;
#5746 = CARTESIAN_POINT ( 'NONE',  ( 8.122523848119914900, -7.606857433181492200, -0.3290622327598918300 ) ) ;
#5747 = AXIS2_PLACEMENT_3D ( 'NONE', #5746, #5745, #5744 ) ;
#5748 = DIRECTION ( 'NONE',  ( 0.0000000000000000000, 0.0000000000000000000, -1.000000000000000000 ) ) ;
#5749 = DIRECTION ( 'NONE',  ( 1.000000000000000000, -0.0000000000000000000, -0.0000000000000000000 ) ) ;
#5750 = DIRECTION ( 'NONE',  ( 0.0000000000000000000, -1.000000000000000000, 3.491483361109382100E-015 ) ) ;
#5751 = AXIS2_PLACEMENT_3D ( 'NONE', #5757, #5750, #5793 ) ;
#5752 = CIRCLE ( 'NONE', #5751, 1.727199999999999800 ) ;
#5753 = CARTESIAN_POINT ( 'NONE',  ( 6.397455323112671600, -7.606857433181492200, -0.3774541116402198000 ) ) ;
#5754 = CARTESIAN_POINT ( 'NONE',  ( 6.399465725070217400, -7.606857433181491300, -0.2326995163507010700 ) ) ;
#5755 = CARTESIAN_POINT ( 'NONE',  ( 6.425026264159770400, -7.606857433181491300, -0.08829800442203462900 ) ) ;
#5756 = CARTESIAN_POINT ( 'NONE',  ( 6.472827202196101300, -7.606857433181490400, 0.04835119936748678800 ) ) ;
#5757 = CARTESIAN_POINT ( 'NONE',  ( 8.122523848119914900, -7.606857433181492200, -0.4632353685051981400 ) ) ;
#5758 = B_SPLINE_CURVE_WITH_KNOTS ( 'NONE', 3,
 ( #5756, #5755, #5754, #5753 ),
 .UNSPECIFIED., .F., .F.,
 ( 4, 4 ),
 ( 0.0000000000000000000, 1.000000000000000000 ),
 .UNSPECIFIED. ) ;
#5759 = DIRECTION ( 'NONE',  ( 0.0000000000000000000, 3.543670746498454800E-015, 1.000000000000000000 ) ) ;
#5760 = DIRECTION ( 'NONE',  ( 0.0000000000000000000, 1.000000000000000000, -3.491483361109382100E-015 ) ) ;
#5761 = CARTESIAN_POINT ( 'NONE',  ( 7.438725510214177400, 1.473642566818507800, -0.3961488006325436000 ) ) ;
#5762 = AXIS2_PLACEMENT_3D ( 'NONE', #5761, #5760, #5759 ) ;
#5763 = DIRECTION ( 'NONE',  ( 0.0000000000000000000, -3.543670746498455600E-015, -1.000000000000000000 ) ) ;
#5764 = DIRECTION ( 'NONE',  ( -0.0000000000000000000, -1.000000000000000000, 3.491483361109382500E-015 ) ) ;
#5765 = AXIS2_PLACEMENT_3D ( 'NONE', #5768, #5764, #5763 ) ;
#5766 = CYLINDRICAL_SURFACE ( 'NONE', #5765, 1.346199999999999600 ) ;
#5767 = CIRCLE ( 'NONE', #5762, 1.346199999999999800 ) ;
#5768 = CARTESIAN_POINT ( 'NONE',  ( 7.743525510214176700, 1.473642566818507800, -0.3961488006325448700 ) ) ;
#5769 =( GEOMETRIC_REPRESENTATION_CONTEXT ( 3 ) GLOBAL_UNCERTAINTY_ASSIGNED_CONTEXT ( ( #5770 ) ) GLOBAL_UNIT_ASSIGNED_CONTEXT ( ( #5697, #5696, #5771 ) ) REPRESENTATION_CONTEXT ( 'NONE', 'WORKASPACE' ) );
#5770 = UNCERTAINTY_MEASURE_WITH_UNIT (LENGTH_MEASURE( 1.000000000000000100E-005 ), #5697, 'distance_accuracy_value', 'NONE');
#5771 =( NAMED_UNIT ( * ) SI_UNIT ( $, .STERADIAN. ) SOLID_ANGLE_UNIT ( ) );
#5772 =( GEOMETRIC_REPRESENTATION_CONTEXT ( 3 ) GLOBAL_UNCERTAINTY_ASSIGNED_CONTEXT ( ( #5773 ) ) GLOBAL_UNIT_ASSIGNED_CONTEXT ( ( #5776, #5775, #5774 ) ) REPRESENTATION_CONTEXT ( 'NONE', 'WORKASPACE' ) );
#5773 = UNCERTAINTY_MEASURE_WITH_UNIT (LENGTH_MEASURE( 1.000000000000000100E-005 ), #5776, 'distance_accuracy_value', 'NONE');
#5774 =( NAMED_UNIT ( * ) SI_UNIT ( $, .STERADIAN. ) SOLID_ANGLE_UNIT ( ) );
#5775 =( NAMED_UNIT ( * ) PLANE_ANGLE_UNIT ( ) SI_UNIT ( $, .RADIAN. ) );
#5776 =( LENGTH_UNIT ( ) NAMED_UNIT ( * ) SI_UNIT ( .MILLI., .METRE. ) );
#5777 = MECHANICAL_DESIGN_GEOMETRIC_PRESENTATION_REPRESENTATION (  '', ( #5779 ), #5772 ) ;
#5778 = PRESENTATION_LAYER_ASSIGNMENT (  '', '', ( #5779 ) ) ;
#5779 = STYLED_ITEM ( 'NONE', ( #5780 ), #8099 ) ;
#5780 = PRESENTATION_STYLE_ASSIGNMENT (( #5781 ) ) ;
#5781 = SURFACE_STYLE_USAGE ( .BOTH. , #5782 ) ;
#5782 = SURFACE_SIDE_STYLE ('',( #5783 ) ) ;
#5783 = SURFACE_STYLE_FILL_AREA ( #5784 ) ;
#5784 = FILL_AREA_STYLE ('',( #5792 ) ) ;
#5785 = COLOUR_RGB ( '',1.000000000000000000, 0.8588235294117646500, 0.5568627450980392400 ) ;
#5786 = FACE_OUTER_BOUND ( 'NONE', #8072, .T. ) ;
#5787 = DIRECTION ( 'NONE',  ( 0.0000000000000000000, 3.221518860453141600E-015, 1.000000000000000000 ) ) ;
#5788 = DIRECTION ( 'NONE',  ( -0.0000000000000000000, -1.000000000000000000, 3.491483361109382100E-015 ) ) ;
#5789 = CARTESIAN_POINT ( 'NONE',  ( 7.743525510214176700, -7.606857433181492200, -0.3961488006325132300 ) ) ;
#5790 = AXIS2_PLACEMENT_3D ( 'NONE', #5789, #5788, #5787 ) ;
#5791 = CIRCLE ( 'NONE', #5790, 1.346199999999999600 ) ;
#5792 = FILL_AREA_STYLE_COLOUR ( '', #5785 ) ;
#5793 = DIRECTION ( 'NONE',  ( -1.000000000000000000, 0.0000000000000000000, 0.0000000000000000000 ) ) ;
#5794 =( GEOMETRIC_REPRESENTATION_CONTEXT ( 3 ) GLOBAL_UNCERTAINTY_ASSIGNED_CONTEXT ( ( #5699 ) ) GLOBAL_UNIT_ASSIGNED_CONTEXT ( ( #5702, #5701, #5700 ) ) REPRESENTATION_CONTEXT ( 'NONE', 'WORKASPACE' ) );
#5795 = DIRECTION ( 'NONE',  ( 0.0000000000000000000, 0.0000000000000000000, -1.000000000000000000 ) ) ;
#5796 =( NAMED_UNIT ( * ) SI_UNIT ( $, .STERADIAN. ) SOLID_ANGLE_UNIT ( ) );
#5797 = DIRECTION ( 'NONE',  ( 0.0000000000000000000, 0.0000000000000000000, 1.000000000000000000 ) ) ;
#5798 = APPLICATION_CONTEXT ( 'automotive_design' ) ;
#5799 =( LENGTH_UNIT ( ) NAMED_UNIT ( * ) SI_UNIT ( .MILLI., .METRE. ) );
#5800 = SHAPE_DEFINITION_REPRESENTATION ( #5806, #5801 ) ;
#5801 = ADVANCED_BREP_SHAPE_REPRESENTATION ( '900', ( #5948, #7223, #7631, #7111, #5805 ), #5815 ) ;
#5802 = DIRECTION ( 'NONE',  ( 1.000000000000000000, -0.0000000000000000000, -0.0000000000000000000 ) ) ;
#5803 = UNCERTAINTY_MEASURE_WITH_UNIT (LENGTH_MEASURE( 1.000000000000000100E-005 ), #5799, 'distance_accuracy_value', 'NONE');
#5804 = AXIS2_PLACEMENT_3D ( 'NONE', #5816, #5802, #5795 ) ;
#5805 = AXIS2_PLACEMENT_3D ( 'NONE', #5814, #5797, #5818 ) ;
#5806 = PRODUCT_DEFINITION_SHAPE ( 'NONE', 'NONE',  #5809 ) ;
#5807 = PRODUCT_RELATED_PRODUCT_CATEGORY ( 'part', '', ( #5819 ) ) ;
#5808 = PRODUCT_DEFINITION_FORMATION_WITH_SPECIFIED_SOURCE ( 'ANY', '', #5819, .NOT_KNOWN. ) ;
#5809 = PRODUCT_DEFINITION ( 'UNKNOWN', '', #5808, #5810 ) ;
#5810 = PRODUCT_DEFINITION_CONTEXT ( 'detailed design', #5812, 'design' ) ;
#5811 = APPLICATION_PROTOCOL_DEFINITION ( 'draft international standard', 'automotive_design', 1998, #5812 ) ;
#5812 = APPLICATION_CONTEXT ( 'automotive_design' ) ;
#5813 = TOROIDAL_SURFACE ( 'NONE', #5804, -0.06708656787265303300, 1.727200000000000300 ) ;
#5814 = CARTESIAN_POINT ( 'NONE',  ( 0.0000000000000000000, 0.0000000000000000000, 0.0000000000000000000 ) ) ;
#5815 =( GEOMETRIC_REPRESENTATION_CONTEXT ( 3 ) GLOBAL_UNCERTAINTY_ASSIGNED_CONTEXT ( ( #5803 ) ) GLOBAL_UNIT_ASSIGNED_CONTEXT ( ( #5799, #5817, #5796 ) ) REPRESENTATION_CONTEXT ( 'NONE', 'WORKASPACE' ) );
#5816 = CARTESIAN_POINT ( 'NONE',  ( 7.817723848119914700, -7.606857433181492200, -0.3961488006325451000 ) ) ;
#5817 =( NAMED_UNIT ( * ) PLANE_ANGLE_UNIT ( ) SI_UNIT ( $, .RADIAN. ) );
#5818 = DIRECTION ( 'NONE',  ( 1.000000000000000000, 0.0000000000000000000, 0.0000000000000000000 ) ) ;
#5819 = PRODUCT ( '900', '900', '', ( #5820 ) ) ;
#5820 = PRODUCT_CONTEXT ( 'NONE', #5798, 'mechanical' ) ;
#5821 = APPLICATION_PROTOCOL_DEFINITION ( 'draft international standard', 'automotive_design', 1998, #5798 ) ;
#5822 = EDGE_CURVE ( 'NONE', #5887, #5888, #8136, .T. ) ;
#5823 = ORIENTED_EDGE ( 'NONE', *, *, #6158, .T. ) ;
#5824 = ORIENTED_EDGE ( 'NONE', *, *, #5894, .F. ) ;
#5825 = VERTEX_POINT ( 'NONE', #8137 ) ;
#5826 = EDGE_CURVE ( 'NONE', #5825, #5832, #8131, .T. ) ;
#5827 = EDGE_LOOP ( 'NONE', ( #5829, #5922, #5923, #5930 ) ) ;
#5828 = ORIENTED_EDGE ( 'NONE', *, *, #5850, .T. ) ;
#5829 = ORIENTED_EDGE ( 'NONE', *, *, #5822, .T. ) ;
#5830 = ORIENTED_EDGE ( 'NONE', *, *, #5841, .T. ) ;
#5831 = EDGE_CURVE ( 'NONE', #6089, #6159, #8176, .T. ) ;
#5832 = VERTEX_POINT ( 'NONE', #8149 ) ;
#5833 = ADVANCED_FACE ( 'NONE', ( #8242 ), #8238, .T. ) ;
#5834 = ORIENTED_EDGE ( 'NONE', *, *, #5837, .T. ) ;
#5835 = ORIENTED_EDGE ( 'NONE', *, *, #5836, .F. ) ;
#5836 = EDGE_CURVE ( 'NONE', #5838, #5825, #8227, .T. ) ;
#5837 = EDGE_CURVE ( 'NONE', #5838, #5903, #8215, .T. ) ;
#5838 = VERTEX_POINT ( 'NONE', #8184 ) ;
#5839 = ADVANCED_FACE ( 'NONE', ( #8183 ), #8167, .T. ) ;
#5840 = EDGE_LOOP ( 'NONE', ( #5847, #5830, #5848, #5824 ) ) ;
#5841 = EDGE_CURVE ( 'NONE', #6089, #5903, #8168, .T. ) ;
#5842 = ADVANCED_FACE ( 'NONE', ( #8197 ), #8204, .T. ) ;
#5843 = ORIENTED_EDGE ( 'NONE', *, *, #5844, .F. ) ;
#5844 = EDGE_CURVE ( 'NONE', #5897, #5912, #8237, .T. ) ;
#5845 = ADVANCED_FACE ( 'NONE', ( #8236 ), #8268, .F. ) ;
#5846 = ORIENTED_EDGE ( 'NONE', *, *, #5826, .F. ) ;
#5847 = ORIENTED_EDGE ( 'NONE', *, *, #5921, .T. ) ;
#5848 = ORIENTED_EDGE ( 'NONE', *, *, #5837, .F. ) ;
#5849 = EDGE_LOOP ( 'NONE', ( #5834, #5828, #5846, #5835 ) ) ;
#5850 = EDGE_CURVE ( 'NONE', #5903, #5832, #8303, .T. ) ;
#5851 = VERTEX_POINT ( 'NONE', #8246 ) ;
#5852 = ORIENTED_EDGE ( 'NONE', *, *, #6087, .T. ) ;
#5853 = EDGE_CURVE ( 'NONE', #5851, #6036, #8304, .T. ) ;
#5854 = VERTEX_POINT ( 'NONE', #8296 ) ;
#5855 = EDGE_CURVE ( 'NONE', #6035, #5854, #8285, .T. ) ;
#5856 = ORIENTED_EDGE ( 'NONE', *, *, #5853, .T. ) ;
#5857 = EDGE_CURVE ( 'NONE', #5871, #5861, #8260, .T. ) ;
#5858 = ADVANCED_FACE ( 'NONE', ( #8259 ), #8282, .T. ) ;
#5859 = VERTEX_POINT ( 'NONE', #8299 ) ;
#5860 = EDGE_CURVE ( 'NONE', #5861, #5859, #8298, .T. ) ;
#5861 = VERTEX_POINT ( 'NONE', #8297 ) ;
#5862 = ORIENTED_EDGE ( 'NONE', *, *, #5857, .F. ) ;
#5863 = ORIENTED_EDGE ( 'NONE', *, *, #5934, .F. ) ;
#5864 = ORIENTED_EDGE ( 'NONE', *, *, #5865, .F. ) ;
#5865 = EDGE_CURVE ( 'NONE', #5940, #5880, #8314, .T. ) ;
#5866 = ORIENTED_EDGE ( 'NONE', *, *, #5941, .F. ) ;
#5867 = EDGE_CURVE ( 'NONE', #5913, #5885, #8292, .T. ) ;
#5868 = EDGE_CURVE ( 'NONE', #5870, #5832, #8337, .T. ) ;
#5869 = ORIENTED_EDGE ( 'NONE', *, *, #5867, .F. ) ;
#5870 = VERTEX_POINT ( 'NONE', #8351 ) ;
#5871 = VERTEX_POINT ( 'NONE', #8323 ) ;
#5872 = ORIENTED_EDGE ( 'NONE', *, *, #6125, .T. ) ;
#5873 = ORIENTED_EDGE ( 'NONE', *, *, #5932, .F. ) ;
#5874 = ORIENTED_EDGE ( 'NONE', *, *, #5926, .T. ) ;
#5875 = EDGE_CURVE ( 'NONE', #5959, #6103, #8342, .T. ) ;
#5876 = ORIENTED_EDGE ( 'NONE', *, *, #5893, .T. ) ;
#5877 = ORIENTED_EDGE ( 'NONE', *, *, #5911, .F. ) ;
#5878 = EDGE_LOOP ( 'NONE', ( #5856, #6130, #6017, #5852 ) ) ;
#5879 = ORIENTED_EDGE ( 'NONE', *, *, #5860, .F. ) ;
#5880 = VERTEX_POINT ( 'NONE', #8347 ) ;
#5881 = ORIENTED_EDGE ( 'NONE', *, *, #5882, .F. ) ;
#5882 = EDGE_CURVE ( 'NONE', #5859, #5907, #8341, .T. ) ;
#5883 = ORIENTED_EDGE ( 'NONE', *, *, #5884, .F. ) ;
#5884 = EDGE_CURVE ( 'NONE', #5885, #5940, #8327, .T. ) ;
#5885 = VERTEX_POINT ( 'NONE', #8328 ) ;
#5886 = EDGE_CURVE ( 'NONE', #5832, #5825, #8319, .T. ) ;
#5887 = VERTEX_POINT ( 'NONE', #8320 ) ;
#5888 = VERTEX_POINT ( 'NONE', #8335 ) ;
#5889 = EDGE_LOOP ( 'NONE', ( #5876, #5899, #5925, #5902, #5874, #5873, #5877, #5843 ) ) ;
#5890 = EDGE_CURVE ( 'NONE', #5891, #6103, #8334, .T. ) ;
#5891 = VERTEX_POINT ( 'NONE', #8329 ) ;
#5892 = EDGE_CURVE ( 'NONE', #5887, #5920, #8359, .T. ) ;
#5893 = EDGE_CURVE ( 'NONE', #5897, #5891, #8367, .T. ) ;
#5894 = EDGE_CURVE ( 'NONE', #6132, #5838, #8371, .T. ) ;
#5895 = EDGE_CURVE ( 'NONE', #5888, #5910, #8408, .T. ) ;
#5896 = ORIENTED_EDGE ( 'NONE', *, *, #5924, .F. ) ;
#5897 = VERTEX_POINT ( 'NONE', #8428 ) ;
#5898 = EDGE_LOOP ( 'NONE', ( #5908, #5904, #5939, #5936, #5866, #5864, #5883, #5869, #5917, #5863, #5914, #5905, #5881, #5879, #5862 ) ) ;
#5899 = ORIENTED_EDGE ( 'NONE', *, *, #5890, .T. ) ;
#5900 = VERTEX_POINT ( 'NONE', #8427 ) ;
#5901 = EDGE_CURVE ( 'NONE', #5900, #5959, #8426, .T. ) ;
#5902 = ORIENTED_EDGE ( 'NONE', *, *, #5901, .F. ) ;
#5903 = VERTEX_POINT ( 'NONE', #8410 ) ;
#5904 = ORIENTED_EDGE ( 'NONE', *, *, #5868, .T. ) ;
#5905 = ORIENTED_EDGE ( 'NONE', *, *, #5906, .F. ) ;
#5906 = EDGE_CURVE ( 'NONE', #5907, #5916, #8369, .T. ) ;
#5907 = VERTEX_POINT ( 'NONE', #8391 ) ;
#5908 = ORIENTED_EDGE ( 'NONE', *, *, #5909, .F. ) ;
#5909 = EDGE_CURVE ( 'NONE', #5870, #5871, #8418, .T. ) ;
#5910 = VERTEX_POINT ( 'NONE', #8414 ) ;
#5911 = EDGE_CURVE ( 'NONE', #5912, #5933, #8353, .T. ) ;
#5912 = VERTEX_POINT ( 'NONE', #8352 ) ;
#5913 = VERTEX_POINT ( 'NONE', #8354 ) ;
#5914 = ORIENTED_EDGE ( 'NONE', *, *, #5915, .F. ) ;
#5915 = EDGE_CURVE ( 'NONE', #5916, #5935, #8356, .T. ) ;
#5916 = VERTEX_POINT ( 'NONE', #8355 ) ;
#5917 = ORIENTED_EDGE ( 'NONE', *, *, #5918, .F. ) ;
#5918 = EDGE_CURVE ( 'NONE', #5919, #5913, #8422, .T. ) ;
#5919 = VERTEX_POINT ( 'NONE', #8421 ) ;
#5920 = VERTEX_POINT ( 'NONE', #8384 ) ;
#5921 = EDGE_CURVE ( 'NONE', #6132, #6089, #8446, .T. ) ;
#5922 = ORIENTED_EDGE ( 'NONE', *, *, #5895, .T. ) ;
#5923 = ORIENTED_EDGE ( 'NONE', *, *, #5929, .F. ) ;
#5924 = EDGE_CURVE ( 'NONE', #6132, #6160, #8447, .T. ) ;
#5925 = ORIENTED_EDGE ( 'NONE', *, *, #5875, .F. ) ;
#5926 = EDGE_CURVE ( 'NONE', #5900, #5927, #8467, .T. ) ;
#5927 = VERTEX_POINT ( 'NONE', #8361 ) ;
#5928 = ADVANCED_FACE ( 'NONE', ( #8462 ), #8440, .T. ) ;
#5929 = EDGE_CURVE ( 'NONE', #5920, #5910, #8372, .T. ) ;
#5930 = ORIENTED_EDGE ( 'NONE', *, *, #5892, .F. ) ;
#5931 = ORIENTED_EDGE ( 'NONE', *, *, #6079, .F. ) ;
#5932 = EDGE_CURVE ( 'NONE', #5933, #5927, #8431, .T. ) ;
#5933 = VERTEX_POINT ( 'NONE', #8432 ) ;
#5934 = EDGE_CURVE ( 'NONE', #5935, #5919, #8378, .T. ) ;
#5935 = VERTEX_POINT ( 'NONE', #8377 ) ;
#5936 = ORIENTED_EDGE ( 'NONE', *, *, #5937, .F. ) ;
#5937 = EDGE_CURVE ( 'NONE', #5938, #5825, #8379, .T. ) ;
#5938 = VERTEX_POINT ( 'NONE', #8398 ) ;
#5939 = ORIENTED_EDGE ( 'NONE', *, *, #5886, .T. ) ;
#5940 = VERTEX_POINT ( 'NONE', #8397 ) ;
#5941 = EDGE_CURVE ( 'NONE', #5880, #5938, #8488, .T. ) ;
#5942 = ORIENTED_EDGE ( 'NONE', *, *, #5977, .T. ) ;
#5943 = EDGE_CURVE ( 'NONE', #6078, #5974, #8499, .T. ) ;
#5944 = ORIENTED_EDGE ( 'NONE', *, *, #6077, .F. ) ;
#5945 = EDGE_CURVE ( 'NONE', #5974, #6027, #8538, .T. ) ;
#5946 = VERTEX_POINT ( 'NONE', #8539 ) ;
#5947 = ORIENTED_EDGE ( 'NONE', *, *, #5943, .T. ) ;
#5948 = MANIFOLD_SOLID_BREP ( 'NONE', #7222 ) ;
#5949 = EDGE_CURVE ( 'NONE', #5950, #6164, #8507, .T. ) ;
#5950 = VERTEX_POINT ( 'NONE', #8528 ) ;
#5951 = EDGE_CURVE ( 'NONE', #5958, #5950, #8510, .T. ) ;
#5952 = EDGE_LOOP ( 'NONE', ( #6162, #6124, #6166, #6163, #6084, #5931, #5994, #6021, #6080, #6126, #6082 ) ) ;
#5953 = EDGE_CURVE ( 'NONE', #5955, #6022, #8522, .T. ) ;
#5954 = ORIENTED_EDGE ( 'NONE', *, *, #6071, .T. ) ;
#5955 = VERTEX_POINT ( 'NONE', #8489 ) ;
#5956 = ORIENTED_EDGE ( 'NONE', *, *, #5957, .T. ) ;
#5957 = EDGE_CURVE ( 'NONE', #6020, #5995, #8521, .T. ) ;
#5958 = VERTEX_POINT ( 'NONE', #8517 ) ;
#5959 = VERTEX_POINT ( 'NONE', #8483 ) ;
#5960 = ORIENTED_EDGE ( 'NONE', *, *, #6158, .F. ) ;
#5961 = EDGE_CURVE ( 'NONE', #6068, #6165, #8516, .T. ) ;
#5962 = ORIENTED_EDGE ( 'NONE', *, *, #6136, .F. ) ;
#5963 = ORIENTED_EDGE ( 'NONE', *, *, #5964, .T. ) ;
#5964 = EDGE_CURVE ( 'NONE', #5967, #5966, #8536, .T. ) ;
#5965 = VERTEX_POINT ( 'NONE', #8495 ) ;
#5966 = VERTEX_POINT ( 'NONE', #8494 ) ;
#5967 = VERTEX_POINT ( 'NONE', #8493 ) ;
#5968 = EDGE_CURVE ( 'NONE', #5966, #5965, #8537, .T. ) ;
#5969 = ORIENTED_EDGE ( 'NONE', *, *, #5968, .T. ) ;
#5970 = ORIENTED_EDGE ( 'NONE', *, *, #6004, .F. ) ;
#5971 = ORIENTED_EDGE ( 'NONE', *, *, #6268, .T. ) ;
#5972 = EDGE_CURVE ( 'NONE', #6068, #6019, #8479, .T. ) ;
#5973 = VERTEX_POINT ( 'NONE', #8559 ) ;
#5974 = VERTEX_POINT ( 'NONE', #8575 ) ;
#5975 = ORIENTED_EDGE ( 'NONE', *, *, #5945, .T. ) ;
#5976 = VERTEX_POINT ( 'NONE', #8552 ) ;
#5977 = EDGE_CURVE ( 'NONE', #6145, #5973, #8605, .T. ) ;
#5978 = EDGE_CURVE ( 'NONE', #6054, #5959, #8574, .T. ) ;
#5979 = EDGE_CURVE ( 'NONE', #6049, #6061, #8582, .T. ) ;
#5980 = EDGE_CURVE ( 'NONE', #6145, #5958, #8583, .T. ) ;
#5981 = ADVANCED_FACE ( 'NONE', ( #8562 ), #8553, .F. ) ;
#5982 = ORIENTED_EDGE ( 'NONE', *, *, #6006, .T. ) ;
#5983 = ORIENTED_EDGE ( 'NONE', *, *, #6168, .F. ) ;
#5984 = VERTEX_POINT ( 'NONE', #8554 ) ;
#5985 = ORIENTED_EDGE ( 'NONE', *, *, #5989, .T. ) ;
#5986 = VERTEX_POINT ( 'NONE', #8580 ) ;
#5987 = ORIENTED_EDGE ( 'NONE', *, *, #5993, .T. ) ;
#5988 = ORIENTED_EDGE ( 'NONE', *, *, #5979, .F. ) ;
#5989 = EDGE_CURVE ( 'NONE', #6122, #5986, #8558, .T. ) ;
#5990 = ORIENTED_EDGE ( 'NONE', *, *, #6041, .F. ) ;
#5991 = ORIENTED_EDGE ( 'NONE', *, *, #5992, .F. ) ;
#5992 = EDGE_CURVE ( 'NONE', #6127, #5995, #8592, .T. ) ;
#5993 = EDGE_CURVE ( 'NONE', #6049, #6040, #8548, .T. ) ;
#5994 = ORIENTED_EDGE ( 'NONE', *, *, #5953, .F. ) ;
#5995 = VERTEX_POINT ( 'NONE', #8630 ) ;
#5996 = VERTEX_POINT ( 'NONE', #8586 ) ;
#5997 = VERTEX_POINT ( 'NONE', #8585 ) ;
#5998 = ORIENTED_EDGE ( 'NONE', *, *, #6031, .F. ) ;
#5999 = EDGE_CURVE ( 'NONE', #6103, #5959, #8609, .T. ) ;
#6000 = ORIENTED_EDGE ( 'NONE', *, *, #6088, .F. ) ;
#6001 = ORIENTED_EDGE ( 'NONE', *, *, #5972, .T. ) ;
#6002 = ORIENTED_EDGE ( 'NONE', *, *, #6129, .F. ) ;
#6003 = EDGE_LOOP ( 'NONE', ( #5963, #5969, #5962, #6137, #6140, #6139, #6011, #6013, #6009, #6154, #6100 ) ) ;
#6004 = EDGE_CURVE ( 'NONE', #6164, #6070, #8626, .T. ) ;
#6005 = ADVANCED_FACE ( 'NONE', ( #8619 ), #8604, .T. ) ;
#6006 = EDGE_CURVE ( 'NONE', #6035, #6036, #8715, .T. ) ;
#6007 = VERTEX_POINT ( 'NONE', #8671 ) ;
#6008 = VERTEX_POINT ( 'NONE', #8672 ) ;
#6009 = ORIENTED_EDGE ( 'NONE', *, *, #6010, .F. ) ;
#6010 = EDGE_CURVE ( 'NONE', #6101, #6008, #8754, .T. ) ;
#6011 = ORIENTED_EDGE ( 'NONE', *, *, #6012, .F. ) ;
#6012 = EDGE_CURVE ( 'NONE', #6135, #6134, #8706, .T. ) ;
#6013 = ORIENTED_EDGE ( 'NONE', *, *, #6014, .T. ) ;
#6014 = EDGE_CURVE ( 'NONE', #6135, #6008, #8670, .T. ) ;
#6015 = VERTEX_POINT ( 'NONE', #8710 ) ;
#6016 = EDGE_CURVE ( 'NONE', #6142, #6134, #8669, .T. ) ;
#6017 = ORIENTED_EDGE ( 'NONE', *, *, #5855, .T. ) ;
#6018 = EDGE_LOOP ( 'NONE', ( #5998, #6104, #6074, #6037 ) ) ;
#6019 = VERTEX_POINT ( 'NONE', #8777 ) ;
#6020 = VERTEX_POINT ( 'NONE', #8776 ) ;
#6021 = ORIENTED_EDGE ( 'NONE', *, *, #6069, .F. ) ;
#6022 = VERTEX_POINT ( 'NONE', #8714 ) ;
#6023 = EDGE_CURVE ( 'NONE', #5996, #5997, #8709, .T. ) ;
#6024 = ORIENTED_EDGE ( 'NONE', *, *, #6025, .T. ) ;
#6025 = EDGE_CURVE ( 'NONE', #5973, #6070, #8751, .T. ) ;
#6026 = EDGE_LOOP ( 'NONE', ( #5872, #6001, #6002, #5970 ) ) ;
#6027 = VERTEX_POINT ( 'NONE', #8742 ) ;
#6028 = ORIENTED_EDGE ( 'NONE', *, *, #6144, .T. ) ;
#6029 = ADVANCED_FACE ( 'NONE', ( #8741 ), #8662, .F. ) ;
#6030 = ORIENTED_EDGE ( 'NONE', *, *, #6031, .T. ) ;
#6031 = EDGE_CURVE ( 'NONE', #6032, #6054, #8769, .T. ) ;
#6032 = VERTEX_POINT ( 'NONE', #8719 ) ;
#6033 = ORIENTED_EDGE ( 'NONE', *, *, #6034, .T. ) ;
#6034 = EDGE_CURVE ( 'NONE', #6159, #6032, #8718, .T. ) ;
#6035 = VERTEX_POINT ( 'NONE', #8738 ) ;
#6036 = VERTEX_POINT ( 'NONE', #8737 ) ;
#6037 = ORIENTED_EDGE ( 'NONE', *, *, #5978, .F. ) ;
#6038 = ADVANCED_FACE ( 'NONE', ( #8736 ), #8635, .T. ) ;
#6039 = EDGE_LOOP ( 'NONE', ( #6128, #5954, #5956, #6072, #5944, #5947, #5975, #6028, #6147, #5942, #6024 ) ) ;
#6040 = VERTEX_POINT ( 'NONE', #8761 ) ;
#6041 = EDGE_CURVE ( 'NONE', #5984, #5986, #8760, .T. ) ;
#6042 = ORIENTED_EDGE ( 'NONE', *, *, #6143, .T. ) ;
#6043 = ORIENTED_EDGE ( 'NONE', *, *, #6044, .F. ) ;
#6044 = EDGE_CURVE ( 'NONE', #6045, #5984, #8688, .T. ) ;
#6045 = VERTEX_POINT ( 'NONE', #8684 ) ;
#6046 = ADVANCED_FACE ( 'NONE', ( #8683 ), #8656, .F. ) ;
#6047 = ORIENTED_EDGE ( 'NONE', *, *, #6048, .F. ) ;
#6048 = EDGE_CURVE ( 'NONE', #5967, #6153, #8655, .T. ) ;
#6049 = VERTEX_POINT ( 'NONE', #8703 ) ;
#6050 = ORIENTED_EDGE ( 'NONE', *, *, #6081, .F. ) ;
#6051 = ORIENTED_EDGE ( 'NONE', *, *, #6052, .T. ) ;
#6052 = EDGE_CURVE ( 'NONE', #5997, #5976, #8702, .T. ) ;
#6053 = EDGE_LOOP ( 'NONE', ( #5960, #6033, #6030, #6075 ) ) ;
#6054 = VERTEX_POINT ( 'NONE', #8698 ) ;
#6055 = EDGE_CURVE ( 'NONE', #6153, #6152, #8697, .T. ) ;
#6056 = ORIENTED_EDGE ( 'NONE', *, *, #6096, .F. ) ;
#6057 = ORIENTED_EDGE ( 'NONE', *, *, #6136, .T. ) ;
#6058 = ORIENTED_EDGE ( 'NONE', *, *, #6064, .T. ) ;
#6059 = ORIENTED_EDGE ( 'NONE', *, *, #6060, .T. ) ;
#6060 = EDGE_CURVE ( 'NONE', #6153, #6061, #8693, .T. ) ;
#6061 = VERTEX_POINT ( 'NONE', #8689 ) ;
#6062 = ORIENTED_EDGE ( 'NONE', *, *, #6197, .F. ) ;
#6063 = EDGE_CURVE ( 'NONE', #5967, #6149, #8646, .T. ) ;
#6064 = EDGE_CURVE ( 'NONE', #5965, #6065, #8642, .T. ) ;
#6065 = VERTEX_POINT ( 'NONE', #8638 ) ;
#6066 = VERTEX_POINT ( 'NONE', #8637 ) ;
#6067 = EDGE_CURVE ( 'NONE', #6101, #6149, #8597, .T. ) ;
#6068 = VERTEX_POINT ( 'NONE', #8819 ) ;
#6069 = EDGE_CURVE ( 'NONE', #5996, #5955, #8806, .T. ) ;
#6070 = VERTEX_POINT ( 'NONE', #8798 ) ;
#6071 = EDGE_CURVE ( 'NONE', #6019, #6020, #8805, .T. ) ;
#6072 = ORIENTED_EDGE ( 'NONE', *, *, #6143, .F. ) ;
#6073 = ADVANCED_FACE ( 'NONE', ( #8800 ), #8794, .F. ) ;
#6074 = ORIENTED_EDGE ( 'NONE', *, *, #5999, .T. ) ;
#6075 = ORIENTED_EDGE ( 'NONE', *, *, #6076, .F. ) ;
#6076 = EDGE_CURVE ( 'NONE', #6160, #6054, #8828, .T. ) ;
#6077 = EDGE_CURVE ( 'NONE', #6078, #5976, #8812, .T. ) ;
#6078 = VERTEX_POINT ( 'NONE', #8813 ) ;
#6079 = EDGE_CURVE ( 'NONE', #6022, #6123, #8825, .T. ) ;
#6080 = ORIENTED_EDGE ( 'NONE', *, *, #6023, .T. ) ;
#6081 = EDGE_CURVE ( 'NONE', #5997, #6127, #8785, .T. ) ;
#6082 = ORIENTED_EDGE ( 'NONE', *, *, #6083, .F. ) ;
#6083 = EDGE_CURVE ( 'NONE', #6165, #6127, #8788, .T. ) ;
#6084 = ORIENTED_EDGE ( 'NONE', *, *, #6085, .T. ) ;
#6085 = EDGE_CURVE ( 'NONE', #5958, #6123, #8876, .T. ) ;
#6086 = EDGE_LOOP ( 'NONE', ( #6000, #6133, #5823, #5896 ) ) ;
#6087 = EDGE_CURVE ( 'NONE', #5854, #5851, #8914, .T. ) ;
#6088 = EDGE_CURVE ( 'NONE', #6089, #6132, #8908, .T. ) ;
#6089 = VERTEX_POINT ( 'NONE', #8912 ) ;
#6090 = EDGE_LOOP ( 'NONE', ( #6047, #6171, #6172, #6174 ) ) ;
#6091 = ADVANCED_FACE ( 'NONE', ( #8916 ), #8870, .T. ) ;
#6092 = EDGE_CURVE ( 'NONE', #6122, #6040, #8842, .T. ) ;
#6093 = ORIENTED_EDGE ( 'NONE', *, *, #6094, .F. ) ;
#6094 = EDGE_CURVE ( 'NONE', #6095, #6036, #8888, .T. ) ;
#6095 = VERTEX_POINT ( 'NONE', #8884 ) ;
#6096 = EDGE_CURVE ( 'NONE', #6066, #6065, #8905, .T. ) ;
#6097 = ORIENTED_EDGE ( 'NONE', *, *, #6155, .F. ) ;
#6098 = ADVANCED_FACE ( 'NONE', ( #8901 ), #8864, .T. ) ;
#6099 = EDGE_LOOP ( 'NONE', ( #6057, #6058, #6056, #6097 ) ) ;
#6100 = ORIENTED_EDGE ( 'NONE', *, *, #6063, .F. ) ;
#6101 = VERTEX_POINT ( 'NONE', #8859 ) ;
#6102 = ORIENTED_EDGE ( 'NONE', *, *, #6055, .F. ) ;
#6103 = VERTEX_POINT ( 'NONE', #8858 ) ;
#6104 = ORIENTED_EDGE ( 'NONE', *, *, #6105, .T. ) ;
#6105 = EDGE_CURVE ( 'NONE', #6032, #6103, #8857, .T. ) ;
#6106 = EDGE_LOOP ( 'NONE', ( #6107, #6108, #6110, #6111 ) ) ;
#6107 = ORIENTED_EDGE ( 'NONE', *, *, #6141, .F. ) ;
#6108 = ORIENTED_EDGE ( 'NONE', *, *, #6109, .T. ) ;
#6109 = EDGE_CURVE ( 'NONE', #6015, #6045, #8853, .T. ) ;
#6110 = ORIENTED_EDGE ( 'NONE', *, *, #6044, .T. ) ;
#6111 = ORIENTED_EDGE ( 'NONE', *, *, #6112, .T. ) ;
#6112 = EDGE_CURVE ( 'NONE', #5984, #6142, #2675, .T. ) ;
#6113 = ADVANCED_FACE ( 'NONE', ( #2663 ), #2691, .T. ) ;
#6114 = EDGE_LOOP ( 'NONE', ( #6115, #6116, #6118, #6119 ) ) ;
#6115 = ORIENTED_EDGE ( 'NONE', *, *, #5951, .T. ) ;
#6116 = ORIENTED_EDGE ( 'NONE', *, *, #6117, .T. ) ;
#6117 = EDGE_CURVE ( 'NONE', #5950, #5973, #2662, .T. ) ;
#6118 = ORIENTED_EDGE ( 'NONE', *, *, #5977, .F. ) ;
#6119 = ORIENTED_EDGE ( 'NONE', *, *, #5980, .T. ) ;
#6120 = EDGE_LOOP ( 'NONE', ( #5982, #6093, #6289, #6327, #6307, #6260, #6288, #6291, #6305, #6285, #6304 ) ) ;
#6121 = ORIENTED_EDGE ( 'NONE', *, *, #6092, .F. ) ;
#6122 = VERTEX_POINT ( 'NONE', #2667 ) ;
#6123 = VERTEX_POINT ( 'NONE', #2666 ) ;
#6124 = ORIENTED_EDGE ( 'NONE', *, *, #6125, .F. ) ;
#6125 = EDGE_CURVE ( 'NONE', #6164, #6068, #2690, .T. ) ;
#6126 = ORIENTED_EDGE ( 'NONE', *, *, #6081, .T. ) ;
#6127 = VERTEX_POINT ( 'NONE', #2696 ) ;
#6128 = ORIENTED_EDGE ( 'NONE', *, *, #6129, .T. ) ;
#6129 = EDGE_CURVE ( 'NONE', #6070, #6019, #2653, .T. ) ;
#6130 = ORIENTED_EDGE ( 'NONE', *, *, #6006, .F. ) ;
#6131 = ADVANCED_FACE ( 'NONE', ( #2704 ), #1869, .F. ) ;
#6132 = VERTEX_POINT ( 'NONE', #1857 ) ;
#6133 = ORIENTED_EDGE ( 'NONE', *, *, #5831, .T. ) ;
#6134 = VERTEX_POINT ( 'NONE', #1856 ) ;
#6135 = VERTEX_POINT ( 'NONE', #1860 ) ;
#6136 = EDGE_CURVE ( 'NONE', #6007, #5965, #1859, .T. ) ;
#6137 = ORIENTED_EDGE ( 'NONE', *, *, #6138, .T. ) ;
#6138 = EDGE_CURVE ( 'NONE', #6007, #6015, #1851, .T. ) ;
#6139 = ORIENTED_EDGE ( 'NONE', *, *, #6016, .T. ) ;
#6140 = ORIENTED_EDGE ( 'NONE', *, *, #6141, .T. ) ;
#6141 = EDGE_CURVE ( 'NONE', #6015, #6142, #1842, .T. ) ;
#6142 = VERTEX_POINT ( 'NONE', #1843 ) ;
#6143 = EDGE_CURVE ( 'NONE', #5976, #5995, #1855, .T. ) ;
#6144 = EDGE_CURVE ( 'NONE', #6027, #5946, #1863, .T. ) ;
#6145 = VERTEX_POINT ( 'NONE', #1831 ) ;
#6146 = ADVANCED_FACE ( 'NONE', ( #1830 ), #1897, .T. ) ;
#6147 = ORIENTED_EDGE ( 'NONE', *, *, #6148, .F. ) ;
#6148 = EDGE_CURVE ( 'NONE', #6145, #5946, #1898, .T. ) ;
#6149 = VERTEX_POINT ( 'NONE', #1915 ) ;
#6150 = ORIENTED_EDGE ( 'NONE', *, *, #6151, .F. ) ;
#6151 = EDGE_CURVE ( 'NONE', #6152, #6065, #1914, .T. ) ;
#6152 = VERTEX_POINT ( 'NONE', #1910 ) ;
#6153 = VERTEX_POINT ( 'NONE', #1909 ) ;
#6154 = ORIENTED_EDGE ( 'NONE', *, *, #6067, .T. ) ;
#6155 = EDGE_CURVE ( 'NONE', #6007, #6066, #1907, .T. ) ;
#6156 = ADVANCED_FACE ( 'NONE', ( #1903 ), #1879, .F. ) ;
#6157 = EDGE_LOOP ( 'NONE', ( #6150, #6102, #6059, #5988, #5987, #6121, #5985, #5990, #6043, #5983, #6169 ) ) ;
#6158 = EDGE_CURVE ( 'NONE', #6159, #6160, #1878, .T. ) ;
#6159 = VERTEX_POINT ( 'NONE', #1893 ) ;
#6160 = VERTEX_POINT ( 'NONE', #1892 ) ;
#6161 = ADVANCED_FACE ( 'NONE', ( #1891 ), #1954, .F. ) ;
#6162 = ORIENTED_EDGE ( 'NONE', *, *, #5961, .F. ) ;
#6163 = ORIENTED_EDGE ( 'NONE', *, *, #5951, .F. ) ;
#6164 = VERTEX_POINT ( 'NONE', #1935 ) ;
#6165 = VERTEX_POINT ( 'NONE', #1965 ) ;
#6166 = ORIENTED_EDGE ( 'NONE', *, *, #5949, .F. ) ;
#6167 = VERTEX_POINT ( 'NONE', #1948 ) ;
#6168 = EDGE_CURVE ( 'NONE', #6066, #6045, #1934, .T. ) ;
#6169 = ORIENTED_EDGE ( 'NONE', *, *, #6096, .T. ) ;
#6170 = EDGE_LOOP ( 'NONE', ( #6042, #5991, #6050, #6051 ) ) ;
#6171 = ORIENTED_EDGE ( 'NONE', *, *, #6063, .T. ) ;
#6172 = ORIENTED_EDGE ( 'NONE', *, *, #6173, .T. ) ;
#6173 = EDGE_CURVE ( 'NONE', #6149, #6061, #1968, .T. ) ;
#6174 = ORIENTED_EDGE ( 'NONE', *, *, #6060, .F. ) ;
#6175 = ADVANCED_FACE ( 'NONE', ( #1957 ), #1953, .T. ) ;
#6176 = ORIENTED_EDGE ( 'NONE', *, *, #6177, .F. ) ;
#6177 = EDGE_CURVE ( 'NONE', #6324, #5958, #1945, .T. ) ;
#6178 = ORIENTED_EDGE ( 'NONE', *, *, #6254, .T. ) ;
#6179 = ADVANCED_FACE ( 'NONE', ( #1946 ), #2021, .T. ) ;
#6180 = EDGE_LOOP ( 'NONE', ( #6181, #6062, #6230, #6509 ) ) ;
#6181 = ORIENTED_EDGE ( 'NONE', *, *, #6182, .F. ) ;
#6182 = EDGE_CURVE ( 'NONE', #6189, #6343, #2056, .T. ) ;
#6183 = VERTEX_POINT ( 'NONE', #2055 ) ;
#6184 = EDGE_CURVE ( 'NONE', #6317, #6320, #2053, .T. ) ;
#6185 = EDGE_CURVE ( 'NONE', #6183, #6306, #2054, .T. ) ;
#6186 = ORIENTED_EDGE ( 'NONE', *, *, #6235, .T. ) ;
#6187 = EDGE_CURVE ( 'NONE', #6316, #5897, #2022, .T. ) ;
#6188 = ORIENTED_EDGE ( 'NONE', *, *, #5893, .F. ) ;
#6189 = VERTEX_POINT ( 'NONE', #2052 ) ;
#6190 = ORIENTED_EDGE ( 'NONE', *, *, #6197, .T. ) ;
#6191 = EDGE_LOOP ( 'NONE', ( #6282, #6249, #6335, #6239, #6329, #6334, #6258 ) ) ;
#6192 = EDGE_CURVE ( 'NONE', #6338, #6242, #2083, .T. ) ;
#6193 = VERTEX_POINT ( 'NONE', #2079 ) ;
#6194 = ADVANCED_FACE ( 'NONE', ( #2020 ), #2058, .T. ) ;
#6195 = EDGE_CURVE ( 'NONE', #5891, #6317, #2043, .T. ) ;
#6196 = ORIENTED_EDGE ( 'NONE', *, *, #6187, .F. ) ;
#6197 = EDGE_CURVE ( 'NONE', #6245, #6189, #2008, .T. ) ;
#6198 = EDGE_CURVE ( 'NONE', #6238, #6199, #2032, .T. ) ;
#6199 = VERTEX_POINT ( 'NONE', #2028 ) ;
#6200 = ORIENTED_EDGE ( 'NONE', *, *, #6331, .T. ) ;
#6201 = EDGE_LOOP ( 'NONE', ( #6263, #6203, #6204, #6342, #6341, #6311, #6347, #6273, #6351, #5971 ) ) ;
#6202 = VERTEX_POINT ( 'NONE', #2027 ) ;
#6203 = ORIENTED_EDGE ( 'NONE', *, *, #6087, .F. ) ;
#6204 = ORIENTED_EDGE ( 'NONE', *, *, #6344, .F. ) ;
#6205 = ADVANCED_FACE ( 'NONE', ( #2026 ), #2062, .F. ) ;
#6206 = ADVANCED_FACE ( 'NONE', ( #2120 ), #2101, .T. ) ;
#6207 = VERTEX_POINT ( 'NONE', #2135 ) ;
#6208 = ORIENTED_EDGE ( 'NONE', *, *, #6184, .F. ) ;
#6209 = VERTEX_POINT ( 'NONE', #2109 ) ;
#6210 = EDGE_CURVE ( 'NONE', #6353, #6220, #2122, .T. ) ;
#6211 = ORIENTED_EDGE ( 'NONE', *, *, #6212, .T. ) ;
#6212 = EDGE_CURVE ( 'NONE', #6467, #6214, #2111, .T. ) ;
#6213 = EDGE_CURVE ( 'NONE', #6209, #6442, #2097, .T. ) ;
#6214 = VERTEX_POINT ( 'NONE', #2115 ) ;
#6215 = ORIENTED_EDGE ( 'NONE', *, *, #6376, .T. ) ;
#6216 = ORIENTED_EDGE ( 'NONE', *, *, #6217, .T. ) ;
#6217 = EDGE_CURVE ( 'NONE', #6361, #6218, #2092, .T. ) ;
#6218 = VERTEX_POINT ( 'NONE', #2091 ) ;
#6219 = ORIENTED_EDGE ( 'NONE', *, *, #6210, .T. ) ;
#6220 = VERTEX_POINT ( 'NONE', #2090 ) ;
#6221 = ORIENTED_EDGE ( 'NONE', *, *, #6508, .T. ) ;
#6222 = ORIENTED_EDGE ( 'NONE', *, *, #6223, .T. ) ;
#6223 = EDGE_CURVE ( 'NONE', #6218, #6224, #2063, .T. ) ;
#6224 = VERTEX_POINT ( 'NONE', #2175 ) ;
#6225 = ORIENTED_EDGE ( 'NONE', *, *, #6226, .T. ) ;
#6226 = EDGE_CURVE ( 'NONE', #6224, #6272, #2143, .T. ) ;
#6227 = ORIENTED_EDGE ( 'NONE', *, *, #6213, .T. ) ;
#6228 = ADVANCED_FACE ( 'NONE', ( #2191 ), #2150, .F. ) ;
#6229 = EDGE_LOOP ( 'NONE', ( #6360, #6460, #6221, #6227, #6426, #6219, #6500, #6211, #6215, #6216, #6222, #6225, #6466, #6525, #6429 ) ) ;
#6230 = ORIENTED_EDGE ( 'NONE', *, *, #6433, .T. ) ;
#6231 = ORIENTED_EDGE ( 'NONE', *, *, #6023, .F. ) ;
#6232 = EDGE_LOOP ( 'NONE', ( #6339, #6337, #6250, #6200 ) ) ;
#6233 = ORIENTED_EDGE ( 'NONE', *, *, #6283, .F. ) ;
#6234 = EDGE_CURVE ( 'NONE', #6207, #6049, #2211, .T. ) ;
#6235 = EDGE_CURVE ( 'NONE', #6316, #6245, #2212, .T. ) ;
#6236 = ADVANCED_FACE ( 'NONE', ( #2200 ), #2189, .F. ) ;
#6237 = EDGE_LOOP ( 'NONE', ( #6266, #6259, #6281, #6265 ) ) ;
#6238 = VERTEX_POINT ( 'NONE', #2145 ) ;
#6239 = ORIENTED_EDGE ( 'NONE', *, *, #6333, .T. ) ;
#6240 = EDGE_CURVE ( 'NONE', #5946, #6193, #2184, .T. ) ;
#6241 = EDGE_CURVE ( 'NONE', #6193, #6330, #2185, .T. ) ;
#6242 = VERTEX_POINT ( 'NONE', #2170 ) ;
#6243 = ORIENTED_EDGE ( 'NONE', *, *, #6293, .F. ) ;
#6244 = ORIENTED_EDGE ( 'NONE', *, *, #6234, .T. ) ;
#6245 = VERTEX_POINT ( 'NONE', #2169 ) ;
#6246 = ORIENTED_EDGE ( 'NONE', *, *, #5979, .T. ) ;
#6247 = ORIENTED_EDGE ( 'NONE', *, *, #6315, .T. ) ;
#6248 = ADVANCED_FACE ( 'NONE', ( #2168 ), #2262, .T. ) ;
#6249 = ORIENTED_EDGE ( 'NONE', *, *, #6192, .F. ) ;
#6250 = ORIENTED_EDGE ( 'NONE', *, *, #6333, .F. ) ;
#6251 = ADVANCED_FACE ( 'NONE', ( #2256 ), #2304, .F. ) ;
#6252 = EDGE_CURVE ( 'NONE', #6323, #6272, #2270, .T. ) ;
#6253 = ORIENTED_EDGE ( 'NONE', *, *, #6254, .F. ) ;
#6254 = EDGE_CURVE ( 'NONE', #6324, #6323, #2280, .T. ) ;
#6255 = VERTEX_POINT ( 'NONE', #2235 ) ;
#6256 = EDGE_CURVE ( 'NONE', #6255, #5880, #2260, .T. ) ;
#6257 = EDGE_CURVE ( 'NONE', #5888, #6330, #2290, .T. ) ;
#6258 = ORIENTED_EDGE ( 'NONE', *, *, #5822, .F. ) ;
#6259 = ORIENTED_EDGE ( 'NONE', *, *, #6280, .T. ) ;
#6260 = ORIENTED_EDGE ( 'NONE', *, *, #6340, .F. ) ;
#6261 = EDGE_CURVE ( 'NONE', #5871, #6207, #2268, .T. ) ;
#6262 = ADVANCED_FACE ( 'NONE', ( #2264 ), #2232, .T. ) ;
#6263 = ORIENTED_EDGE ( 'NONE', *, *, #6345, .T. ) ;
#6264 = EDGE_CURVE ( 'NONE', #6199, #5976, #2253, .T. ) ;
#6265 = ORIENTED_EDGE ( 'NONE', *, *, #6264, .F. ) ;
#6266 = ORIENTED_EDGE ( 'NONE', *, *, #6198, .F. ) ;
#6267 = EDGE_CURVE ( 'NONE', #6167, #6292, #2231, .T. ) ;
#6268 = EDGE_CURVE ( 'NONE', #6348, #6202, #2306, .T. ) ;
#6269 = EDGE_CURVE ( 'NONE', #6322, #6255, #2380, .T. ) ;
#6270 = ORIENTED_EDGE ( 'NONE', *, *, #5941, .T. ) ;
#6271 = ORIENTED_EDGE ( 'NONE', *, *, #6301, .T. ) ;
#6272 = VERTEX_POINT ( 'NONE', #2400 ) ;
#6273 = ORIENTED_EDGE ( 'NONE', *, *, #6350, .F. ) ;
#6274 = ORIENTED_EDGE ( 'NONE', *, *, #6269, .T. ) ;
#6275 = ADVANCED_FACE ( 'NONE', ( #2397 ), #2316, .T. ) ;
#6276 = EDGE_LOOP ( 'NONE', ( #6277, #6298, #6299, #6231 ) ) ;
#6277 = ORIENTED_EDGE ( 'NONE', *, *, #6278, .F. ) ;
#6278 = EDGE_CURVE ( 'NONE', #6306, #5996, #2312, .T. ) ;
#6279 = ORIENTED_EDGE ( 'NONE', *, *, #6256, .T. ) ;
#6280 = EDGE_CURVE ( 'NONE', #6238, #6078, #2398, .T. ) ;
#6281 = ORIENTED_EDGE ( 'NONE', *, *, #6077, .T. ) ;
#6282 = ORIENTED_EDGE ( 'NONE', *, *, #6332, .F. ) ;
#6283 = EDGE_CURVE ( 'NONE', #6320, #6189, #2384, .T. ) ;
#6284 = EDGE_LOOP ( 'NONE', ( #7230, #7231, #6505, #6440, #6441, #6465, #6507, #6362 ) ) ;
#6285 = ORIENTED_EDGE ( 'NONE', *, *, #6261, .T. ) ;
#6286 = EDGE_LOOP ( 'NONE', ( #6208, #6319, #6188, #6196, #6186, #6190, #6233 ) ) ;
#6287 = EDGE_CURVE ( 'NONE', #6167, #6318, #2356, .T. ) ;
#6288 = ORIENTED_EDGE ( 'NONE', *, *, #6185, .F. ) ;
#6289 = ORIENTED_EDGE ( 'NONE', *, *, #6290, .F. ) ;
#6290 = EDGE_CURVE ( 'NONE', #6292, #6095, #2408, .T. ) ;
#6291 = ORIENTED_EDGE ( 'NONE', *, *, #6346, .T. ) ;
#6292 = VERTEX_POINT ( 'NONE', #2367 ) ;
#6293 = EDGE_CURVE ( 'NONE', #6207, #6035, #2331, .T. ) ;
#6294 = ADVANCED_FACE ( 'NONE', ( #2339 ), #2381, .T. ) ;
#6295 = EDGE_LOOP ( 'NONE', ( #6296, #6303, #6176, #6178 ) ) ;
#6296 = ORIENTED_EDGE ( 'NONE', *, *, #6297, .F. ) ;
#6297 = EDGE_CURVE ( 'NONE', #6123, #6323, #2413, .T. ) ;
#6298 = ORIENTED_EDGE ( 'NONE', *, *, #6340, .T. ) ;
#6299 = ORIENTED_EDGE ( 'NONE', *, *, #6300, .T. ) ;
#6300 = EDGE_CURVE ( 'NONE', #6318, #5997, #2336, .T. ) ;
#6301 = EDGE_CURVE ( 'NONE', #5938, #6272, #2377, .T. ) ;
#6302 = ORIENTED_EDGE ( 'NONE', *, *, #6252, .F. ) ;
#6303 = ORIENTED_EDGE ( 'NONE', *, *, #6085, .F. ) ;
#6304 = ORIENTED_EDGE ( 'NONE', *, *, #6293, .T. ) ;
#6305 = ORIENTED_EDGE ( 'NONE', *, *, #5909, .T. ) ;
#6306 = VERTEX_POINT ( 'NONE', #2373 ) ;
#6307 = ORIENTED_EDGE ( 'NONE', *, *, #6287, .T. ) ;
#6308 = VERTEX_POINT ( 'NONE', #2325 ) ;
#6309 = VERTEX_POINT ( 'NONE', #2324 ) ;
#6310 = EDGE_CURVE ( 'NONE', #6309, #6343, #2323, .T. ) ;
#6311 = ORIENTED_EDGE ( 'NONE', *, *, #6349, .T. ) ;
#6312 = VERTEX_POINT ( 'NONE', #2352 ) ;
#6313 = EDGE_CURVE ( 'NONE', #6343, #6312, #2351, .T. ) ;
#6314 = EDGE_LOOP ( 'NONE', ( #6243, #6244, #6246, #6247 ) ) ;
#6315 = EDGE_CURVE ( 'NONE', #6061, #6035, #2444, .T. ) ;
#6316 = VERTEX_POINT ( 'NONE', #2436 ) ;
#6317 = VERTEX_POINT ( 'NONE', #2437 ) ;
#6318 = VERTEX_POINT ( 'NONE', #2422 ) ;
#6319 = ORIENTED_EDGE ( 'NONE', *, *, #6195, .F. ) ;
#6320 = VERTEX_POINT ( 'NONE', #2423 ) ;
#6321 = EDGE_LOOP ( 'NONE', ( #6274, #6279, #6270, #6271, #6302, #6253, #6325 ) ) ;
#6322 = VERTEX_POINT ( 'NONE', #2432 ) ;
#6323 = VERTEX_POINT ( 'NONE', #2474 ) ;
#6324 = VERTEX_POINT ( 'NONE', #2442 ) ;
#6325 = ORIENTED_EDGE ( 'NONE', *, *, #6326, .F. ) ;
#6326 = EDGE_CURVE ( 'NONE', #6322, #6324, #2414, .T. ) ;
#6327 = ORIENTED_EDGE ( 'NONE', *, *, #6267, .F. ) ;
#6328 = VERTEX_POINT ( 'NONE', #2424 ) ;
#6329 = ORIENTED_EDGE ( 'NONE', *, *, #6241, .T. ) ;
#6330 = VERTEX_POINT ( 'NONE', #2450 ) ;
#6331 = EDGE_CURVE ( 'NONE', #6328, #6145, #2475, .T. ) ;
#6332 = EDGE_CURVE ( 'NONE', #6242, #5887, #2456, .T. ) ;
#6333 = EDGE_CURVE ( 'NONE', #6328, #6193, #2439, .T. ) ;
#6334 = ORIENTED_EDGE ( 'NONE', *, *, #6257, .F. ) ;
#6335 = ORIENTED_EDGE ( 'NONE', *, *, #6336, .T. ) ;
#6336 = EDGE_CURVE ( 'NONE', #6338, #6328, #2447, .T. ) ;
#6337 = ORIENTED_EDGE ( 'NONE', *, *, #6240, .T. ) ;
#6338 = VERTEX_POINT ( 'NONE', #2460 ) ;
#6339 = ORIENTED_EDGE ( 'NONE', *, *, #6148, .T. ) ;
#6340 = EDGE_CURVE ( 'NONE', #6306, #6318, #2459, .T. ) ;
#6341 = ORIENTED_EDGE ( 'NONE', *, *, #6310, .F. ) ;
#6342 = ORIENTED_EDGE ( 'NONE', *, *, #6313, .F. ) ;
#6343 = VERTEX_POINT ( 'NONE', #2440 ) ;
#6344 = EDGE_CURVE ( 'NONE', #6312, #5854, #2455, .T. ) ;
#6345 = EDGE_CURVE ( 'NONE', #6202, #5851, #2421, .T. ) ;
#6346 = EDGE_CURVE ( 'NONE', #6183, #5870, #2417, .T. ) ;
#6347 = ORIENTED_EDGE ( 'NONE', *, *, #6198, .T. ) ;
#6348 = VERTEX_POINT ( 'NONE', #2464 ) ;
#6349 = EDGE_CURVE ( 'NONE', #6309, #6238, #2431, .T. ) ;
#6350 = EDGE_CURVE ( 'NONE', #6308, #6199, #2426, .T. ) ;
#6351 = ORIENTED_EDGE ( 'NONE', *, *, #6352, .T. ) ;
#6352 = EDGE_CURVE ( 'NONE', #6308, #6348, #2482, .T. ) ;
#6353 = VERTEX_POINT ( 'NONE', #2478 ) ;
#6354 = ADVANCED_FACE ( 'NONE', ( #2493 ), #2509, .T. ) ;
#6355 = ORIENTED_EDGE ( 'NONE', *, *, #5841, .F. ) ;
#6356 = ORIENTED_EDGE ( 'NONE', *, *, #5886, .F. ) ;
#6357 = EDGE_LOOP ( 'NONE', ( #6359, #6405, #6358, #6356 ) ) ;
#6358 = ORIENTED_EDGE ( 'NONE', *, *, #5836, .T. ) ;
#6359 = ORIENTED_EDGE ( 'NONE', *, *, #5850, .F. ) ;
#6360 = ORIENTED_EDGE ( 'NONE', *, *, #5868, .F. ) ;
#6361 = VERTEX_POINT ( 'NONE', #2510 ) ;
#6362 = ORIENTED_EDGE ( 'NONE', *, *, #5999, .F. ) ;
#6363 = EDGE_CURVE ( 'NONE', #6420, #6504, #2504, .T. ) ;
#6364 = ADVANCED_FACE ( 'NONE', ( #2496 ), #2626, .T. ) ;
#6365 = ADVANCED_FACE ( 'NONE', ( #2561 ), #2542, .T. ) ;
#6366 = ORIENTED_EDGE ( 'NONE', *, *, #5855, .F. ) ;
#6367 = EDGE_CURVE ( 'NONE', #6142, #6338, #2597, .T. ) ;
#6368 = EDGE_LOOP ( 'NONE', ( #6366, #6494, #6492, #6493 ) ) ;
#6369 = ORIENTED_EDGE ( 'NONE', *, *, #6415, .T. ) ;
#6370 = ORIENTED_EDGE ( 'NONE', *, *, #6088, .T. ) ;
#6371 = ORIENTED_EDGE ( 'NONE', *, *, #5894, .T. ) ;
#6372 = EDGE_LOOP ( 'NONE', ( #6520, #6451, #6414, #6455 ) ) ;
#6373 = ADVANCED_FACE ( 'NONE', ( #2556 ), #2589, .F. ) ;
#6374 = ORIENTED_EDGE ( 'NONE', *, *, #6516, .F. ) ;
#6375 = ADVANCED_FACE ( 'NONE', ( #2581 ), #2577, .F. ) ;
#6376 = EDGE_CURVE ( 'NONE', #6214, #6361, #2633, .T. ) ;
#6377 = ORIENTED_EDGE ( 'NONE', *, *, #6240, .F. ) ;
#6378 = ORIENTED_EDGE ( 'NONE', *, *, #6379, .F. ) ;
#6379 = EDGE_CURVE ( 'NONE', #6380, #6725, #2627, .T. ) ;
#6380 = VERTEX_POINT ( 'NONE', #2628 ) ;
#6382 = ORIENTED_EDGE ( 'NONE', *, *, #6079, .T. ) ;
#6381 =( NAMED_UNIT ( * ) PLANE_ANGLE_UNIT ( ) SI_UNIT ( $, .RADIAN. ) );
#6383 = ORIENTED_EDGE ( 'NONE', *, *, #6433, .F. ) ;
#6384 = EDGE_CURVE ( 'NONE', #6209, #6316, #2619, .T. ) ;
#6385 = ORIENTED_EDGE ( 'NONE', *, *, #6508, .F. ) ;
#6386 = ORIENTED_EDGE ( 'NONE', *, *, #6349, .F. ) ;
#6387 = ORIENTED_EDGE ( 'NONE', *, *, #6235, .F. ) ;
#6388 = ORIENTED_EDGE ( 'NONE', *, *, #6280, .F. ) ;
#6389 = ORIENTED_EDGE ( 'NONE', *, *, #6384, .F. ) ;
#6390 = ORIENTED_EDGE ( 'NONE', *, *, #6034, .F. ) ;
#6391 = EDGE_LOOP ( 'NONE', ( #6517, #6515, #6392, #6412 ) ) ;
#6392 = ORIENTED_EDGE ( 'NONE', *, *, #5924, .T. ) ;
#6393 = ORIENTED_EDGE ( 'NONE', *, *, #6415, .F. ) ;
#6394 = EDGE_LOOP ( 'NONE', ( #6413, #6519, #6521, #6369 ) ) ;
#6395 = EDGE_CURVE ( 'NONE', #6464, #6317, #2537, .T. ) ;
#6396 = EDGE_CURVE ( 'NONE', #5920, #6482, #2536, .T. ) ;
#6397 = ORIENTED_EDGE ( 'NONE', *, *, #6016, .F. ) ;
#6398 = ORIENTED_EDGE ( 'NONE', *, *, #6691, .T. ) ;
#6399 = ORIENTED_EDGE ( 'NONE', *, *, #6336, .F. ) ;
#6400 = ORIENTED_EDGE ( 'NONE', *, *, #6491, .T. ) ;
#6401 = ORIENTED_EDGE ( 'NONE', *, *, #6530, .F. ) ;
#6402 = EDGE_CURVE ( 'NONE', #6324, #6328, #2527, .T. ) ;
#6403 = ORIENTED_EDGE ( 'NONE', *, *, #6177, .T. ) ;
#6404 = ADVANCED_FACE ( 'NONE', ( #2523 ), #2642, .T. ) ;
#6405 = ORIENTED_EDGE ( 'NONE', *, *, #6406, .T. ) ;
#6406 = EDGE_CURVE ( 'NONE', #5903, #5838, #2643, .T. ) ;
#6407 = ORIENTED_EDGE ( 'NONE', *, *, #6269, .F. ) ;
#6408 = ORIENTED_EDGE ( 'NONE', *, *, #6489, .F. ) ;
#6409 = ORIENTED_EDGE ( 'NONE', *, *, #6041, .T. ) ;
#6410 = EDGE_CURVE ( 'NONE', #6220, #6467, #2722, .T. ) ;
#6411 = EDGE_CURVE ( 'NONE', #6442, #6353, #2721, .T. ) ;
#6412 = ORIENTED_EDGE ( 'NONE', *, *, #6516, .T. ) ;
#6413 = ORIENTED_EDGE ( 'NONE', *, *, #5953, .T. ) ;
#6414 = ORIENTED_EDGE ( 'NONE', *, *, #5978, .T. ) ;
#6415 = EDGE_CURVE ( 'NONE', #5974, #5955, #2720, .T. ) ;
#6416 = ADVANCED_FACE ( 'NONE', ( #2709 ), #2750, .T. ) ;
#6417 = EDGE_LOOP ( 'NONE', ( #6355, #6370, #6371, #6452 ) ) ;
#6418 = ORIENTED_EDGE ( 'NONE', *, *, #5926, .F. ) ;
#6419 = ADVANCED_FACE ( 'NONE', ( #2740 ), #2855, .F. ) ;
#6420 = VERTEX_POINT ( 'NONE', #2784 ) ;
#6421 = ORIENTED_EDGE ( 'NONE', *, *, #6532, .T. ) ;
#6422 = ADVANCED_FACE ( 'NONE', ( #2861 ), #2844, .T. ) ;
#6423 = ORIENTED_EDGE ( 'NONE', *, *, #6052, .F. ) ;
#6424 = ORIENTED_EDGE ( 'NONE', *, *, #6300, .F. ) ;
#6425 = ADVANCED_FACE ( 'NONE', ( #2819 ), #2757, .T. ) ;
#6426 = ORIENTED_EDGE ( 'NONE', *, *, #6411, .T. ) ;
#6427 = ORIENTED_EDGE ( 'NONE', *, *, #6428, .T. ) ;
#6428 = EDGE_CURVE ( 'NONE', #5910, #6420, #2769, .T. ) ;
#6429 = ORIENTED_EDGE ( 'NONE', *, *, #5826, .T. ) ;
#6430 = ORIENTED_EDGE ( 'NONE', *, *, #6363, .T. ) ;
#6431 = EDGE_CURVE ( 'NONE', #6459, #5900, #2849, .T. ) ;
#6432 = UNCERTAINTY_MEASURE_WITH_UNIT (LENGTH_MEASURE( 1.000000000000000100E-005 ), #1643, 'distance_accuracy_value', 'NONE');
#6433 = EDGE_CURVE ( 'NONE', #6245, #6309, #2777, .T. ) ;
#6434 =( NAMED_UNIT ( * ) SI_UNIT ( $, .STERADIAN. ) SOLID_ANGLE_UNIT ( ) );
#6435 = ADVANCED_FACE ( 'NONE', ( #2776 ), #2870, .T. ) ;
#6436 = ORIENTED_EDGE ( 'NONE', *, *, #6112, .F. ) ;
#6437 = ORIENTED_EDGE ( 'NONE', *, *, #6527, .F. ) ;
#6438 = ORIENTED_EDGE ( 'NONE', *, *, #6463, .T. ) ;
#6439 = ORIENTED_EDGE ( 'NONE', *, *, #6431, .F. ) ;
#6440 = ORIENTED_EDGE ( 'NONE', *, *, #6487, .F. ) ;
#6441 = ORIENTED_EDGE ( 'NONE', *, *, #6445, .F. ) ;
#6442 = VERTEX_POINT ( 'NONE', #2868 ) ;
#6443 = ADVANCED_FACE ( 'NONE', ( #2883 ), #2807, .T. ) ;
#6444 = EDGE_LOOP ( 'NONE', ( #6501, #6503, #6488, #6427, #6430, #6474, #6418, #6439 ) ) ;
#6445 = EDGE_CURVE ( 'NONE', #6459, #6506, #2837, .T. ) ;
#6446 = ADVANCED_FACE ( 'NONE', ( #2836 ), #2985, .T. ) ;
#6447 = ADVANCED_FACE ( 'NONE', ( #2975 ), #2924, .F. ) ;
#6448 = EDGE_LOOP ( 'NONE', ( #6390, #6374, #6453, #6454 ) ) ;
#6449 = EDGE_CURVE ( 'NONE', #6054, #6032, #2895, .T. ) ;
#6450 = EDGE_LOOP ( 'NONE', ( #6523, #6393, #6518, #6388, #6386, #6383, #6387, #6389, #6385, #6668, #6771 ) ) ;
#6451 = ORIENTED_EDGE ( 'NONE', *, *, #6449, .F. ) ;
#6452 = ORIENTED_EDGE ( 'NONE', *, *, #6406, .F. ) ;
#6453 = ORIENTED_EDGE ( 'NONE', *, *, #6076, .T. ) ;
#6454 = ORIENTED_EDGE ( 'NONE', *, *, #6449, .T. ) ;
#6455 = ORIENTED_EDGE ( 'NONE', *, *, #5875, .T. ) ;
#6456 = ADVANCED_FACE ( 'NONE', ( #2896 ), #2898, .T. ) ;
#6457 = ORIENTED_EDGE ( 'NONE', *, *, #6367, .F. ) ;
#6458 = EDGE_LOOP ( 'NONE', ( #6401, #6469, #6421, #6533 ) ) ;
#6459 = VERTEX_POINT ( 'NONE', #2922 ) ;
#6460 = ORIENTED_EDGE ( 'NONE', *, *, #6346, .F. ) ;
#6461 = EDGE_LOOP ( 'NONE', ( #6437, #6528, #6473, #6495 ) ) ;
#6462 = EDGE_LOOP ( 'NONE', ( #6497, #6475, #6438, #6499 ) ) ;
#6463 = EDGE_CURVE ( 'NONE', #6330, #6420, #3003, .T. ) ;
#6464 = VERTEX_POINT ( 'NONE', #3019 ) ;
#6465 = ORIENTED_EDGE ( 'NONE', *, *, #6431, .T. ) ;
#6466 = ORIENTED_EDGE ( 'NONE', *, *, #6301, .F. ) ;
#6467 = VERTEX_POINT ( 'NONE', #3004 ) ;
#6468 = ORIENTED_EDGE ( 'NONE', *, *, #6331, .F. ) ;
#6469 = ORIENTED_EDGE ( 'NONE', *, *, #6350, .T. ) ;
#6470 = EDGE_LOOP ( 'NONE', ( #6483, #6403, #6534, #6468 ) ) ;
#6471 = EDGE_LOOP ( 'NONE', ( #6423, #6424, #6531, #6512 ) ) ;
#6472 = ORIENTED_EDGE ( 'NONE', *, *, #6489, .T. ) ;
#6473 = ORIENTED_EDGE ( 'NONE', *, *, #6496, .F. ) ;
#6474 = ORIENTED_EDGE ( 'NONE', *, *, #6498, .F. ) ;
#6475 = ORIENTED_EDGE ( 'NONE', *, *, #6257, .T. ) ;
#6476 = EDGE_LOOP ( 'NONE', ( #6409, #6479, #6407, #6408 ) ) ;
#6477 = ORIENTED_EDGE ( 'NONE', *, *, #6192, .T. ) ;
#6478 = ADVANCED_FACE ( 'NONE', ( #3014 ), #2982, .T. ) ;
#6479 = ORIENTED_EDGE ( 'NONE', *, *, #6511, .T. ) ;
#6480 = ORIENTED_EDGE ( 'NONE', *, *, #6367, .T. ) ;
#6481 = ORIENTED_EDGE ( 'NONE', *, *, #6510, .F. ) ;
#6482 = VERTEX_POINT ( 'NONE', #2983 ) ;
#6483 = ORIENTED_EDGE ( 'NONE', *, *, #6402, .F. ) ;
#6484 = ORIENTED_EDGE ( 'NONE', *, *, #6326, .T. ) ;
#6485 = ORIENTED_EDGE ( 'NONE', *, *, #6402, .T. ) ;
#6486 = ADVANCED_FACE ( 'NONE', ( #2936 ), #2973, .T. ) ;
#6487 = EDGE_CURVE ( 'NONE', #6506, #6464, #3023, .T. ) ;
#6488 = ORIENTED_EDGE ( 'NONE', *, *, #5929, .T. ) ;
#6489 = EDGE_CURVE ( 'NONE', #5984, #6322, #2914, .T. ) ;
#6490 = ORIENTED_EDGE ( 'NONE', *, *, #6491, .F. ) ;
#6491 = EDGE_CURVE ( 'NONE', #6338, #6322, #2915, .T. ) ;
#6492 = ORIENTED_EDGE ( 'NONE', *, *, #6173, .F. ) ;
#6493 = ORIENTED_EDGE ( 'NONE', *, *, #6496, .T. ) ;
#6494 = ORIENTED_EDGE ( 'NONE', *, *, #6315, .F. ) ;
#6495 = ORIENTED_EDGE ( 'NONE', *, *, #6067, .F. ) ;
#6496 = EDGE_CURVE ( 'NONE', #6149, #5854, #2958, .T. ) ;
#6497 = ORIENTED_EDGE ( 'NONE', *, *, #5895, .F. ) ;
#6498 = EDGE_CURVE ( 'NONE', #5927, #6504, #2947, .T. ) ;
#6499 = ORIENTED_EDGE ( 'NONE', *, *, #6428, .F. ) ;
#6500 = ORIENTED_EDGE ( 'NONE', *, *, #6410, .T. ) ;
#6501 = ORIENTED_EDGE ( 'NONE', *, *, #6502, .F. ) ;
#6502 = EDGE_CURVE ( 'NONE', #6482, #6459, #2943, .T. ) ;
#6503 = ORIENTED_EDGE ( 'NONE', *, *, #6396, .F. ) ;
#6504 = VERTEX_POINT ( 'NONE', #3036 ) ;
#6505 = ORIENTED_EDGE ( 'NONE', *, *, #6395, .F. ) ;
#6506 = VERTEX_POINT ( 'NONE', #3053 ) ;
#6507 = ORIENTED_EDGE ( 'NONE', *, *, #5901, .T. ) ;
#6508 = EDGE_CURVE ( 'NONE', #6183, #6209, #3092, .T. ) ;
#6509 = ORIENTED_EDGE ( 'NONE', *, *, #6310, .T. ) ;
#6510 = EDGE_CURVE ( 'NONE', #6134, #6242, #3070, .T. ) ;
#6511 = EDGE_CURVE ( 'NONE', #5986, #6255, #3087, .T. ) ;
#6512 = ORIENTED_EDGE ( 'NONE', *, *, #6264, .T. ) ;
#6513 = ADVANCED_FACE ( 'NONE', ( #3090 ), #3094, .F. ) ;
#6514 = EDGE_LOOP ( 'NONE', ( #6481, #6397, #6480, #6477 ) ) ;
#6515 = ORIENTED_EDGE ( 'NONE', *, *, #5921, .F. ) ;
#6516 = EDGE_CURVE ( 'NONE', #6160, #6159, #3050, .T. ) ;
#6517 = ORIENTED_EDGE ( 'NONE', *, *, #5831, .F. ) ;
#6518 = ORIENTED_EDGE ( 'NONE', *, *, #5943, .F. ) ;
#6519 = ORIENTED_EDGE ( 'NONE', *, *, #6524, .T. ) ;
#6520 = ORIENTED_EDGE ( 'NONE', *, *, #6105, .F. ) ;
#6521 = ORIENTED_EDGE ( 'NONE', *, *, #5945, .F. ) ;
#6522 = ADVANCED_FACE ( 'NONE', ( #3079 ), #3034, .T. ) ;
#6523 = ORIENTED_EDGE ( 'NONE', *, *, #6069, .T. ) ;
#6524 = EDGE_CURVE ( 'NONE', #6022, #6027, #3029, .T. ) ;
#6525 = ORIENTED_EDGE ( 'NONE', *, *, #5937, .T. ) ;
#6526 = EDGE_LOOP ( 'NONE', ( #6436, #6472, #6490, #6457 ) ) ;
#6527 = EDGE_CURVE ( 'NONE', #6312, #6101, #3132, .T. ) ;
#6528 = ORIENTED_EDGE ( 'NONE', *, *, #6344, .T. ) ;
#6529 = EDGE_LOOP ( 'NONE', ( #6484, #6485, #6399, #6400 ) ) ;
#6530 = EDGE_CURVE ( 'NONE', #6308, #6167, #3192, .T. ) ;
#6531 = ORIENTED_EDGE ( 'NONE', *, *, #6532, .F. ) ;
#6532 = EDGE_CURVE ( 'NONE', #6199, #6318, #3178, .T. ) ;
#6533 = ORIENTED_EDGE ( 'NONE', *, *, #6287, .F. ) ;
#6534 = ORIENTED_EDGE ( 'NONE', *, *, #5980, .F. ) ;
#6535 = ORIENTED_EDGE ( 'NONE', *, *, #6752, .F. ) ;
#6536 = ORIENTED_EDGE ( 'NONE', *, *, #5932, .T. ) ;
#6537 = ORIENTED_EDGE ( 'NONE', *, *, #6498, .T. ) ;
#6538 = EDGE_CURVE ( 'NONE', #5933, #6556, #3117, .T. ) ;
#6539 = ORIENTED_EDGE ( 'NONE', *, *, #6673, .T. ) ;
#6540 = ORIENTED_EDGE ( 'NONE', *, *, #6538, .T. ) ;
#6541 = ORIENTED_EDGE ( 'NONE', *, *, #6726, .T. ) ;
#6542 = EDGE_LOOP ( 'NONE', ( #6382, #6772, #6774, #6766, #6541, #6689, #6690, #6543, #6377, #6636, #6773 ) ) ;
#6543 = ORIENTED_EDGE ( 'NONE', *, *, #6241, .F. ) ;
#6544 = ORIENTED_EDGE ( 'NONE', *, *, #6376, .F. ) ;
#6545 = ORIENTED_EDGE ( 'NONE', *, *, #6210, .F. ) ;
#6546 = ORIENTED_EDGE ( 'NONE', *, *, #6634, .T. ) ;
#6547 = EDGE_LOOP ( 'NONE', ( #6667, #6741, #6742, #6748, #6789, #6783, #6744, #6785, #6735, #6745, #6676 ) ) ;
#6548 = ORIENTED_EDGE ( 'NONE', *, *, #6261, .F. ) ;
#6549 = ORIENTED_EDGE ( 'NONE', *, *, #5918, .T. ) ;
#6550 = ORIENTED_EDGE ( 'NONE', *, *, #5860, .T. ) ;
#6551 = VERTEX_POINT ( 'NONE', #3138 ) ;
#6552 = ORIENTED_EDGE ( 'NONE', *, *, #5884, .T. ) ;
#6553 = EDGE_CURVE ( 'NONE', #6482, #6551, #3246, .T. ) ;
#6554 = ADVANCED_FACE ( 'NONE', ( #3244 ), #3110, .F. ) ;
#6555 = EDGE_LOOP ( 'NONE', ( #6635, #6577, #6627, #6579 ) ) ;
#6556 = VERTEX_POINT ( 'NONE', #3108 ) ;
#6557 = ADVANCED_FACE ( 'NONE', ( #3129 ), #3236, .F. ) ;
#6558 = EDGE_LOOP ( 'NONE', ( #6559, #6562, #6565, #6700 ) ) ;
#6559 = ORIENTED_EDGE ( 'NONE', *, *, #6560, .F. ) ;
#6560 = EDGE_CURVE ( 'NONE', #6561, #6068, #3173, .T. ) ;
#6561 = VERTEX_POINT ( 'NONE', #3169 ) ;
#6562 = ORIENTED_EDGE ( 'NONE', *, *, #6563, .T. ) ;
#6563 = EDGE_CURVE ( 'NONE', #6561, #6564, #3168, .T. ) ;
#6564 = VERTEX_POINT ( 'NONE', #3164 ) ;
#6565 = ORIENTED_EDGE ( 'NONE', *, *, #6699, .T. ) ;
#6566 = ORIENTED_EDGE ( 'NONE', *, *, #6155, .T. ) ;
#6567 = ORIENTED_EDGE ( 'NONE', *, *, #6168, .T. ) ;
#6568 = ORIENTED_EDGE ( 'NONE', *, *, #6048, .T. ) ;
#6569 = ORIENTED_EDGE ( 'NONE', *, *, #6055, .T. ) ;
#6570 = ORIENTED_EDGE ( 'NONE', *, *, #6071, .F. ) ;
#6571 = ORIENTED_EDGE ( 'NONE', *, *, #6699, .F. ) ;
#6572 = ORIENTED_EDGE ( 'NONE', *, *, #6573, .F. ) ;
#6573 = EDGE_CURVE ( 'NONE', #6698, #6564, #3163, .T. ) ;
#6574 = ORIENTED_EDGE ( 'NONE', *, *, #5957, .F. ) ;
#6575 = ORIENTED_EDGE ( 'NONE', *, *, #6576, .F. ) ;
#6576 = EDGE_CURVE ( 'NONE', #6165, #6020, #3158, .T. ) ;
#6577 = ORIENTED_EDGE ( 'NONE', *, *, #6683, .F. ) ;
#6578 = ORIENTED_EDGE ( 'NONE', *, *, #6411, .F. ) ;
#6579 = ORIENTED_EDGE ( 'NONE', *, *, #6673, .F. ) ;
#6580 = ORIENTED_EDGE ( 'NONE', *, *, #6746, .F. ) ;
#6581 = ORIENTED_EDGE ( 'NONE', *, *, #6487, .T. ) ;
#6582 = ORIENTED_EDGE ( 'NONE', *, *, #6730, .T. ) ;
#6583 = ORIENTED_EDGE ( 'NONE', *, *, #6615, .F. ) ;
#6584 = ORIENTED_EDGE ( 'NONE', *, *, #6787, .F. ) ;
#6585 = ORIENTED_EDGE ( 'NONE', *, *, #6004, .T. ) ;
#6586 = ADVANCED_FACE ( 'NONE', ( #3154 ), #3116, .F. ) ;
#6587 = EDGE_LOOP ( 'NONE', ( #6660, #6661, #6582, #6759, #6760 ) ) ;
#6588 = ORIENTED_EDGE ( 'NONE', *, *, #6606, .F. ) ;
#6589 = ADVANCED_FACE ( 'NONE', ( #3278 ), #3214, .F. ) ;
#6590 = EDGE_LOOP ( 'NONE', ( #6591, #6639, #6595, #6602 ) ) ;
#6591 = ORIENTED_EDGE ( 'NONE', *, *, #5961, .T. ) ;
#6592 = ORIENTED_EDGE ( 'NONE', *, *, #6025, .F. ) ;
#6593 = EDGE_LOOP ( 'NONE', ( #6566, #6567, #6758, #6710 ) ) ;
#6594 = EDGE_CURVE ( 'NONE', #6883, #6915, #3209, .T. ) ;
#6595 = ORIENTED_EDGE ( 'NONE', *, *, #6940, .T. ) ;
#6596 = EDGE_LOOP ( 'NONE', ( #6953, #6842, #6600, #6794 ) ) ;
#6597 = ADVANCED_FACE ( 'NONE', ( #3205 ), #3216, .F. ) ;
#6598 = EDGE_LOOP ( 'NONE', ( #6599, #6638, #6650, #6882 ) ) ;
#6599 = ORIENTED_EDGE ( 'NONE', *, *, #6563, .F. ) ;
#6600 = ORIENTED_EDGE ( 'NONE', *, *, #6601, .T. ) ;
#6601 = EDGE_CURVE ( 'NONE', #6640, #6793, #3267, .T. ) ;
#6602 = ORIENTED_EDGE ( 'NONE', *, *, #6560, .T. ) ;
#6603 = ADVANCED_FACE ( 'NONE', ( #3259 ), #3387, .F. ) ;
#6604 = ORIENTED_EDGE ( 'NONE', *, *, #6576, .T. ) ;
#6605 = ORIENTED_EDGE ( 'NONE', *, *, #6606, .T. ) ;
#6606 = EDGE_CURVE ( 'NONE', #6020, #6698, #3293, .T. ) ;
#6607 = EDGE_LOOP ( 'NONE', ( #6613, #6734, #6784, #6614, #6792, #6743 ) ) ;
#6608 = EDGE_CURVE ( 'NONE', #6749, #6611, #3334, .T. ) ;
#6609 = ORIENTED_EDGE ( 'NONE', *, *, #6610, .T. ) ;
#6610 = EDGE_CURVE ( 'NONE', #6747, #6749, #3368, .T. ) ;
#6611 = VERTEX_POINT ( 'NONE', #3367 ) ;
#6612 = ORIENTED_EDGE ( 'NONE', *, *, #6746, .T. ) ;
#6613 = ORIENTED_EDGE ( 'NONE', *, *, #6665, .F. ) ;
#6614 = ORIENTED_EDGE ( 'NONE', *, *, #6615, .T. ) ;
#6615 = EDGE_CURVE ( 'NONE', #6482, #6611, #3319, .T. ) ;
#6616 = EDGE_LOOP ( 'NONE', ( #6617, #6546, #6619, #6769, #6398, #6622 ) ) ;
#6617 = ORIENTED_EDGE ( 'NONE', *, *, #6637, .T. ) ;
#6618 = ORIENTED_EDGE ( 'NONE', *, *, #6217, .F. ) ;
#6619 = ORIENTED_EDGE ( 'NONE', *, *, #6683, .T. ) ;
#6620 = ADVANCED_FACE ( 'NONE', ( #3362 ), #3413, .T. ) ;
#6621 = ADVANCED_FACE ( 'NONE', ( #3405 ), #3417, .T. ) ;
#6622 = ORIENTED_EDGE ( 'NONE', *, *, #6379, .T. ) ;
#6623 = ORIENTED_EDGE ( 'NONE', *, *, #6624, .F. ) ;
#6624 = EDGE_CURVE ( 'NONE', #6122, #6135, #3457, .T. ) ;
#6625 = ORIENTED_EDGE ( 'NONE', *, *, #6538, .F. ) ;
#6626 = ORIENTED_EDGE ( 'NONE', *, *, #6752, .T. ) ;
#6627 = ORIENTED_EDGE ( 'NONE', *, *, #6628, .F. ) ;
#6628 = EDGE_CURVE ( 'NONE', #6629, #6681, #3434, .T. ) ;
#6629 = VERTEX_POINT ( 'NONE', #3433 ) ;
#6630 = ORIENTED_EDGE ( 'NONE', *, *, #6628, .T. ) ;
#6631 = ORIENTED_EDGE ( 'NONE', *, *, #5844, .T. ) ;
#6632 = ORIENTED_EDGE ( 'NONE', *, *, #6633, .F. ) ;
#6633 = EDGE_CURVE ( 'NONE', #6008, #6040, #3444, .T. ) ;
#6634 = EDGE_CURVE ( 'NONE', #6316, #6681, #3452, .T. ) ;
#6635 = ORIENTED_EDGE ( 'NONE', *, *, #6763, .F. ) ;
#6636 = ORIENTED_EDGE ( 'NONE', *, *, #6144, .F. ) ;
#6637 = EDGE_CURVE ( 'NONE', #6725, #6316, #3445, .T. ) ;
#6638 = ORIENTED_EDGE ( 'NONE', *, *, #6843, .T. ) ;
#6639 = ORIENTED_EDGE ( 'NONE', *, *, #6756, .T. ) ;
#6640 = VERTEX_POINT ( 'NONE', #3447 ) ;
#6641 = ORIENTED_EDGE ( 'NONE', *, *, #6940, .F. ) ;
#6642 = ORIENTED_EDGE ( 'NONE', *, *, #6844, .F. ) ;
#6643 = ORIENTED_EDGE ( 'NONE', *, *, #6998, .F. ) ;
#6644 = ORIENTED_EDGE ( 'NONE', *, *, #6573, .T. ) ;
#6645 = ORIENTED_EDGE ( 'NONE', *, *, #6938, .T. ) ;
#6646 = ORIENTED_EDGE ( 'NONE', *, *, #6647, .T. ) ;
#6647 = EDGE_CURVE ( 'NONE', #6883, #6640, #3429, .T. ) ;
#6648 = ADVANCED_FACE ( 'NONE', ( #3472 ), #3475, .F. ) ;
#6649 = EDGE_LOOP ( 'NONE', ( #6641, #6642, #6643, #6802 ) ) ;
#6650 = ORIENTED_EDGE ( 'NONE', *, *, #6594, .F. ) ;
#6651 = ORIENTED_EDGE ( 'NONE', *, *, #6637, .F. ) ;
#6652 = ADVANCED_FACE ( 'NONE', ( #3514 ), #3525, .T. ) ;
#6653 = EDGE_LOOP ( 'NONE', ( #6568, #6569, #6654, #6656 ) ) ;
#6654 = ORIENTED_EDGE ( 'NONE', *, *, #6655, .F. ) ;
#6655 = EDGE_CURVE ( 'NONE', #5966, #6152, #3524, .T. ) ;
#6656 = ORIENTED_EDGE ( 'NONE', *, *, #5964, .F. ) ;
#6657 = ADVANCED_FACE ( 'NONE', ( #3495 ), #3480, .T. ) ;
#6658 = ORIENTED_EDGE ( 'NONE', *, *, #5949, .T. ) ;
#6659 = EDGE_CURVE ( 'NONE', #6464, #6747, #3530, .T. ) ;
#6660 = ORIENTED_EDGE ( 'NONE', *, *, #6395, .T. ) ;
#6661 = ORIENTED_EDGE ( 'NONE', *, *, #6184, .T. ) ;
#6662 = ORIENTED_EDGE ( 'NONE', *, *, #5857, .T. ) ;
#6663 = ORIENTED_EDGE ( 'NONE', *, *, #6678, .T. ) ;
#6664 = ORIENTED_EDGE ( 'NONE', *, *, #6665, .T. ) ;
#6665 = EDGE_CURVE ( 'NONE', #6679, #6320, #3538, .T. ) ;
#6666 = ORIENTED_EDGE ( 'NONE', *, *, #6678, .F. ) ;
#6667 = ORIENTED_EDGE ( 'NONE', *, *, #6396, .T. ) ;
#6668 = ORIENTED_EDGE ( 'NONE', *, *, #6185, .T. ) ;
#6669 = EDGE_LOOP ( 'NONE', ( #6550, #6739, #6670, #6671, #6714, #6549, #6713, #6552, #6672, #6738, #6711, #6664, #6666 ) ) ;
#6670 = ORIENTED_EDGE ( 'NONE', *, *, #5906, .T. ) ;
#6671 = ORIENTED_EDGE ( 'NONE', *, *, #5915, .T. ) ;
#6672 = ORIENTED_EDGE ( 'NONE', *, *, #6737, .T. ) ;
#6673 = EDGE_CURVE ( 'NONE', #6556, #6629, #3589, .T. ) ;
#6674 = ORIENTED_EDGE ( 'NONE', *, *, #6410, .F. ) ;
#6675 = ORIENTED_EDGE ( 'NONE', *, *, #6445, .T. ) ;
#6676 = ORIENTED_EDGE ( 'NONE', *, *, #5892, .T. ) ;
#6677 = EDGE_LOOP ( 'NONE', ( #6762, #6612, #6609, #6733 ) ) ;
#6678 = EDGE_CURVE ( 'NONE', #5861, #6320, #3570, .T. ) ;
#6679 = VERTEX_POINT ( 'NONE', #3566 ) ;
#6680 = ADVANCED_FACE ( 'NONE', ( #3697 ), #3579, .F. ) ;
#6681 = VERTEX_POINT ( 'NONE', #3578 ) ;
#6682 = ORIENTED_EDGE ( 'NONE', *, *, #6212, .F. ) ;
#6683 = EDGE_CURVE ( 'NONE', #6681, #6765, #3591, .T. ) ;
#6684 = EDGE_LOOP ( 'NONE', ( #6780, #6781, #6782, #6753, #6687, #6775, #6776, #6715, #6548, #6662, #6663 ) ) ;
#6685 = ORIENTED_EDGE ( 'NONE', *, *, #6187, .T. ) ;
#6686 = EDGE_LOOP ( 'NONE', ( #6685, #6631, #6626, #6630, #6716 ) ) ;
#6687 = ORIENTED_EDGE ( 'NONE', *, *, #6010, .T. ) ;
#6688 = ADVANCED_FACE ( 'NONE', ( #3592 ), #3659, .T. ) ;
#6689 = ORIENTED_EDGE ( 'NONE', *, *, #6363, .F. ) ;
#6690 = ORIENTED_EDGE ( 'NONE', *, *, #6463, .F. ) ;
#6691 = EDGE_CURVE ( 'NONE', #6504, #6380, #3666, .T. ) ;
#6692 = ORIENTED_EDGE ( 'NONE', *, *, #6726, .F. ) ;
#6693 = ADVANCED_FACE ( 'NONE', ( #3665 ), #3678, .T. ) ;
#6694 = EDGE_LOOP ( 'NONE', ( #6695, #6755, #6604, #6605 ) ) ;
#6695 = ORIENTED_EDGE ( 'NONE', *, *, #6696, .F. ) ;
#6696 = EDGE_CURVE ( 'NONE', #6697, #6698, #3677, .T. ) ;
#6697 = VERTEX_POINT ( 'NONE', #3669 ) ;
#6698 = VERTEX_POINT ( 'NONE', #3668 ) ;
#6699 = EDGE_CURVE ( 'NONE', #6564, #6019, #3667, .T. ) ;
#6700 = ORIENTED_EDGE ( 'NONE', *, *, #5972, .F. ) ;
#6701 = ADVANCED_FACE ( 'NONE', ( #3712 ), #3781, .T. ) ;
#6702 = EDGE_LOOP ( 'NONE', ( #6570, #6571, #6572, #6588 ) ) ;
#6703 = ADVANCED_FACE ( 'NONE', ( #3825 ), #3777, .T. ) ;
#6704 = EDGE_LOOP ( 'NONE', ( #6705, #6706, #6574, #6575 ) ) ;
#6705 = ORIENTED_EDGE ( 'NONE', *, *, #6083, .T. ) ;
#6706 = ORIENTED_EDGE ( 'NONE', *, *, #5992, .T. ) ;
#6707 = ORIENTED_EDGE ( 'NONE', *, *, #6659, .T. ) ;
#6708 = ORIENTED_EDGE ( 'NONE', *, *, #6117, .F. ) ;
#6709 = ADVANCED_FACE ( 'NONE', ( #3776 ), #3804, .T. ) ;
#6710 = ORIENTED_EDGE ( 'NONE', *, *, #6138, .F. ) ;
#6711 = ORIENTED_EDGE ( 'NONE', *, *, #6712, .T. ) ;
#6712 = EDGE_CURVE ( 'NONE', #6551, #6679, #3797, .T. ) ;
#6713 = ORIENTED_EDGE ( 'NONE', *, *, #5867, .T. ) ;
#6714 = ORIENTED_EDGE ( 'NONE', *, *, #5934, .T. ) ;
#6715 = ORIENTED_EDGE ( 'NONE', *, *, #6234, .F. ) ;
#6716 = ORIENTED_EDGE ( 'NONE', *, *, #6634, .F. ) ;
#6717 = EDGE_LOOP ( 'NONE', ( #6623, #6779, #6632, #6720 ) ) ;
#6718 = ORIENTED_EDGE ( 'NONE', *, *, #6770, .T. ) ;
#6719 = ORIENTED_EDGE ( 'NONE', *, *, #6763, .T. ) ;
#6720 = ORIENTED_EDGE ( 'NONE', *, *, #6014, .F. ) ;
#6721 = ADVANCED_FACE ( 'NONE', ( #3796 ), #3848, .F. ) ;
#6722 = ADVANCED_FACE ( 'NONE', ( #3846 ), #3755, .T. ) ;
#6723 = ORIENTED_EDGE ( 'NONE', *, *, #6691, .F. ) ;
#6724 = ORIENTED_EDGE ( 'NONE', *, *, #6384, .T. ) ;
#6725 = VERTEX_POINT ( 'NONE', #3753 ) ;
#6726 = EDGE_CURVE ( 'NONE', #6224, #6504, #3751, .T. ) ;
#6727 = EDGE_LOOP ( 'NONE', ( #6535, #6728, #6540, #6539 ) ) ;
#6728 = ORIENTED_EDGE ( 'NONE', *, *, #5911, .T. ) ;
#6729 = ADVANCED_FACE ( 'NONE', ( #3759 ), #3853, .T. ) ;
#6730 = EDGE_CURVE ( 'NONE', #6320, #6749, #3895, .T. ) ;
#6731 = ADVANCED_FACE ( 'NONE', ( #3995 ), #3888, .T. ) ;
#6732 = EDGE_LOOP ( 'NONE', ( #6736, #6675, #6786, #6788, #6583 ) ) ;
#6733 = ORIENTED_EDGE ( 'NONE', *, *, #6608, .T. ) ;
#6734 = ORIENTED_EDGE ( 'NONE', *, *, #6712, .F. ) ;
#6735 = ORIENTED_EDGE ( 'NONE', *, *, #6510, .T. ) ;
#6736 = ORIENTED_EDGE ( 'NONE', *, *, #6502, .T. ) ;
#6737 = EDGE_CURVE ( 'NONE', #5940, #6482, #3882, .T. ) ;
#6738 = ORIENTED_EDGE ( 'NONE', *, *, #6553, .T. ) ;
#6739 = ORIENTED_EDGE ( 'NONE', *, *, #5882, .T. ) ;
#6740 = ADVANCED_FACE ( 'NONE', ( #3961 ), #3988, .F. ) ;
#6741 = ORIENTED_EDGE ( 'NONE', *, *, #6737, .F. ) ;
#6742 = ORIENTED_EDGE ( 'NONE', *, *, #5865, .T. ) ;
#6743 = ORIENTED_EDGE ( 'NONE', *, *, #6730, .F. ) ;
#6744 = ORIENTED_EDGE ( 'NONE', *, *, #6624, .T. ) ;
#6745 = ORIENTED_EDGE ( 'NONE', *, *, #6332, .T. ) ;
#6746 = EDGE_CURVE ( 'NONE', #6790, #6747, #3905, .T. ) ;
#6747 = VERTEX_POINT ( 'NONE', #3904 ) ;
#6748 = ORIENTED_EDGE ( 'NONE', *, *, #6256, .F. ) ;
#6749 = VERTEX_POINT ( 'NONE', #3906 ) ;
#6750 = ADVANCED_FACE ( 'NONE', ( #3921 ), #3873, .F. ) ;
#6751 = ADVANCED_FACE ( 'NONE', ( #3929 ), #4042, .T. ) ;
#6752 = EDGE_CURVE ( 'NONE', #5912, #6629, #4004, .T. ) ;
#6753 = ORIENTED_EDGE ( 'NONE', *, *, #6527, .T. ) ;
#6754 = EDGE_LOOP ( 'NONE', ( #6658, #6585, #6592, #6708 ) ) ;
#6755 = ORIENTED_EDGE ( 'NONE', *, *, #6756, .F. ) ;
#6756 = EDGE_CURVE ( 'NONE', #6165, #6697, #4082, .T. ) ;
#6757 = EDGE_LOOP ( 'NONE', ( #6584, #6581, #6707, #6580 ) ) ;
#6758 = ORIENTED_EDGE ( 'NONE', *, *, #6109, .F. ) ;
#6759 = ORIENTED_EDGE ( 'NONE', *, *, #6610, .F. ) ;
#6760 = ORIENTED_EDGE ( 'NONE', *, *, #6659, .F. ) ;
#6761 = ADVANCED_FACE ( 'NONE', ( #4083 ), #4089, .F. ) ;
#6762 = ORIENTED_EDGE ( 'NONE', *, *, #6791, .T. ) ;
#6763 = EDGE_CURVE ( 'NONE', #6765, #6556, #4006, .T. ) ;
#6764 = ORIENTED_EDGE ( 'NONE', *, *, #6213, .F. ) ;
#6765 = VERTEX_POINT ( 'NONE', #4005 ) ;
#6766 = ORIENTED_EDGE ( 'NONE', *, *, #6226, .F. ) ;
#6767 = ORIENTED_EDGE ( 'NONE', *, *, #6223, .F. ) ;
#6768 = EDGE_LOOP ( 'NONE', ( #6724, #6651, #6378, #6723, #6692, #6767, #6618, #6544, #6682, #6674, #6545, #6578, #6764 ) ) ;
#6769 = ORIENTED_EDGE ( 'NONE', *, *, #6770, .F. ) ;
#6770 = EDGE_CURVE ( 'NONE', #6504, #6765, #4045, .T. ) ;
#6771 = ORIENTED_EDGE ( 'NONE', *, *, #6278, .T. ) ;
#6772 = ORIENTED_EDGE ( 'NONE', *, *, #6297, .T. ) ;
#6773 = ORIENTED_EDGE ( 'NONE', *, *, #6524, .F. ) ;
#6774 = ORIENTED_EDGE ( 'NONE', *, *, #6252, .T. ) ;
#6775 = ORIENTED_EDGE ( 'NONE', *, *, #6633, .T. ) ;
#6776 = ORIENTED_EDGE ( 'NONE', *, *, #5993, .F. ) ;
#6777 = EDGE_LOOP ( 'NONE', ( #6625, #6536, #6537, #6718, #6719 ) ) ;
#6778 = ADVANCED_FACE ( 'NONE', ( #4044 ), #4037, .T. ) ;
#6779 = ORIENTED_EDGE ( 'NONE', *, *, #6092, .T. ) ;
#6780 = ORIENTED_EDGE ( 'NONE', *, *, #6283, .T. ) ;
#6781 = ORIENTED_EDGE ( 'NONE', *, *, #6182, .T. ) ;
#6782 = ORIENTED_EDGE ( 'NONE', *, *, #6313, .T. ) ;
#6783 = ORIENTED_EDGE ( 'NONE', *, *, #5989, .F. ) ;
#6784 = ORIENTED_EDGE ( 'NONE', *, *, #6553, .F. ) ;
#6785 = ORIENTED_EDGE ( 'NONE', *, *, #6012, .T. ) ;
#6786 = ORIENTED_EDGE ( 'NONE', *, *, #6787, .T. ) ;
#6787 = EDGE_CURVE ( 'NONE', #6506, #6790, #4139, .T. ) ;
#6788 = ORIENTED_EDGE ( 'NONE', *, *, #6791, .F. ) ;
#6789 = ORIENTED_EDGE ( 'NONE', *, *, #6511, .F. ) ;
#6790 = VERTEX_POINT ( 'NONE', #4138 ) ;
#6791 = EDGE_CURVE ( 'NONE', #6611, #6790, #4186, .T. ) ;
#6792 = ORIENTED_EDGE ( 'NONE', *, *, #6608, .F. ) ;
#6793 = VERTEX_POINT ( 'NONE', #4116 ) ;
#6794 = ORIENTED_EDGE ( 'NONE', *, *, #6844, .T. ) ;
#6795 = EDGE_LOOP ( 'NONE', ( #6799, #6825, #6801, #7024 ) ) ;
#6796 = ORIENTED_EDGE ( 'NONE', *, *, #6996, .F. ) ;
#6797 = VERTEX_POINT ( 'NONE', #4115 ) ;
#6798 = EDGE_CURVE ( 'NONE', #6915, #6797, #4106, .T. ) ;
#6799 = ORIENTED_EDGE ( 'NONE', *, *, #6995, .F. ) ;
#6800 = EDGE_LOOP ( 'NONE', ( #6939, #6644, #6645, #6646 ) ) ;
#6801 = ORIENTED_EDGE ( 'NONE', *, *, #6594, .T. ) ;
#6802 = ORIENTED_EDGE ( 'NONE', *, *, #6843, .F. ) ;
#6803 = ADVANCED_FACE ( 'NONE', ( #4107 ), #4166, .T. ) ;
#6804 = ORIENTED_EDGE ( 'NONE', *, *, #6805, .F. ) ;
#6805 = EDGE_CURVE ( 'NONE', #6806, #6997, #4095, .T. ) ;
#6806 = VERTEX_POINT ( 'NONE', #4091 ) ;
#6807 = ORIENTED_EDGE ( 'NONE', *, *, #6808, .F. ) ;
#6808 = EDGE_CURVE ( 'NONE', #6983, #6292, #4154, .T. ) ;
#6809 = EDGE_LOOP ( 'NONE', ( #6818, #6977, #6978, #7173 ) ) ;
#6810 = ORIENTED_EDGE ( 'NONE', *, *, #6831, .T. ) ;
#6811 = EDGE_LOOP ( 'NONE', ( #6820, #6979, #7061, #6815, #6986 ) ) ;
#6812 = ORIENTED_EDGE ( 'NONE', *, *, #6267, .T. ) ;
#6813 = ORIENTED_EDGE ( 'NONE', *, *, #6814, .F. ) ;
#6814 = EDGE_CURVE ( 'NONE', #6348, #6292, #4155, .T. ) ;
#6815 = ORIENTED_EDGE ( 'NONE', *, *, #7009, .F. ) ;
#6816 = EDGE_CURVE ( 'NONE', #6095, #7062, #4069, .T. ) ;
#6817 = ORIENTED_EDGE ( 'NONE', *, *, #7174, .F. ) ;
#6818 = ORIENTED_EDGE ( 'NONE', *, *, #6094, .T. ) ;
#6819 = ADVANCED_FACE ( 'NONE', ( #4070 ), #4260, .T. ) ;
#6820 = ORIENTED_EDGE ( 'NONE', *, *, #7010, .F. ) ;
#6821 = ORIENTED_EDGE ( 'NONE', *, *, #6980, .T. ) ;
#6822 = ADVANCED_FACE ( 'NONE', ( #4285 ), #4283, .T. ) ;
#6823 = EDGE_LOOP ( 'NONE', ( #6824, #6796, #6999, #6884 ) ) ;
#6824 = ORIENTED_EDGE ( 'NONE', *, *, #6998, .T. ) ;
#6825 = ORIENTED_EDGE ( 'NONE', *, *, #7027, .F. ) ;
#6826 = EDGE_CURVE ( 'NONE', #6862, #6890, #4294, .T. ) ;
#6827 = ADVANCED_FACE ( 'NONE', ( #4235 ), #4243, .F. ) ;
#6828 = ORIENTED_EDGE ( 'NONE', *, *, #6970, .T. ) ;
#6829 = ORIENTED_EDGE ( 'NONE', *, *, #7009, .T. ) ;
#6830 = ORIENTED_EDGE ( 'NONE', *, *, #6968, .F. ) ;
#6831 = EDGE_CURVE ( 'NONE', #6898, #6834, #4242, .T. ) ;
#6832 = ORIENTED_EDGE ( 'NONE', *, *, #6831, .F. ) ;
#6833 = EDGE_LOOP ( 'NONE', ( #6830, #7013, #7011, #7016 ) ) ;
#6834 = VERTEX_POINT ( 'NONE', #4296 ) ;
#6835 = ORIENTED_EDGE ( 'NONE', *, *, #6840, .T. ) ;
#6836 = ADVANCED_FACE ( 'NONE', ( #4217 ), #4253, .T. ) ;
#6837 = EDGE_CURVE ( 'NONE', #6929, #6909, #4252, .T. ) ;
#6838 = ORIENTED_EDGE ( 'NONE', *, *, #6837, .T. ) ;
#6839 = ORIENTED_EDGE ( 'NONE', *, *, #6840, .F. ) ;
#6840 = EDGE_CURVE ( 'NONE', #6929, #6862, #4272, .T. ) ;
#6841 = ADVANCED_FACE ( 'NONE', ( #4273 ), #4372, .T. ) ;
#6842 = ORIENTED_EDGE ( 'NONE', *, *, #6914, .F. ) ;
#6843 = EDGE_CURVE ( 'NONE', #6561, #6915, #4347, .T. ) ;
#6844 = EDGE_CURVE ( 'NONE', #6793, #6697, #4345, .T. ) ;
#6845 = ADVANCED_FACE ( 'NONE', ( #4337 ), #4304, .T. ) ;
#6846 = EDGE_LOOP ( 'NONE', ( #6847, #6919, #6920, #6923 ) ) ;
#6847 = ORIENTED_EDGE ( 'NONE', *, *, #6848, .F. ) ;
#6848 = EDGE_CURVE ( 'NONE', #6934, #6849, #4370, .T. ) ;
#6849 = VERTEX_POINT ( 'NONE', #4366 ) ;
#6850 = EDGE_LOOP ( 'NONE', ( #6931, #7054, #6857, #6943, #6932 ) ) ;
#6851 = ORIENTED_EDGE ( 'NONE', *, *, #6917, .F. ) ;
#6852 = ORIENTED_EDGE ( 'NONE', *, *, #6853, .F. ) ;
#6853 = EDGE_CURVE ( 'NONE', #6991, #6950, #4365, .T. ) ;
#6854 = ORIENTED_EDGE ( 'NONE', *, *, #6990, .F. ) ;
#6855 = ORIENTED_EDGE ( 'NONE', *, *, #6064, .F. ) ;
#6856 = VERTEX_POINT ( 'NONE', #4317 ) ;
#6857 = ORIENTED_EDGE ( 'NONE', *, *, #6988, .T. ) ;
#6858 = ORIENTED_EDGE ( 'NONE', *, *, #6944, .T. ) ;
#6859 = ORIENTED_EDGE ( 'NONE', *, *, #6860, .T. ) ;
#6860 = EDGE_CURVE ( 'NONE', #6934, #6942, #4316, .T. ) ;
#6861 = EDGE_CURVE ( 'NONE', #6934, #6991, #4312, .T. ) ;
#6862 = VERTEX_POINT ( 'NONE', #4308 ) ;
#6863 = VERTEX_POINT ( 'NONE', #4307 ) ;
#6864 = ORIENTED_EDGE ( 'NONE', *, *, #6853, .T. ) ;
#6865 = EDGE_CURVE ( 'NONE', #6922, #6929, #4363, .T. ) ;
#6866 = ORIENTED_EDGE ( 'NONE', *, *, #6911, .F. ) ;
#6867 = ORIENTED_EDGE ( 'NONE', *, *, #6902, .F. ) ;
#6868 = ORIENTED_EDGE ( 'NONE', *, *, #6869, .T. ) ;
#6869 = EDGE_CURVE ( 'NONE', #6898, #6863, #4358, .T. ) ;
#6870 = EDGE_LOOP ( 'NONE', ( #6880, #6835, #6967, #6966 ) ) ;
#6871 = ADVANCED_FACE ( 'NONE', ( #4354 ), #9373, .F. ) ;
#6872 = ORIENTED_EDGE ( 'NONE', *, *, #6924, .F. ) ;
#6873 = ADVANCED_FACE ( 'NONE', ( #9375 ), #8917, .T. ) ;
#6874 = EDGE_LOOP ( 'NONE', ( #6866, #6867, #6868, #6878 ) ) ;
#6875 = ORIENTED_EDGE ( 'NONE', *, *, #6921, .F. ) ;
#6876 = ORIENTED_EDGE ( 'NONE', *, *, #6899, .T. ) ;
#6877 = ORIENTED_EDGE ( 'NONE', *, *, #6907, .F. ) ;
#6878 = ORIENTED_EDGE ( 'NONE', *, *, #6893, .F. ) ;
#6879 = ADVANCED_FACE ( 'NONE', ( #8932 ), #8939, .F. ) ;
#6880 = ORIENTED_EDGE ( 'NONE', *, *, #6865, .T. ) ;
#6881 = ORIENTED_EDGE ( 'NONE', *, *, #6899, .F. ) ;
#6882 = ORIENTED_EDGE ( 'NONE', *, *, #6938, .F. ) ;
#6883 = VERTEX_POINT ( 'NONE', #8962 ) ;
#6884 = ORIENTED_EDGE ( 'NONE', *, *, #6798, .F. ) ;
#6885 = ORIENTED_EDGE ( 'NONE', *, *, #6601, .F. ) ;
#6886 = ADVANCED_FACE ( 'NONE', ( #8964 ), #8950, .F. ) ;
#6887 = ADVANCED_FACE ( 'NONE', ( #8991 ), #8997, .F. ) ;
#6888 = EDGE_LOOP ( 'NONE', ( #6889, #6896, #6901, #6872 ) ) ;
#6889 = ORIENTED_EDGE ( 'NONE', *, *, #6891, .F. ) ;
#6890 = VERTEX_POINT ( 'NONE', #8973 ) ;
#6891 = EDGE_CURVE ( 'NONE', #6890, #6922, #8995, .T. ) ;
#6892 = ORIENTED_EDGE ( 'NONE', *, *, #6893, .T. ) ;
#6893 = EDGE_CURVE ( 'NONE', #6909, #6863, #9034, .T. ) ;
#6894 = EDGE_LOOP ( 'NONE', ( #6875, #6864, #6908, #6912 ) ) ;
#6895 = ORIENTED_EDGE ( 'NONE', *, *, #6860, .F. ) ;
#6896 = ORIENTED_EDGE ( 'NONE', *, *, #6897, .T. ) ;
#6897 = EDGE_CURVE ( 'NONE', #6890, #6898, #9042, .T. ) ;
#6898 = VERTEX_POINT ( 'NONE', #9004 ) ;
#6899 = EDGE_CURVE ( 'NONE', #6909, #6942, #9036, .T. ) ;
#6900 = EDGE_LOOP ( 'NONE', ( #6877, #6839, #6838, #6892 ) ) ;
#6901 = ORIENTED_EDGE ( 'NONE', *, *, #6902, .T. ) ;
#6902 = EDGE_CURVE ( 'NONE', #6898, #6849, #9037, .T. ) ;
#6903 = EDGE_LOOP ( 'NONE', ( #6895, #6904, #6910, #6876 ) ) ;
#6904 = ORIENTED_EDGE ( 'NONE', *, *, #6848, .T. ) ;
#6905 = ORIENTED_EDGE ( 'NONE', *, *, #6837, .F. ) ;
#6906 = ADVANCED_FACE ( 'NONE', ( #9006 ), #9013, .T. ) ;
#6907 = EDGE_CURVE ( 'NONE', #6862, #6863, #9033, .T. ) ;
#6908 = ORIENTED_EDGE ( 'NONE', *, *, #6928, .F. ) ;
#6909 = VERTEX_POINT ( 'NONE', #9020 ) ;
#6910 = ORIENTED_EDGE ( 'NONE', *, *, #6911, .T. ) ;
#6911 = EDGE_CURVE ( 'NONE', #6849, #6909, #8956, .T. ) ;
#6912 = ORIENTED_EDGE ( 'NONE', *, *, #6865, .F. ) ;
#6913 = ORIENTED_EDGE ( 'NONE', *, *, #6947, .T. ) ;
#6914 = EDGE_CURVE ( 'NONE', #6640, #6698, #9094, .T. ) ;
#6915 = VERTEX_POINT ( 'NONE', #9101 ) ;
#6916 = ADVANCED_FACE ( 'NONE', ( #9109 ), #9056, .T. ) ;
#6917 = EDGE_CURVE ( 'NONE', #6950, #5966, #9152, .T. ) ;
#6918 = ORIENTED_EDGE ( 'NONE', *, *, #6655, .T. ) ;
#6919 = ORIENTED_EDGE ( 'NONE', *, *, #6861, .T. ) ;
#6920 = ORIENTED_EDGE ( 'NONE', *, *, #6921, .T. ) ;
#6921 = EDGE_CURVE ( 'NONE', #6991, #6922, #9153, .T. ) ;
#6922 = VERTEX_POINT ( 'NONE', #9148 ) ;
#6923 = ORIENTED_EDGE ( 'NONE', *, *, #6924, .T. ) ;
#6924 = EDGE_CURVE ( 'NONE', #6922, #6849, #9146, .T. ) ;
#6925 = EDGE_LOOP ( 'NONE', ( #6927, #6930, #6881, #6905 ) ) ;
#6926 = ADVANCED_FACE ( 'NONE', ( #9165 ), #9117, .T. ) ;
#6927 = ORIENTED_EDGE ( 'NONE', *, *, #6928, .T. ) ;
#6928 = EDGE_CURVE ( 'NONE', #6929, #6950, #9115, .T. ) ;
#6929 = VERTEX_POINT ( 'NONE', #9139 ) ;
#6930 = ORIENTED_EDGE ( 'NONE', *, *, #6949, .F. ) ;
#6931 = ORIENTED_EDGE ( 'NONE', *, *, #7037, .T. ) ;
#6932 = ORIENTED_EDGE ( 'NONE', *, *, #6956, .F. ) ;
#6933 = ORIENTED_EDGE ( 'NONE', *, *, #6947, .F. ) ;
#6934 = VERTEX_POINT ( 'NONE', #9138 ) ;
#6935 = ADVANCED_FACE ( 'NONE', ( #9137 ), #9231, .T. ) ;
#6936 = EDGE_LOOP ( 'NONE', ( #6937, #6851, #6852, #6854 ) ) ;
#6937 = ORIENTED_EDGE ( 'NONE', *, *, #5968, .F. ) ;
#6938 = EDGE_CURVE ( 'NONE', #6564, #6883, #9238, .T. ) ;
#6939 = ORIENTED_EDGE ( 'NONE', *, *, #6914, .T. ) ;
#6940 = EDGE_CURVE ( 'NONE', #6697, #6561, #9215, .T. ) ;
#6941 = EDGE_LOOP ( 'NONE', ( #6994, #7055, #6855, #7053 ) ) ;
#6942 = VERTEX_POINT ( 'NONE', #9216 ) ;
#6943 = ORIENTED_EDGE ( 'NONE', *, *, #6805, .T. ) ;
#6944 = EDGE_CURVE ( 'NONE', #6065, #6934, #9273, .T. ) ;
#6945 = ORIENTED_EDGE ( 'NONE', *, *, #7049, .F. ) ;
#6946 = EDGE_LOOP ( 'NONE', ( #6933, #6948, #6989, #6918 ) ) ;
#6947 = EDGE_CURVE ( 'NONE', #6942, #6152, #9169, .T. ) ;
#6948 = ORIENTED_EDGE ( 'NONE', *, *, #6949, .T. ) ;
#6949 = EDGE_CURVE ( 'NONE', #6942, #6950, #9174, .T. ) ;
#6950 = VERTEX_POINT ( 'NONE', #9170 ) ;
#6951 = ADVANCED_FACE ( 'NONE', ( #9272 ), #9232, .T. ) ;
#6952 = EDGE_CURVE ( 'NONE', #6997, #6640, #9277, .T. ) ;
#6953 = ORIENTED_EDGE ( 'NONE', *, *, #6696, .T. ) ;
#6954 = EDGE_LOOP ( 'NONE', ( #7034, #7031, #7026, #6885 ) ) ;
#6955 = ORIENTED_EDGE ( 'NONE', *, *, #6956, .T. ) ;
#6956 = EDGE_CURVE ( 'NONE', #7033, #6997, #9195, .T. ) ;
#6957 = ORIENTED_EDGE ( 'NONE', *, *, #6952, .T. ) ;
#6958 = EDGE_LOOP ( 'NONE', ( #6804, #6976, #7028, #7043 ) ) ;
#6959 = ORIENTED_EDGE ( 'NONE', *, *, #6968, .T. ) ;
#6960 = ORIENTED_EDGE ( 'NONE', *, *, #6869, .F. ) ;
#6961 = ORIENTED_EDGE ( 'NONE', *, *, #6962, .T. ) ;
#6962 = EDGE_CURVE ( 'NONE', #6834, #6963, #9190, .T. ) ;
#6963 = VERTEX_POINT ( 'NONE', #9191 ) ;
#6964 = ORIENTED_EDGE ( 'NONE', *, *, #6965, .T. ) ;
#6965 = EDGE_CURVE ( 'NONE', #6963, #6969, #9312, .T. ) ;
#6966 = ORIENTED_EDGE ( 'NONE', *, *, #6891, .T. ) ;
#6967 = ORIENTED_EDGE ( 'NONE', *, *, #6826, .T. ) ;
#6968 = EDGE_CURVE ( 'NONE', #6969, #6863, #9313, .T. ) ;
#6969 = VERTEX_POINT ( 'NONE', #9304 ) ;
#6970 = EDGE_CURVE ( 'NONE', #7019, #6834, #9300, .T. ) ;
#6971 = ORIENTED_EDGE ( 'NONE', *, *, #7051, .T. ) ;
#6972 = ADVANCED_FACE ( 'NONE', ( #9296 ), #9255, .F. ) ;
#6973 = ORIENTED_EDGE ( 'NONE', *, *, #7039, .T. ) ;
#6974 = ADVANCED_FACE ( 'NONE', ( #9248 ), #9211, .T. ) ;
#6975 = EDGE_LOOP ( 'NONE', ( #6971, #7052, #7036, #7044 ) ) ;
#6976 = ORIENTED_EDGE ( 'NONE', *, *, #7038, .T. ) ;
#6977 = ORIENTED_EDGE ( 'NONE', *, *, #5853, .F. ) ;
#6978 = ORIENTED_EDGE ( 'NONE', *, *, #6345, .F. ) ;
#6979 = ORIENTED_EDGE ( 'NONE', *, *, #7175, .T. ) ;
#6980 = EDGE_CURVE ( 'NONE', #6202, #7184, #9210, .T. ) ;
#6981 = ADVANCED_FACE ( 'NONE', ( #9200 ), #9229, .F. ) ;
#6982 = EDGE_LOOP ( 'NONE', ( #6807, #7002, #7005, #7007 ) ) ;
#6983 = VERTEX_POINT ( 'NONE', #9336 ) ;
#6984 = ADVANCED_FACE ( 'NONE', ( #9347 ), #9330, .T. ) ;
#6985 = ORIENTED_EDGE ( 'NONE', *, *, #7179, .F. ) ;
#6986 = ORIENTED_EDGE ( 'NONE', *, *, #6826, .F. ) ;
#6987 = ADVANCED_FACE ( 'NONE', ( #9329 ), #9064, .F. ) ;
#6988 = EDGE_CURVE ( 'NONE', #6856, #6806, #9404, .T. ) ;
#6989 = ORIENTED_EDGE ( 'NONE', *, *, #6917, .T. ) ;
#6990 = EDGE_CURVE ( 'NONE', #5965, #6991, #9398, .T. ) ;
#6991 = VERTEX_POINT ( 'NONE', #9400 ) ;
#6992 = ADVANCED_FACE ( 'NONE', ( #9393 ), #9069, .F. ) ;
#6993 = ADVANCED_FACE ( 'NONE', ( #9463 ), #9420, .T. ) ;
#6994 = ORIENTED_EDGE ( 'NONE', *, *, #6861, .F. ) ;
#6995 = EDGE_CURVE ( 'NONE', #7033, #6797, #9423, .T. ) ;
#6996 = EDGE_CURVE ( 'NONE', #7035, #6793, #9462, .T. ) ;
#6997 = VERTEX_POINT ( 'NONE', #9491 ) ;
#6998 = EDGE_CURVE ( 'NONE', #6915, #6793, #9438, .T. ) ;
#6999 = ORIENTED_EDGE ( 'NONE', *, *, #7000, .T. ) ;
#7000 = EDGE_CURVE ( 'NONE', #7035, #6797, #9499, .T. ) ;
#7001 = ADVANCED_FACE ( 'NONE', ( #9460 ), #9431, .F. ) ;
#7002 = ORIENTED_EDGE ( 'NONE', *, *, #7003, .T. ) ;
#7003 = EDGE_CURVE ( 'NONE', #6983, #7004, #9443, .T. ) ;
#7004 = VERTEX_POINT ( 'NONE', #9439 ) ;
#7005 = ORIENTED_EDGE ( 'NONE', *, *, #7006, .T. ) ;
#7006 = EDGE_CURVE ( 'NONE', #7004, #6348, #9489, .T. ) ;
#7007 = ORIENTED_EDGE ( 'NONE', *, *, #6814, .T. ) ;
#7008 = ADVANCED_FACE ( 'NONE', ( #9490 ), #9415, .F. ) ;
#7009 = EDGE_CURVE ( 'NONE', #6890, #7019, #9414, .T. ) ;
#7010 = EDGE_CURVE ( 'NONE', #7015, #6862, #9053, .T. ) ;
#7011 = ORIENTED_EDGE ( 'NONE', *, *, #7010, .T. ) ;
#7012 = ORIENTED_EDGE ( 'NONE', *, *, #6897, .F. ) ;
#7013 = ORIENTED_EDGE ( 'NONE', *, *, #7014, .T. ) ;
#7014 = EDGE_CURVE ( 'NONE', #6969, #7015, #9524, .T. ) ;
#7015 = VERTEX_POINT ( 'NONE', #9525 ) ;
#7016 = ORIENTED_EDGE ( 'NONE', *, *, #6907, .T. ) ;
#7017 = ADVANCED_FACE ( 'NONE', ( #9520 ), #9515, .F. ) ;
#7018 = EDGE_LOOP ( 'NONE', ( #6961, #6964, #6959, #6960, #6810 ) ) ;
#7019 = VERTEX_POINT ( 'NONE', #9526 ) ;
#7020 = EDGE_LOOP ( 'NONE', ( #6829, #6828, #6832, #7012 ) ) ;
#7021 = ADVANCED_FACE ( 'NONE', ( #9529 ), #9566, .F. ) ;
#7022 = EDGE_LOOP ( 'NONE', ( #7023, #7032, #6955, #6957 ) ) ;
#7023 = ORIENTED_EDGE ( 'NONE', *, *, #6647, .F. ) ;
#7024 = ORIENTED_EDGE ( 'NONE', *, *, #6798, .T. ) ;
#7025 = EDGE_CURVE ( 'NONE', #6997, #7035, #9567, .T. ) ;
#7026 = ORIENTED_EDGE ( 'NONE', *, *, #6996, .T. ) ;
#7027 = EDGE_CURVE ( 'NONE', #6883, #7033, #9559, .T. ) ;
#7028 = ORIENTED_EDGE ( 'NONE', *, *, #7049, .T. ) ;
#7029 = VERTEX_POINT ( 'NONE', #9558 ) ;
#7030 = VERTEX_POINT ( 'NONE', #9550 ) ;
#7031 = ORIENTED_EDGE ( 'NONE', *, *, #7025, .T. ) ;
#7032 = ORIENTED_EDGE ( 'NONE', *, *, #7027, .T. ) ;
#7033 = VERTEX_POINT ( 'NONE', #9546 ) ;
#7034 = ORIENTED_EDGE ( 'NONE', *, *, #6952, .F. ) ;
#7035 = VERTEX_POINT ( 'NONE', #9545 ) ;
#7036 = ORIENTED_EDGE ( 'NONE', *, *, #7037, .F. ) ;
#7037 = EDGE_CURVE ( 'NONE', #7033, #7029, #9543, .T. ) ;
#7038 = EDGE_CURVE ( 'NONE', #6806, #7050, #9549, .T. ) ;
#7039 = EDGE_CURVE ( 'NONE', #7050, #7040, #9563, .T. ) ;
#7040 = VERTEX_POINT ( 'NONE', #9584 ) ;
#7041 = ORIENTED_EDGE ( 'NONE', *, *, #7042, .T. ) ;
#7042 = EDGE_CURVE ( 'NONE', #7040, #7030, #9578, .T. ) ;
#7043 = ORIENTED_EDGE ( 'NONE', *, *, #7025, .F. ) ;
#7044 = ORIENTED_EDGE ( 'NONE', *, *, #6995, .T. ) ;
#7045 = EDGE_LOOP ( 'NONE', ( #6973, #7041, #7046, #7047, #6945 ) ) ;
#7046 = ORIENTED_EDGE ( 'NONE', *, *, #7051, .F. ) ;
#7047 = ORIENTED_EDGE ( 'NONE', *, *, #7000, .F. ) ;
#7048 = EDGE_CURVE ( 'NONE', #7030, #7029, #9579, .T. ) ;
#7049 = EDGE_CURVE ( 'NONE', #7050, #7035, #9577, .T. ) ;
#7050 = VERTEX_POINT ( 'NONE', #9585 ) ;
#7051 = EDGE_CURVE ( 'NONE', #6797, #7030, #9602, .T. ) ;
#7052 = ORIENTED_EDGE ( 'NONE', *, *, #7048, .T. ) ;
#7053 = ORIENTED_EDGE ( 'NONE', *, *, #6990, .T. ) ;
#7054 = ORIENTED_EDGE ( 'NONE', *, *, #7059, .T. ) ;
#7055 = ORIENTED_EDGE ( 'NONE', *, *, #6944, .F. ) ;
#7056 = ADVANCED_FACE ( 'NONE', ( #9598 ), #9611, .F. ) ;
#7057 = EDGE_LOOP ( 'NONE', ( #7058, #6858, #6859, #6913 ) ) ;
#7058 = ORIENTED_EDGE ( 'NONE', *, *, #6151, .T. ) ;
#7059 = EDGE_CURVE ( 'NONE', #7029, #6856, #9618, .T. ) ;
#7060 = EDGE_LOOP ( 'NONE', ( #7161, #7177, #7133, #7163 ) ) ;
#7061 = ORIENTED_EDGE ( 'NONE', *, *, #7287, .T. ) ;
#7062 = VERTEX_POINT ( 'NONE', #9609 ) ;
#7063 = ORIENTED_EDGE ( 'NONE', *, *, #7082, .T. ) ;
#7064 = ORIENTED_EDGE ( 'NONE', *, *, #7082, .F. ) ;
#7065 = ADVANCED_FACE ( 'NONE', ( #9608 ), #9631, .T. ) ;
#7066 = ADVANCED_FACE ( 'NONE', ( #9633 ), #9689, .T. ) ;
#7067 = EDGE_LOOP ( 'NONE', ( #7086, #7063, #7093, #7089 ) ) ;
#7068 = ORIENTED_EDGE ( 'NONE', *, *, #7069, .F. ) ;
#7069 = EDGE_CURVE ( 'NONE', #7237, #7277, #9690, .T. ) ;
#7070 = ORIENTED_EDGE ( 'NONE', *, *, #7236, .F. ) ;
#7071 = ADVANCED_FACE ( 'NONE', ( #9683 ), #9654, .T. ) ;
#7072 = EDGE_LOOP ( 'NONE', ( #7073, #7084, #7085, #7074 ) ) ;
#7073 = ORIENTED_EDGE ( 'NONE', *, *, #7234, .F. ) ;
#7074 = ORIENTED_EDGE ( 'NONE', *, *, #7069, .T. ) ;
#7075 = ORIENTED_EDGE ( 'NONE', *, *, #7076, .F. ) ;
#7076 = EDGE_CURVE ( 'NONE', #7077, #7078, #9651, .T. ) ;
#7077 = VERTEX_POINT ( 'NONE', #9639 ) ;
#7078 = VERTEX_POINT ( 'NONE', #9638 ) ;
#7079 = ORIENTED_EDGE ( 'NONE', *, *, #7080, .T. ) ;
#7080 = EDGE_CURVE ( 'NONE', #7077, #7081, #9637, .T. ) ;
#7081 = VERTEX_POINT ( 'NONE', #9641 ) ;
#7082 = EDGE_CURVE ( 'NONE', #7040, #6856, #9666, .T. ) ;
#7083 = ADVANCED_FACE ( 'NONE', ( #9662 ), #9722, .T. ) ;
#7084 = ORIENTED_EDGE ( 'NONE', *, *, #7152, .F. ) ;
#7085 = ORIENTED_EDGE ( 'NONE', *, *, #7239, .F. ) ;
#7086 = ORIENTED_EDGE ( 'NONE', *, *, #7042, .F. ) ;
#7087 = ORIENTED_EDGE ( 'NONE', *, *, #7039, .F. ) ;
#7088 = ORIENTED_EDGE ( 'NONE', *, *, #6988, .F. ) ;
#7089 = ORIENTED_EDGE ( 'NONE', *, *, #7048, .F. ) ;
#7090 = ORIENTED_EDGE ( 'NONE', *, *, #7242, .T. ) ;
#7091 = ORIENTED_EDGE ( 'NONE', *, *, #7014, .F. ) ;
#7092 = ORIENTED_EDGE ( 'NONE', *, *, #7175, .F. ) ;
#7093 = ORIENTED_EDGE ( 'NONE', *, *, #7059, .F. ) ;
#7094 = ORIENTED_EDGE ( 'NONE', *, *, #7038, .F. ) ;
#7095 = ORIENTED_EDGE ( 'NONE', *, *, #6965, .F. ) ;
#7096 = EDGE_LOOP ( 'NONE', ( #7097, #7228, #7068, #7070 ) ) ;
#7097 = ORIENTED_EDGE ( 'NONE', *, *, #7304, .F. ) ;
#7098 = ORIENTED_EDGE ( 'NONE', *, *, #7099, .F. ) ;
#7099 = EDGE_CURVE ( 'NONE', #7257, #7308, #9719, .T. ) ;
#7100 = ORIENTED_EDGE ( 'NONE', *, *, #7152, .T. ) ;
#7101 = ORIENTED_EDGE ( 'NONE', *, *, #7146, .F. ) ;
#7102 = EDGE_CURVE ( 'NONE', #7256, #7192, #9720, .T. ) ;
#7103 = ADVANCED_FACE ( 'NONE', ( #9721 ), #9703, .T. ) ;
#7104 = VERTEX_POINT ( 'NONE', #9740 ) ;
#7105 = ORIENTED_EDGE ( 'NONE', *, *, #7106, .F. ) ;
#7106 = EDGE_CURVE ( 'NONE', #7004, #7104, #9728, .T. ) ;
#7107 = EDGE_CURVE ( 'NONE', #7104, #7191, #9729, .T. ) ;
#7108 = ORIENTED_EDGE ( 'NONE', *, *, #7183, .T. ) ;
#7109 = VERTEX_POINT ( 'NONE', #9738 ) ;
#7110 = ORIENTED_EDGE ( 'NONE', *, *, #7187, .T. ) ;
#7111 = MANIFOLD_SOLID_BREP ( 'NONE', #8116 ) ;
#7112 = ADVANCED_FACE ( 'NONE', ( #9764 ), #9794, .F. ) ;
#7113 = EDGE_LOOP ( 'NONE', ( #7114, #7609, #7330 ) ) ;
#7114 = ORIENTED_EDGE ( 'NONE', *, *, #7326, .F. ) ;
#7115 = VERTEX_POINT ( 'NONE', #9796 ) ;
#7116 = EDGE_CURVE ( 'NONE', #7219, #7124, #9795, .T. ) ;
#7117 = ORIENTED_EDGE ( 'NONE', *, *, #7420, .T. ) ;
#7118 = ADVANCED_FACE ( 'NONE', ( #9788 ), #9804, .F. ) ;
#7119 = VERTEX_POINT ( 'NONE', #9802 ) ;
#7120 = ORIENTED_EDGE ( 'NONE', *, *, #7203, .F. ) ;
#7121 = VERTEX_POINT ( 'NONE', #9806 ) ;
#7122 = ORIENTED_EDGE ( 'NONE', *, *, #7123, .F. ) ;
#7123 = EDGE_CURVE ( 'NONE', #7124, #7219, #9799, .T. ) ;
#7124 = VERTEX_POINT ( 'NONE', #9839 ) ;
#7125 = ORIENTED_EDGE ( 'NONE', *, *, #7126, .F. ) ;
#7126 = EDGE_CURVE ( 'NONE', #7205, #7124, #9836, .T. ) ;
#7127 = EDGE_CURVE ( 'NONE', #7104, #7109, #9832, .T. ) ;
#7128 = EDGE_CURVE ( 'NONE', #7192, #7062, #9825, .T. ) ;
#7129 = ORIENTED_EDGE ( 'NONE', *, *, #7130, .F. ) ;
#7130 = EDGE_CURVE ( 'NONE', #7181, #7192, #9820, .T. ) ;
#7131 = ORIENTED_EDGE ( 'NONE', *, *, #6980, .F. ) ;
#7132 = ADVANCED_FACE ( 'NONE', ( #9816 ), #1488, .F. ) ;
#7133 = ORIENTED_EDGE ( 'NONE', *, *, #7180, .T. ) ;
#7134 = EDGE_CURVE ( 'NONE', #6983, #7181, #1477, .T. ) ;
#7135 = EDGE_LOOP ( 'NONE', ( #6985, #7136, #6817, #6821 ) ) ;
#7136 = ORIENTED_EDGE ( 'NONE', *, *, #6816, .F. ) ;
#7137 = ORIENTED_EDGE ( 'NONE', *, *, #6352, .F. ) ;
#7138 = ORIENTED_EDGE ( 'NONE', *, *, #6268, .F. ) ;
#7139 = ORIENTED_EDGE ( 'NONE', *, *, #7006, .F. ) ;
#7140 = ORIENTED_EDGE ( 'NONE', *, *, #7127, .F. ) ;
#7141 = EDGE_CURVE ( 'NONE', #7181, #7167, #1534, .T. ) ;
#7142 = ADVANCED_FACE ( 'NONE', ( #1535 ), #1555, .T. ) ;
#7143 = EDGE_LOOP ( 'NONE', ( #7098, #7100, #7153, #7299 ) ) ;
#7144 = ADVANCED_FACE ( 'NONE', ( #1547 ), #1572, .T. ) ;
#7145 = ORIENTED_EDGE ( 'NONE', *, *, #7187, .F. ) ;
#7146 = EDGE_CURVE ( 'NONE', #7109, #7192, #1571, .T. ) ;
#7147 = EDGE_LOOP ( 'NONE', ( #7194, #7195, #7189, #7129 ) ) ;
#7148 = ADVANCED_FACE ( 'NONE', ( #1509 ), #1494, .F. ) ;
#7149 = ORIENTED_EDGE ( 'NONE', *, *, #7255, .F. ) ;
#7150 = VERTEX_POINT ( 'NONE', #1489 ) ;
#7151 = ORIENTED_EDGE ( 'NONE', *, *, #7141, .T. ) ;
#7152 = EDGE_CURVE ( 'NONE', #7257, #7150, #1622, .T. ) ;
#7153 = ORIENTED_EDGE ( 'NONE', *, *, #7298, .T. ) ;
#7154 = EDGE_CURVE ( 'NONE', #7191, #7308, #1618, .T. ) ;
#7155 = ORIENTED_EDGE ( 'NONE', *, *, #7255, .T. ) ;
#7156 = ORIENTED_EDGE ( 'NONE', *, *, #7157, .F. ) ;
#7157 = EDGE_CURVE ( 'NONE', #7191, #7305, #1614, .T. ) ;
#7158 = ORIENTED_EDGE ( 'NONE', *, *, #7165, .T. ) ;
#7159 = EDGE_LOOP ( 'NONE', ( #7283, #7235, #7278, #7243, #7244 ) ) ;
#7160 = ORIENTED_EDGE ( 'NONE', *, *, #7003, .F. ) ;
#7161 = ORIENTED_EDGE ( 'NONE', *, *, #6290, .T. ) ;
#7162 = ORIENTED_EDGE ( 'NONE', *, *, #7134, .T. ) ;
#7163 = ORIENTED_EDGE ( 'NONE', *, *, #6808, .T. ) ;
#7164 = ORIENTED_EDGE ( 'NONE', *, *, #7165, .F. ) ;
#7165 = EDGE_CURVE ( 'NONE', #7191, #7167, #1610, .T. ) ;
#7166 = EDGE_LOOP ( 'NONE', ( #7186, #7296, #7188, #7110 ) ) ;
#7167 = VERTEX_POINT ( 'NONE', #1606 ) ;
#7168 = ORIENTED_EDGE ( 'NONE', *, *, #7107, .F. ) ;
#7169 = ADVANCED_FACE ( 'NONE', ( #1605 ), #1589, .F. ) ;
#7170 = ADVANCED_FACE ( 'NONE', ( #1582 ), #1523, .T. ) ;
#7171 = EDGE_LOOP ( 'NONE', ( #7138, #7139, #7294, #7131 ) ) ;
#7172 = ADVANCED_FACE ( 'NONE', ( #1524 ), #1632, .F. ) ;
#7173 = ORIENTED_EDGE ( 'NONE', *, *, #7174, .T. ) ;
#7174 = EDGE_CURVE ( 'NONE', #6202, #6095, #8, .T. ) ;
#7175 = EDGE_CURVE ( 'NONE', #7015, #7178, #3, .T. ) ;
#7176 = EDGE_LOOP ( 'NONE', ( #7160, #7162, #7182, #7105 ) ) ;
#7177 = ORIENTED_EDGE ( 'NONE', *, *, #6816, .T. ) ;
#7178 = VERTEX_POINT ( 'NONE', #18 ) ;
#7179 = EDGE_CURVE ( 'NONE', #7062, #7184, #14, .T. ) ;
#7180 = EDGE_CURVE ( 'NONE', #7062, #6983, #9, .T. ) ;
#7181 = VERTEX_POINT ( 'NONE', #30 ) ;
#7182 = ORIENTED_EDGE ( 'NONE', *, *, #7183, .F. ) ;
#7183 = EDGE_CURVE ( 'NONE', #7104, #7181, #23, .T. ) ;
#7184 = VERTEX_POINT ( 'NONE', #29 ) ;
#7185 = ADVANCED_FACE ( 'NONE', ( #28 ), #45, .F. ) ;
#7186 = ORIENTED_EDGE ( 'NONE', *, *, #7224, .F. ) ;
#7187 = EDGE_CURVE ( 'NONE', #7109, #7184, #42, .T. ) ;
#7188 = ORIENTED_EDGE ( 'NONE', *, *, #7127, .T. ) ;
#7189 = ORIENTED_EDGE ( 'NONE', *, *, #7128, .F. ) ;
#7190 = EDGE_LOOP ( 'NONE', ( #7196, #7145, #7193, #7297 ) ) ;
#7191 = VERTEX_POINT ( 'NONE', #60 ) ;
#7192 = VERTEX_POINT ( 'NONE', #59 ) ;
#7193 = ORIENTED_EDGE ( 'NONE', *, *, #7146, .T. ) ;
#7194 = ORIENTED_EDGE ( 'NONE', *, *, #7134, .F. ) ;
#7195 = ORIENTED_EDGE ( 'NONE', *, *, #7180, .F. ) ;
#7196 = ORIENTED_EDGE ( 'NONE', *, *, #7179, .T. ) ;
#7197 = EDGE_LOOP ( 'NONE', ( #7120, #7215, #7208, #7212 ) ) ;
#7198 = ADVANCED_FACE ( 'NONE', ( #49 ), #84, .T. ) ;
#7199 = EDGE_LOOP ( 'NONE', ( #7200, #7201, #7543, #7268 ) ) ;
#7200 = ORIENTED_EDGE ( 'NONE', *, *, #7218, .F. ) ;
#7201 = ORIENTED_EDGE ( 'NONE', *, *, #7324, .T. ) ;
#7202 = VERTEX_POINT ( 'NONE', #82 ) ;
#7203 = EDGE_CURVE ( 'NONE', #7119, #7121, #77, .T. ) ;
#7204 = EDGE_CURVE ( 'NONE', #7205, #7206, #72, .T. ) ;
#7205 = VERTEX_POINT ( 'NONE', #67 ) ;
#7206 = VERTEX_POINT ( 'NONE', #66 ) ;
#7207 = EDGE_CURVE ( 'NONE', #7119, #7216, #65, .T. ) ;
#7208 = ORIENTED_EDGE ( 'NONE', *, *, #7214, .T. ) ;
#7209 = EDGE_CURVE ( 'NONE', #7121, #7202, #111, .T. ) ;
#7210 = ADVANCED_FACE ( 'NONE', ( #107 ), #93, .T. ) ;
#7211 = ORIENTED_EDGE ( 'NONE', *, *, #7204, .T. ) ;
#7212 = ORIENTED_EDGE ( 'NONE', *, *, #7209, .F. ) ;
#7213 = EDGE_LOOP ( 'NONE', ( #7211, #7217, #7122, #7125 ) ) ;
#7214 = EDGE_CURVE ( 'NONE', #7216, #7202, #94, .T. ) ;
#7215 = ORIENTED_EDGE ( 'NONE', *, *, #7207, .T. ) ;
#7216 = VERTEX_POINT ( 'NONE', #139 ) ;
#7217 = ORIENTED_EDGE ( 'NONE', *, *, #7218, .T. ) ;
#7218 = EDGE_CURVE ( 'NONE', #7206, #7219, #189, .T. ) ;
#7219 = VERTEX_POINT ( 'NONE', #143 ) ;
#7220 = ADVANCED_FACE ( 'NONE', ( #175 ), #138, .F. ) ;
#7221 = EDGE_LOOP ( 'NONE', ( #7075, #7079, #7801, #7791 ) ) ;
#7222 = CLOSED_SHELL ( 'NONE', ( #6161, #6131, #6029, #5839, #5833, #5842, #5928, #5845, #5858, #6073, #6038, #6146, #6005, #6098, #6156, #6091, #6046, #6175, #6113, #5981, #6206, #6194, #6205, #6248, #6236, #6262, #6251, #6275, #6294, #6179, #6228, #6364, #6443, #6446, #6419, #6435, #6365, #6456, #6486, #6425, #6422, #6513, #6478, #6404, #6354, #6375, #6373, #6447, #6416, #6522, #6621, #6620, #6554, #6688, #6751, #6778, #6722, #6729, #6721, #6680, #6740, #6761, #6750, #6731, #6603, #6586, #6657, #6709, #6652, #6703, #6693, #6557, #6701, #6589, #6597, #6987, #6841, #6648, #6951, #6886, #6822, #7021, #6803, #6974, #6972, #6916, #6993, #6992, #6935, #7056, #6845, #6926, #6836, #6871, #6906, #6887, #6873, #6879, #7008, #6827, #7017, #6819, #7001, #7169, #6984, #6981, #7170, #7132, #7172, #7225, #7185, #7295, #7226, #7148, #7142, #7310, #7144, #7103, #7282, #7250, #7233, #7248, #7083, #7066, #7065, #7071 ) ) ;
#7223 = MANIFOLD_SOLID_BREP ( 'NONE', #7710 ) ;
#7224 = EDGE_CURVE ( 'NONE', #7004, #7184, #231, .T. ) ;
#7225 = ADVANCED_FACE ( 'NONE', ( #205 ), #132, .F. ) ;
#7226 = ADVANCED_FACE ( 'NONE', ( #127 ), #165, .T. ) ;
#7227 = EDGE_LOOP ( 'NONE', ( #7164, #7168, #7108, #7151 ) ) ;
#7228 = ORIENTED_EDGE ( 'NONE', *, *, #7276, .F. ) ;
#7229 = EDGE_LOOP ( 'NONE', ( #7064, #7087, #7094, #7088 ) ) ;
#7230 = ORIENTED_EDGE ( 'NONE', *, *, #5890, .F. ) ;
#7231 = ORIENTED_EDGE ( 'NONE', *, *, #6195, .T. ) ;
#7232 = ORIENTED_EDGE ( 'NONE', *, *, #7236, .T. ) ;
#7233 = ADVANCED_FACE ( 'NONE', ( #222 ), #185, .T. ) ;
#7234 = EDGE_CURVE ( 'NONE', #7150, #7277, #263, .T. ) ;
#7235 = ORIENTED_EDGE ( 'NONE', *, *, #7234, .T. ) ;
#7236 = EDGE_CURVE ( 'NONE', #7305, #7237, #240, .T. ) ;
#7237 = VERTEX_POINT ( 'NONE', #272 ) ;
#7238 = ORIENTED_EDGE ( 'NONE', *, *, #7239, .T. ) ;
#7239 = EDGE_CURVE ( 'NONE', #7237, #7257, #288, .T. ) ;
#7240 = EDGE_LOOP ( 'NONE', ( #7241, #7245, #7246, #7247 ) ) ;
#7241 = ORIENTED_EDGE ( 'NONE', *, *, #7242, .F. ) ;
#7242 = EDGE_CURVE ( 'NONE', #6963, #7178, #247, .T. ) ;
#7243 = ORIENTED_EDGE ( 'NONE', *, *, #7301, .F. ) ;
#7244 = ORIENTED_EDGE ( 'NONE', *, *, #7293, .T. ) ;
#7245 = ORIENTED_EDGE ( 'NONE', *, *, #6962, .F. ) ;
#7246 = ORIENTED_EDGE ( 'NONE', *, *, #6970, .F. ) ;
#7247 = ORIENTED_EDGE ( 'NONE', *, *, #7287, .F. ) ;
#7248 = ADVANCED_FACE ( 'NONE', ( #243 ), #259, .T. ) ;
#7249 = EDGE_LOOP ( 'NONE', ( #7095, #7090, #7092, #7091 ) ) ;
#7250 = ADVANCED_FACE ( 'NONE', ( #268 ), #254, .F. ) ;
#7251 = EDGE_LOOP ( 'NONE', ( #7232, #7238, #7279, #7280, #7281 ) ) ;
#7252 = EDGE_LOOP ( 'NONE', ( #7149, #7284, #7300, #7101 ) ) ;
#7253 = EDGE_LOOP ( 'NONE', ( #7306, #7307, #7292, #7309 ) ) ;
#7254 = EDGE_CURVE ( 'NONE', #7308, #7256, #313, .T. ) ;
#7255 = EDGE_CURVE ( 'NONE', #7308, #7109, #351, .T. ) ;
#7256 = VERTEX_POINT ( 'NONE', #333 ) ;
#7257 = VERTEX_POINT ( 'NONE', #350 ) ;
#7258 = EDGE_CURVE ( 'NONE', #7577, #7319, #341, .T. ) ;
#7259 = ADVANCED_FACE ( 'NONE', ( #307 ), #338, .T. ) ;
#7260 = EDGE_LOOP ( 'NONE', ( #7261, #7265, #7568, #7322 ) ) ;
#7261 = ORIENTED_EDGE ( 'NONE', *, *, #7262, .T. ) ;
#7262 = EDGE_CURVE ( 'NONE', #7263, #7264, #314, .T. ) ;
#7263 = VERTEX_POINT ( 'NONE', #312 ) ;
#7264 = VERTEX_POINT ( 'NONE', #309 ) ;
#7265 = ORIENTED_EDGE ( 'NONE', *, *, #7266, .F. ) ;
#7266 = EDGE_CURVE ( 'NONE', #7267, #7264, #301, .T. ) ;
#7267 = VERTEX_POINT ( 'NONE', #348 ) ;
#7268 = ORIENTED_EDGE ( 'NONE', *, *, #7116, .F. ) ;
#7269 = ADVANCED_FACE ( 'NONE', ( #347, #346 ), #390, .T. ) ;
#7270 = ORIENTED_EDGE ( 'NONE', *, *, #7203, .T. ) ;
#7271 = EDGE_LOOP ( 'NONE', ( #7272, #7315 ) ) ;
#7272 = ORIENTED_EDGE ( 'NONE', *, *, #7204, .F. ) ;
#7273 = ORIENTED_EDGE ( 'NONE', *, *, #7123, .T. ) ;
#7274 = ORIENTED_EDGE ( 'NONE', *, *, #7116, .T. ) ;
#7275 = ORIENTED_EDGE ( 'NONE', *, *, #6530, .T. ) ;
#7276 = EDGE_CURVE ( 'NONE', #7277, #7302, #367, .T. ) ;
#7277 = VERTEX_POINT ( 'NONE', #389 ) ;
#7278 = ORIENTED_EDGE ( 'NONE', *, *, #7276, .T. ) ;
#7279 = ORIENTED_EDGE ( 'NONE', *, *, #7099, .T. ) ;
#7280 = ORIENTED_EDGE ( 'NONE', *, *, #7154, .F. ) ;
#7281 = ORIENTED_EDGE ( 'NONE', *, *, #7157, .T. ) ;
#7282 = ADVANCED_FACE ( 'NONE', ( #385 ), #394, .T. ) ;
#7283 = ORIENTED_EDGE ( 'NONE', *, *, #7298, .F. ) ;
#7284 = ORIENTED_EDGE ( 'NONE', *, *, #7254, .T. ) ;
#7285 = ORIENTED_EDGE ( 'NONE', *, *, #7107, .T. ) ;
#7286 = ORIENTED_EDGE ( 'NONE', *, *, #7154, .T. ) ;
#7287 = EDGE_CURVE ( 'NONE', #7178, #7019, #403, .T. ) ;
#7288 = EDGE_LOOP ( 'NONE', ( #6812, #6813, #7137, #7275 ) ) ;
#7289 = EDGE_LOOP ( 'NONE', ( #7290, #7303, #7156, #7158 ) ) ;
#7290 = ORIENTED_EDGE ( 'NONE', *, *, #7301, .T. ) ;
#7291 = EDGE_LOOP ( 'NONE', ( #7140, #7285, #7286, #7155 ) ) ;
#7292 = ORIENTED_EDGE ( 'NONE', *, *, #7293, .F. ) ;
#7293 = EDGE_CURVE ( 'NONE', #7167, #7256, #400, .T. ) ;
#7294 = ORIENTED_EDGE ( 'NONE', *, *, #7224, .T. ) ;
#7295 = ADVANCED_FACE ( 'NONE', ( #396 ), #450, .T. ) ;
#7296 = ORIENTED_EDGE ( 'NONE', *, *, #7106, .T. ) ;
#7297 = ORIENTED_EDGE ( 'NONE', *, *, #7128, .T. ) ;
#7298 = EDGE_CURVE ( 'NONE', #7150, #7256, #472, .T. ) ;
#7299 = ORIENTED_EDGE ( 'NONE', *, *, #7254, .F. ) ;
#7300 = ORIENTED_EDGE ( 'NONE', *, *, #7102, .T. ) ;
#7301 = EDGE_CURVE ( 'NONE', #7167, #7302, #418, .T. ) ;
#7302 = VERTEX_POINT ( 'NONE', #466 ) ;
#7303 = ORIENTED_EDGE ( 'NONE', *, *, #7304, .T. ) ;
#7304 = EDGE_CURVE ( 'NONE', #7302, #7305, #416, .T. ) ;
#7305 = VERTEX_POINT ( 'NONE', #453 ) ;
#7306 = ORIENTED_EDGE ( 'NONE', *, *, #7130, .T. ) ;
#7307 = ORIENTED_EDGE ( 'NONE', *, *, #7102, .F. ) ;
#7308 = VERTEX_POINT ( 'NONE', #452 ) ;
#7309 = ORIENTED_EDGE ( 'NONE', *, *, #7141, .F. ) ;
#7310 = ADVANCED_FACE ( 'NONE', ( #451 ), #463, .F. ) ;
#7311 = EDGE_LOOP ( 'NONE', ( #7273, #7274 ) ) ;
#7312 = ORIENTED_EDGE ( 'NONE', *, *, #7337, .T. ) ;
#7313 = ADVANCED_FACE ( 'NONE', ( #464, #428 ), #434, .T. ) ;
#7314 = EDGE_LOOP ( 'NONE', ( #7117, #7270 ) ) ;
#7315 = ORIENTED_EDGE ( 'NONE', *, *, #7324, .F. ) ;
#7316 = CLOSED_SHELL ( 'NONE', ( #7118, #7210, #7198, #7269, #7325, #7313 ) ) ;
#7317 = ORIENTED_EDGE ( 'NONE', *, *, #7258, .T. ) ;
#7318 = EDGE_LOOP ( 'NONE', ( #7333, #7414, #7417 ) ) ;
#7319 = VERTEX_POINT ( 'NONE', #507 ) ;
#7320 = ORIENTED_EDGE ( 'NONE', *, *, #7321, .F. ) ;
#7321 = EDGE_CURVE ( 'NONE', #7541, #7608, #531, .T. ) ;
#7322 = ORIENTED_EDGE ( 'NONE', *, *, #7379, .T. ) ;
#7323 = ORIENTED_EDGE ( 'NONE', *, *, #7207, .F. ) ;
#7324 = EDGE_CURVE ( 'NONE', #7206, #7205, #487, .T. ) ;
#7325 = ADVANCED_FACE ( 'NONE', ( #494 ), #520, .F. ) ;
#7326 = EDGE_CURVE ( 'NONE', #7115, #7327, #524, .T. ) ;
#7327 = VERTEX_POINT ( 'NONE', #528 ) ;
#7328 = VERTEX_POINT ( 'NONE', #527 ) ;
#7329 = ORIENTED_EDGE ( 'NONE', *, *, #7420, .F. ) ;
#7330 = ORIENTED_EDGE ( 'NONE', *, *, #7331, .T. ) ;
#7331 = EDGE_CURVE ( 'NONE', #7328, #7327, #526, .T. ) ;
#7332 = ADVANCED_FACE ( 'NONE', ( #493 ), #536, .F. ) ;
#7333 = ORIENTED_EDGE ( 'NONE', *, *, #7334, .F. ) ;
#7334 = EDGE_CURVE ( 'NONE', #7335, #7413, #535, .T. ) ;
#7335 = VERTEX_POINT ( 'NONE', #563 ) ;
#7336 = ORIENTED_EDGE ( 'NONE', *, *, #7337, .F. ) ;
#7337 = EDGE_CURVE ( 'NONE', #7202, #7216, #561, .T. ) ;
#7338 = ORIENTED_EDGE ( 'NONE', *, *, #7339, .F. ) ;
#7339 = EDGE_CURVE ( 'NONE', #7559, #7384, #555, .T. ) ;
#7340 = ADVANCED_FACE ( 'NONE', ( #551 ), #647, .T. ) ;
#7341 = EDGE_LOOP ( 'NONE', ( #7342, #7346, #7439, #7440 ) ) ;
#7342 = ORIENTED_EDGE ( 'NONE', *, *, #7343, .F. ) ;
#7343 = EDGE_CURVE ( 'NONE', #7344, #7345, #619, .T. ) ;
#7344 = VERTEX_POINT ( 'NONE', #615 ) ;
#7345 = VERTEX_POINT ( 'NONE', #598 ) ;
#7346 = ORIENTED_EDGE ( 'NONE', *, *, #7438, .T. ) ;
#7347 = ORIENTED_EDGE ( 'NONE', *, *, #7348, .F. ) ;
#7348 = EDGE_CURVE ( 'NONE', #7445, #7264, #689, .T. ) ;
#7349 = ORIENTED_EDGE ( 'NONE', *, *, #7350, .F. ) ;
#7350 = EDGE_CURVE ( 'NONE', #7351, #7445, #684, .T. ) ;
#7351 = VERTEX_POINT ( 'NONE', #679 ) ;
#7352 = ORIENTED_EDGE ( 'NONE', *, *, #7353, .F. ) ;
#7353 = EDGE_CURVE ( 'NONE', #7354, #7351, #680, .T. ) ;
#7354 = VERTEX_POINT ( 'NONE', #600 ) ;
#7355 = EDGE_CURVE ( 'NONE', #7554, #7267, #599, .T. ) ;
#7356 = ORIENTED_EDGE ( 'NONE', *, *, #7374, .F. ) ;
#7357 = ORIENTED_EDGE ( 'NONE', *, *, #7370, .T. ) ;
#7358 = ADVANCED_FACE ( 'NONE', ( #587 ), #704, .T. ) ;
#7359 = ORIENTED_EDGE ( 'NONE', *, *, #7377, .T. ) ;
#7360 = ORIENTED_EDGE ( 'NONE', *, *, #7477, .F. ) ;
#7361 = ORIENTED_EDGE ( 'NONE', *, *, #7551, .F. ) ;
#7362 = ORIENTED_EDGE ( 'NONE', *, *, #7339, .T. ) ;
#7363 = ADVANCED_FACE ( 'NONE', ( #705 ), #578, .T. ) ;
#7364 = EDGE_LOOP ( 'NONE', ( #7584, #7500, #7359, #7360 ) ) ;
#7365 = VERTEX_POINT ( 'NONE', #573 ) ;
#7366 = ORIENTED_EDGE ( 'NONE', *, *, #7594, .F. ) ;
#7367 = VERTEX_POINT ( 'NONE', #572 ) ;
#7368 = VERTEX_POINT ( 'NONE', #571 ) ;
#7369 = ORIENTED_EDGE ( 'NONE', *, *, #7603, .F. ) ;
#7370 = EDGE_CURVE ( 'NONE', #7372, #7367, #643, .T. ) ;
#7371 = ORIENTED_EDGE ( 'NONE', *, *, #7603, .T. ) ;
#7372 = VERTEX_POINT ( 'NONE', #638 ) ;
#7373 = ORIENTED_EDGE ( 'NONE', *, *, #7374, .T. ) ;
#7374 = EDGE_CURVE ( 'NONE', #7372, #7384, #636, .T. ) ;
#7375 = ADVANCED_FACE ( 'NONE', ( #632 ), #612, .T. ) ;
#7376 = ORIENTED_EDGE ( 'NONE', *, *, #7377, .F. ) ;
#7377 = EDGE_CURVE ( 'NONE', #7554, #7541, #611, .T. ) ;
#7378 = ORIENTED_EDGE ( 'NONE', *, *, #7555, .F. ) ;
#7379 = EDGE_CURVE ( 'NONE', #7554, #7263, #591, .T. ) ;
#7380 = ORIENTED_EDGE ( 'NONE', *, *, #7381, .T. ) ;
#7381 = EDGE_CURVE ( 'NONE', #7427, #7382, #675, .T. ) ;
#7382 = VERTEX_POINT ( 'NONE', #670 ) ;
#7383 = ORIENTED_EDGE ( 'NONE', *, *, #7576, .F. ) ;
#7384 = VERTEX_POINT ( 'NONE', #669 ) ;
#7385 = ORIENTED_EDGE ( 'NONE', *, *, #7386, .F. ) ;
#7386 = EDGE_CURVE ( 'NONE', #7408, #7412, #668, .T. ) ;
#7387 = EDGE_CURVE ( 'NONE', #7388, #7573, #664, .T. ) ;
#7388 = VERTEX_POINT ( 'NONE', #660 ) ;
#7389 = ORIENTED_EDGE ( 'NONE', *, *, #7390, .F. ) ;
#7390 = EDGE_CURVE ( 'NONE', #7391, #7388, #658, .T. ) ;
#7391 = VERTEX_POINT ( 'NONE', #734 ) ;
#7392 = ORIENTED_EDGE ( 'NONE', *, *, #7393, .F. ) ;
#7393 = EDGE_CURVE ( 'NONE', #7446, #7391, #719, .T. ) ;
#7394 = ORIENTED_EDGE ( 'NONE', *, *, #7401, .F. ) ;
#7395 = ADVANCED_FACE ( 'NONE', ( #708 ), #721, .T. ) ;
#7396 = EDGE_LOOP ( 'NONE', ( #7397, #7447, #7448, #7451 ) ) ;
#7397 = ORIENTED_EDGE ( 'NONE', *, *, #7398, .T. ) ;
#7398 = EDGE_CURVE ( 'NONE', #7399, #7388, #726, .T. ) ;
#7399 = VERTEX_POINT ( 'NONE', #709 ) ;
#7400 = ORIENTED_EDGE ( 'NONE', *, *, #7401, .T. ) ;
#7401 = EDGE_CURVE ( 'NONE', #7267, #7446, #742, .T. ) ;
#7402 = VERTEX_POINT ( 'NONE', #738 ) ;
#7403 = ORIENTED_EDGE ( 'NONE', *, *, #7321, .T. ) ;
#7404 = ADVANCED_FACE ( 'NONE', ( #737 ), #759, .T. ) ;
#7405 = EDGE_LOOP ( 'NONE', ( #7406, #7409, #7410, #7385 ) ) ;
#7406 = ORIENTED_EDGE ( 'NONE', *, *, #7407, .F. ) ;
#7407 = EDGE_CURVE ( 'NONE', #7518, #7408, #816, .T. ) ;
#7408 = VERTEX_POINT ( 'NONE', #788 ) ;
#7409 = ORIENTED_EDGE ( 'NONE', *, *, #7517, .T. ) ;
#7410 = ORIENTED_EDGE ( 'NONE', *, *, #7411, .T. ) ;
#7411 = EDGE_CURVE ( 'NONE', #7515, #7412, #798, .T. ) ;
#7412 = VERTEX_POINT ( 'NONE', #799 ) ;
#7413 = VERTEX_POINT ( 'NONE', #786 ) ;
#7414 = ORIENTED_EDGE ( 'NONE', *, *, #7415, .T. ) ;
#7415 = EDGE_CURVE ( 'NONE', #7335, #7416, #785, .T. ) ;
#7416 = VERTEX_POINT ( 'NONE', #801 ) ;
#7417 = ORIENTED_EDGE ( 'NONE', *, *, #7418, .F. ) ;
#7418 = EDGE_CURVE ( 'NONE', #7413, #7416, #794, .T. ) ;
#7419 = ADVANCED_FACE ( 'NONE', ( #787 ), #771, .F. ) ;
#7420 = EDGE_CURVE ( 'NONE', #7121, #7119, #824, .T. ) ;
#7421 = ORIENTED_EDGE ( 'NONE', *, *, #7209, .T. ) ;
#7422 = EDGE_LOOP ( 'NONE', ( #7336, #7492 ) ) ;
#7423 = ADVANCED_FACE ( 'NONE', ( #839 ), #818, .T. ) ;
#7424 = EDGE_LOOP ( 'NONE', ( #7425, #7380, #7383, #7338 ) ) ;
#7425 = ORIENTED_EDGE ( 'NONE', *, *, #7426, .F. ) ;
#7426 = EDGE_CURVE ( 'NONE', #7427, #7559, #849, .T. ) ;
#7427 = VERTEX_POINT ( 'NONE', #866 ) ;
#7428 = ORIENTED_EDGE ( 'NONE', *, *, #7355, .T. ) ;
#7429 = VERTEX_POINT ( 'NONE', #848 ) ;
#7430 = ORIENTED_EDGE ( 'NONE', *, *, #7431, .F. ) ;
#7431 = EDGE_CURVE ( 'NONE', #7429, #7446, #855, .T. ) ;
#7432 = ORIENTED_EDGE ( 'NONE', *, *, #7433, .F. ) ;
#7433 = EDGE_CURVE ( 'NONE', #7434, #7354, #865, .T. ) ;
#7434 = VERTEX_POINT ( 'NONE', #861 ) ;
#7435 = ORIENTED_EDGE ( 'NONE', *, *, #7454, .F. ) ;
#7436 = ORIENTED_EDGE ( 'NONE', *, *, #7437, .F. ) ;
#7437 = EDGE_CURVE ( 'NONE', #7577, #7429, #860, .T. ) ;
#7438 = EDGE_CURVE ( 'NONE', #7344, #7427, #856, .T. ) ;
#7439 = ORIENTED_EDGE ( 'NONE', *, *, #7426, .T. ) ;
#7440 = ORIENTED_EDGE ( 'NONE', *, *, #7441, .F. ) ;
#7441 = EDGE_CURVE ( 'NONE', #7345, #7559, #877, .T. ) ;
#7442 = ADVANCED_FACE ( 'NONE', ( #873 ), #895, .F. ) ;
#7443 = EDGE_LOOP ( 'NONE', ( #7444, #7347, #7349, #7352, #7432, #7435, #7373, #7564, #7569, #7571, #7574, #7389, #7392, #7394 ) ) ;
#7444 = ORIENTED_EDGE ( 'NONE', *, *, #7266, .T. ) ;
#7445 = VERTEX_POINT ( 'NONE', #890 ) ;
#7446 = VERTEX_POINT ( 'NONE', #889 ) ;
#7447 = ORIENTED_EDGE ( 'NONE', *, *, #7387, .T. ) ;
#7448 = ORIENTED_EDGE ( 'NONE', *, *, #7449, .F. ) ;
#7449 = EDGE_CURVE ( 'NONE', #7450, #7573, #783, .T. ) ;
#7450 = VERTEX_POINT ( 'NONE', #902 ) ;
#7451 = ORIENTED_EDGE ( 'NONE', *, *, #7452, .F. ) ;
#7452 = EDGE_CURVE ( 'NONE', #7399, #7450, #898, .T. ) ;
#7453 = EDGE_LOOP ( 'NONE', ( #7561, #7523, #7511, #7521, #7468, #7456, #7504, #7478, #7540, #7491, #7525, #7484, #7502, #7507 ) ) ;
#7454 = EDGE_CURVE ( 'NONE', #7372, #7434, #917, .T. ) ;
#7455 = EDGE_CURVE ( 'NONE', #7382, #7479, #912, .T. ) ;
#7456 = ORIENTED_EDGE ( 'NONE', *, *, #7452, .T. ) ;
#7457 = ADVANCED_FACE ( 'NONE', ( #908 ), #947, .F. ) ;
#7458 = EDGE_LOOP ( 'NONE', ( #7459, #7463, #7466, #7499, #7607, #7544, #7366, #7602, #7604, #7501, #7586, #7369, #7361, #7597 ) ) ;
#7459 = ORIENTED_EDGE ( 'NONE', *, *, #7460, .F. ) ;
#7460 = EDGE_CURVE ( 'NONE', #7461, #7462, #979, .T. ) ;
#7461 = VERTEX_POINT ( 'NONE', #962 ) ;
#7462 = VERTEX_POINT ( 'NONE', #933 ) ;
#7463 = ORIENTED_EDGE ( 'NONE', *, *, #7464, .F. ) ;
#7464 = EDGE_CURVE ( 'NONE', #7465, #7461, #954, .T. ) ;
#7465 = VERTEX_POINT ( 'NONE', #924 ) ;
#7466 = ORIENTED_EDGE ( 'NONE', *, *, #7467, .F. ) ;
#7467 = EDGE_CURVE ( 'NONE', #7263, #7465, #923, .T. ) ;
#7468 = ORIENTED_EDGE ( 'NONE', *, *, #7486, .T. ) ;
#7469 = ORIENTED_EDGE ( 'NONE', *, *, #7470, .F. ) ;
#7470 = EDGE_CURVE ( 'NONE', #7509, #7427, #961, .T. ) ;
#7471 = ADVANCED_FACE ( 'NONE', ( #958 ), #921, .T. ) ;
#7472 = VERTEX_POINT ( 'NONE', #942 ) ;
#7473 = ORIENTED_EDGE ( 'NONE', *, *, #7474, .T. ) ;
#7474 = EDGE_CURVE ( 'NONE', #7472, #7475, #952, .T. ) ;
#7475 = VERTEX_POINT ( 'NONE', #948 ) ;
#7476 = ORIENTED_EDGE ( 'NONE', *, *, #7477, .T. ) ;
#7477 = EDGE_CURVE ( 'NONE', #7475, #7541, #971, .T. ) ;
#7478 = ORIENTED_EDGE ( 'NONE', *, *, #7503, .T. ) ;
#7479 = VERTEX_POINT ( 'NONE', #939 ) ;
#7480 = ORIENTED_EDGE ( 'NONE', *, *, #7381, .F. ) ;
#7481 = ORIENTED_EDGE ( 'NONE', *, *, #7482, .T. ) ;
#7482 = EDGE_CURVE ( 'NONE', #7344, #7483, #938, .T. ) ;
#7483 = VERTEX_POINT ( 'NONE', #1056 ) ;
#7484 = ORIENTED_EDGE ( 'NONE', *, *, #7485, .F. ) ;
#7485 = EDGE_CURVE ( 'NONE', #7413, #7531, #1087, .T. ) ;
#7486 = EDGE_CURVE ( 'NONE', #7490, #7399, #1074, .T. ) ;
#7487 = EDGE_LOOP ( 'NONE', ( #7488, #7533, #7536, #7538, #7539, #7481, #7513, #7516, #7519, #7473, #7476, #7403 ) ) ;
#7488 = ORIENTED_EDGE ( 'NONE', *, *, #7489, .T. ) ;
#7489 = EDGE_CURVE ( 'NONE', #7608, #7532, #1006, .T. ) ;
#7490 = VERTEX_POINT ( 'NONE', #1047 ) ;
#7491 = ORIENTED_EDGE ( 'NONE', *, *, #7524, .F. ) ;
#7492 = ORIENTED_EDGE ( 'NONE', *, *, #7214, .F. ) ;
#7493 = EDGE_LOOP ( 'NONE', ( #7323, #7329, #7421, #7312 ) ) ;
#7494 = EDGE_LOOP ( 'NONE', ( #7495, #7320, #7542, #7317 ) ) ;
#7495 = ORIENTED_EDGE ( 'NONE', *, *, #7496, .F. ) ;
#7496 = EDGE_CURVE ( 'NONE', #7608, #7319, #982, .T. ) ;
#7497 = EDGE_CURVE ( 'NONE', #7541, #7577, #1020, .T. ) ;
#7498 = EDGE_CURVE ( 'NONE', #7365, #7368, #984, .T. ) ;
#7499 = ORIENTED_EDGE ( 'NONE', *, *, #7379, .F. ) ;
#7500 = ORIENTED_EDGE ( 'NONE', *, *, #7587, .T. ) ;
#7501 = ORIENTED_EDGE ( 'NONE', *, *, #7593, .F. ) ;
#7502 = ORIENTED_EDGE ( 'NONE', *, *, #7506, .F. ) ;
#7503 = EDGE_CURVE ( 'NONE', #7505, #7479, #1147, .T. ) ;
#7504 = ORIENTED_EDGE ( 'NONE', *, *, #7526, .T. ) ;
#7505 = VERTEX_POINT ( 'NONE', #981 ) ;
#7506 = EDGE_CURVE ( 'NONE', #7335, #7413, #980, .T. ) ;
#7507 = ORIENTED_EDGE ( 'NONE', *, *, #7508, .F. ) ;
#7508 = EDGE_CURVE ( 'NONE', #7563, #7335, #1120, .T. ) ;
#7509 = VERTEX_POINT ( 'NONE', #1116 ) ;
#7510 = ORIENTED_EDGE ( 'NONE', *, *, #7524, .T. ) ;
#7511 = ORIENTED_EDGE ( 'NONE', *, *, #7437, .T. ) ;
#7512 = EDGE_CURVE ( 'NONE', #7429, #7490, #1016, .T. ) ;
#7513 = ORIENTED_EDGE ( 'NONE', *, *, #7514, .T. ) ;
#7514 = EDGE_CURVE ( 'NONE', #7483, #7515, #1012, .T. ) ;
#7515 = VERTEX_POINT ( 'NONE', #1007 ) ;
#7516 = ORIENTED_EDGE ( 'NONE', *, *, #7517, .F. ) ;
#7517 = EDGE_CURVE ( 'NONE', #7518, #7515, #1008, .T. ) ;
#7518 = VERTEX_POINT ( 'NONE', #1091 ) ;
#7519 = ORIENTED_EDGE ( 'NONE', *, *, #7520, .T. ) ;
#7520 = EDGE_CURVE ( 'NONE', #7518, #7472, #1089, .T. ) ;
#7521 = ORIENTED_EDGE ( 'NONE', *, *, #7512, .T. ) ;
#7522 = ADVANCED_FACE ( 'NONE', ( #1156 ), #1077, .F. ) ;
#7523 = ORIENTED_EDGE ( 'NONE', *, *, #7258, .F. ) ;
#7524 = EDGE_CURVE ( 'NONE', #7402, #7382, #1100, .T. ) ;
#7525 = ORIENTED_EDGE ( 'NONE', *, *, #7530, .F. ) ;
#7526 = EDGE_CURVE ( 'NONE', #7450, #7505, #1096, .T. ) ;
#7527 = EDGE_LOOP ( 'NONE', ( #7528, #7510, #7480, #7469 ) ) ;
#7528 = ORIENTED_EDGE ( 'NONE', *, *, #7529, .F. ) ;
#7529 = EDGE_CURVE ( 'NONE', #7402, #7509, #1053, .T. ) ;
#7530 = EDGE_CURVE ( 'NONE', #7531, #7402, #1001, .T. ) ;
#7531 = VERTEX_POINT ( 'NONE', #997 ) ;
#7532 = VERTEX_POINT ( 'NONE', #996 ) ;
#7533 = ORIENTED_EDGE ( 'NONE', *, *, #7534, .T. ) ;
#7534 = EDGE_CURVE ( 'NONE', #7532, #7535, #995, .T. ) ;
#7535 = VERTEX_POINT ( 'NONE', #990 ) ;
#7536 = ORIENTED_EDGE ( 'NONE', *, *, #7537, .T. ) ;
#7537 = EDGE_CURVE ( 'NONE', #7535, #7509, #989, .T. ) ;
#7538 = ORIENTED_EDGE ( 'NONE', *, *, #7470, .T. ) ;
#7539 = ORIENTED_EDGE ( 'NONE', *, *, #7438, .F. ) ;
#7540 = ORIENTED_EDGE ( 'NONE', *, *, #7455, .F. ) ;
#7541 = VERTEX_POINT ( 'NONE', #1044 ) ;
#7542 = ORIENTED_EDGE ( 'NONE', *, *, #7497, .T. ) ;
#7543 = ORIENTED_EDGE ( 'NONE', *, *, #7126, .T. ) ;
#7544 = ORIENTED_EDGE ( 'NONE', *, *, #7498, .F. ) ;
#7545 = ADVANCED_FACE ( 'NONE', ( #1043 ), #1085, .F. ) ;
#7546 = EDGE_LOOP ( 'NONE', ( #7605, #7606, #7600, #7601 ) ) ;
#7547 = ADVANCED_FACE ( 'NONE', ( #1083 ), #1028, .F. ) ;
#7548 = EDGE_LOOP ( 'NONE', ( #7549, #7588, #7589, #7590 ) ) ;
#7549 = ORIENTED_EDGE ( 'NONE', *, *, #7552, .T. ) ;
#7550 = VERTEX_POINT ( 'NONE', #1023 ) ;
#7551 = EDGE_CURVE ( 'NONE', #7550, #7367, #1021, .T. ) ;
#7552 = EDGE_CURVE ( 'NONE', #7595, #7412, #1022, .T. ) ;
#7553 = ORIENTED_EDGE ( 'NONE', *, *, #7555, .T. ) ;
#7554 = VERTEX_POINT ( 'NONE', #1127 ) ;
#7555 = EDGE_CURVE ( 'NONE', #7577, #7267, #1125, .T. ) ;
#7556 = ADVANCED_FACE ( 'NONE', ( #1114 ), #1205, .T. ) ;
#7557 = EDGE_LOOP ( 'NONE', ( #7430, #7436, #7553, #7400 ) ) ;
#7558 = EDGE_LOOP ( 'NONE', ( #7378, #7575, #7376, #7428 ) ) ;
#7559 = VERTEX_POINT ( 'NONE', #1200 ) ;
#7560 = ADVANCED_FACE ( 'NONE', ( #1327 ), #1323, .T. ) ;
#7561 = ORIENTED_EDGE ( 'NONE', *, *, #7562, .F. ) ;
#7562 = EDGE_CURVE ( 'NONE', #7319, #7563, #1337, .T. ) ;
#7563 = VERTEX_POINT ( 'NONE', #1255 ) ;
#7564 = ORIENTED_EDGE ( 'NONE', *, *, #7565, .T. ) ;
#7565 = EDGE_CURVE ( 'NONE', #7384, #7566, #1344, .T. ) ;
#7566 = VERTEX_POINT ( 'NONE', #1247 ) ;
#7567 = VERTEX_POINT ( 'NONE', #1246 ) ;
#7568 = ORIENTED_EDGE ( 'NONE', *, *, #7355, .F. ) ;
#7569 = ORIENTED_EDGE ( 'NONE', *, *, #7570, .F. ) ;
#7570 = EDGE_CURVE ( 'NONE', #7567, #7566, #1196, .T. ) ;
#7571 = ORIENTED_EDGE ( 'NONE', *, *, #7572, .F. ) ;
#7572 = EDGE_CURVE ( 'NONE', #7573, #7567, #1192, .T. ) ;
#7573 = VERTEX_POINT ( 'NONE', #1252 ) ;
#7574 = ORIENTED_EDGE ( 'NONE', *, *, #7387, .F. ) ;
#7575 = ORIENTED_EDGE ( 'NONE', *, *, #7497, .F. ) ;
#7576 = EDGE_CURVE ( 'NONE', #7384, #7382, #1251, .T. ) ;
#7577 = VERTEX_POINT ( 'NONE', #1169 ) ;
#7578 = ORIENTED_EDGE ( 'NONE', *, *, #7579, .F. ) ;
#7579 = EDGE_CURVE ( 'NONE', #7672, #7629, #1167, .T. ) ;
#7580 = ADVANCED_FACE ( 'NONE', ( #1168, #1188 ), #1228, .T. ) ;
#7581 = EDGE_LOOP ( 'NONE', ( #7582, #7583 ) ) ;
#7582 = ORIENTED_EDGE ( 'NONE', *, *, #7628, .T. ) ;
#7583 = ORIENTED_EDGE ( 'NONE', *, *, #7579, .T. ) ;
#7584 = ORIENTED_EDGE ( 'NONE', *, *, #7585, .T. ) ;
#7585 = EDGE_CURVE ( 'NONE', #7475, #7368, #1227, .T. ) ;
#7586 = ORIENTED_EDGE ( 'NONE', *, *, #7441, .T. ) ;
#7587 = EDGE_CURVE ( 'NONE', #7368, #7554, #1219, .T. ) ;
#7588 = ORIENTED_EDGE ( 'NONE', *, *, #7411, .F. ) ;
#7589 = ORIENTED_EDGE ( 'NONE', *, *, #7514, .F. ) ;
#7590 = ORIENTED_EDGE ( 'NONE', *, *, #7591, .T. ) ;
#7591 = EDGE_CURVE ( 'NONE', #7483, #7595, #1215, .T. ) ;
#7592 = ADVANCED_FACE ( 'NONE', ( #1206 ), #1175, .F. ) ;
#7593 = EDGE_CURVE ( 'NONE', #7345, #7595, #1269, .T. ) ;
#7594 = EDGE_CURVE ( 'NONE', #7408, #7365, #1262, .T. ) ;
#7595 = VERTEX_POINT ( 'NONE', #1258 ) ;
#7596 = EDGE_CURVE ( 'NONE', #7462, #7550, #1289, .T. ) ;
#7597 = ORIENTED_EDGE ( 'NONE', *, *, #7596, .F. ) ;
#7598 = EDGE_LOOP ( 'NONE', ( #7356, #7357, #7371, #7362 ) ) ;
#7599 = EDGE_CURVE ( 'NONE', #7479, #7566, #1285, .T. ) ;
#7600 = ORIENTED_EDGE ( 'NONE', *, *, #7565, .F. ) ;
#7601 = ORIENTED_EDGE ( 'NONE', *, *, #7576, .T. ) ;
#7602 = ORIENTED_EDGE ( 'NONE', *, *, #7386, .T. ) ;
#7603 = EDGE_CURVE ( 'NONE', #7367, #7559, #1281, .T. ) ;
#7604 = ORIENTED_EDGE ( 'NONE', *, *, #7552, .F. ) ;
#7605 = ORIENTED_EDGE ( 'NONE', *, *, #7455, .T. ) ;
#7606 = ORIENTED_EDGE ( 'NONE', *, *, #7599, .T. ) ;
#7607 = ORIENTED_EDGE ( 'NONE', *, *, #7587, .F. ) ;
#7608 = VERTEX_POINT ( 'NONE', #1277 ) ;
#7609 = ORIENTED_EDGE ( 'NONE', *, *, #7610, .F. ) ;
#7610 = EDGE_CURVE ( 'NONE', #7328, #7115, #1276, .T. ) ;
#7611 = ORIENTED_EDGE ( 'NONE', *, *, #7712, .T. ) ;
#7612 = EDGE_CURVE ( 'NONE', #7078, #7654, #1316, .T. ) ;
#7613 = ADVANCED_FACE ( 'NONE', ( #1312 ), #1295, .F. ) ;
#7614 = VERTEX_POINT ( 'NONE', #1296 ) ;
#7615 = EDGE_LOOP ( 'NONE', ( #7788, #7689 ) ) ;
#7616 = EDGE_CURVE ( 'NONE', #7733, #7748, #1244, .T. ) ;
#7617 = ADVANCED_FACE ( 'NONE', ( #1240 ), #1391, .T. ) ;
#7618 = VERTEX_POINT ( 'NONE', #1442 ) ;
#7619 = EDGE_CURVE ( 'NONE', #7623, #7490, #1475, .T. ) ;
#7620 = ORIENTED_EDGE ( 'NONE', *, *, #7621, .T. ) ;
#7621 = EDGE_CURVE ( 'NONE', #7818, #7752, #1476, .T. ) ;
#7622 = ORIENTED_EDGE ( 'NONE', *, *, #7699, .T. ) ;
#7623 = VERTEX_POINT ( 'NONE', #1365 ) ;
#7624 = ORIENTED_EDGE ( 'NONE', *, *, #7662, .T. ) ;
#7625 = ADVANCED_FACE ( 'NONE', ( #1364 ), #1463, .T. ) ;
#7626 = ORIENTED_EDGE ( 'NONE', *, *, #7628, .F. ) ;
#7627 = VERTEX_POINT ( 'NONE', #1370 ) ;
#7628 = EDGE_CURVE ( 'NONE', #7629, #7672, #1439, .T. ) ;
#7629 = VERTEX_POINT ( 'NONE', #1434 ) ;
#7630 = ORIENTED_EDGE ( 'NONE', *, *, #7712, .F. ) ;
#7631 = MANIFOLD_SOLID_BREP ( 'NONE', #7316 ) ;
#7632 = ORIENTED_EDGE ( 'NONE', *, *, #7656, .T. ) ;
#7633 = ADVANCED_FACE ( 'NONE', ( #1410 ), #1350, .T. ) ;
#7634 = EDGE_LOOP ( 'NONE', ( #7673, #7632, #7796, #7786 ) ) ;
#7635 = ORIENTED_EDGE ( 'NONE', *, *, #7800, .T. ) ;
#7636 = ORIENTED_EDGE ( 'NONE', *, *, #7799, .T. ) ;
#7637 = ORIENTED_EDGE ( 'NONE', *, *, #7789, .T. ) ;
#7638 = ADVANCED_FACE ( 'NONE', ( #1351, #1346 ), #1446, .T. ) ;
#7639 = ORIENTED_EDGE ( 'NONE', *, *, #7640, .T. ) ;
#7640 = EDGE_CURVE ( 'NONE', #7081, #7784, #1395, .T. ) ;
#7641 = EDGE_LOOP ( 'NONE', ( #7793, #7794 ) ) ;
#7642 = ORIENTED_EDGE ( 'NONE', *, *, #7839, .T. ) ;
#7643 = EDGE_CURVE ( 'NONE', #7654, #7644, #1388, .T. ) ;
#7644 = VERTEX_POINT ( 'NONE', #1384 ) ;
#7645 = ADVANCED_FACE ( 'NONE', ( #1383 ), #1786, .F. ) ;
#7646 = ORIENTED_EDGE ( 'NONE', *, *, #7482, .F. ) ;
#7647 = EDGE_LOOP ( 'NONE', ( #7822, #7823, #7648, #7649 ) ) ;
#7648 = ORIENTED_EDGE ( 'NONE', *, *, #7474, .F. ) ;
#7649 = ORIENTED_EDGE ( 'NONE', *, *, #7664, .T. ) ;
#7650 = EDGE_LOOP ( 'NONE', ( #7824, #7661, #7723, #7724 ) ) ;
#7651 = ORIENTED_EDGE ( 'NONE', *, *, #7503, .F. ) ;
#7652 = ADVANCED_FACE ( 'NONE', ( #1738 ), #1809, .T. ) ;
#7653 = EDGE_LOOP ( 'NONE', ( #7820, #7819, #7781, #7782 ) ) ;
#7654 = VERTEX_POINT ( 'NONE', #1808 ) ;
#7655 = ORIENTED_EDGE ( 'NONE', *, *, #7643, .T. ) ;
#7656 = EDGE_CURVE ( 'NONE', #7657, #7692, #1673, .T. ) ;
#7657 = VERTEX_POINT ( 'NONE', #1668 ) ;
#7658 = EDGE_LOOP ( 'NONE', ( #7679, #7663, #7666, #7680 ) ) ;
#7659 = ADVANCED_FACE ( 'NONE', ( #1667 ), #1823, .F. ) ;
#7660 = EDGE_LOOP ( 'NONE', ( #7725, #7726, #7651, #7678 ) ) ;
#7661 = ORIENTED_EDGE ( 'NONE', *, *, #7662, .F. ) ;
#7662 = EDGE_CURVE ( 'NONE', #7490, #7391, #1822, .T. ) ;
#7663 = ORIENTED_EDGE ( 'NONE', *, *, #7664, .F. ) ;
#7664 = EDGE_CURVE ( 'NONE', #7472, #7365, #1814, .T. ) ;
#7665 = EDGE_CURVE ( 'NONE', #7505, #7567, #1801, .T. ) ;
#7666 = ORIENTED_EDGE ( 'NONE', *, *, #7520, .F. ) ;
#7667 = ORIENTED_EDGE ( 'NONE', *, *, #7593, .T. ) ;
#7668 = ORIENTED_EDGE ( 'NONE', *, *, #7343, .T. ) ;
#7669 = ADVANCED_FACE ( 'NONE', ( #1797 ), #1770, .F. ) ;
#7670 = ORIENTED_EDGE ( 'NONE', *, *, #7671, .T. ) ;
#7671 = EDGE_CURVE ( 'NONE', #7614, #7672, #1769, .T. ) ;
#7672 = VERTEX_POINT ( 'NONE', #1761 ) ;
#7673 = ORIENTED_EDGE ( 'NONE', *, *, #7800, .F. ) ;
#7674 = ADVANCED_FACE ( 'NONE', ( #1760 ), #1744, .F. ) ;
#7675 = EDGE_LOOP ( 'NONE', ( #7676, #7705, #7773, #7624 ) ) ;
#7676 = ORIENTED_EDGE ( 'NONE', *, *, #7677, .F. ) ;
#7677 = EDGE_CURVE ( 'NONE', #7703, #7391, #1695, .T. ) ;
#7678 = ORIENTED_EDGE ( 'NONE', *, *, #7665, .T. ) ;
#7679 = ORIENTED_EDGE ( 'NONE', *, *, #7594, .T. ) ;
#7680 = ORIENTED_EDGE ( 'NONE', *, *, #7407, .T. ) ;
#7681 = EDGE_LOOP ( 'NONE', ( #7682, #7826, #7827, #7828 ) ) ;
#7682 = ORIENTED_EDGE ( 'NONE', *, *, #7080, .F. ) ;
#7683 = EDGE_LOOP ( 'NONE', ( #7684, #7639 ) ) ;
#7684 = ORIENTED_EDGE ( 'NONE', *, *, #7785, .T. ) ;
#7685 = ORIENTED_EDGE ( 'NONE', *, *, #7076, .T. ) ;
#7686 = ORIENTED_EDGE ( 'NONE', *, *, #7656, .F. ) ;
#7687 = ORIENTED_EDGE ( 'NONE', *, *, #7843, .F. ) ;
#7688 = ORIENTED_EDGE ( 'NONE', *, *, #7691, .T. ) ;
#7689 = ORIENTED_EDGE ( 'NONE', *, *, #7643, .F. ) ;
#7690 = EDGE_LOOP ( 'NONE', ( #7635, #7670, #7626, #7630 ) ) ;
#7691 = EDGE_CURVE ( 'NONE', #7614, #7627, #1689, .T. ) ;
#7692 = VERTEX_POINT ( 'NONE', #1684 ) ;
#7693 = ORIENTED_EDGE ( 'NONE', *, *, #7795, .F. ) ;
#7694 = ADVANCED_FACE ( 'NONE', ( #1683 ), #1727, .F. ) ;
#7695 = ORIENTED_EDGE ( 'NONE', *, *, #7843, .T. ) ;
#7696 = ORIENTED_EDGE ( 'NONE', *, *, #7697, .T. ) ;
#7697 = EDGE_CURVE ( 'NONE', #7817, #7703, #1723, .T. ) ;
#7698 = ORIENTED_EDGE ( 'NONE', *, *, #7677, .T. ) ;
#7699 = EDGE_CURVE ( 'NONE', #7752, #7618, #1718, .T. ) ;
#7700 = ADVANCED_FACE ( 'NONE', ( #1714 ), #1660, .T. ) ;
#7701 = EDGE_LOOP ( 'NONE', ( #7702, #7734, #7735, #7736 ) ) ;
#7702 = ORIENTED_EDGE ( 'NONE', *, *, #7621, .F. ) ;
#7703 = VERTEX_POINT ( 'NONE', #1654 ) ;
#7704 = ADVANCED_FACE ( 'NONE', ( #1653 ), #4414, .T. ) ;
#7705 = ORIENTED_EDGE ( 'NONE', *, *, #7706, .T. ) ;
#7706 = EDGE_CURVE ( 'NONE', #7703, #7623, #4389, .T. ) ;
#7707 = ORIENTED_EDGE ( 'NONE', *, *, #7737, .T. ) ;
#7708 = ORIENTED_EDGE ( 'NONE', *, *, #7833, .F. ) ;
#7709 = ORIENTED_EDGE ( 'NONE', *, *, #7757, .F. ) ;
#7710 = CLOSED_SHELL ( 'NONE', ( #7220, #7633, #7613, #7727, #7713, #7580, #7715, #7638, #7841, #7694 ) ) ;
#7711 = EDGE_LOOP ( 'NONE', ( #7667, #7825, #7646, #7668 ) ) ;
#7712 = EDGE_CURVE ( 'NONE', #7657, #7629, #4392, .T. ) ;
#7713 = ADVANCED_FACE ( 'NONE', ( #4384 ), #4444, .T. ) ;
#7714 = EDGE_LOOP ( 'NONE', ( #7840, #7695, #7611, #7578 ) ) ;
#7715 = ADVANCED_FACE ( 'NONE', ( #4446 ), #4434, .F. ) ;
#7716 = EDGE_LOOP ( 'NONE', ( #7717, #7718, #7719, #7721 ) ) ;
#7717 = ORIENTED_EDGE ( 'NONE', *, *, #7697, .F. ) ;
#7718 = ORIENTED_EDGE ( 'NONE', *, *, #7750, .T. ) ;
#7719 = ORIENTED_EDGE ( 'NONE', *, *, #7720, .T. ) ;
#7720 = EDGE_CURVE ( 'NONE', #7618, #7748, #4431, .T. ) ;
#7721 = ORIENTED_EDGE ( 'NONE', *, *, #7743, .T. ) ;
#7722 = ADVANCED_FACE ( 'NONE', ( #4424 ), #4458, .T. ) ;
#7723 = ORIENTED_EDGE ( 'NONE', *, *, #7512, .F. ) ;
#7724 = ORIENTED_EDGE ( 'NONE', *, *, #7431, .T. ) ;
#7725 = ORIENTED_EDGE ( 'NONE', *, *, #7570, .T. ) ;
#7726 = ORIENTED_EDGE ( 'NONE', *, *, #7599, .F. ) ;
#7727 = ADVANCED_FACE ( 'NONE', ( #4471 ), #4474, .T. ) ;
#7728 = EDGE_CURVE ( 'NONE', #7729, #7730, #4507, .T. ) ;
#7729 = VERTEX_POINT ( 'NONE', #4532 ) ;
#7730 = VERTEX_POINT ( 'NONE', #4549 ) ;
#7731 = ORIENTED_EDGE ( 'NONE', *, *, #7732, .T. ) ;
#7732 = EDGE_CURVE ( 'NONE', #7733, #7623, #4546, .T. ) ;
#7733 = VERTEX_POINT ( 'NONE', #4524 ) ;
#7734 = ORIENTED_EDGE ( 'NONE', *, *, #7756, .T. ) ;
#7735 = ORIENTED_EDGE ( 'NONE', *, *, #7732, .F. ) ;
#7736 = ORIENTED_EDGE ( 'NONE', *, *, #7737, .F. ) ;
#7737 = EDGE_CURVE ( 'NONE', #7752, #7733, #4503, .T. ) ;
#7738 = ADVANCED_FACE ( 'NONE', ( #4547 ), #4537, .F. ) ;
#7739 = EDGE_LOOP ( 'NONE', ( #7933, #7934, #7935, #7937 ) ) ;
#7740 = EDGE_CURVE ( 'NONE', #8005, #7770, #4519, .T. ) ;
#7741 = ORIENTED_EDGE ( 'NONE', *, *, #7740, .F. ) ;
#7742 = ORIENTED_EDGE ( 'NONE', *, *, #7831, .F. ) ;
#7743 = EDGE_CURVE ( 'NONE', #7748, #7703, #4543, .T. ) ;
#7744 = ORIENTED_EDGE ( 'NONE', *, *, #7616, .F. ) ;
#7745 = EDGE_LOOP ( 'NONE', ( #7749, #7751, #7620, #7622 ) ) ;
#7746 = ORIENTED_EDGE ( 'NONE', *, *, #7706, .F. ) ;
#7747 = ORIENTED_EDGE ( 'NONE', *, *, #7743, .F. ) ;
#7748 = VERTEX_POINT ( 'NONE', #4536 ) ;
#7749 = ORIENTED_EDGE ( 'NONE', *, *, #7750, .F. ) ;
#7750 = EDGE_CURVE ( 'NONE', #7817, #7618, #4535, .T. ) ;
#7751 = ORIENTED_EDGE ( 'NONE', *, *, #7821, .T. ) ;
#7752 = VERTEX_POINT ( 'NONE', #4520 ) ;
#7753 = ORIENTED_EDGE ( 'NONE', *, *, #7780, .T. ) ;
#7754 = ORIENTED_EDGE ( 'NONE', *, *, #7390, .T. ) ;
#7755 = ORIENTED_EDGE ( 'NONE', *, *, #7756, .F. ) ;
#7756 = EDGE_CURVE ( 'NONE', #7818, #7623, #4517, .T. ) ;
#7757 = EDGE_CURVE ( 'NONE', #7730, #7772, #4512, .T. ) ;
#7758 = ORIENTED_EDGE ( 'NONE', *, *, #7765, .F. ) ;
#7759 = ADVANCED_FACE ( 'NONE', ( #4500 ), #4566, .F. ) ;
#7760 = EDGE_LOOP ( 'NONE', ( #7972, #7812, #8003, #8062 ) ) ;
#7761 = ORIENTED_EDGE ( 'NONE', *, *, #7762, .F. ) ;
#7762 = EDGE_CURVE ( 'NONE', #7618, #7729, #4582, .T. ) ;
#7763 = ORIENTED_EDGE ( 'NONE', *, *, #7699, .F. ) ;
#7764 = ORIENTED_EDGE ( 'NONE', *, *, #7765, .T. ) ;
#7765 = EDGE_CURVE ( 'NONE', #7752, #7730, #4580, .T. ) ;
#7766 = ADVANCED_FACE ( 'NONE', ( #4581 ), #4584, .F. ) ;
#7767 = EDGE_LOOP ( 'NONE', ( #7768, #7771, #7832, #7834 ) ) ;
#7768 = ORIENTED_EDGE ( 'NONE', *, *, #7769, .F. ) ;
#7769 = EDGE_CURVE ( 'NONE', #7770, #7748, #4583, .T. ) ;
#7770 = VERTEX_POINT ( 'NONE', #4590 ) ;
#7771 = ORIENTED_EDGE ( 'NONE', *, *, #7831, .T. ) ;
#7772 = VERTEX_POINT ( 'NONE', #4587 ) ;
#7773 = ORIENTED_EDGE ( 'NONE', *, *, #7619, .T. ) ;
#7774 = ORIENTED_EDGE ( 'NONE', *, *, #7783, .F. ) ;
#7775 = ADVANCED_FACE ( 'NONE', ( #4586 ), #4621, .F. ) ;
#7776 = EDGE_LOOP ( 'NONE', ( #7754, #7753, #7696, #7698 ) ) ;
#7777 = ORIENTED_EDGE ( 'NONE', *, *, #7486, .F. ) ;
#7778 = ORIENTED_EDGE ( 'NONE', *, *, #7619, .F. ) ;
#7779 = ADVANCED_FACE ( 'NONE', ( #4618 ), #4660, .F. ) ;
#7780 = EDGE_CURVE ( 'NONE', #7388, #7817, #4637, .T. ) ;
#7781 = ORIENTED_EDGE ( 'NONE', *, *, #7398, .F. ) ;
#7782 = ORIENTED_EDGE ( 'NONE', *, *, #7783, .T. ) ;
#7783 = EDGE_CURVE ( 'NONE', #7399, #7818, #4653, .T. ) ;
#7784 = VERTEX_POINT ( 'NONE', #4654 ) ;
#7785 = EDGE_CURVE ( 'NONE', #7784, #7081, #4690, .T. ) ;
#7786 = ORIENTED_EDGE ( 'NONE', *, *, #7691, .F. ) ;
#7787 = EDGE_LOOP ( 'NONE', ( #7685, #7802, #7655, #7798 ) ) ;
#7788 = ORIENTED_EDGE ( 'NONE', *, *, #7789, .F. ) ;
#7789 = EDGE_CURVE ( 'NONE', #7644, #7654, #4684, .T. ) ;
#7790 = EDGE_LOOP ( 'NONE', ( #7844, #7642, #7636, #7637 ) ) ;
#7791 = ORIENTED_EDGE ( 'NONE', *, *, #7792, .F. ) ;
#7792 = EDGE_CURVE ( 'NONE', #7078, #7784, #4685, .T. ) ;
#7793 = ORIENTED_EDGE ( 'NONE', *, *, #7797, .T. ) ;
#7794 = ORIENTED_EDGE ( 'NONE', *, *, #7795, .T. ) ;
#7795 = EDGE_CURVE ( 'NONE', #7692, #7627, #4676, .T. ) ;
#7796 = ORIENTED_EDGE ( 'NONE', *, *, #7797, .F. ) ;
#7797 = EDGE_CURVE ( 'NONE', #7627, #7692, #4671, .T. ) ;
#7798 = ORIENTED_EDGE ( 'NONE', *, *, #7799, .F. ) ;
#7799 = EDGE_CURVE ( 'NONE', #7077, #7644, #4667, .T. ) ;
#7800 = EDGE_CURVE ( 'NONE', #7657, #7614, #4663, .T. ) ;
#7801 = ORIENTED_EDGE ( 'NONE', *, *, #7785, .F. ) ;
#7802 = ORIENTED_EDGE ( 'NONE', *, *, #7612, .T. ) ;
#7803 = ORIENTED_EDGE ( 'NONE', *, *, #7804, .F. ) ;
#7804 = EDGE_CURVE ( 'NONE', #7805, #7806, #4647, .T. ) ;
#7805 = VERTEX_POINT ( 'NONE', #4639 ) ;
#7806 = VERTEX_POINT ( 'NONE', #4643 ) ;
#7807 = ORIENTED_EDGE ( 'NONE', *, *, #7880, .T. ) ;
#7808 = ADVANCED_FACE ( 'NONE', ( #4642 ), #4700, .F. ) ;
#7809 = EDGE_LOOP ( 'NONE', ( #7810, #7977, #8076, #7895 ) ) ;
#7810 = ORIENTED_EDGE ( 'NONE', *, *, #8048, .F. ) ;
#7811 = ORIENTED_EDGE ( 'NONE', *, *, #7912, .T. ) ;
#7812 = ORIENTED_EDGE ( 'NONE', *, *, #7762, .T. ) ;
#7813 = ORIENTED_EDGE ( 'NONE', *, *, #7912, .F. ) ;
#7814 = ORIENTED_EDGE ( 'NONE', *, *, #7815, .F. ) ;
#7815 = EDGE_CURVE ( 'NONE', #7905, #8004, #4764, .T. ) ;
#7816 = ADVANCED_FACE ( 'NONE', ( #4728 ), #4805, .F. ) ;
#7817 = VERTEX_POINT ( 'NONE', #4755 ) ;
#7818 = VERTEX_POINT ( 'NONE', #4754 ) ;
#7819 = ORIENTED_EDGE ( 'NONE', *, *, #7780, .F. ) ;
#7820 = ORIENTED_EDGE ( 'NONE', *, *, #7821, .F. ) ;
#7821 = EDGE_CURVE ( 'NONE', #7817, #7818, #4734, .T. ) ;
#7822 = ORIENTED_EDGE ( 'NONE', *, *, #7498, .T. ) ;
#7823 = ORIENTED_EDGE ( 'NONE', *, *, #7585, .F. ) ;
#7824 = ORIENTED_EDGE ( 'NONE', *, *, #7393, .T. ) ;
#7825 = ORIENTED_EDGE ( 'NONE', *, *, #7591, .F. ) ;
#7826 = ORIENTED_EDGE ( 'NONE', *, *, #7839, .F. ) ;
#7827 = ORIENTED_EDGE ( 'NONE', *, *, #7792, .T. ) ;
#7828 = ORIENTED_EDGE ( 'NONE', *, *, #7640, .F. ) ;
#7829 = EDGE_LOOP ( 'NONE', ( #7731, #7746, #7747, #7744 ) ) ;
#7830 = EDGE_LOOP ( 'NONE', ( #7777, #7778, #7755, #7774 ) ) ;
#7831 = EDGE_CURVE ( 'NONE', #7770, #7772, #4725, .T. ) ;
#7832 = ORIENTED_EDGE ( 'NONE', *, *, #7833, .T. ) ;
#7833 = EDGE_CURVE ( 'NONE', #7772, #7733, #4749, .T. ) ;
#7834 = ORIENTED_EDGE ( 'NONE', *, *, #7616, .T. ) ;
#7835 = ADVANCED_FACE ( 'NONE', ( #4776 ), #4712, .T. ) ;
#7836 = EDGE_LOOP ( 'NONE', ( #7707, #7708, #7709, #7758 ) ) ;
#7837 = EDGE_LOOP ( 'NONE', ( #7838, #7761, #7763, #7764 ) ) ;
#7838 = ORIENTED_EDGE ( 'NONE', *, *, #7728, .F. ) ;
#7839 = EDGE_CURVE ( 'NONE', #7078, #7077, #4707, .T. ) ;
#7840 = ORIENTED_EDGE ( 'NONE', *, *, #7671, .F. ) ;
#7841 = ADVANCED_FACE ( 'NONE', ( #4708 ), #4738, .T. ) ;
#7842 = EDGE_LOOP ( 'NONE', ( #7686, #7687, #7688, #7693 ) ) ;
#7843 = EDGE_CURVE ( 'NONE', #7614, #7657, #4739, .T. ) ;
#7844 = ORIENTED_EDGE ( 'NONE', *, *, #7612, .F. ) ;
#7845 = EDGE_LOOP ( 'NONE', ( #7846, #7847, #7848, #7849 ) ) ;
#7846 = ORIENTED_EDGE ( 'NONE', *, *, #7936, .F. ) ;
#7847 = ORIENTED_EDGE ( 'NONE', *, *, #7851, .F. ) ;
#7848 = ORIENTED_EDGE ( 'NONE', *, *, #7815, .T. ) ;
#7849 = ORIENTED_EDGE ( 'NONE', *, *, #7976, .T. ) ;
#7850 = EDGE_LOOP ( 'NONE', ( #7803, #7875, #7877, #7878 ) ) ;
#7851 = EDGE_CURVE ( 'NONE', #7905, #7931, #4717, .T. ) ;
#7852 = EDGE_LOOP ( 'NONE', ( #7853, #8078, #7855, #7929 ) ) ;
#7853 = ORIENTED_EDGE ( 'NONE', *, *, #7880, .F. ) ;
#7854 = VERTEX_POINT ( 'NONE', #4794 ) ;
#7855 = ORIENTED_EDGE ( 'NONE', *, *, #7928, .T. ) ;
#7856 = ORIENTED_EDGE ( 'NONE', *, *, #7942, .T. ) ;
#7857 = ORIENTED_EDGE ( 'NONE', *, *, #8018, .T. ) ;
#7858 = EDGE_CURVE ( 'NONE', #7882, #7806, #4792, .T. ) ;
#7859 = ADVANCED_FACE ( 'NONE', ( #4788 ), #4827, .F. ) ;
#7860 = ORIENTED_EDGE ( 'NONE', *, *, #8015, .T. ) ;
#7861 = ORIENTED_EDGE ( 'NONE', *, *, #7862, .F. ) ;
#7862 = EDGE_CURVE ( 'NONE', #7863, #8017, #4984, .T. ) ;
#7863 = VERTEX_POINT ( 'NONE', #4863 ) ;
#7864 = ORIENTED_EDGE ( 'NONE', *, *, #7865, .T. ) ;
#7865 = EDGE_CURVE ( 'NONE', #7863, #7866, #4967, .T. ) ;
#7866 = VERTEX_POINT ( 'NONE', #4963 ) ;
#7867 = ORIENTED_EDGE ( 'NONE', *, *, #7868, .T. ) ;
#7868 = EDGE_CURVE ( 'NONE', #7866, #8016, #4880, .T. ) ;
#7869 = ADVANCED_FACE ( 'NONE', ( #4876 ), #4937, .T. ) ;
#7870 = EDGE_LOOP ( 'NONE', ( #8060, #8061, #7999, #8001 ) ) ;
#7871 = EDGE_CURVE ( 'NONE', #7729, #7770, #4954, .T. ) ;
#7872 = EDGE_CURVE ( 'NONE', #7854, #7873, #4947, .T. ) ;
#7873 = VERTEX_POINT ( 'NONE', #4943 ) ;
#7874 = ORIENTED_EDGE ( 'NONE', *, *, #7757, .T. ) ;
#7875 = ORIENTED_EDGE ( 'NONE', *, *, #7876, .F. ) ;
#7876 = EDGE_CURVE ( 'NONE', #7567, #7805, #4961, .T. ) ;
#7877 = ORIENTED_EDGE ( 'NONE', *, *, #7665, .F. ) ;
#7878 = ORIENTED_EDGE ( 'NONE', *, *, #7973, .T. ) ;
#7879 = EDGE_LOOP ( 'NONE', ( #8058, #7874, #7813, #7814 ) ) ;
#7880 = EDGE_CURVE ( 'NONE', #7854, #7573, #4956, .T. ) ;
#7881 = EDGE_LOOP ( 'NONE', ( #7943, #7944, #7945, #7946 ) ) ;
#7882 = VERTEX_POINT ( 'NONE', #5012 ) ;
#7883 = ORIENTED_EDGE ( 'NONE', *, *, #7986, .T. ) ;
#7884 = ORIENTED_EDGE ( 'NONE', *, *, #7997, .T. ) ;
#7885 = ORIENTED_EDGE ( 'NONE', *, *, #7886, .T. ) ;
#7886 = EDGE_CURVE ( 'NONE', #8016, #8027, #5010, .T. ) ;
#7887 = ORIENTED_EDGE ( 'NONE', *, *, #8026, .T. ) ;
#7888 = ADVANCED_FACE ( 'NONE', ( #5006 ), #4931, .F. ) ;
#7889 = EDGE_LOOP ( 'NONE', ( #7890, #7891, #7896, #7898 ) ) ;
#7890 = ORIENTED_EDGE ( 'NONE', *, *, #8029, .F. ) ;
#7891 = ORIENTED_EDGE ( 'NONE', *, *, #7892, .T. ) ;
#7892 = EDGE_CURVE ( 'NONE', #8027, #7893, #4930, .T. ) ;
#7893 = VERTEX_POINT ( 'NONE', #4922 ) ;
#7894 = VERTEX_POINT ( 'NONE', #4921 ) ;
#7895 = ORIENTED_EDGE ( 'NONE', *, *, #7942, .F. ) ;
#7896 = ORIENTED_EDGE ( 'NONE', *, *, #7897, .F. ) ;
#7897 = EDGE_CURVE ( 'NONE', #7894, #7893, #4920, .T. ) ;
#7898 = ORIENTED_EDGE ( 'NONE', *, *, #7899, .F. ) ;
#7899 = EDGE_CURVE ( 'NONE', #8030, #7894, #4845, .T. ) ;
#7900 = EDGE_LOOP ( 'NONE', ( #7860, #7861, #7864, #7867 ) ) ;
#7901 = EDGE_LOOP ( 'NONE', ( #7902, #7903, #7985, #7987 ) ) ;
#7902 = ORIENTED_EDGE ( 'NONE', *, *, #8011, .F. ) ;
#7903 = ORIENTED_EDGE ( 'NONE', *, *, #7993, .F. ) ;
#7904 = EDGE_LOOP ( 'NONE', ( #7811, #7742, #7741, #7975 ) ) ;
#7905 = VERTEX_POINT ( 'NONE', #4841 ) ;
#7906 = ADVANCED_FACE ( 'NONE', ( #4840 ), #4894, .F. ) ;
#7907 = EDGE_LOOP ( 'NONE', ( #7883, #7884, #7885, #7887 ) ) ;
#7908 = ORIENTED_EDGE ( 'NONE', *, *, #7804, .T. ) ;
#7909 = ORIENTED_EDGE ( 'NONE', *, *, #7858, .F. ) ;
#7910 = ADVANCED_FACE ( 'NONE', ( #4895 ), #4991, .T. ) ;
#7911 = ORIENTED_EDGE ( 'NONE', *, *, #8059, .F. ) ;
#7912 = EDGE_CURVE ( 'NONE', #8004, #7772, #4990, .T. ) ;
#7913 = ADVANCED_FACE ( 'NONE', ( #4977 ), #4908, .F. ) ;
#7914 = ORIENTED_EDGE ( 'NONE', *, *, #7467, .T. ) ;
#7915 = ADVANCED_FACE ( 'NONE', ( #5212 ), #5021, .T. ) ;
#7916 = EDGE_LOOP ( 'NONE', ( #7917, #7918 ) ) ;
#7917 = ORIENTED_EDGE ( 'NONE', *, *, #8090, .T. ) ;
#7918 = ORIENTED_EDGE ( 'NONE', *, *, #8120, .T. ) ;
#7919 = ADVANCED_FACE ( 'NONE', ( #5079 ), #5054, .F. ) ;
#7920 = EDGE_LOOP ( 'NONE', ( #7921, #7922, #8105, #8122, #8088 ) ) ;
#7921 = ORIENTED_EDGE ( 'NONE', *, *, #7460, .T. ) ;
#7922 = ORIENTED_EDGE ( 'NONE', *, *, #8103, .T. ) ;
#7923 = ORIENTED_EDGE ( 'NONE', *, *, #7334, .T. ) ;
#7924 = ORIENTED_EDGE ( 'NONE', *, *, #7485, .T. ) ;
#7925 = ORIENTED_EDGE ( 'NONE', *, *, #7868, .F. ) ;
#7926 = ORIENTED_EDGE ( 'NONE', *, *, #7350, .T. ) ;
#7927 = ORIENTED_EDGE ( 'NONE', *, *, #7953, .F. ) ;
#7928 = EDGE_CURVE ( 'NONE', #8049, #7450, #5059, .T. ) ;
#7929 = ORIENTED_EDGE ( 'NONE', *, *, #7449, .T. ) ;
#7930 = ADVANCED_FACE ( 'NONE', ( #5060 ), #5115, .T. ) ;
#7931 = VERTEX_POINT ( 'NONE', #5116 ) ;
#7932 = ORIENTED_EDGE ( 'NONE', *, *, #7728, .T. ) ;
#7933 = ORIENTED_EDGE ( 'NONE', *, *, #7871, .F. ) ;
#7934 = ORIENTED_EDGE ( 'NONE', *, *, #8059, .T. ) ;
#7935 = ORIENTED_EDGE ( 'NONE', *, *, #7936, .T. ) ;
#7936 = EDGE_CURVE ( 'NONE', #7931, #8005, #5110, .T. ) ;
#7937 = ORIENTED_EDGE ( 'NONE', *, *, #7740, .T. ) ;
#7938 = ADVANCED_FACE ( 'NONE', ( #5104 ), #5089, .T. ) ;
#7939 = EDGE_LOOP ( 'NONE', ( #7968, #8041, #7965 ) ) ;
#7940 = ORIENTED_EDGE ( 'NONE', *, *, #7418, .T. ) ;
#7941 = EDGE_CURVE ( 'NONE', #7983, #7873, #5088, .T. ) ;
#7942 = EDGE_CURVE ( 'NONE', #8049, #7983, #5162, .T. ) ;
#7943 = ORIENTED_EDGE ( 'NONE', *, *, #7862, .T. ) ;
#7944 = ORIENTED_EDGE ( 'NONE', *, *, #8055, .T. ) ;
#7945 = ORIENTED_EDGE ( 'NONE', *, *, #7899, .T. ) ;
#7946 = ORIENTED_EDGE ( 'NONE', *, *, #7947, .T. ) ;
#7947 = EDGE_CURVE ( 'NONE', #7894, #7863, #5158, .T. ) ;
#7948 = ADVANCED_FACE ( 'NONE', ( #5153 ), #5206, .F. ) ;
#7949 = EDGE_LOOP ( 'NONE', ( #7971, #7925, #8046, #8031 ) ) ;
#7950 = ORIENTED_EDGE ( 'NONE', *, *, #8000, .T. ) ;
#7951 = ORIENTED_EDGE ( 'NONE', *, *, #7851, .T. ) ;
#7952 = EDGE_CURVE ( 'NONE', #7730, #7905, #5201, .T. ) ;
#7953 = EDGE_CURVE ( 'NONE', #7434, #7445, #5197, .T. ) ;
#7954 = ORIENTED_EDGE ( 'NONE', *, *, #7955, .F. ) ;
#7955 = EDGE_CURVE ( 'NONE', #7563, #7531, #5191, .T. ) ;
#7956 = ORIENTED_EDGE ( 'NONE', *, *, #7508, .T. ) ;
#7957 = ADVANCED_FACE ( 'NONE', ( #5192 ), #5015, .F. ) ;
#7958 = EDGE_LOOP ( 'NONE', ( #7959, #7960, #8077 ) ) ;
#7959 = ORIENTED_EDGE ( 'NONE', *, *, #8047, .F. ) ;
#7960 = ORIENTED_EDGE ( 'NONE', *, *, #7964, .T. ) ;
#7961 = ORIENTED_EDGE ( 'NONE', *, *, #7962, .T. ) ;
#7962 = EDGE_CURVE ( 'NONE', #7893, #7866, #5172, .T. ) ;
#7963 = ORIENTED_EDGE ( 'NONE', *, *, #7947, .F. ) ;
#7964 = EDGE_CURVE ( 'NONE', #8042, #7351, #5139, .T. ) ;
#7965 = ORIENTED_EDGE ( 'NONE', *, *, #8047, .T. ) ;
#7966 = ADVANCED_FACE ( 'NONE', ( #5134 ), #5067, .F. ) ;
#7967 = EDGE_LOOP ( 'NONE', ( #7961, #8040, #7963, #7969 ) ) ;
#7968 = ORIENTED_EDGE ( 'NONE', *, *, #7353, .T. ) ;
#7969 = ORIENTED_EDGE ( 'NONE', *, *, #7897, .T. ) ;
#7970 = EDGE_LOOP ( 'NONE', ( #8038, #7926, #7927, #8033 ) ) ;
#7971 = ORIENTED_EDGE ( 'NONE', *, *, #7886, .F. ) ;
#7972 = ORIENTED_EDGE ( 'NONE', *, *, #7720, .F. ) ;
#7973 = EDGE_CURVE ( 'NONE', #7505, #7806, #4910, .T. ) ;
#7974 = ADVANCED_FACE ( 'NONE', ( #4911 ), #5246, .F. ) ;
#7975 = ORIENTED_EDGE ( 'NONE', *, *, #7976, .F. ) ;
#7976 = EDGE_CURVE ( 'NONE', #8004, #8005, #5217, .T. ) ;
#7977 = ORIENTED_EDGE ( 'NONE', *, *, #7872, .T. ) ;
#7978 = ORIENTED_EDGE ( 'NONE', *, *, #7952, .T. ) ;
#7979 = ORIENTED_EDGE ( 'NONE', *, *, #7980, .T. ) ;
#7980 = EDGE_CURVE ( 'NONE', #8030, #7983, #5213, .T. ) ;
#7981 = ORIENTED_EDGE ( 'NONE', *, *, #7941, .T. ) ;
#7982 = ADVANCED_FACE ( 'NONE', ( #5238 ), #5277, .T. ) ;
#7983 = VERTEX_POINT ( 'NONE', #5306 ) ;
#7984 = EDGE_LOOP ( 'NONE', ( #7908, #7909, #7988, #7992 ) ) ;
#7985 = ORIENTED_EDGE ( 'NONE', *, *, #7986, .F. ) ;
#7986 = EDGE_CURVE ( 'NONE', #7873, #7991, #5305, .T. ) ;
#7987 = ORIENTED_EDGE ( 'NONE', *, *, #7872, .F. ) ;
#7988 = ORIENTED_EDGE ( 'NONE', *, *, #7990, .T. ) ;
#7989 = ORIENTED_EDGE ( 'NONE', *, *, #7858, .T. ) ;
#7990 = EDGE_CURVE ( 'NONE', #7882, #7991, #5301, .T. ) ;
#7991 = VERTEX_POINT ( 'NONE', #5297 ) ;
#7992 = ORIENTED_EDGE ( 'NONE', *, *, #7993, .T. ) ;
#7993 = EDGE_CURVE ( 'NONE', #7991, #7805, #5295, .T. ) ;
#7994 = EDGE_LOOP ( 'NONE', ( #7989, #7950, #7856, #7857 ) ) ;
#7995 = ADVANCED_FACE ( 'NONE', ( #5291 ), #5389, .T. ) ;
#7996 = ORIENTED_EDGE ( 'NONE', *, *, #7997, .F. ) ;
#7997 = EDGE_CURVE ( 'NONE', #7991, #8016, #5382, .T. ) ;
#7998 = ADVANCED_FACE ( 'NONE', ( #5378 ), #5416, .T. ) ;
#7999 = ORIENTED_EDGE ( 'NONE', *, *, #8000, .F. ) ;
#8000 = EDGE_CURVE ( 'NONE', #7806, #8049, #5410, .T. ) ;
#8001 = ORIENTED_EDGE ( 'NONE', *, *, #7973, .F. ) ;
#8002 = ADVANCED_FACE ( 'NONE', ( #5406 ), #5331, .F. ) ;
#8003 = ORIENTED_EDGE ( 'NONE', *, *, #7871, .T. ) ;
#8004 = VERTEX_POINT ( 'NONE', #5332 ) ;
#8005 = VERTEX_POINT ( 'NONE', #5327 ) ;
#8006 = EDGE_LOOP ( 'NONE', ( #7911, #7932, #7978, #7951 ) ) ;
#8007 = EDGE_LOOP ( 'NONE', ( #8008, #8009, #8010, #7807 ) ) ;
#8008 = ORIENTED_EDGE ( 'NONE', *, *, #7572, .T. ) ;
#8009 = ORIENTED_EDGE ( 'NONE', *, *, #7876, .T. ) ;
#8010 = ORIENTED_EDGE ( 'NONE', *, *, #8011, .T. ) ;
#8011 = EDGE_CURVE ( 'NONE', #7805, #7854, #5325, .T. ) ;
#8012 = ADVANCED_FACE ( 'NONE', ( #5321 ), #5362, .T. ) ;
#8013 = EDGE_LOOP ( 'NONE', ( #8014, #7996, #8020, #8021 ) ) ;
#8014 = ORIENTED_EDGE ( 'NONE', *, *, #8015, .F. ) ;
#8015 = EDGE_CURVE ( 'NONE', #8016, #8017, #5357, .T. ) ;
#8016 = VERTEX_POINT ( 'NONE', #5353 ) ;
#8017 = VERTEX_POINT ( 'NONE', #5352 ) ;
#8018 = EDGE_CURVE ( 'NONE', #7983, #7882, #5350, .T. ) ;
#8019 = ADVANCED_FACE ( 'NONE', ( #5346 ), #5272, .F. ) ;
#8020 = ORIENTED_EDGE ( 'NONE', *, *, #7990, .F. ) ;
#8021 = ORIENTED_EDGE ( 'NONE', *, *, #8022, .T. ) ;
#8022 = EDGE_CURVE ( 'NONE', #7882, #8017, #5265, .T. ) ;
#8023 = ADVANCED_FACE ( 'NONE', ( #5261 ), #5469, .F. ) ;
#8024 = EDGE_LOOP ( 'NONE', ( #8025, #8028, #7979, #7981 ) ) ;
#8025 = ORIENTED_EDGE ( 'NONE', *, *, #8026, .F. ) ;
#8026 = EDGE_CURVE ( 'NONE', #8027, #7873, #5463, .T. ) ;
#8027 = VERTEX_POINT ( 'NONE', #5459 ) ;
#8028 = ORIENTED_EDGE ( 'NONE', *, *, #8029, .T. ) ;
#8029 = EDGE_CURVE ( 'NONE', #8027, #8030, #5458, .T. ) ;
#8030 = VERTEX_POINT ( 'NONE', #5454 ) ;
#8031 = ORIENTED_EDGE ( 'NONE', *, *, #7892, .F. ) ;
#8032 = EDGE_LOOP ( 'NONE', ( #8044, #8045, #7940 ) ) ;
#8033 = ORIENTED_EDGE ( 'NONE', *, *, #7433, .T. ) ;
#8034 = ADVANCED_FACE ( 'NONE', ( #5453 ), #5434, .T. ) ;
#8035 = EDGE_LOOP ( 'NONE', ( #7923, #7924, #7954, #7956 ) ) ;
#8036 = ADVANCED_FACE ( 'NONE', ( #5435 ), #5581, .F. ) ;
#8037 = ADVANCED_FACE ( 'NONE', ( #5547 ), #5492, .F. ) ;
#8038 = ORIENTED_EDGE ( 'NONE', *, *, #8039, .T. ) ;
#8039 = EDGE_CURVE ( 'NONE', #7354, #7351, #5507, .T. ) ;
#8040 = ORIENTED_EDGE ( 'NONE', *, *, #7865, .F. ) ;
#8041 = ORIENTED_EDGE ( 'NONE', *, *, #7964, .F. ) ;
#8042 = VERTEX_POINT ( 'NONE', #5521 ) ;
#8043 = ADVANCED_FACE ( 'NONE', ( #5481 ), #5522, .T. ) ;
#8044 = ORIENTED_EDGE ( 'NONE', *, *, #7415, .F. ) ;
#8045 = ORIENTED_EDGE ( 'NONE', *, *, #7506, .T. ) ;
#8046 = ORIENTED_EDGE ( 'NONE', *, *, #7962, .F. ) ;
#8047 = EDGE_CURVE ( 'NONE', #8042, #7354, #5485, .T. ) ;
#8048 = EDGE_CURVE ( 'NONE', #7854, #8049, #5550, .T. ) ;
#8049 = VERTEX_POINT ( 'NONE', #5519 ) ;
#8050 = ADVANCED_FACE ( 'NONE', ( #5518 ), #5491, .F. ) ;
#8051 = EDGE_LOOP ( 'NONE', ( #8052, #8053, #8054, #8056 ) ) ;
#8052 = ORIENTED_EDGE ( 'NONE', *, *, #8018, .F. ) ;
#8053 = ORIENTED_EDGE ( 'NONE', *, *, #7980, .F. ) ;
#8054 = ORIENTED_EDGE ( 'NONE', *, *, #8055, .F. ) ;
#8055 = EDGE_CURVE ( 'NONE', #8017, #8030, #5502, .T. ) ;
#8056 = ORIENTED_EDGE ( 'NONE', *, *, #8022, .F. ) ;
#8057 = ADVANCED_FACE ( 'NONE', ( #5494 ), #5583, .T. ) ;
#8058 = ORIENTED_EDGE ( 'NONE', *, *, #7952, .F. ) ;
#8059 = EDGE_CURVE ( 'NONE', #7729, #7931, #5630, .T. ) ;
#8060 = ORIENTED_EDGE ( 'NONE', *, *, #7526, .F. ) ;
#8061 = ORIENTED_EDGE ( 'NONE', *, *, #7928, .F. ) ;
#8062 = ORIENTED_EDGE ( 'NONE', *, *, #7769, .T. ) ;
#8063 = ADVANCED_FACE ( 'NONE', ( #5622 ), #5541, .T. ) ;
#8064 = ORIENTED_EDGE ( 'NONE', *, *, #7370, .F. ) ;
#8065 = ORIENTED_EDGE ( 'NONE', *, *, #8102, .F. ) ;
#8066 = ORIENTED_EDGE ( 'NONE', *, *, #7262, .F. ) ;
#8067 = ORIENTED_EDGE ( 'NONE', *, *, #8068, .F. ) ;
#8068 = EDGE_CURVE ( 'NONE', #7327, #7532, #5569, .T. ) ;
#8069 = ORIENTED_EDGE ( 'NONE', *, *, #7331, .F. ) ;
#8070 = ADVANCED_FACE ( 'NONE', ( #5568 ), #5475, .T. ) ;
#8071 = EDGE_LOOP ( 'NONE', ( #8083, #8084, #8085, #8079, #8089, #8095 ) ) ;
#8072 = EDGE_LOOP ( 'NONE', ( #8106, #8101, #8074, #8110, #8126, #8123 ) ) ;
#8073 = EDGE_CURVE ( 'NONE', #7608, #7509, #5666, .T. ) ;
#8074 = ORIENTED_EDGE ( 'NONE', *, *, #7496, .T. ) ;
#8075 = ORIENTED_EDGE ( 'NONE', *, *, #7454, .T. ) ;
#8076 = ORIENTED_EDGE ( 'NONE', *, *, #7941, .F. ) ;
#8077 = ORIENTED_EDGE ( 'NONE', *, *, #8039, .F. ) ;
#8078 = ORIENTED_EDGE ( 'NONE', *, *, #8048, .T. ) ;
#8079 = ORIENTED_EDGE ( 'NONE', *, *, #7489, .F. ) ;
#8080 = VERTEX_POINT ( 'NONE', #5670 ) ;
#8081 = ORIENTED_EDGE ( 'NONE', *, *, #7551, .T. ) ;
#8082 = VERTEX_POINT ( 'NONE', #5692 ) ;
#8083 = ORIENTED_EDGE ( 'NONE', *, *, #8128, .F. ) ;
#8084 = ORIENTED_EDGE ( 'NONE', *, *, #7326, .T. ) ;
#8085 = ORIENTED_EDGE ( 'NONE', *, *, #8068, .T. ) ;
#8086 = ORIENTED_EDGE ( 'NONE', *, *, #8114, .F. ) ;
#8087 = ADVANCED_FACE ( 'NONE', ( #5691 ), #5766, .F. ) ;
#8088 = ORIENTED_EDGE ( 'NONE', *, *, #8092, .F. ) ;
#8089 = ORIENTED_EDGE ( 'NONE', *, *, #8090, .F. ) ;
#8090 = EDGE_CURVE ( 'NONE', #7509, #7608, #5767, .T. ) ;
#8091 = ORIENTED_EDGE ( 'NONE', *, *, #8096, .T. ) ;
#8092 = EDGE_CURVE ( 'NONE', #7461, #8080, #5758, .T. ) ;
#8093 = ORIENTED_EDGE ( 'NONE', *, *, #8103, .F. ) ;
#8094 = ORIENTED_EDGE ( 'NONE', *, *, #7596, .T. ) ;
#8095 = ORIENTED_EDGE ( 'NONE', *, *, #7537, .F. ) ;
#8096 = EDGE_CURVE ( 'NONE', #8080, #8082, #5752, .T. ) ;
#8097 = ORIENTED_EDGE ( 'NONE', *, *, #8098, .F. ) ;
#8098 = EDGE_CURVE ( 'NONE', #8080, #8104, #5791, .T. ) ;
#8099 = ADVANCED_FACE ( 'NONE', ( #5786 ), #5693, .F. ) ;
#8100 = ORIENTED_EDGE ( 'NONE', *, *, #8120, .F. ) ;
#8101 = ORIENTED_EDGE ( 'NONE', *, *, #8073, .F. ) ;
#8102 = EDGE_CURVE ( 'NONE', #7550, #7465, #5681, .T. ) ;
#8103 = EDGE_CURVE ( 'NONE', #7462, #8104, #5655, .T. ) ;
#8104 = VERTEX_POINT ( 'NONE', #5654 ) ;
#8105 = ORIENTED_EDGE ( 'NONE', *, *, #8114, .T. ) ;
#8106 = ORIENTED_EDGE ( 'NONE', *, *, #7529, .T. ) ;
#8107 = EDGE_LOOP ( 'NONE', ( #8097, #8091, #8086 ) ) ;
#8108 = EDGE_LOOP ( 'NONE', ( #8117, #8127, #8129, #8067, #8069 ) ) ;
#8109 = ADVANCED_FACE ( 'NONE', ( #5656 ), #5633, .F. ) ;
#8110 = ORIENTED_EDGE ( 'NONE', *, *, #7562, .T. ) ;
#8111 = ORIENTED_EDGE ( 'NONE', *, *, #7348, .T. ) ;
#8112 = EDGE_LOOP ( 'NONE', ( #8066, #7914, #8065, #8081, #8064, #8075, #8138, #8111 ) ) ;
#8113 = ORIENTED_EDGE ( 'NONE', *, *, #8098, .T. ) ;
#8114 = EDGE_CURVE ( 'NONE', #8104, #8082, #5634, .T. ) ;
#8115 = ORIENTED_EDGE ( 'NONE', *, *, #7464, .T. ) ;
#8116 = CLOSED_SHELL ( 'NONE', ( #7112, #7332, #7419, #7259, #7375, #7556, #7423, #7340, #7442, #7395, #7560, #7522, #7471, #7404, #7457, #7358, #7363, #7545, #7547, #7592, #7779, #7645, #7659, #7669, #7652, #7674, #7625, #7775, #7704, #7617, #7700, #7738, #7722, #7766, #7835, #7759, #8063, #7910, #8057, #7816, #7938, #7998, #7974, #7930, #8002, #7808, #8050, #7995, #8019, #8012, #8023, #7982, #7906, #7888, #7859, #7869, #7948, #7966, #8036, #8043, #8037, #8034, #7957, #7913, #8099, #8124, #8109, #8140, #8070, #7915, #7919, #8087 ) ) ;
#8117 = ORIENTED_EDGE ( 'NONE', *, *, #7610, .T. ) ;
#8118 = EDGE_LOOP ( 'NONE', ( #8119, #8115, #8139, #8113, #8093, #8094 ) ) ;
#8119 = ORIENTED_EDGE ( 'NONE', *, *, #8102, .T. ) ;
#8120 = EDGE_CURVE ( 'NONE', #7608, #7509, #5742, .T. ) ;
#8121 = ORIENTED_EDGE ( 'NONE', *, *, #8073, .T. ) ;
#8122 = ORIENTED_EDGE ( 'NONE', *, *, #8096, .F. ) ;
#8123 = ORIENTED_EDGE ( 'NONE', *, *, #7530, .T. ) ;
#8124 = ADVANCED_FACE ( 'NONE', ( #5738 ), #5723, .T. ) ;
#8125 = EDGE_LOOP ( 'NONE', ( #8100, #8121 ) ) ;
#8126 = ORIENTED_EDGE ( 'NONE', *, *, #7955, .T. ) ;
#8127 = ORIENTED_EDGE ( 'NONE', *, *, #8128, .T. ) ;
#8128 = EDGE_CURVE ( 'NONE', #7115, #7535, #5716, .T. ) ;
#8129 = ORIENTED_EDGE ( 'NONE', *, *, #7534, .F. ) ;
#8130 = AXIS2_PLACEMENT_3D ( 'NONE', #8173, #8198, #8174 ) ;
#8131 = CIRCLE ( 'NONE', #8130, 4.165599999999999500 ) ;
#8132 = DIRECTION ( 'NONE',  ( -8.755664108934836600E-017, 0.0000000000000000000, -1.000000000000000000 ) ) ;
#8133 = DIRECTION ( 'NONE',  ( 1.000000000000000000, 0.0000000000000000000, -8.869636343065785700E-017 ) ) ;
#8134 = CARTESIAN_POINT ( 'NONE',  ( 0.4046272021961012700, 3.675442566818505300, -0.3961488006325454800 ) ) ;
#8135 = AXIS2_PLACEMENT_3D ( 'NONE', #8134, #8133, #8132 ) ;
#8136 = CIRCLE ( 'NONE', #8135, 4.953146484361434800 ) ;
#8137 = CARTESIAN_POINT ( 'NONE',  ( -0.5217947690564638300, 7.841042566818504900, -0.3961488006325448700 ) ) ;
#8138 = ORIENTED_EDGE ( 'NONE', *, *, #7953, .T. ) ;
#8139 = ORIENTED_EDGE ( 'NONE', *, *, #8092, .T. ) ;
#8140 = ADVANCED_FACE ( 'NONE', ( #5715 ), #5813, .T. ) ;
#8141 =( NAMED_UNIT ( * ) PLANE_ANGLE_UNIT ( ) SI_UNIT ( $, .RADIAN. ) );
#8142 =( LENGTH_UNIT ( ) NAMED_UNIT ( * ) SI_UNIT ( .MILLI., .METRE. ) );
#8143 = MECHANICAL_DESIGN_GEOMETRIC_PRESENTATION_REPRESENTATION (  '', ( #8145 ), #8308 ) ;
#8144 = PRESENTATION_LAYER_ASSIGNMENT (  '', '', ( #8145 ) ) ;
#8145 = STYLED_ITEM ( 'NONE', ( #8146 ), #5845 ) ;
#8146 = PRESENTATION_STYLE_ASSIGNMENT (( #8147 ) ) ;
#8147 = SURFACE_STYLE_USAGE ( .BOTH. , #8233 ) ;
#8148 = CARTESIAN_POINT ( 'NONE',  ( 0.3862447890190211500, 2.305994903388139900, 3.598536637500689300 ) ) ;
#8149 = CARTESIAN_POINT ( 'NONE',  ( -0.5217947690564629400, -0.4901574331814947400, -0.3961488006325443200 ) ) ;
#8150 = DIRECTION ( 'NONE',  ( 1.000000000000000000, 1.063803735850569600E-016, -0.0000000000000000000 ) ) ;
#8151 = PRESENTATION_STYLE_ASSIGNMENT (( #8152 ) ) ;
#8152 = SURFACE_STYLE_USAGE ( .BOTH. , #8169 ) ;
#8153 =( NAMED_UNIT ( * ) SI_UNIT ( $, .STERADIAN. ) SOLID_ANGLE_UNIT ( ) );
#8154 = UNCERTAINTY_MEASURE_WITH_UNIT (LENGTH_MEASURE( 1.000000000000000100E-005 ), #8205, 'distance_accuracy_value', 'NONE');
#8155 =( NAMED_UNIT ( * ) SI_UNIT ( $, .STERADIAN. ) SOLID_ANGLE_UNIT ( ) );
#8156 =( NAMED_UNIT ( * ) PLANE_ANGLE_UNIT ( ) SI_UNIT ( $, .RADIAN. ) );
#8157 = PRESENTATION_LAYER_ASSIGNMENT (  '', '', ( #8158 ) ) ;
#8158 = STYLED_ITEM ( 'NONE', ( #8151 ), #5833 ) ;
#8159 = DIRECTION ( 'NONE',  ( 1.000000000000000000, 1.063803735850569600E-016, -0.0000000000000000000 ) ) ;
#8160 = CARTESIAN_POINT ( 'NONE',  ( 0.4808272021961023700, 3.675442566818505300, -0.3961488006325448700 ) ) ;
#8161 = COLOUR_RGB ( '',1.000000000000000000, 0.8588235294117646500, 0.5568627450980392400 ) ;
#8162 = FILL_AREA_STYLE ('',( #8163 ) ) ;
#8163 = FILL_AREA_STYLE_COLOUR ( '', #8161 ) ;
#8164 = DIRECTION ( 'NONE',  ( -1.063803735850569600E-016, 1.000000000000000000, 0.0000000000000000000 ) ) ;
#8165 = DIRECTION ( 'NONE',  ( 1.000000000000000000, 1.063803735850569600E-016, -0.0000000000000000000 ) ) ;
#8166 = AXIS2_PLACEMENT_3D ( 'NONE', #8171, #8165, #8164 ) ;
#8167 = TOROIDAL_SURFACE ( 'NONE', #8166, 2.590800000000001500, 1.574799999999998200 ) ;
#8168 = CIRCLE ( 'NONE', #8196, 1.574799999999998200 ) ;
#8169 = SURFACE_SIDE_STYLE ('',( #8170 ) ) ;
#8170 = SURFACE_STYLE_FILL_AREA ( #8162 ) ;
#8171 = CARTESIAN_POINT ( 'NONE',  ( -6.158127750930291600, 3.675442566818504500, -0.3961488006325448700 ) ) ;
#8172 =( GEOMETRIC_REPRESENTATION_CONTEXT ( 3 ) GLOBAL_UNCERTAINTY_ASSIGNED_CONTEXT ( ( #8177 ) ) GLOBAL_UNIT_ASSIGNED_CONTEXT ( ( #8210, #8217, #8178 ) ) REPRESENTATION_CONTEXT ( 'NONE', 'WORKASPACE' ) );
#8173 = CARTESIAN_POINT ( 'NONE',  ( -0.5217947690564633800, 3.675442566818505300, -0.3961488006325448700 ) ) ;
#8174 = DIRECTION ( 'NONE',  ( -1.041100607341563800E-016, 1.000000000000000000, 0.0000000000000000000 ) ) ;
#8175 = CARTESIAN_POINT ( 'NONE',  ( 0.4808272021961027000, 0.6528425668185060500, -0.3961488006325444800 ) ) ;
#8176 = LINE ( 'NONE', #8175, #8225 ) ;
#8177 = UNCERTAINTY_MEASURE_WITH_UNIT (LENGTH_MEASURE( 1.000000000000000100E-005 ), #8210, 'distance_accuracy_value', 'NONE');
#8178 =( NAMED_UNIT ( * ) SI_UNIT ( $, .STERADIAN. ) SOLID_ANGLE_UNIT ( ) );
#8179 = MECHANICAL_DESIGN_GEOMETRIC_PRESENTATION_REPRESENTATION (  '', ( #8158 ), #8180 ) ;
#8180 =( GEOMETRIC_REPRESENTATION_CONTEXT ( 3 ) GLOBAL_UNCERTAINTY_ASSIGNED_CONTEXT ( ( #8216 ) ) GLOBAL_UNIT_ASSIGNED_CONTEXT ( ( #8226, #8229, #8153 ) ) REPRESENTATION_CONTEXT ( 'NONE', 'WORKASPACE' ) );
#8181 = AXIS2_PLACEMENT_3D ( 'NONE', #8160, #8159, #8228 ) ;
#8182 = COLOUR_RGB ( '',1.000000000000000000, 0.8588235294117646500, 0.5568627450980392400 ) ;
#8183 = FACE_OUTER_BOUND ( 'NONE', #5840, .T. ) ;
#8184 = CARTESIAN_POINT ( 'NONE',  ( -6.158127750930290700, 7.841042566818504900, -0.3961488006325448700 ) ) ;
#8185 = DIRECTION ( 'NONE',  ( -2.082201214683127100E-016, 1.000000000000000000, 0.0000000000000000000 ) ) ;
#8186 = DIRECTION ( 'NONE',  ( 1.000000000000000000, 1.063803735850569600E-016, -0.0000000000000000000 ) ) ;
#8187 = SURFACE_STYLE_USAGE ( .BOTH. , #8188 ) ;
#8188 = SURFACE_SIDE_STYLE ('',( #8189 ) ) ;
#8189 = SURFACE_STYLE_FILL_AREA ( #8190 ) ;
#8190 = FILL_AREA_STYLE ('',( #8191 ) ) ;
#8191 = FILL_AREA_STYLE_COLOUR ( '', #8192 ) ;
#8192 = COLOUR_RGB ( '',1.000000000000000000, 0.8588235294117646500, 0.5568627450980392400 ) ;
#8193 = DIRECTION ( 'NONE',  ( 0.0000000000000000000, -1.000000000000000000, 1.376939512935618100E-016 ) ) ;
#8194 = DIRECTION ( 'NONE',  ( -1.302740814142589500E-032, 1.224606353822377300E-016, 1.000000000000000000 ) ) ;
#8195 = CARTESIAN_POINT ( 'NONE',  ( -6.158127750930291600, 1.084642566818502900, -0.3961488006325445400 ) ) ;
#8196 = AXIS2_PLACEMENT_3D ( 'NONE', #8195, #8194, #8193 ) ;
#8197 = FACE_OUTER_BOUND ( 'NONE', #5827, .T. ) ;
#8198 = DIRECTION ( 'NONE',  ( 1.000000000000000000, 1.063803735850569600E-016, -0.0000000000000000000 ) ) ;
#8199 = FILL_AREA_STYLE_COLOUR ( '', #8200 ) ;
#8200 = COLOUR_RGB ( '',1.000000000000000000, 0.8588235294117646500, 0.5568627450980392400 ) ;
#8201 = DIRECTION ( 'NONE',  ( -1.079087827969591300E-016, 1.000000000000000000, 0.0000000000000000000 ) ) ;
#8202 = DIRECTION ( 'NONE',  ( 1.000000000000000000, 1.063803735850569600E-016, -0.0000000000000000000 ) ) ;
#8203 = AXIS2_PLACEMENT_3D ( 'NONE', #8243, #8202, #8201 ) ;
#8204 = CONICAL_SURFACE ( 'NONE', #8203, 5.023697535934291000, 0.7469237487433119100 ) ;
#8205 =( LENGTH_UNIT ( ) NAMED_UNIT ( * ) SI_UNIT ( .MILLI., .METRE. ) );
#8206 = MECHANICAL_DESIGN_GEOMETRIC_PRESENTATION_REPRESENTATION (  '', ( #8208 ), #8244 ) ;
#8207 = PRESENTATION_LAYER_ASSIGNMENT (  '', '', ( #8208 ) ) ;
#8208 = STYLED_ITEM ( 'NONE', ( #8209 ), #5842 ) ;
#8209 = PRESENTATION_STYLE_ASSIGNMENT (( #8187 ) ) ;
#8210 =( LENGTH_UNIT ( ) NAMED_UNIT ( * ) SI_UNIT ( .MILLI., .METRE. ) );
#8211 = MECHANICAL_DESIGN_GEOMETRIC_PRESENTATION_REPRESENTATION (  '', ( #8218 ), #8172 ) ;
#8212 = PRESENTATION_LAYER_ASSIGNMENT (  '', '', ( #8218 ) ) ;
#8213 = CARTESIAN_POINT ( 'NONE',  ( -6.158127750930289900, 3.675442566818504500, -0.3961488006325448700 ) ) ;
#8214 = AXIS2_PLACEMENT_3D ( 'NONE', #8213, #8186, #8185 ) ;
#8215 = CIRCLE ( 'NONE', #8214, 4.165600000000000400 ) ;
#8216 = UNCERTAINTY_MEASURE_WITH_UNIT (LENGTH_MEASURE( 1.000000000000000100E-005 ), #8226, 'distance_accuracy_value', 'NONE');
#8217 =( NAMED_UNIT ( * ) PLANE_ANGLE_UNIT ( ) SI_UNIT ( $, .RADIAN. ) );
#8218 = STYLED_ITEM ( 'NONE', ( #8219 ), #5839 ) ;
#8219 = PRESENTATION_STYLE_ASSIGNMENT (( #8220 ) ) ;
#8220 = SURFACE_STYLE_USAGE ( .BOTH. , #8221 ) ;
#8221 = SURFACE_SIDE_STYLE ('',( #8222 ) ) ;
#8222 = SURFACE_STYLE_FILL_AREA ( #8223 ) ;
#8223 = FILL_AREA_STYLE ('',( #8224 ) ) ;
#8224 = FILL_AREA_STYLE_COLOUR ( '', #8182 ) ;
#8225 = VECTOR ( 'NONE', #8150, 1000.000000000000000 ) ;
#8226 =( LENGTH_UNIT ( ) NAMED_UNIT ( * ) SI_UNIT ( .MILLI., .METRE. ) );
#8227 = LINE ( 'NONE', #8240, #8239 ) ;
#8228 = DIRECTION ( 'NONE',  ( -1.041100607341563800E-016, 1.000000000000000000, 0.0000000000000000000 ) ) ;
#8229 =( NAMED_UNIT ( * ) PLANE_ANGLE_UNIT ( ) SI_UNIT ( $, .RADIAN. ) );
#8230 = CARTESIAN_POINT ( 'NONE',  ( 0.4195236824002681100, 2.305790513713475300, 3.631829740908526300 ) ) ;
#8231 = CARTESIAN_POINT ( 'NONE',  ( 0.4511249697312954600, 2.305571166373077100, 3.666885305092824500 ) ) ;
#8232 = CARTESIAN_POINT ( 'NONE',  ( 0.4808272021961032500, 2.305336228657117300, 3.703404881284631900 ) ) ;
#8233 = SURFACE_SIDE_STYLE ('',( #8234 ) ) ;
#8234 = SURFACE_STYLE_FILL_AREA ( #8235 ) ;
#8235 = FILL_AREA_STYLE ('',( #8199 ) ) ;
#8236 = FACE_OUTER_BOUND ( 'NONE', #5898, .T. ) ;
#8237 = B_SPLINE_CURVE_WITH_KNOTS ( 'NONE', 3,
 ( #8232, #8231, #8230, #8148 ),
 .UNSPECIFIED., .F., .F.,
 ( 4, 4 ),
 ( 1.075459150811888900E-016, 0.0001412218654780470300 ),
 .UNSPECIFIED. ) ;
#8238 = CYLINDRICAL_SURFACE ( 'NONE', #8181, 4.165599999999999500 ) ;
#8239 = VECTOR ( 'NONE', #8241, 1000.000000000000000 ) ;
#8240 = CARTESIAN_POINT ( 'NONE',  ( 0.4808272021961019800, 7.841042566818504900, -0.3961488006325448700 ) ) ;
#8241 = DIRECTION ( 'NONE',  ( 1.000000000000000000, 1.063803735850569600E-016, -0.0000000000000000000 ) ) ;
#8242 = FACE_OUTER_BOUND ( 'NONE', #5849, .T. ) ;
#8243 = CARTESIAN_POINT ( 'NONE',  ( 0.4808272021961032500, 3.675442566818505300, -0.3961488006325448700 ) ) ;
#8244 =( GEOMETRIC_REPRESENTATION_CONTEXT ( 3 ) GLOBAL_UNCERTAINTY_ASSIGNED_CONTEXT ( ( #8154 ) ) GLOBAL_UNIT_ASSIGNED_CONTEXT ( ( #8205, #8156, #8155 ) ) REPRESENTATION_CONTEXT ( 'NONE', 'WORKASPACE' ) );
#8245 = CARTESIAN_POINT ( 'NONE',  ( 0.4046272021961012700, -2.852357433181492900, -1.666148800632544200 ) ) ;
#8246 = CARTESIAN_POINT ( 'NONE',  ( 0.4046272021961012700, -2.852357433181492900, -1.666148800632544200 ) ) ;
#8247 = CARTESIAN_POINT ( 'NONE',  ( 0.001715104918730177300, 2.636593711711387100, -4.714148800632544000 ) ) ;
#8248 = CARTESIAN_POINT ( 'NONE',  ( 0.01879278628024328600, 2.525676663413758800, -4.714148800632544000 ) ) ;
#8249 = CARTESIAN_POINT ( 'NONE',  ( 0.03587046764175726200, 2.414759615116130600, -4.714148800632544000 ) ) ;
#8250 = CARTESIAN_POINT ( 'NONE',  ( 0.05324343620860885800, 2.301763169549332100, -4.714148800632544000 ) ) ;
#8251 = DIRECTION ( 'NONE',  ( 1.000000000000000000, 1.063803735850569600E-016, -0.0000000000000000000 ) ) ;
#8252 = CARTESIAN_POINT ( 'NONE',  ( 0.4808272021961028100, -0.4901574331814947400, -0.3961488006325443700 ) ) ;
#8253 = AXIS2_PLACEMENT_3D ( 'NONE', #8255, #8254, #8283 ) ;
#8254 = DIRECTION ( 'NONE',  ( 1.000000000000000000, 1.063803735850569600E-016, -0.0000000000000000000 ) ) ;
#8255 = CARTESIAN_POINT ( 'NONE',  ( -0.5217947690564633800, 3.675442566818505300, -0.3961488006325448700 ) ) ;
#8256 = DIRECTION ( 'NONE',  ( 1.000000000000000000, 0.0000000000000000000, 0.0000000000000000000 ) ) ;
#8257 = VECTOR ( 'NONE', #8256, 1000.000000000000000 ) ;
#8258 = CARTESIAN_POINT ( 'NONE',  ( 0.09982720219610212400, -2.852357433181492900, -5.285648800632547100 ) ) ;
#8259 = FACE_OUTER_BOUND ( 'NONE', #5878, .T. ) ;
#8260 = B_SPLINE_CURVE_WITH_KNOTS ( 'NONE', 3,
 ( #8267, #8266, #8265, #8264, #8272, #8271 ),
 .UNSPECIFIED., .F., .F.,
 ( 4, 2, 4 ),
 ( 0.0001153845593902434000, 0.0001922416390159810900, 0.0002690987186417187800 ),
 .UNSPECIFIED. ) ;
#8261 = FILL_AREA_STYLE_COLOUR ( '', #8262 ) ;
#8262 = COLOUR_RGB ( '',1.000000000000000000, 0.8588235294117646500, 0.5568627450980392400 ) ;
#8263 =( GEOMETRIC_REPRESENTATION_CONTEXT ( 3 ) GLOBAL_UNCERTAINTY_ASSIGNED_CONTEXT ( ( #8309 ) ) GLOBAL_UNIT_ASSIGNED_CONTEXT ( ( #8301, #8305, #8310 ) ) REPRESENTATION_CONTEXT ( 'NONE', 'WORKASPACE' ) );
#8264 = CARTESIAN_POINT ( 'NONE',  ( 0.07278552407478479400, 2.303842566818502700, -4.762073379169346600 ) ) ;
#8265 = CARTESIAN_POINT ( 'NONE',  ( 0.08841997249278199500, 2.303842566818503600, -4.811198872714761000 ) ) ;
#8266 = CARTESIAN_POINT ( 'NONE',  ( 0.09481777051473429300, 2.303842566818503200, -4.836045602148024300 ) ) ;
#8267 = CARTESIAN_POINT ( 'NONE',  ( 0.09982720219610299900, 2.303842566818503200, -4.861170100140740600 ) ) ;
#8268 = TOROIDAL_SURFACE ( 'NONE', #8253, 4.800600000000000200, 0.6350000000000000100 ) ;
#8269 = PRESENTATION_LAYER_ASSIGNMENT (  '', '', ( #8270 ) ) ;
#8270 = STYLED_ITEM ( 'NONE', ( #8273 ), #5858 ) ;
#8271 = CARTESIAN_POINT ( 'NONE',  ( 0.05324343620860885800, 2.301763169549332100, -4.714148800632544000 ) ) ;
#8272 = CARTESIAN_POINT ( 'NONE',  ( 0.06348255742887631800, 2.303842566818503200, -4.737677994933556600 ) ) ;
#8273 = PRESENTATION_STYLE_ASSIGNMENT (( #8274 ) ) ;
#8274 = SURFACE_STYLE_USAGE ( .BOTH. , #8275 ) ;
#8275 = SURFACE_SIDE_STYLE ('',( #8276 ) ) ;
#8276 = SURFACE_STYLE_FILL_AREA ( #8286 ) ;
#8277 = UNCERTAINTY_MEASURE_WITH_UNIT (LENGTH_MEASURE( 1.000000000000000100E-005 ), #8142, 'distance_accuracy_value', 'NONE');
#8278 =( NAMED_UNIT ( * ) SI_UNIT ( $, .STERADIAN. ) SOLID_ANGLE_UNIT ( ) );
#8279 = DIRECTION ( 'NONE',  ( 0.0000000000000000000, -1.000000000000000000, -0.0000000000000000000 ) ) ;
#8280 = AXIS2_PLACEMENT_3D ( 'NONE', #8281, #8279, #8300 ) ;
#8281 = CARTESIAN_POINT ( 'NONE',  ( 0.4808272021961015300, -2.852357433181492900, -5.361848800632545300 ) ) ;
#8282 = PLANE ( 'NONE',  #8280 ) ;
#8283 = DIRECTION ( 'NONE',  ( -1.063803735850569600E-016, 1.000000000000000000, 0.0000000000000000000 ) ) ;
#8284 = VECTOR ( 'NONE', #8251, 1000.000000000000000 ) ;
#8285 = LINE ( 'NONE', #8258, #8257 ) ;
#8286 = FILL_AREA_STYLE ('',( #8261 ) ) ;
#8287 = CARTESIAN_POINT ( 'NONE',  ( 0.01333585849830603400, 4.786902578799956800, -4.714148800632544000 ) ) ;
#8288 = CARTESIAN_POINT ( 'NONE',  ( -0.01278534319739278000, 4.616394179441022600, -4.714148800632544000 ) ) ;
#8289 = CARTESIAN_POINT ( 'NONE',  ( -0.03890654489310026900, 4.445885780082089200, -4.714148800632544000 ) ) ;
#8290 = CARTESIAN_POINT ( 'NONE',  ( -0.06502774658888754700, 4.275377380723165600, -4.714148800632544000 ) ) ;
#8291 = CARTESIAN_POINT ( 'NONE',  ( 6.830827202196101000, -2.801557433181492800, 5.191851199367455600 ) ) ;
#8292 = B_SPLINE_CURVE_WITH_KNOTS ( 'NONE', 3,
 ( #8290, #8289, #8288, #8287 ),
 .UNSPECIFIED., .F., .F.,
 ( 4, 4 ),
 ( 0.0000000000000000000, 1.000000000000000000 ),
 .UNSPECIFIED. ) ;
#8293 = CARTESIAN_POINT ( 'NONE',  ( 0.09982720219610299900, 5.047042566818506200, -4.861170100140740600 ) ) ;
#8294 = CARTESIAN_POINT ( 'NONE',  ( 0.09476676294089095300, 5.047042566818507000, -4.835789776783361300 ) ) ;
#8295 = CARTESIAN_POINT ( 'NONE',  ( 0.08824413228111273300, 5.047042566818506200, -4.810570718532146900 ) ) ;
#8296 = CARTESIAN_POINT ( 'NONE',  ( 0.4046272021961012700, -2.852357433181492900, -5.285648800632547100 ) ) ;
#8297 = CARTESIAN_POINT ( 'NONE',  ( 0.05324343620860885800, 2.301763169549332100, -4.714148800632544000 ) ) ;
#8298 = B_SPLINE_CURVE_WITH_KNOTS ( 'NONE', 3,
 ( #8250, #8249, #8248, #8247 ),
 .UNSPECIFIED., .F., .F.,
 ( 4, 4 ),
 ( 0.0000000000000000000, 1.000000000000000000 ),
 .UNSPECIFIED. ) ;
#8299 = CARTESIAN_POINT ( 'NONE',  ( 0.001715104918730177300, 2.636593711711387100, -4.714148800632544000 ) ) ;
#8300 = DIRECTION ( 'NONE',  ( 0.0000000000000000000, 0.0000000000000000000, -1.000000000000000000 ) ) ;
#8301 =( LENGTH_UNIT ( ) NAMED_UNIT ( * ) SI_UNIT ( .MILLI., .METRE. ) );
#8302 = MECHANICAL_DESIGN_GEOMETRIC_PRESENTATION_REPRESENTATION (  '', ( #8270 ), #8263 ) ;
#8303 = LINE ( 'NONE', #8252, #8284 ) ;
#8304 = LINE ( 'NONE', #8245, #8307 ) ;
#8305 =( NAMED_UNIT ( * ) PLANE_ANGLE_UNIT ( ) SI_UNIT ( $, .RADIAN. ) );
#8306 = DIRECTION ( 'NONE',  ( -1.000000000000000000, -0.0000000000000000000, 8.869636343065785700E-017 ) ) ;
#8307 = VECTOR ( 'NONE', #8306, 1000.000000000000000 ) ;
#8308 =( GEOMETRIC_REPRESENTATION_CONTEXT ( 3 ) GLOBAL_UNCERTAINTY_ASSIGNED_CONTEXT ( ( #8277 ) ) GLOBAL_UNIT_ASSIGNED_CONTEXT ( ( #8142, #8141, #8278 ) ) REPRESENTATION_CONTEXT ( 'NONE', 'WORKASPACE' ) );
#8309 = UNCERTAINTY_MEASURE_WITH_UNIT (LENGTH_MEASURE( 1.000000000000000100E-005 ), #8301, 'distance_accuracy_value', 'NONE');
#8310 =( NAMED_UNIT ( * ) SI_UNIT ( $, .STERADIAN. ) SOLID_ANGLE_UNIT ( ) );
#8311 = CARTESIAN_POINT ( 'NONE',  ( 0.07258322022841799700, 5.047042566818507000, -4.761515206340991600 ) ) ;
#8312 = CARTESIAN_POINT ( 'NONE',  ( 0.06342588112313332600, 5.047042566818507000, -4.737551405213792100 ) ) ;
#8313 = CARTESIAN_POINT ( 'NONE',  ( 0.05324343620769986200, 5.049121964087807300, -4.714148800632544000 ) ) ;
#8314 = B_SPLINE_CURVE_WITH_KNOTS ( 'NONE', 3,
 ( #8313, #8312, #8311, #8295, #8294, #8293 ),
 .UNSPECIFIED., .F., .F.,
 ( 4, 2, 4 ),
 ( 0.003788073644346245900, 0.003864886487201335400, 0.003941699330056424800 ),
 .UNSPECIFIED. ) ;
#8315 = DIRECTION ( 'NONE',  ( -1.302740814142589500E-032, 1.224606353822377300E-016, 1.000000000000000000 ) ) ;
#8316 = DIRECTION ( 'NONE',  ( 1.000000000000000000, 1.063803735850569600E-016, -0.0000000000000000000 ) ) ;
#8317 = CARTESIAN_POINT ( 'NONE',  ( -0.5217947690564633800, 3.675442566818505300, -0.3961488006325448700 ) ) ;
#8318 = AXIS2_PLACEMENT_3D ( 'NONE', #8317, #8316, #8336 ) ;
#8319 = CIRCLE ( 'NONE', #8318, 4.165599999999999500 ) ;
#8320 = CARTESIAN_POINT ( 'NONE',  ( 0.4046272021961012700, 5.047042566818506200, -5.155599770601881500 ) ) ;
#8321 = CARTESIAN_POINT ( 'NONE',  ( 0.05324343620769986200, 5.049121964087807300, -4.714148800632544000 ) ) ;
#8322 = CARTESIAN_POINT ( 'NONE',  ( 0.03974405216828515200, 4.960329237478989100, -4.714148800632544000 ) ) ;
#8323 = CARTESIAN_POINT ( 'NONE',  ( 0.09982720219610299900, 2.303842566818503200, -4.861170100140740600 ) ) ;
#8324 = CARTESIAN_POINT ( 'NONE',  ( 0.02653995533329992600, 4.873615908139473000, -4.714148800632544000 ) ) ;
#8325 = CARTESIAN_POINT ( 'NONE',  ( 0.01333585849830603400, 4.786902578799956800, -4.714148800632544000 ) ) ;
#8326 = CARTESIAN_POINT ( 'NONE',  ( -0.5217947690564628300, -1.125157433181494900, -0.3961488006325442600 ) ) ;
#8327 = B_SPLINE_CURVE_WITH_KNOTS ( 'NONE', 3,
 ( #8325, #8324, #8322, #8321 ),
 .UNSPECIFIED., .F., .F.,
 ( 4, 4 ),
 ( 0.0000000000000000000, 1.000000000000000000 ),
 .UNSPECIFIED. ) ;
#8328 = CARTESIAN_POINT ( 'NONE',  ( 0.01333585849830603400, 4.786902578799956800, -4.714148800632544000 ) ) ;
#8329 = CARTESIAN_POINT ( 'NONE',  ( 0.4808272021961036400, -0.6470025477885832400, -0.3961488006325443200 ) ) ;
#8330 = DIRECTION ( 'NONE',  ( 0.0000000000000000000, -1.000000000000000000, 1.232428219645828600E-016 ) ) ;
#8331 = DIRECTION ( 'NONE',  ( -1.302740814142589500E-032, 1.224606353822377300E-016, 1.000000000000000000 ) ) ;
#8332 = CARTESIAN_POINT ( 'NONE',  ( -0.5217947690564619400, -1.504950114364678000, -0.3961488006325442100 ) ) ;
#8333 = AXIS2_PLACEMENT_3D ( 'NONE', #8332, #8331, #8330 ) ;
#8334 = CIRCLE ( 'NONE', #8333, 1.319592681183183700 ) ;
#8335 = CARTESIAN_POINT ( 'NONE',  ( 0.4046272021961012700, 8.628589051179941900, -0.3961488006325448700 ) ) ;
#8336 = DIRECTION ( 'NONE',  ( -1.041100607341563800E-016, 1.000000000000000000, 0.0000000000000000000 ) ) ;
#8337 = CIRCLE ( 'NONE', #8340, 0.6350000000000001200 ) ;
#8338 = CARTESIAN_POINT ( 'NONE',  ( -0.5217947690564633800, 3.675442566818505300, -0.3961488006325448700 ) ) ;
#8339 = AXIS2_PLACEMENT_3D ( 'NONE', #8338, #8349, #8348 ) ;
#8340 = AXIS2_PLACEMENT_3D ( 'NONE', #8326, #8315, #8346 ) ;
#8341 = B_SPLINE_CURVE_WITH_KNOTS ( 'NONE', 3,
 ( #8350, #8345, #8344, #8343 ),
 .UNSPECIFIED., .F., .F.,
 ( 4, 4 ),
 ( 0.0000000000000000000, 1.000000000000000000 ),
 .UNSPECIFIED. ) ;
#8342 = CIRCLE ( 'NONE', #8339, 3.860799999999999300 ) ;
#8343 = CARTESIAN_POINT ( 'NONE',  ( -0.05866477674871042900, 3.028716732456815400, -4.714148800632544000 ) ) ;
#8344 = CARTESIAN_POINT ( 'NONE',  ( -0.03853814952572687200, 2.898009058875065800, -4.714148800632544000 ) ) ;
#8345 = CARTESIAN_POINT ( 'NONE',  ( -0.01841152230349877800, 2.767301385293226400, -4.714148800632544000 ) ) ;
#8346 = DIRECTION ( 'NONE',  ( 0.0000000000000000000, -1.000000000000000000, 8.537024980200820100E-017 ) ) ;
#8347 = CARTESIAN_POINT ( 'NONE',  ( 0.09982720219610299900, 5.047042566818506200, -4.861170100140740600 ) ) ;
#8348 = DIRECTION ( 'NONE',  ( -1.123292760552740000E-016, 1.000000000000000000, 0.0000000000000000000 ) ) ;
#8349 = DIRECTION ( 'NONE',  ( 1.000000000000000000, 1.063803735850569600E-016, -0.0000000000000000000 ) ) ;
#8350 = CARTESIAN_POINT ( 'NONE',  ( 0.001715104918730177300, 2.636593711711387100, -4.714148800632544000 ) ) ;
#8351 = CARTESIAN_POINT ( 'NONE',  ( 0.09982720219610345700, -0.9954997112515068200, -0.3961488006325442600 ) ) ;
#8352 = CARTESIAN_POINT ( 'NONE',  ( 0.3862447890190211500, 2.305994903388139900, 3.598536637500689300 ) ) ;
#8353 = B_SPLINE_CURVE_WITH_KNOTS ( 'NONE', 3,
 ( #8409, #8477, #8476, #8475, #8474, #8473, #8472, #8471, #8470, #8357 ),
 .UNSPECIFIED., .F., .F.,
 ( 4, 2, 2, 2, 4 ),
 ( 4.370558682921689100E-019, 0.0006971055954337537900, 0.001394211190867507100, 0.002091316786301260400, 0.002788422381735013900 ),
 .UNSPECIFIED. ) ;
#8354 = CARTESIAN_POINT ( 'NONE',  ( -0.06502774658888754700, 4.275377380723165600, -4.714148800632544000 ) ) ;
#8355 = CARTESIAN_POINT ( 'NONE',  ( -0.09963123315252786500, 3.408308848631644000, -4.714148800632544000 ) ) ;
#8356 = B_SPLINE_CURVE_WITH_KNOTS ( 'NONE', 3,
 ( #8388, #8387, #8386, #8385 ),
 .UNSPECIFIED., .F., .F.,
 ( 4, 4 ),
 ( 0.0000000000000000000, 1.000000000000000000 ),
 .UNSPECIFIED. ) ;
#8357 = CARTESIAN_POINT ( 'NONE',  ( 0.3865833856444428300, 5.047042566818504400, 3.598137766609509100 ) ) ;
#8358 = CARTESIAN_POINT ( 'NONE',  ( 0.4046272021961012700, 5.047042566818506200, -5.155599770601881500 ) ) ;
#8359 = B_SPLINE_CURVE_WITH_KNOTS ( 'NONE', 3,
 ( #8358, #8413, #8412, #8389 ),
 .UNSPECIFIED., .F., .F.,
 ( 4, 4 ),
 ( 0.001073783794210404500, 0.001179570645680218700 ),
 .UNSPECIFIED. ) ;
#8360 = CARTESIAN_POINT ( 'NONE',  ( 0.4808272021961032500, 3.675442566818505300, -0.3961488006325448700 ) ) ;
#8361 = CARTESIAN_POINT ( 'NONE',  ( 0.4808272021961032500, 5.047042566818506200, 3.702905384028923200 ) ) ;
#8362 = DIRECTION ( 'NONE',  ( 1.000000000000000000, 1.063803735850569600E-016, -0.0000000000000000000 ) ) ;
#8363 = VECTOR ( 'NONE', #8362, 1000.000000000000000 ) ;
#8364 = CARTESIAN_POINT ( 'NONE',  ( 0.4808272021961020900, 6.698042566818505100, -0.3961488006325448700 ) ) ;
#8365 = DIRECTION ( 'NONE',  ( 0.0000000000000000000, 1.000000000000000000, 0.0000000000000000000 ) ) ;
#8366 = DIRECTION ( 'NONE',  ( 1.000000000000000000, 1.063803735850569600E-016, -0.0000000000000000000 ) ) ;
#8367 = CIRCLE ( 'NONE', #8390, 4.322445114607090100 ) ;
#8368 = CARTESIAN_POINT ( 'NONE',  ( -0.05866477674871042900, 3.028716732456815400, -4.714148800632544000 ) ) ;
#8369 = B_SPLINE_CURVE_WITH_KNOTS ( 'NONE', 3,
 ( #8368, #8394, #8393, #8392 ),
 .UNSPECIFIED., .F., .F.,
 ( 4, 4 ),
 ( 0.0000000000000000000, 1.000000000000000000 ),
 .UNSPECIFIED. ) ;
#8370 = AXIS2_PLACEMENT_3D ( 'NONE', #8443, #8469, #8468 ) ;
#8371 = CIRCLE ( 'NONE', #8370, 1.574799999999997800 ) ;
#8372 = CIRCLE ( 'NONE', #8436, 5.023697535934291000 ) ;
#8373 = CARTESIAN_POINT ( 'NONE',  ( -0.5217947690564624900, 3.675442566818505300, -0.3961488006325448700 ) ) ;
#8374 =( GEOMETRIC_REPRESENTATION_CONTEXT ( 3 ) GLOBAL_UNCERTAINTY_ASSIGNED_CONTEXT ( ( #8375 ) ) GLOBAL_UNIT_ASSIGNED_CONTEXT ( ( #8451, #8450, #8376 ) ) REPRESENTATION_CONTEXT ( 'NONE', 'WORKASPACE' ) );
#8375 = UNCERTAINTY_MEASURE_WITH_UNIT (LENGTH_MEASURE( 1.000000000000000100E-005 ), #8451, 'distance_accuracy_value', 'NONE');
#8376 =( NAMED_UNIT ( * ) SI_UNIT ( $, .STERADIAN. ) SOLID_ANGLE_UNIT ( ) );
#8377 = CARTESIAN_POINT ( 'NONE',  ( -0.09197933528664638300, 4.037801752193384000, -4.714148800632544000 ) ) ;
#8378 = B_SPLINE_CURVE_WITH_KNOTS ( 'NONE', 3,
 ( #8406, #8405, #8404, #8403 ),
 .UNSPECIFIED., .F., .F.,
 ( 4, 4 ),
 ( 0.0000000000000000000, 1.000000000000000000 ),
 .UNSPECIFIED. ) ;
#8379 = CIRCLE ( 'NONE', #8402, 0.6350000000000000100 ) ;
#8380 = CARTESIAN_POINT ( 'NONE',  ( 0.4808272021961032500, 5.047042566818506200, 3.702905384028923200 ) ) ;
#8381 = CARTESIAN_POINT ( 'NONE',  ( 0.4512263426969155800, 5.047042566818506200, 3.666427753482696800 ) ) ;
#8382 = CARTESIAN_POINT ( 'NONE',  ( 0.4196746496226435600, 5.047042566818505300, 3.631342182726786700 ) ) ;
#8383 = CARTESIAN_POINT ( 'NONE',  ( 0.3865833856444428300, 5.047042566818504400, 3.598137766609509100 ) ) ;
#8384 = CARTESIAN_POINT ( 'NONE',  ( 0.4808272021961023700, 5.047042566818506200, -5.228979272783649700 ) ) ;
#8385 = CARTESIAN_POINT ( 'NONE',  ( -0.09197933528664638300, 4.037801752193384000, -4.714148800632544000 ) ) ;
#8386 = CARTESIAN_POINT ( 'NONE',  ( -0.1113888591320182900, 3.824372182344693400, -4.714148800632544000 ) ) ;
#8387 = CARTESIAN_POINT ( 'NONE',  ( -0.1139394917539785100, 3.614541214490779800, -4.714148800632544000 ) ) ;
#8388 = CARTESIAN_POINT ( 'NONE',  ( -0.09963123315252786500, 3.408308848631644000, -4.714148800632544000 ) ) ;
#8389 = CARTESIAN_POINT ( 'NONE',  ( 0.4808272021961023700, 5.047042566818506200, -5.228979272783649700 ) ) ;
#8390 = AXIS2_PLACEMENT_3D ( 'NONE', #8360, #8442, #8441 ) ;
#8391 = CARTESIAN_POINT ( 'NONE',  ( -0.05866477674871042900, 3.028716732456815400, -4.714148800632544000 ) ) ;
#8392 = CARTESIAN_POINT ( 'NONE',  ( -0.09963123315252786500, 3.408308848631644000, -4.714148800632544000 ) ) ;
#8393 = CARTESIAN_POINT ( 'NONE',  ( -0.08597574768433631500, 3.281778143240063500, -4.714148800632544000 ) ) ;
#8394 = CARTESIAN_POINT ( 'NONE',  ( -0.07232026221614563900, 3.155247437848484300, -4.714148800632544000 ) ) ;
#8395 = CARTESIAN_POINT ( 'NONE',  ( 0.09982720219610299900, 3.675442566818505300, -0.3961488006325448700 ) ) ;
#8396 = VECTOR ( 'NONE', #8573, 1000.000000000000000 ) ;
#8397 = CARTESIAN_POINT ( 'NONE',  ( 0.05324343620769986200, 5.049121964087807300, -4.714148800632544000 ) ) ;
#8398 = CARTESIAN_POINT ( 'NONE',  ( 0.09982720219610252700, 8.346384844888517000, -0.3961488006325448700 ) ) ;
#8399 = DIRECTION ( 'NONE',  ( -1.000000000000000000, 0.0000000000000000000, 0.0000000000000000000 ) ) ;
#8400 = DIRECTION ( 'NONE',  ( -0.0000000000000000000, 0.0000000000000000000, -1.000000000000000000 ) ) ;
#8401 = CARTESIAN_POINT ( 'NONE',  ( -0.5217947690564639400, 8.476042566818504700, -0.3961488006325448700 ) ) ;
#8402 = AXIS2_PLACEMENT_3D ( 'NONE', #8401, #8400, #8399 ) ;
#8403 = CARTESIAN_POINT ( 'NONE',  ( -0.07536788897774451800, 4.193918049506096100, -4.714148800632544000 ) ) ;
#8404 = CARTESIAN_POINT ( 'NONE',  ( -0.08090503774738019800, 4.141879283735193000, -4.714148800632544000 ) ) ;
#8405 = CARTESIAN_POINT ( 'NONE',  ( -0.08644218651701329700, 4.089840517964288000, -4.714148800632544000 ) ) ;
#8406 = CARTESIAN_POINT ( 'NONE',  ( -0.09197933528664638300, 4.037801752193384000, -4.714148800632544000 ) ) ;
#8407 = CARTESIAN_POINT ( 'NONE',  ( 0.4808272021961027000, 8.699140102752796400, -0.3961488006325448700 ) ) ;
#8408 = LINE ( 'NONE', #8407, #8430 ) ;
#8409 = CARTESIAN_POINT ( 'NONE',  ( 0.3862447890190211500, 2.305994903388139900, 3.598536637500689300 ) ) ;
#8410 = CARTESIAN_POINT ( 'NONE',  ( -6.158127750930289000, -0.4901574331814947400, -0.3961488006325443700 ) ) ;
#8411 = DIRECTION ( 'NONE',  ( -1.000000000000000000, 0.0000000000000000000, 0.0000000000000000000 ) ) ;
#8412 = CARTESIAN_POINT ( 'NONE',  ( 0.4554201865898931900, 5.047042566818506200, -5.204526726080751500 ) ) ;
#8413 = CARTESIAN_POINT ( 'NONE',  ( 0.4300200802527798800, 5.047042566818506200, -5.180066998198612700 ) ) ;
#8414 = CARTESIAN_POINT ( 'NONE',  ( 0.4808272021961027000, 8.699140102752796400, -0.3961488006325448700 ) ) ;
#8415 = DIRECTION ( 'NONE',  ( -1.073538217607213900E-016, 1.000000000000000000, 0.0000000000000000000 ) ) ;
#8416 = DIRECTION ( 'NONE',  ( 1.000000000000000000, 1.063803735850569600E-016, -0.0000000000000000000 ) ) ;
#8417 = AXIS2_PLACEMENT_3D ( 'NONE', #8395, #8416, #8415 ) ;
#8418 = CIRCLE ( 'NONE', #8417, 4.670942278070009800 ) ;
#8419 = CARTESIAN_POINT ( 'NONE',  ( -0.07192117484810066400, 4.221071159911783600, -4.714148800632544000 ) ) ;
#8420 = CARTESIAN_POINT ( 'NONE',  ( -0.07536788897774451800, 4.193918049506096100, -4.714148800632544000 ) ) ;
#8421 = CARTESIAN_POINT ( 'NONE',  ( -0.07536788897774451800, 4.193918049506096100, -4.714148800632544000 ) ) ;
#8422 = B_SPLINE_CURVE_WITH_KNOTS ( 'NONE', 3,
 ( #8420, #8419, #8449, #8448 ),
 .UNSPECIFIED., .F., .F.,
 ( 4, 4 ),
 ( 0.0000000000000000000, 1.000000000000000000 ),
 .UNSPECIFIED. ) ;
#8423 = DIRECTION ( 'NONE',  ( -0.0000000000000000000, 0.0000000000000000000, -1.000000000000000000 ) ) ;
#8424 = CARTESIAN_POINT ( 'NONE',  ( -0.5217947690564630500, 8.855835248001687500, -0.3961488006325448700 ) ) ;
#8425 = AXIS2_PLACEMENT_3D ( 'NONE', #8424, #8423, #8411 ) ;
#8426 = CIRCLE ( 'NONE', #8425, 1.319592681183183700 ) ;
#8427 = CARTESIAN_POINT ( 'NONE',  ( 0.4808272021961027500, 7.997887681425595500, -0.3961488006325448700 ) ) ;
#8428 = CARTESIAN_POINT ( 'NONE',  ( 0.4808272021961032500, 2.305336228657117300, 3.703404881284631900 ) ) ;
#8429 = DIRECTION ( 'NONE',  ( 0.7337822955578111600, 0.6793846794901317000, 0.0000000000000000000 ) ) ;
#8430 = VECTOR ( 'NONE', #8429, 1000.000000000000000 ) ;
#8431 = B_SPLINE_CURVE_WITH_KNOTS ( 'NONE', 3,
 ( #8383, #8382, #8381, #8380 ),
 .UNSPECIFIED., .F., .F.,
 ( 4, 4 ),
 ( 0.0004183555467390626900, 0.0005575604433147715200 ),
 .UNSPECIFIED. ) ;
#8432 = CARTESIAN_POINT ( 'NONE',  ( 0.3865833856444428300, 5.047042566818504400, 3.598137766609509100 ) ) ;
#8433 = DIRECTION ( 'NONE',  ( -1.079087827969591300E-016, 1.000000000000000000, 0.0000000000000000000 ) ) ;
#8434 = DIRECTION ( 'NONE',  ( 1.000000000000000000, 1.063803735850569600E-016, -0.0000000000000000000 ) ) ;
#8435 = CARTESIAN_POINT ( 'NONE',  ( 0.4808272021961032500, 3.675442566818505300, -0.3961488006325448700 ) ) ;
#8436 = AXIS2_PLACEMENT_3D ( 'NONE', #8435, #8434, #8433 ) ;
#8437 = DIRECTION ( 'NONE',  ( -1.063803735850569600E-016, 1.000000000000000000, 0.0000000000000000000 ) ) ;
#8438 = DIRECTION ( 'NONE',  ( 1.000000000000000000, 1.063803735850569600E-016, -0.0000000000000000000 ) ) ;
#8439 = AXIS2_PLACEMENT_3D ( 'NONE', #8373, #8438, #8437 ) ;
#8440 = TOROIDAL_SURFACE ( 'NONE', #8439, 5.180392681183183100, 1.319592681183183700 ) ;
#8441 = DIRECTION ( 'NONE',  ( -1.003323020872234500E-016, 1.000000000000000000, 0.0000000000000000000 ) ) ;
#8442 = DIRECTION ( 'NONE',  ( 1.000000000000000000, 1.063803735850569600E-016, -0.0000000000000000000 ) ) ;
#8443 = CARTESIAN_POINT ( 'NONE',  ( -6.158127750930291600, 6.266242566818506000, -0.3961488006325448700 ) ) ;
#8444 = CARTESIAN_POINT ( 'NONE',  ( -7.672572797803894700, 3.675442566818504500, -0.3961488006325448700 ) ) ;
#8445 = AXIS2_PLACEMENT_3D ( 'NONE', #8444, #8366, #8365 ) ;
#8446 = CIRCLE ( 'NONE', #8445, 3.022599999999999300 ) ;
#8447 = LINE ( 'NONE', #8364, #8363 ) ;
#8448 = CARTESIAN_POINT ( 'NONE',  ( -0.06502774658888754700, 4.275377380723165600, -4.714148800632544000 ) ) ;
#8449 = CARTESIAN_POINT ( 'NONE',  ( -0.06847446071845421400, 4.248224270317470200, -4.714148800632544000 ) ) ;
#8450 =( NAMED_UNIT ( * ) PLANE_ANGLE_UNIT ( ) SI_UNIT ( $, .RADIAN. ) );
#8451 =( LENGTH_UNIT ( ) NAMED_UNIT ( * ) SI_UNIT ( .MILLI., .METRE. ) );
#8452 = MECHANICAL_DESIGN_GEOMETRIC_PRESENTATION_REPRESENTATION (  '', ( #8454 ), #8374 ) ;
#8453 = PRESENTATION_LAYER_ASSIGNMENT (  '', '', ( #8454 ) ) ;
#8454 = STYLED_ITEM ( 'NONE', ( #8455 ), #5928 ) ;
#8455 = PRESENTATION_STYLE_ASSIGNMENT (( #8456 ) ) ;
#8456 = SURFACE_STYLE_USAGE ( .BOTH. , #8457 ) ;
#8457 = SURFACE_SIDE_STYLE ('',( #8458 ) ) ;
#8458 = SURFACE_STYLE_FILL_AREA ( #8459 ) ;
#8459 = FILL_AREA_STYLE ('',( #8460 ) ) ;
#8460 = FILL_AREA_STYLE_COLOUR ( '', #8461 ) ;
#8461 = COLOUR_RGB ( '',1.000000000000000000, 0.8588235294117646500, 0.5568627450980392400 ) ;
#8462 = FACE_OUTER_BOUND ( 'NONE', #5889, .T. ) ;
#8463 = DIRECTION ( 'NONE',  ( -1.003323020872234500E-016, 1.000000000000000000, 0.0000000000000000000 ) ) ;
#8464 = DIRECTION ( 'NONE',  ( 1.000000000000000000, 1.063803735850569600E-016, -0.0000000000000000000 ) ) ;
#8465 = CARTESIAN_POINT ( 'NONE',  ( 0.4808272021961032500, 3.675442566818505300, -0.3961488006325448700 ) ) ;
#8466 = AXIS2_PLACEMENT_3D ( 'NONE', #8465, #8464, #8463 ) ;
#8467 = CIRCLE ( 'NONE', #8466, 4.322445114607090100 ) ;
#8468 = DIRECTION ( 'NONE',  ( -1.000000000000000000, 0.0000000000000000000, 0.0000000000000000000 ) ) ;
#8469 = DIRECTION ( 'NONE',  ( -0.0000000000000000000, 0.0000000000000000000, -1.000000000000000000 ) ) ;
#8470 = CARTESIAN_POINT ( 'NONE',  ( 0.3371206479930886600, 4.821948631577966700, 3.625801011771021100 ) ) ;
#8471 = CARTESIAN_POINT ( 'NONE',  ( 0.2910049460515293800, 4.594987073902034400, 3.646589815645295400 ) ) ;
#8472 = CARTESIAN_POINT ( 'NONE',  ( 0.2153840551492942600, 4.138455079703726700, 3.668775997534419200 ) ) ;
#8473 = CARTESIAN_POINT ( 'NONE',  ( 0.1917042099896920900, 3.909469017800487400, 3.673956065957429700 ) ) ;
#8474 = CARTESIAN_POINT ( 'NONE',  ( 0.1910786068651941200, 3.449233463558995200, 3.673996184952473200 ) ) ;
#8475 = CARTESIAN_POINT ( 'NONE',  ( 0.2139825554532363000, 3.216717641697076900, 3.668337339371505700 ) ) ;
#8476 = CARTESIAN_POINT ( 'NONE',  ( 0.2904241950248019300, 2.758603422326466200, 3.646760359550925000 ) ) ;
#8477 = CARTESIAN_POINT ( 'NONE',  ( 0.3364911666095644100, 2.531712470832253800, 3.626036923603500800 ) ) ;
#8478 = UNCERTAINTY_MEASURE_WITH_UNIT (LENGTH_MEASURE( 1.000000000000000100E-005 ), #8500, 'distance_accuracy_value', 'NONE');
#8479 = LINE ( 'NONE', #8291, #8396 ) ;
#8480 = DIRECTION ( 'NONE',  ( 1.000000000000000000, 1.227197340903868200E-016, 1.365923996832131600E-016 ) ) ;
#8481 = VECTOR ( 'NONE', #8480, 1000.000000000000000 ) ;
#8482 = CARTESIAN_POINT ( 'NONE',  ( 0.4808272021961032500, -2.801557433181492800, -5.361848800632543500 ) ) ;
#8483 = CARTESIAN_POINT ( 'NONE',  ( -0.5217947690564638300, 7.536242566818504700, -0.3961488006325448700 ) ) ;
#8484 = DIRECTION ( 'NONE',  ( 1.000000000000000000, 1.063803735850569600E-016, -0.0000000000000000000 ) ) ;
#8485 = VECTOR ( 'NONE', #8524, 1000.000000000000000 ) ;
#8486 =( NAMED_UNIT ( * ) PLANE_ANGLE_UNIT ( ) SI_UNIT ( $, .RADIAN. ) );
#8487 = DIRECTION ( 'NONE',  ( -1.073538217607213900E-016, 1.000000000000000000, 0.0000000000000000000 ) ) ;
#8488 = CIRCLE ( 'NONE', #8506, 4.670942278070009800 ) ;
#8489 = CARTESIAN_POINT ( 'NONE',  ( 0.9126272021961019400, 2.303842566818503200, 4.874351199367455800 ) ) ;
#8490 = DIRECTION ( 'NONE',  ( 0.0000000000000000000, 1.000000000000000000, 0.0000000000000000000 ) ) ;
#8491 = VECTOR ( 'NONE', #8490, 1000.000000000000000 ) ;
#8492 = CARTESIAN_POINT ( 'NONE',  ( 0.9126272021961019400, 8.958642566818507900, 4.874351199367455800 ) ) ;
#8493 = CARTESIAN_POINT ( 'NONE',  ( 4.290827202196104500, -2.852357433181492900, -5.361848800632543500 ) ) ;
#8494 = CARTESIAN_POINT ( 'NONE',  ( 4.290827202196100900, -2.801557433181493200, -5.361848800632548900 ) ) ;
#8495 = CARTESIAN_POINT ( 'NONE',  ( 6.830827202196101000, -2.801557433181492800, -5.361848800632543500 ) ) ;
#8496 = DIRECTION ( 'NONE',  ( -5.122214988120525900E-014, 1.000000000000000000, -6.996556369207038700E-030 ) ) ;
#8497 = FILL_AREA_STYLE_COLOUR ( '', #8498 ) ;
#8498 = COLOUR_RGB ( '',1.000000000000000000, 0.8588235294117646500, 0.5568627450980392400 ) ;
#8499 = LINE ( 'NONE', #8509, #8485 ) ;
#8500 =( LENGTH_UNIT ( ) NAMED_UNIT ( * ) SI_UNIT ( .MILLI., .METRE. ) );
#8501 = MECHANICAL_DESIGN_GEOMETRIC_PRESENTATION_REPRESENTATION (  '', ( #8526 ), #8502 ) ;
#8502 =( GEOMETRIC_REPRESENTATION_CONTEXT ( 3 ) GLOBAL_UNCERTAINTY_ASSIGNED_CONTEXT ( ( #8478 ) ) GLOBAL_UNIT_ASSIGNED_CONTEXT ( ( #8500, #8486, #8508 ) ) REPRESENTATION_CONTEXT ( 'NONE', 'WORKASPACE' ) );
#8503 = PRESENTATION_STYLE_ASSIGNMENT (( #8504 ) ) ;
#8504 = SURFACE_STYLE_USAGE ( .BOTH. , #8505 ) ;
#8505 = SURFACE_SIDE_STYLE ('',( #8511 ) ) ;
#8506 = AXIS2_PLACEMENT_3D ( 'NONE', #8527, #8484, #8487 ) ;
#8507 = LINE ( 'NONE', #8531, #8530 ) ;
#8508 =( NAMED_UNIT ( * ) SI_UNIT ( $, .STERADIAN. ) SOLID_ANGLE_UNIT ( ) );
#8509 = CARTESIAN_POINT ( 'NONE',  ( 0.4808272021961023700, 2.303842566818503200, 4.569551199367456500 ) ) ;
#8510 = LINE ( 'NONE', #8542, #8541 ) ;
#8511 = SURFACE_STYLE_FILL_AREA ( #8512 ) ;
#8512 = FILL_AREA_STYLE ('',( #8497 ) ) ;
#8513 = DIRECTION ( 'NONE',  ( -1.000000000000000000, -1.227197340903868200E-016, 4.097771990496393800E-016 ) ) ;
#8514 = VECTOR ( 'NONE', #8513, 1000.000000000000000 ) ;
#8515 = CARTESIAN_POINT ( 'NONE',  ( 0.4808272021961041400, -2.801557433181492800, 4.874351199367455800 ) ) ;
#8516 = LINE ( 'NONE', #8515, #8514 ) ;
#8517 = CARTESIAN_POINT ( 'NONE',  ( 0.4808272021961023700, 8.958642566818507900, 4.874351199367457500 ) ) ;
#8518 = DIRECTION ( 'NONE',  ( 5.122214988120525900E-014, -1.000000000000000000, -2.098966910762110900E-029 ) ) ;
#8519 = VECTOR ( 'NONE', #8518, 1000.000000000000000 ) ;
#8520 = CARTESIAN_POINT ( 'NONE',  ( 4.290827202195498700, 8.958642566818701500, 4.569551199367454700 ) ) ;
#8521 = LINE ( 'NONE', #8520, #8519 ) ;
#8522 = LINE ( 'NONE', #8492, #8491 ) ;
#8523 = VECTOR ( 'NONE', #8532, 1000.000000000000000 ) ;
#8524 = DIRECTION ( 'NONE',  ( 1.000000000000000000, 0.0000000000000000000, -4.097771990496393800E-016 ) ) ;
#8525 = PRESENTATION_LAYER_ASSIGNMENT (  '', '', ( #8526 ) ) ;
#8526 = STYLED_ITEM ( 'NONE', ( #8503 ), #5948 ) ;
#8527 = CARTESIAN_POINT ( 'NONE',  ( 0.09982720219610299900, 3.675442566818505300, -0.3961488006325448700 ) ) ;
#8528 = CARTESIAN_POINT ( 'NONE',  ( 4.082868829148931200, 8.958642566818507900, 4.874351199367457500 ) ) ;
#8529 = DIRECTION ( 'NONE',  ( 0.7071067811865506800, -0.7071067811865443500, -2.897562362236309800E-016 ) ) ;
#8530 = VECTOR ( 'NONE', #8529, 1000.000000000000100 ) ;
#8531 = CARTESIAN_POINT ( 'NONE',  ( 2.281848015672501200, 10.75966338029491900, 4.874351199367455800 ) ) ;
#8532 = DIRECTION ( 'NONE',  ( 0.0000000000000000000, 1.000000000000000000, 0.0000000000000000000 ) ) ;
#8533 = CARTESIAN_POINT ( 'NONE',  ( 0.9126272021961019400, 8.958642566818507900, 4.569551199367456500 ) ) ;
#8534 = VECTOR ( 'NONE', #8496, 1000.000000000000000 ) ;
#8535 = CARTESIAN_POINT ( 'NONE',  ( 4.290827202195498700, 8.958642566818701500, -5.361848800632543500 ) ) ;
#8536 = LINE ( 'NONE', #8535, #8534 ) ;
#8537 = LINE ( 'NONE', #8482, #8481 ) ;
#8538 = LINE ( 'NONE', #8533, #8523 ) ;
#8539 = CARTESIAN_POINT ( 'NONE',  ( 0.4808272021961023700, 5.047042566818506200, 4.569551199367458200 ) ) ;
#8540 = DIRECTION ( 'NONE',  ( 1.000000000000000000, 0.0000000000000000000, -4.097771990496393800E-016 ) ) ;
#8541 = VECTOR ( 'NONE', #8540, 1000.000000000000000 ) ;
#8542 = CARTESIAN_POINT ( 'NONE',  ( 0.4808272021961023700, 8.958642566818507900, 4.874351199367455800 ) ) ;
#8543 =( GEOMETRIC_REPRESENTATION_CONTEXT ( 3 ) GLOBAL_UNCERTAINTY_ASSIGNED_CONTEXT ( ( #8572 ) ) GLOBAL_UNIT_ASSIGNED_CONTEXT ( ( #8561, #8560, #8555 ) ) REPRESENTATION_CONTEXT ( 'NONE', 'WORKASPACE' ) );
#8544 = DIRECTION ( 'NONE',  ( 1.000000000000000000, 1.063803735850569600E-016, -0.0000000000000000000 ) ) ;
#8545 = DIRECTION ( 'NONE',  ( 0.0000000000000000000, 0.0000000000000000000, 1.000000000000000000 ) ) ;
#8546 = CARTESIAN_POINT ( 'NONE',  ( 0.4808272021961023700, 8.958642566818507900, 4.569551199367456500 ) ) ;
#8547 = FILL_AREA_STYLE_COLOUR ( '', #8566 ) ;
#8548 = LINE ( 'NONE', #8633, #8632 ) ;
#8549 = DIRECTION ( 'NONE',  ( 0.0000000000000000000, 0.0000000000000000000, -1.000000000000000000 ) ) ;
#8550 = VECTOR ( 'NONE', #8549, 1000.000000000000000 ) ;
#8551 = DIRECTION ( 'NONE',  ( -0.0000000000000000000, -1.000000000000000000, -0.0000000000000000000 ) ) ;
#8552 = CARTESIAN_POINT ( 'NONE',  ( 0.4808272021961023700, -2.852357433181492900, 4.569551199367456500 ) ) ;
#8553 = PLANE ( 'NONE',  #8571 ) ;
#8554 = CARTESIAN_POINT ( 'NONE',  ( 0.4808272021961015300, 8.958642566818507900, -5.666648800632544600 ) ) ;
#8555 =( NAMED_UNIT ( * ) SI_UNIT ( $, .STERADIAN. ) SOLID_ANGLE_UNIT ( ) );
#8556 = DIRECTION ( 'NONE',  ( -1.000000000000000000, 0.0000000000000000000, -1.365923996832131600E-016 ) ) ;
#8557 = CARTESIAN_POINT ( 'NONE',  ( 0.4808272021961015300, 5.047042566818506200, -5.666648800632544600 ) ) ;
#8558 = LINE ( 'NONE', #8557, #8593 ) ;
#8559 = CARTESIAN_POINT ( 'NONE',  ( 4.082868829148930300, 8.958642566818507900, 4.569551199367454700 ) ) ;
#8560 =( NAMED_UNIT ( * ) PLANE_ANGLE_UNIT ( ) SI_UNIT ( $, .RADIAN. ) );
#8561 =( LENGTH_UNIT ( ) NAMED_UNIT ( * ) SI_UNIT ( .MILLI., .METRE. ) );
#8562 = FACE_OUTER_BOUND ( 'NONE', #6120, .T. ) ;
#8563 = VECTOR ( 'NONE', #8545, 1000.000000000000000 ) ;
#8564 = SURFACE_STYLE_FILL_AREA ( #8565 ) ;
#8565 = FILL_AREA_STYLE ('',( #8547 ) ) ;
#8566 = COLOUR_RGB ( '',1.000000000000000000, 0.8588235294117646500, 0.5568627450980392400 ) ;
#8567 = VECTOR ( 'NONE', #8581, 1000.000000000000000 ) ;
#8568 = DIRECTION ( 'NONE',  ( -8.869636343065785700E-017, 0.0000000000000000000, -1.000000000000000000 ) ) ;
#8569 = DIRECTION ( 'NONE',  ( 1.000000000000000000, 0.0000000000000000000, -8.869636343065785700E-017 ) ) ;
#8570 = CARTESIAN_POINT ( 'NONE',  ( 0.09982720219610125000, 8.958642566818507900, -5.285648800632547100 ) ) ;
#8571 = AXIS2_PLACEMENT_3D ( 'NONE', #8570, #8569, #8568 ) ;
#8572 = UNCERTAINTY_MEASURE_WITH_UNIT (LENGTH_MEASURE( 1.000000000000000100E-005 ), #8561, 'distance_accuracy_value', 'NONE');
#8573 = DIRECTION ( 'NONE',  ( 0.0000000000000000000, 0.0000000000000000000, -1.000000000000000000 ) ) ;
#8574 = LINE ( 'NONE', #8579, #8587 ) ;
#8575 = CARTESIAN_POINT ( 'NONE',  ( 0.9126272021961019400, 2.303842566818503200, 4.569551199367456500 ) ) ;
#8576 =( NAMED_UNIT ( * ) SI_UNIT ( $, .STERADIAN. ) SOLID_ANGLE_UNIT ( ) );
#8577 =( NAMED_UNIT ( * ) PLANE_ANGLE_UNIT ( ) SI_UNIT ( $, .RADIAN. ) );
#8578 =( LENGTH_UNIT ( ) NAMED_UNIT ( * ) SI_UNIT ( .MILLI., .METRE. ) );
#8579 = CARTESIAN_POINT ( 'NONE',  ( 0.4808272021961019800, 7.536242566818505600, -0.3961488006325448700 ) ) ;
#8580 = CARTESIAN_POINT ( 'NONE',  ( 0.4808272021961015300, 5.047042566818506200, -5.666648800632544600 ) ) ;
#8581 = DIRECTION ( 'NONE',  ( 1.000000000000000000, 0.0000000000000000000, -4.097771990496393800E-016 ) ) ;
#8582 = LINE ( 'NONE', #8590, #8589 ) ;
#8583 = LINE ( 'NONE', #8546, #8563 ) ;
#8584 = CARTESIAN_POINT ( 'NONE',  ( -0.5217947690564633800, 3.675442566818505300, -0.3961488006325448700 ) ) ;
#8585 = CARTESIAN_POINT ( 'NONE',  ( 0.4808272021961023700, -2.852357433181492900, 4.874351199367457500 ) ) ;
#8586 = CARTESIAN_POINT ( 'NONE',  ( 0.4808272021961023700, 2.303842566818503200, 4.874351199367457500 ) ) ;
#8587 = VECTOR ( 'NONE', #8544, 1000.000000000000000 ) ;
#8588 = CARTESIAN_POINT ( 'NONE',  ( 0.4808272021961023700, 8.958642566818507900, 4.569551199367456500 ) ) ;
#8589 = VECTOR ( 'NONE', #8551, 1000.000000000000000 ) ;
#8590 = CARTESIAN_POINT ( 'NONE',  ( 0.4808272021961015300, 8.958642566818507900, -5.666648800632544600 ) ) ;
#8591 = CARTESIAN_POINT ( 'NONE',  ( 4.290827202196104500, -2.852357433181492900, 5.191851199367455600 ) ) ;
#8592 = LINE ( 'NONE', #8591, #8550 ) ;
#8593 = VECTOR ( 'NONE', #8556, 1000.000000000000000 ) ;
#8594 = PRESENTATION_STYLE_ASSIGNMENT (( #8595 ) ) ;
#8595 = SURFACE_STYLE_USAGE ( .BOTH. , #8596 ) ;
#8596 = SURFACE_SIDE_STYLE ('',( #8564 ) ) ;
#8597 = LINE ( 'NONE', #8602, #8792 ) ;
#8598 = DIRECTION ( 'NONE',  ( 1.000000000000000000, 0.0000000000000000000, 1.365923996832131600E-016 ) ) ;
#8599 = DIRECTION ( 'NONE',  ( -1.365923996832131600E-016, 0.0000000000000000000, 1.000000000000000000 ) ) ;
#8600 = CARTESIAN_POINT ( 'NONE',  ( 0.4808272021961015300, 8.958642566818507900, -5.361848800632543500 ) ) ;
#8601 = AXIS2_PLACEMENT_3D ( 'NONE', #8600, #8599, #8598 ) ;
#8602 = CARTESIAN_POINT ( 'NONE',  ( 0.4808272021961015300, 8.958642566818507900, -5.361848800632545300 ) ) ;
#8603 = VECTOR ( 'NONE', #8786, 1000.000000000000000 ) ;
#8604 = PLANE ( 'NONE',  #8601 ) ;
#8605 = LINE ( 'NONE', #8588, #8567 ) ;
#8606 = DIRECTION ( 'NONE',  ( -1.123292760552740000E-016, 1.000000000000000000, 0.0000000000000000000 ) ) ;
#8607 = DIRECTION ( 'NONE',  ( 1.000000000000000000, 1.063803735850569600E-016, -0.0000000000000000000 ) ) ;
#8608 = AXIS2_PLACEMENT_3D ( 'NONE', #8584, #8607, #8606 ) ;
#8609 = CIRCLE ( 'NONE', #8608, 3.860799999999999300 ) ;
#8610 = MECHANICAL_DESIGN_GEOMETRIC_PRESENTATION_REPRESENTATION (  '', ( #8612 ), #8628 ) ;
#8611 = PRESENTATION_LAYER_ASSIGNMENT (  '', '', ( #8612 ) ) ;
#8612 = STYLED_ITEM ( 'NONE', ( #8613 ), #6005 ) ;
#8613 = PRESENTATION_STYLE_ASSIGNMENT (( #8614 ) ) ;
#8614 = SURFACE_STYLE_USAGE ( .BOTH. , #8615 ) ;
#8615 = SURFACE_SIDE_STYLE ('',( #8616 ) ) ;
#8616 = SURFACE_STYLE_FILL_AREA ( #8617 ) ;
#8617 = FILL_AREA_STYLE ('',( #8627 ) ) ;
#8618 = COLOUR_RGB ( '',1.000000000000000000, 0.8588235294117646500, 0.5568627450980392400 ) ;
#8619 = FACE_OUTER_BOUND ( 'NONE', #6003, .T. ) ;
#8620 = MECHANICAL_DESIGN_GEOMETRIC_PRESENTATION_REPRESENTATION (  '', ( #8622 ), #8543 ) ;
#8621 = PRESENTATION_LAYER_ASSIGNMENT (  '', '', ( #8622 ) ) ;
#8622 = STYLED_ITEM ( 'NONE', ( #8594 ), #5981 ) ;
#8623 = DIRECTION ( 'NONE',  ( 0.0000000000000000000, 0.0000000000000000000, -1.000000000000000000 ) ) ;
#8624 = VECTOR ( 'NONE', #8623, 1000.000000000000000 ) ;
#8625 = CARTESIAN_POINT ( 'NONE',  ( 6.830827202196103600, 6.210684193771358600, 5.191851199367455600 ) ) ;
#8626 = LINE ( 'NONE', #8625, #8624 ) ;
#8627 = FILL_AREA_STYLE_COLOUR ( '', #8618 ) ;
#8628 =( GEOMETRIC_REPRESENTATION_CONTEXT ( 3 ) GLOBAL_UNCERTAINTY_ASSIGNED_CONTEXT ( ( #8629 ) ) GLOBAL_UNIT_ASSIGNED_CONTEXT ( ( #8578, #8577, #8576 ) ) REPRESENTATION_CONTEXT ( 'NONE', 'WORKASPACE' ) );
#8629 = UNCERTAINTY_MEASURE_WITH_UNIT (LENGTH_MEASURE( 1.000000000000000100E-005 ), #8578, 'distance_accuracy_value', 'NONE');
#8630 = CARTESIAN_POINT ( 'NONE',  ( 4.290827202196104500, -2.852357433181492900, 4.569551199367452900 ) ) ;
#8631 = DIRECTION ( 'NONE',  ( 1.000000000000000000, 0.0000000000000000000, 1.365923996832131600E-016 ) ) ;
#8632 = VECTOR ( 'NONE', #8631, 1000.000000000000000 ) ;
#8633 = CARTESIAN_POINT ( 'NONE',  ( 0.4808272021961015300, 2.303842566818503200, -5.666648800632544600 ) ) ;
#8634 = AXIS2_PLACEMENT_3D ( 'NONE', #8764, #8763, #8762 ) ;
#8635 = PLANE ( 'NONE',  #8634 ) ;
#8636 =( GEOMETRIC_REPRESENTATION_CONTEXT ( 3 ) GLOBAL_UNCERTAINTY_ASSIGNED_CONTEXT ( ( #8647 ) ) GLOBAL_UNIT_ASSIGNED_CONTEXT ( ( #8724, #8649, #8648 ) ) REPRESENTATION_CONTEXT ( 'NONE', 'WORKASPACE' ) );
#8637 = CARTESIAN_POINT ( 'NONE',  ( 6.830827202196101800, 6.210684193771358600, -5.666648800632542800 ) ) ;
#8638 = CARTESIAN_POINT ( 'NONE',  ( 6.830827202196101000, -2.801557433181492800, -5.666648800632542800 ) ) ;
#8639 = DIRECTION ( 'NONE',  ( 0.0000000000000000000, 0.0000000000000000000, -1.000000000000000000 ) ) ;
#8640 = VECTOR ( 'NONE', #8639, 1000.000000000000000 ) ;
#8641 = CARTESIAN_POINT ( 'NONE',  ( 6.830827202196101000, -2.801557433181492800, 5.191851199367455600 ) ) ;
#8642 = LINE ( 'NONE', #8641, #8640 ) ;
#8643 = DIRECTION ( 'NONE',  ( -1.000000000000000000, 0.0000000000000000000, -1.365923996832131600E-016 ) ) ;
#8644 = VECTOR ( 'NONE', #8643, 1000.000000000000000 ) ;
#8645 = CARTESIAN_POINT ( 'NONE',  ( 0.4808272021961015300, -2.852357433181492900, -5.361848800632543500 ) ) ;
#8646 = LINE ( 'NONE', #8645, #8644 ) ;
#8647 = UNCERTAINTY_MEASURE_WITH_UNIT (LENGTH_MEASURE( 1.000000000000000100E-005 ), #8724, 'distance_accuracy_value', 'NONE');
#8648 =( NAMED_UNIT ( * ) SI_UNIT ( $, .STERADIAN. ) SOLID_ANGLE_UNIT ( ) );
#8649 =( NAMED_UNIT ( * ) PLANE_ANGLE_UNIT ( ) SI_UNIT ( $, .RADIAN. ) );
#8650 = CARTESIAN_POINT ( 'NONE',  ( 4.290827202196104500, -2.852357433181492900, 4.493351199367458200 ) ) ;
#8651 = DIRECTION ( 'NONE',  ( 0.0000000000000000000, -0.0000000000000000000, 1.000000000000000000 ) ) ;
#8652 = DIRECTION ( 'NONE',  ( 0.0000000000000000000, 1.000000000000000000, 0.0000000000000000000 ) ) ;
#8653 = CARTESIAN_POINT ( 'NONE',  ( 0.4808272021961023700, -2.852357433181492900, 4.493351199367458200 ) ) ;
#8654 = AXIS2_PLACEMENT_3D ( 'NONE', #8653, #8652, #8651 ) ;
#8655 = LINE ( 'NONE', #8650, #8705 ) ;
#8656 = PLANE ( 'NONE',  #8654 ) ;
#8657 =( GEOMETRIC_REPRESENTATION_CONTEXT ( 3 ) GLOBAL_UNCERTAINTY_ASSIGNED_CONTEXT ( ( #8658 ) ) GLOBAL_UNIT_ASSIGNED_CONTEXT ( ( #8661, #8660, #8659 ) ) REPRESENTATION_CONTEXT ( 'NONE', 'WORKASPACE' ) );
#8658 = UNCERTAINTY_MEASURE_WITH_UNIT (LENGTH_MEASURE( 1.000000000000000100E-005 ), #8661, 'distance_accuracy_value', 'NONE');
#8659 =( NAMED_UNIT ( * ) SI_UNIT ( $, .STERADIAN. ) SOLID_ANGLE_UNIT ( ) );
#8660 =( NAMED_UNIT ( * ) PLANE_ANGLE_UNIT ( ) SI_UNIT ( $, .RADIAN. ) );
#8661 =( LENGTH_UNIT ( ) NAMED_UNIT ( * ) SI_UNIT ( .MILLI., .METRE. ) );
#8662 = CYLINDRICAL_SURFACE ( 'NONE', #8772, 3.022599999999999300 ) ;
#8663 = CARTESIAN_POINT ( 'NONE',  ( 0.4808272021961023700, 3.675442566818505300, -0.3961488006325448700 ) ) ;
#8664 = DIRECTION ( 'NONE',  ( -1.000000000000000000, 0.0000000000000000000, -1.365923996832131600E-016 ) ) ;
#8665 = CARTESIAN_POINT ( 'NONE',  ( 0.4808272021961015300, 5.047042566818506200, -5.361848800632543500 ) ) ;
#8666 = CARTESIAN_POINT ( 'NONE',  ( 0.9126272021961019400, 8.958642566818507900, -5.361848800632543500 ) ) ;
#8667 = DIRECTION ( 'NONE',  ( -0.0000000000000000000, -1.000000000000000000, -0.0000000000000000000 ) ) ;
#8668 = VECTOR ( 'NONE', #8667, 1000.000000000000000 ) ;
#8669 = LINE ( 'NONE', #8713, #8712 ) ;
#8670 = LINE ( 'NONE', #8666, #8756 ) ;
#8671 = CARTESIAN_POINT ( 'NONE',  ( 6.830827202196103600, 6.210684193771358600, -5.361848800632543500 ) ) ;
#8672 = CARTESIAN_POINT ( 'NONE',  ( 0.9126272021961019400, 2.303842566818503200, -5.361848800632543500 ) ) ;
#8673 = MECHANICAL_DESIGN_GEOMETRIC_PRESENTATION_REPRESENTATION (  '', ( #8675 ), #8657 ) ;
#8674 = PRESENTATION_LAYER_ASSIGNMENT (  '', '', ( #8675 ) ) ;
#8675 = STYLED_ITEM ( 'NONE', ( #8676 ), #6046 ) ;
#8676 = PRESENTATION_STYLE_ASSIGNMENT (( #8677 ) ) ;
#8677 = SURFACE_STYLE_USAGE ( .BOTH. , #8678 ) ;
#8678 = SURFACE_SIDE_STYLE ('',( #8679 ) ) ;
#8679 = SURFACE_STYLE_FILL_AREA ( #8680 ) ;
#8680 = FILL_AREA_STYLE ('',( #8682 ) ) ;
#8681 = COLOUR_RGB ( '',1.000000000000000000, 0.8588235294117646500, 0.5568627450980392400 ) ;
#8682 = FILL_AREA_STYLE_COLOUR ( '', #8681 ) ;
#8683 = FACE_OUTER_BOUND ( 'NONE', #6090, .T. ) ;
#8684 = CARTESIAN_POINT ( 'NONE',  ( 4.082868829148931200, 8.958642566818507900, -5.666648800632544600 ) ) ;
#8685 = DIRECTION ( 'NONE',  ( -1.000000000000000000, 0.0000000000000000000, -1.365923996832131600E-016 ) ) ;
#8686 = VECTOR ( 'NONE', #8685, 1000.000000000000000 ) ;
#8687 = CARTESIAN_POINT ( 'NONE',  ( 0.4808272021961015300, 8.958642566818507900, -5.666648800632544600 ) ) ;
#8688 = LINE ( 'NONE', #8687, #8686 ) ;
#8689 = CARTESIAN_POINT ( 'NONE',  ( 0.4808272021961015300, -2.852357433181492900, -5.666648800632544600 ) ) ;
#8690 = DIRECTION ( 'NONE',  ( -1.000000000000000000, 0.0000000000000000000, -1.365923996832131600E-016 ) ) ;
#8691 = VECTOR ( 'NONE', #8690, 1000.000000000000000 ) ;
#8692 = CARTESIAN_POINT ( 'NONE',  ( 0.4808272021961015300, -2.852357433181492900, -5.666648800632544600 ) ) ;
#8693 = LINE ( 'NONE', #8692, #8691 ) ;
#8694 = DIRECTION ( 'NONE',  ( -5.122214988120525900E-014, 1.000000000000000000, -6.996556369207038700E-030 ) ) ;
#8695 = VECTOR ( 'NONE', #8694, 1000.000000000000000 ) ;
#8696 = CARTESIAN_POINT ( 'NONE',  ( 4.290827202195498700, 8.958642566818701500, -5.666648800632542800 ) ) ;
#8697 = LINE ( 'NONE', #8696, #8695 ) ;
#8698 = CARTESIAN_POINT ( 'NONE',  ( -6.158127750930291600, 7.536242566818505600, -0.3961488006325448700 ) ) ;
#8699 = DIRECTION ( 'NONE',  ( 0.0000000000000000000, 0.0000000000000000000, -1.000000000000000000 ) ) ;
#8700 = VECTOR ( 'NONE', #8699, 1000.000000000000000 ) ;
#8701 = CARTESIAN_POINT ( 'NONE',  ( 0.4808272021961023700, -2.852357433181492900, 4.874351199367457500 ) ) ;
#8702 = LINE ( 'NONE', #8701, #8700 ) ;
#8703 = CARTESIAN_POINT ( 'NONE',  ( 0.4808272021961015300, 2.303842566818503200, -5.666648800632546400 ) ) ;
#8704 = DIRECTION ( 'NONE',  ( 0.0000000000000000000, 0.0000000000000000000, -1.000000000000000000 ) ) ;
#8705 = VECTOR ( 'NONE', #8704, 1000.000000000000000 ) ;
#8706 = LINE ( 'NONE', #8665, #8723 ) ;
#8707 = VECTOR ( 'NONE', #8765, 1000.000000000000000 ) ;
#8708 = CARTESIAN_POINT ( 'NONE',  ( 0.4808272021961023700, 8.958642566818507900, 4.874351199367457500 ) ) ;
#8709 = LINE ( 'NONE', #8708, #8668 ) ;
#8710 = CARTESIAN_POINT ( 'NONE',  ( 4.082868829148931200, 8.958642566818507900, -5.361848800632543500 ) ) ;
#8711 = DIRECTION ( 'NONE',  ( -0.0000000000000000000, -1.000000000000000000, -0.0000000000000000000 ) ) ;
#8712 = VECTOR ( 'NONE', #8711, 1000.000000000000000 ) ;
#8713 = CARTESIAN_POINT ( 'NONE',  ( 0.4808272021961015300, 8.958642566818507900, -5.361848800632545300 ) ) ;
#8714 = CARTESIAN_POINT ( 'NONE',  ( 0.9126272021961019400, 5.047042566818506200, 4.874351199367455800 ) ) ;
#8715 = LINE ( 'NONE', #8775, #8707 ) ;
#8716 = CARTESIAN_POINT ( 'NONE',  ( -6.158127750930291600, 1.084642566818502900, -0.3961488006325445400 ) ) ;
#8717 = AXIS2_PLACEMENT_3D ( 'NONE', #8716, #8740, #8739 ) ;
#8718 = CIRCLE ( 'NONE', #8717, 1.269999999999999800 ) ;
#8719 = CARTESIAN_POINT ( 'NONE',  ( -6.158127750930291600, -0.1853574331814970000, -0.3961488006325443700 ) ) ;
#8720 = DIRECTION ( 'NONE',  ( 0.0000000000000000000, 1.000000000000000000, 0.0000000000000000000 ) ) ;
#8721 = UNCERTAINTY_MEASURE_WITH_UNIT (LENGTH_MEASURE( 1.000000000000000100E-005 ), #8745, 'distance_accuracy_value', 'NONE');
#8722 =( NAMED_UNIT ( * ) SI_UNIT ( $, .STERADIAN. ) SOLID_ANGLE_UNIT ( ) );
#8723 = VECTOR ( 'NONE', #8664, 1000.000000000000000 ) ;
#8724 =( LENGTH_UNIT ( ) NAMED_UNIT ( * ) SI_UNIT ( .MILLI., .METRE. ) );
#8725 = MECHANICAL_DESIGN_GEOMETRIC_PRESENTATION_REPRESENTATION (  '', ( #8727 ), #8636 ) ;
#8726 = PRESENTATION_LAYER_ASSIGNMENT (  '', '', ( #8727 ) ) ;
#8727 = STYLED_ITEM ( 'NONE', ( #8728 ), #6038 ) ;
#8728 = PRESENTATION_STYLE_ASSIGNMENT (( #8729 ) ) ;
#8729 = SURFACE_STYLE_USAGE ( .BOTH. , #8730 ) ;
#8730 = SURFACE_SIDE_STYLE ('',( #8731 ) ) ;
#8731 = SURFACE_STYLE_FILL_AREA ( #8733 ) ;
#8732 =( GEOMETRIC_REPRESENTATION_CONTEXT ( 3 ) GLOBAL_UNCERTAINTY_ASSIGNED_CONTEXT ( ( #8721 ) ) GLOBAL_UNIT_ASSIGNED_CONTEXT ( ( #8745, #8773, #8722 ) ) REPRESENTATION_CONTEXT ( 'NONE', 'WORKASPACE' ) );
#8733 = FILL_AREA_STYLE ('',( #8734 ) ) ;
#8734 = FILL_AREA_STYLE_COLOUR ( '', #8735 ) ;
#8735 = COLOUR_RGB ( '',1.000000000000000000, 0.8588235294117646500, 0.5568627450980392400 ) ;
#8736 = FACE_OUTER_BOUND ( 'NONE', #6039, .T. ) ;
#8737 = CARTESIAN_POINT ( 'NONE',  ( 0.09982720219610125000, -2.852357433181492900, -1.666148800632544200 ) ) ;
#8738 = CARTESIAN_POINT ( 'NONE',  ( 0.09982720219610212400, -2.852357433181492900, -5.285648800632547100 ) ) ;
#8739 = DIRECTION ( 'NONE',  ( 0.0000000000000000000, -1.000000000000000000, 1.280553747030123600E-016 ) ) ;
#8740 = DIRECTION ( 'NONE',  ( -1.302740814142589500E-032, 1.224606353822377300E-016, 1.000000000000000000 ) ) ;
#8741 = FACE_OUTER_BOUND ( 'NONE', #6086, .T. ) ;
#8742 = CARTESIAN_POINT ( 'NONE',  ( 0.9126272021961019400, 5.047042566818506200, 4.569551199367456500 ) ) ;
#8743 = DIRECTION ( 'NONE',  ( 0.7071067811865506800, -0.7071067811865443500, -2.897562362236309800E-016 ) ) ;
#8744 = VECTOR ( 'NONE', #8743, 1000.000000000000100 ) ;
#8745 =( LENGTH_UNIT ( ) NAMED_UNIT ( * ) SI_UNIT ( .MILLI., .METRE. ) );
#8746 = MECHANICAL_DESIGN_GEOMETRIC_PRESENTATION_REPRESENTATION (  '', ( #8748 ), #8732 ) ;
#8747 = PRESENTATION_LAYER_ASSIGNMENT (  '', '', ( #8748 ) ) ;
#8748 = STYLED_ITEM ( 'NONE', ( #8749 ), #6029 ) ;
#8749 = PRESENTATION_STYLE_ASSIGNMENT (( #8778 ) ) ;
#8750 = CARTESIAN_POINT ( 'NONE',  ( 2.281848015672501200, 10.75966338029491900, 4.569551199367454700 ) ) ;
#8751 = LINE ( 'NONE', #8750, #8744 ) ;
#8752 = DIRECTION ( 'NONE',  ( 1.000000000000000000, 0.0000000000000000000, 1.365923996832131600E-016 ) ) ;
#8753 = CARTESIAN_POINT ( 'NONE',  ( 0.4808272021961015300, 2.303842566818503200, -5.361848800632543500 ) ) ;
#8754 = LINE ( 'NONE', #8753, #8774 ) ;
#8755 = DIRECTION ( 'NONE',  ( 0.0000000000000000000, -1.000000000000000000, 0.0000000000000000000 ) ) ;
#8756 = VECTOR ( 'NONE', #8755, 1000.000000000000000 ) ;
#8757 = DIRECTION ( 'NONE',  ( -0.0000000000000000000, -1.000000000000000000, -0.0000000000000000000 ) ) ;
#8758 = VECTOR ( 'NONE', #8757, 1000.000000000000000 ) ;
#8759 = CARTESIAN_POINT ( 'NONE',  ( 0.4808272021961015300, 8.958642566818507900, -5.666648800632544600 ) ) ;
#8760 = LINE ( 'NONE', #8759, #8758 ) ;
#8761 = CARTESIAN_POINT ( 'NONE',  ( 0.9126272021961019400, 2.303842566818503200, -5.666648800632544600 ) ) ;
#8762 = DIRECTION ( 'NONE',  ( -1.000000000000000000, 0.0000000000000000000, 4.097771990496393800E-016 ) ) ;
#8763 = DIRECTION ( 'NONE',  ( -4.097771990496393800E-016, 0.0000000000000000000, -1.000000000000000000 ) ) ;
#8764 = CARTESIAN_POINT ( 'NONE',  ( 0.4808272021961023700, 8.958642566818507900, 4.569551199367456500 ) ) ;
#8765 = DIRECTION ( 'NONE',  ( 8.869636343065785700E-017, 0.0000000000000000000, 1.000000000000000000 ) ) ;
#8766 = DIRECTION ( 'NONE',  ( 1.000000000000000000, 1.063803735850569600E-016, -0.0000000000000000000 ) ) ;
#8767 = CARTESIAN_POINT ( 'NONE',  ( -6.158127750930291600, 3.675442566818504500, -0.3961488006325448700 ) ) ;
#8768 = AXIS2_PLACEMENT_3D ( 'NONE', #8767, #8766, #8720 ) ;
#8769 = CIRCLE ( 'NONE', #8768, 3.860800000000002000 ) ;
#8770 = DIRECTION ( 'NONE',  ( -1.076095585739599800E-016, 1.000000000000000000, 0.0000000000000000000 ) ) ;
#8771 = DIRECTION ( 'NONE',  ( 1.000000000000000000, 1.063803735850569600E-016, -0.0000000000000000000 ) ) ;
#8772 = AXIS2_PLACEMENT_3D ( 'NONE', #8663, #8771, #8770 ) ;
#8773 =( NAMED_UNIT ( * ) PLANE_ANGLE_UNIT ( ) SI_UNIT ( $, .RADIAN. ) );
#8774 = VECTOR ( 'NONE', #8752, 1000.000000000000000 ) ;
#8775 = CARTESIAN_POINT ( 'NONE',  ( 0.09982720219610125000, -2.852357433181492900, -5.285648800632547100 ) ) ;
#8776 = CARTESIAN_POINT ( 'NONE',  ( 4.290827202196100900, -2.801557433181493200, 4.569551199367454700 ) ) ;
#8777 = CARTESIAN_POINT ( 'NONE',  ( 6.830827202196101800, -2.801557433181492800, 4.569551199367460000 ) ) ;
#8778 = SURFACE_STYLE_USAGE ( .BOTH. , #8779 ) ;
#8779 = SURFACE_SIDE_STYLE ('',( #8780 ) ) ;
#8780 = SURFACE_STYLE_FILL_AREA ( #8781 ) ;
#8781 = FILL_AREA_STYLE ('',( #8782 ) ) ;
#8782 = FILL_AREA_STYLE_COLOUR ( '', #8783 ) ;
#8783 = COLOUR_RGB ( '',1.000000000000000000, 0.8588235294117646500, 0.5568627450980392400 ) ;
#8784 = CARTESIAN_POINT ( 'NONE',  ( 0.4808272021961023700, -2.852357433181492900, 4.874351199367455800 ) ) ;
#8785 = LINE ( 'NONE', #8784, #8791 ) ;
#8786 = DIRECTION ( 'NONE',  ( 5.122214988120525900E-014, -1.000000000000000000, -2.098966910762110900E-029 ) ) ;
#8787 = CARTESIAN_POINT ( 'NONE',  ( 4.290827202195498700, 8.958642566818701500, 4.874351199367454000 ) ) ;
#8788 = LINE ( 'NONE', #8787, #8603 ) ;
#8789 = VECTOR ( 'NONE', #8851, 1000.000000000000000 ) ;
#8790 = DIRECTION ( 'NONE',  ( 1.000000000000000000, 0.0000000000000000000, -4.097771990496393800E-016 ) ) ;
#8791 = VECTOR ( 'NONE', #8790, 1000.000000000000000 ) ;
#8792 = VECTOR ( 'NONE', #8827, 1000.000000000000000 ) ;
#8793 = CARTESIAN_POINT ( 'NONE',  ( 0.4808272021961023700, 8.958642566818507900, 4.874351199367455800 ) ) ;
#8794 = PLANE ( 'NONE',  #8833 ) ;
#8795 = MECHANICAL_DESIGN_GEOMETRIC_PRESENTATION_REPRESENTATION (  '', ( #8834 ), #8807 ) ;
#8796 = PRESENTATION_LAYER_ASSIGNMENT (  '', '', ( #8834 ) ) ;
#8797 = CARTESIAN_POINT ( 'NONE',  ( 0.4808272021961041400, -2.801557433181492800, 4.569551199367456500 ) ) ;
#8798 = CARTESIAN_POINT ( 'NONE',  ( 6.830827202196103600, 6.210684193771358600, 4.569551199367452900 ) ) ;
#8799 = CARTESIAN_POINT ( 'NONE',  ( 0.4808272021961023700, 2.303842566818503200, 4.874351199367455800 ) ) ;
#8800 = FACE_OUTER_BOUND ( 'NONE', #5952, .T. ) ;
#8801 = DIRECTION ( 'NONE',  ( -1.000000000000000000, -1.227197340903868200E-016, 4.097771990496393800E-016 ) ) ;
#8802 = FILL_AREA_STYLE_COLOUR ( '', #8832 ) ;
#8803 = CARTESIAN_POINT ( 'NONE',  ( 0.4808272021961023700, 8.958642566818507900, 4.569551199367456500 ) ) ;
#8804 = UNCERTAINTY_MEASURE_WITH_UNIT (LENGTH_MEASURE( 1.000000000000000100E-005 ), #8826, 'distance_accuracy_value', 'NONE');
#8805 = LINE ( 'NONE', #8797, #8838 ) ;
#8806 = LINE ( 'NONE', #8799, #8837 ) ;
#8807 =( GEOMETRIC_REPRESENTATION_CONTEXT ( 3 ) GLOBAL_UNCERTAINTY_ASSIGNED_CONTEXT ( ( #8804 ) ) GLOBAL_UNIT_ASSIGNED_CONTEXT ( ( #8826, #8821, #8820 ) ) REPRESENTATION_CONTEXT ( 'NONE', 'WORKASPACE' ) );
#8808 = DIRECTION ( 'NONE',  ( -1.000000000000000000, 0.0000000000000000000, 0.0000000000000000000 ) ) ;
#8809 = DIRECTION ( 'NONE',  ( -0.0000000000000000000, 0.0000000000000000000, -1.000000000000000000 ) ) ;
#8810 = CARTESIAN_POINT ( 'NONE',  ( -6.158127750930291600, 6.266242566818506000, -0.3961488006325448700 ) ) ;
#8811 = AXIS2_PLACEMENT_3D ( 'NONE', #8810, #8809, #8808 ) ;
#8812 = LINE ( 'NONE', #8803, #8815 ) ;
#8813 = CARTESIAN_POINT ( 'NONE',  ( 0.4808272021961023700, 2.303842566818503200, 4.569551199367458200 ) ) ;
#8814 = DIRECTION ( 'NONE',  ( -0.0000000000000000000, -1.000000000000000000, -0.0000000000000000000 ) ) ;
#8815 = VECTOR ( 'NONE', #8814, 1000.000000000000000 ) ;
#8816 = SURFACE_STYLE_USAGE ( .BOTH. , #8817 ) ;
#8817 = SURFACE_SIDE_STYLE ('',( #8818 ) ) ;
#8818 = SURFACE_STYLE_FILL_AREA ( #8831 ) ;
#8819 = CARTESIAN_POINT ( 'NONE',  ( 6.830827202196101000, -2.801557433181492800, 4.874351199367459300 ) ) ;
#8820 =( NAMED_UNIT ( * ) SI_UNIT ( $, .STERADIAN. ) SOLID_ANGLE_UNIT ( ) );
#8821 =( NAMED_UNIT ( * ) PLANE_ANGLE_UNIT ( ) SI_UNIT ( $, .RADIAN. ) );
#8822 = DIRECTION ( 'NONE',  ( -1.000000000000000000, 0.0000000000000000000, 4.097771990496393800E-016 ) ) ;
#8823 = VECTOR ( 'NONE', #8822, 1000.000000000000000 ) ;
#8824 = CARTESIAN_POINT ( 'NONE',  ( 0.4808272021961023700, 5.047042566818506200, 4.874351199367455800 ) ) ;
#8825 = LINE ( 'NONE', #8824, #8823 ) ;
#8826 =( LENGTH_UNIT ( ) NAMED_UNIT ( * ) SI_UNIT ( .MILLI., .METRE. ) );
#8827 = DIRECTION ( 'NONE',  ( -0.0000000000000000000, -1.000000000000000000, -0.0000000000000000000 ) ) ;
#8828 = CIRCLE ( 'NONE', #8811, 1.270000000000000200 ) ;
#8829 = DIRECTION ( 'NONE',  ( -1.000000000000000000, 0.0000000000000000000, 4.097771990496393800E-016 ) ) ;
#8830 = DIRECTION ( 'NONE',  ( -4.097771990496393800E-016, 0.0000000000000000000, -1.000000000000000000 ) ) ;
#8831 = FILL_AREA_STYLE ('',( #8802 ) ) ;
#8832 = COLOUR_RGB ( '',1.000000000000000000, 0.8588235294117646500, 0.5568627450980392400 ) ;
#8833 = AXIS2_PLACEMENT_3D ( 'NONE', #8793, #8830, #8829 ) ;
#8834 = STYLED_ITEM ( 'NONE', ( #8835 ), #6073 ) ;
#8835 = PRESENTATION_STYLE_ASSIGNMENT (( #8816 ) ) ;
#8836 = DIRECTION ( 'NONE',  ( 1.000000000000000000, 0.0000000000000000000, -4.097771990496393800E-016 ) ) ;
#8837 = VECTOR ( 'NONE', #8836, 1000.000000000000000 ) ;
#8838 = VECTOR ( 'NONE', #8801, 1000.000000000000000 ) ;
#8839 = DIRECTION ( 'NONE',  ( 0.0000000000000000000, -1.000000000000000000, 0.0000000000000000000 ) ) ;
#8840 = VECTOR ( 'NONE', #8839, 1000.000000000000000 ) ;
#8841 = CARTESIAN_POINT ( 'NONE',  ( 0.9126272021961019400, 8.958642566818507900, -5.666648800632544600 ) ) ;
#8842 = LINE ( 'NONE', #8841, #8840 ) ;
#8843 =( NAMED_UNIT ( * ) PLANE_ANGLE_UNIT ( ) SI_UNIT ( $, .RADIAN. ) );
#8844 =( LENGTH_UNIT ( ) NAMED_UNIT ( * ) SI_UNIT ( .MILLI., .METRE. ) );
#8845 = MECHANICAL_DESIGN_GEOMETRIC_PRESENTATION_REPRESENTATION (  '', ( #8894 ), #8873 ) ;
#8846 = MECHANICAL_DESIGN_GEOMETRIC_PRESENTATION_REPRESENTATION (  '', ( #8868 ), #8848 ) ;
#8847 = PRESENTATION_LAYER_ASSIGNMENT (  '', '', ( #8868 ) ) ;
#8848 =( GEOMETRIC_REPRESENTATION_CONTEXT ( 3 ) GLOBAL_UNCERTAINTY_ASSIGNED_CONTEXT ( ( #8909 ) ) GLOBAL_UNIT_ASSIGNED_CONTEXT ( ( #8907, #8913, #8865 ) ) REPRESENTATION_CONTEXT ( 'NONE', 'WORKASPACE' ) );
#8849 = CARTESIAN_POINT ( 'NONE',  ( 0.4808272021961023700, 8.958642566818507900, 4.874351199367457500 ) ) ;
#8850 = DIRECTION ( 'NONE',  ( 0.0000000000000000000, 1.000000000000000000, 0.0000000000000000000 ) ) ;
#8851 = DIRECTION ( 'NONE',  ( 0.0000000000000000000, 0.0000000000000000000, -1.000000000000000000 ) ) ;
#8852 = CARTESIAN_POINT ( 'NONE',  ( 4.082868829148931200, 8.958642566818507900, 5.191851199367455600 ) ) ;
#8853 = LINE ( 'NONE', #8852, #8789 ) ;
#8854 = DIRECTION ( 'NONE',  ( 1.000000000000000000, 1.063803735850569600E-016, -0.0000000000000000000 ) ) ;
#8855 = VECTOR ( 'NONE', #8854, 1000.000000000000000 ) ;
#8856 = CARTESIAN_POINT ( 'NONE',  ( 0.4808272021961028100, -0.1853574331814951700, -0.3961488006325443700 ) ) ;
#8857 = LINE ( 'NONE', #8856, #8855 ) ;
#8858 = CARTESIAN_POINT ( 'NONE',  ( -0.5217947690564629400, -0.1853574331814938600, -0.3961488006325443200 ) ) ;
#8859 = CARTESIAN_POINT ( 'NONE',  ( 0.4808272021961015300, 2.303842566818503200, -5.361848800632543500 ) ) ;
#8860 = DIRECTION ( 'NONE',  ( 1.166145244713024100E-015, 0.0000000000000000000, -1.000000000000000000 ) ) ;
#8861 = DIRECTION ( 'NONE',  ( 1.000000000000000000, -0.0000000000000000000, 1.166145244713024100E-015 ) ) ;
#8862 = CARTESIAN_POINT ( 'NONE',  ( 6.830827202196101800, 8.958642566818507900, -5.666648800632542800 ) ) ;
#8863 = AXIS2_PLACEMENT_3D ( 'NONE', #8862, #8861, #8860 ) ;
#8864 = PLANE ( 'NONE',  #8863 ) ;
#8865 =( NAMED_UNIT ( * ) SI_UNIT ( $, .STERADIAN. ) SOLID_ANGLE_UNIT ( ) );
#8866 = SURFACE_STYLE_FILL_AREA ( #8867 ) ;
#8867 = FILL_AREA_STYLE ('',( #8872 ) ) ;
#8868 = STYLED_ITEM ( 'NONE', ( #8889 ), #6091 ) ;
#8869 = CARTESIAN_POINT ( 'NONE',  ( 0.4046272021961030400, -2.852357433181492900, 4.493351199367458200 ) ) ;
#8870 = PLANE ( 'NONE',  #8892 ) ;
#8871 = CARTESIAN_POINT ( 'NONE',  ( 0.4046272021961012700, -2.852357433181492900, -5.285648800632547100 ) ) ;
#8872 = FILL_AREA_STYLE_COLOUR ( '', #8881 ) ;
#8873 =( GEOMETRIC_REPRESENTATION_CONTEXT ( 3 ) GLOBAL_UNCERTAINTY_ASSIGNED_CONTEXT ( ( #8874 ) ) GLOBAL_UNIT_ASSIGNED_CONTEXT ( ( #8844, #8843, #8875 ) ) REPRESENTATION_CONTEXT ( 'NONE', 'WORKASPACE' ) );
#8874 = UNCERTAINTY_MEASURE_WITH_UNIT (LENGTH_MEASURE( 1.000000000000000100E-005 ), #8844, 'distance_accuracy_value', 'NONE');
#8875 =( NAMED_UNIT ( * ) SI_UNIT ( $, .STERADIAN. ) SOLID_ANGLE_UNIT ( ) );
#8876 = LINE ( 'NONE', #8849, #8915 ) ;
#8877 = VECTOR ( 'NONE', #8880, 1000.000000000000000 ) ;
#8878 = AXIS2_PLACEMENT_3D ( 'NONE', #8910, #8879, #8850 ) ;
#8879 = DIRECTION ( 'NONE',  ( 1.000000000000000000, 1.063803735850569600E-016, -0.0000000000000000000 ) ) ;
#8880 = DIRECTION ( 'NONE',  ( 8.869636343065785700E-017, 0.0000000000000000000, 1.000000000000000000 ) ) ;
#8881 = COLOUR_RGB ( '',1.000000000000000000, 0.8588235294117646500, 0.5568627450980392400 ) ;
#8882 = SURFACE_STYLE_USAGE ( .BOTH. , #8883 ) ;
#8883 = SURFACE_SIDE_STYLE ('',( #8866 ) ) ;
#8884 = CARTESIAN_POINT ( 'NONE',  ( 0.09982720219610125000, -2.801557433181493600, -1.666148800632544200 ) ) ;
#8885 = DIRECTION ( 'NONE',  ( -0.0000000000000000000, -1.000000000000000000, -0.0000000000000000000 ) ) ;
#8886 = VECTOR ( 'NONE', #8885, 1000.000000000000000 ) ;
#8887 = CARTESIAN_POINT ( 'NONE',  ( 0.09982720219610125000, -2.852357433181492900, -1.666148800632544200 ) ) ;
#8888 = LINE ( 'NONE', #8887, #8886 ) ;
#8889 = PRESENTATION_STYLE_ASSIGNMENT (( #8882 ) ) ;
#8890 = DIRECTION ( 'NONE',  ( 0.0000000000000000000, 0.0000000000000000000, -1.000000000000000000 ) ) ;
#8891 = DIRECTION ( 'NONE',  ( 0.0000000000000000000, -1.000000000000000000, -0.0000000000000000000 ) ) ;
#8892 = AXIS2_PLACEMENT_3D ( 'NONE', #8869, #8891, #8890 ) ;
#8893 = PRESENTATION_LAYER_ASSIGNMENT (  '', '', ( #8894 ) ) ;
#8894 = STYLED_ITEM ( 'NONE', ( #8895 ), #6098 ) ;
#8895 = PRESENTATION_STYLE_ASSIGNMENT (( #8896 ) ) ;
#8896 = SURFACE_STYLE_USAGE ( .BOTH. , #8897 ) ;
#8897 = SURFACE_SIDE_STYLE ('',( #8898 ) ) ;
#8898 = SURFACE_STYLE_FILL_AREA ( #8899 ) ;
#8899 = FILL_AREA_STYLE ('',( #8906 ) ) ;
#8900 = COLOUR_RGB ( '',1.000000000000000000, 0.8588235294117646500, 0.5568627450980392400 ) ;
#8901 = FACE_OUTER_BOUND ( 'NONE', #6099, .T. ) ;
#8902 = DIRECTION ( 'NONE',  ( -0.0000000000000000000, -1.000000000000000000, -0.0000000000000000000 ) ) ;
#8903 = VECTOR ( 'NONE', #8902, 1000.000000000000000 ) ;
#8904 = CARTESIAN_POINT ( 'NONE',  ( 6.830827202196101800, 8.958642566818507900, -5.666648800632542800 ) ) ;
#8905 = LINE ( 'NONE', #8904, #8903 ) ;
#8906 = FILL_AREA_STYLE_COLOUR ( '', #8900 ) ;
#8907 =( LENGTH_UNIT ( ) NAMED_UNIT ( * ) SI_UNIT ( .MILLI., .METRE. ) );
#8908 = CIRCLE ( 'NONE', #8878, 3.022599999999999300 ) ;
#8909 = UNCERTAINTY_MEASURE_WITH_UNIT (LENGTH_MEASURE( 1.000000000000000100E-005 ), #8907, 'distance_accuracy_value', 'NONE');
#8910 = CARTESIAN_POINT ( 'NONE',  ( -7.672572797803894700, 3.675442566818504500, -0.3961488006325448700 ) ) ;
#8911 = DIRECTION ( 'NONE',  ( -0.0000000000000000000, -1.000000000000000000, -0.0000000000000000000 ) ) ;
#8912 = CARTESIAN_POINT ( 'NONE',  ( -7.672572797803894700, 0.6528425668185051700, -0.3961488006325444300 ) ) ;
#8913 =( NAMED_UNIT ( * ) PLANE_ANGLE_UNIT ( ) SI_UNIT ( $, .RADIAN. ) );
#8914 = LINE ( 'NONE', #8871, #8877 ) ;
#8915 = VECTOR ( 'NONE', #8911, 1000.000000000000000 ) ;
#8916 = FACE_OUTER_BOUND ( 'NONE', #6170, .T. ) ;
#8917 = CYLINDRICAL_SURFACE ( 'NONE', #8921, 0.9398000000000008600 ) ;
#8918 = UNCERTAINTY_MEASURE_WITH_UNIT (LENGTH_MEASURE( 1.000000000000000100E-005 ), #8922, 'distance_accuracy_value', 'NONE');
#8919 = DIRECTION ( 'NONE',  ( 1.000000000000000000, 3.408214427003764100E-016, -0.0000000000000000000 ) ) ;
#8920 = FILL_AREA_STYLE ('',( #8930 ) ) ;
#8921 = AXIS2_PLACEMENT_3D ( 'NONE', #8928, #8919, #8934 ) ;
#8922 =( LENGTH_UNIT ( ) NAMED_UNIT ( * ) SI_UNIT ( .MILLI., .METRE. ) );
#8923 = PRESENTATION_STYLE_ASSIGNMENT (( #8924 ) ) ;
#8924 = SURFACE_STYLE_USAGE ( .BOTH. , #8926 ) ;
#8925 = COLOUR_RGB ( '',1.000000000000000000, 0.8588235294117646500, 0.5568627450980392400 ) ;
#8926 = SURFACE_SIDE_STYLE ('',( #8929 ) ) ;
#8927 =( NAMED_UNIT ( * ) PLANE_ANGLE_UNIT ( ) SI_UNIT ( $, .RADIAN. ) );
#8928 = CARTESIAN_POINT ( 'NONE',  ( 6.830827202196104500, -5.057716452369022300, -5.284792008734386000 ) ) ;
#8929 = SURFACE_STYLE_FILL_AREA ( #8920 ) ;
#8930 = FILL_AREA_STYLE_COLOUR ( '', #8925 ) ;
#8931 = STYLED_ITEM ( 'NONE', ( #8923 ), #6879 ) ;
#8932 = FACE_OUTER_BOUND ( 'NONE', #6870, .T. ) ;
#8933 =( NAMED_UNIT ( * ) SI_UNIT ( $, .STERADIAN. ) SOLID_ANGLE_UNIT ( ) );
#8934 = DIRECTION ( 'NONE',  ( 0.0000000000000000000, -0.3420201433256694300, -0.9396926207859080900 ) ) ;
#8935 = PRESENTATION_LAYER_ASSIGNMENT (  '', '', ( #8931 ) ) ;
#8936 = MECHANICAL_DESIGN_GEOMETRIC_PRESENTATION_REPRESENTATION (  '', ( #8931 ), #8937 ) ;
#8937 =( GEOMETRIC_REPRESENTATION_CONTEXT ( 3 ) GLOBAL_UNCERTAINTY_ASSIGNED_CONTEXT ( ( #8918 ) ) GLOBAL_UNIT_ASSIGNED_CONTEXT ( ( #8922, #8927, #8933 ) ) REPRESENTATION_CONTEXT ( 'NONE', 'WORKASPACE' ) );
#8938 = CARTESIAN_POINT ( 'NONE',  ( 6.830827202196104500, -5.057716452369022300, -5.284792008734386000 ) ) ;
#8939 = CYLINDRICAL_SURFACE ( 'NONE', #8943, 0.6350000000000013400 ) ;
#8940 =( GEOMETRIC_REPRESENTATION_CONTEXT ( 3 ) GLOBAL_UNCERTAINTY_ASSIGNED_CONTEXT ( ( #8957 ) ) GLOBAL_UNIT_ASSIGNED_CONTEXT ( ( #8969, #8959, #8958 ) ) REPRESENTATION_CONTEXT ( 'NONE', 'WORKASPACE' ) );
#8941 = DIRECTION ( 'NONE',  ( 0.0000000000000000000, -0.3420201433256701600, -0.9396926207859078700 ) ) ;
#8942 = DIRECTION ( 'NONE',  ( 1.000000000000000000, 3.408214427003764100E-016, -0.0000000000000000000 ) ) ;
#8943 = AXIS2_PLACEMENT_3D ( 'NONE', #8938, #8942, #8941 ) ;
#8944 =( NAMED_UNIT ( * ) SI_UNIT ( $, .STERADIAN. ) SOLID_ANGLE_UNIT ( ) );
#8945 =( LENGTH_UNIT ( ) NAMED_UNIT ( * ) SI_UNIT ( .MILLI., .METRE. ) );
#8946 =( NAMED_UNIT ( * ) PLANE_ANGLE_UNIT ( ) SI_UNIT ( $, .RADIAN. ) );
#8947 = DIRECTION ( 'NONE',  ( 0.0000000000000000000, 0.0000000000000000000, -1.000000000000000000 ) ) ;
#8948 = CARTESIAN_POINT ( 'NONE',  ( 4.290827202196104500, -5.057716452369022300, 4.492494407469297200 ) ) ;
#8949 = AXIS2_PLACEMENT_3D ( 'NONE', #8948, #8951, #8947 ) ;
#8950 = PLANE ( 'NONE',  #8949 ) ;
#8951 = DIRECTION ( 'NONE',  ( 1.000000000000000000, 0.0000000000000000000, 0.0000000000000000000 ) ) ;
#8952 = VECTOR ( 'NONE', #8953, 1000.000000000000000 ) ;
#8953 = DIRECTION ( 'NONE',  ( -1.000000000000000000, -1.707404996040163800E-016, -3.414809992080328000E-016 ) ) ;
#8954 = UNCERTAINTY_MEASURE_WITH_UNIT (LENGTH_MEASURE( 1.000000000000000100E-005 ), #8945, 'distance_accuracy_value', 'NONE');
#8955 = CARTESIAN_POINT ( 'NONE',  ( 6.830827202196104500, -4.814478313781680000, -6.192569100280853600 ) ) ;
#8956 = LINE ( 'NONE', #8955, #8952 ) ;
#8957 = UNCERTAINTY_MEASURE_WITH_UNIT (LENGTH_MEASURE( 1.000000000000000100E-005 ), #8969, 'distance_accuracy_value', 'NONE');
#8958 =( NAMED_UNIT ( * ) SI_UNIT ( $, .STERADIAN. ) SOLID_ANGLE_UNIT ( ) );
#8959 =( NAMED_UNIT ( * ) PLANE_ANGLE_UNIT ( ) SI_UNIT ( $, .RADIAN. ) );
#8960 = PRESENTATION_LAYER_ASSIGNMENT (  '', '', ( #8961 ) ) ;
#8961 = STYLED_ITEM ( 'NONE', ( #8965 ), #6886 ) ;
#8962 = CARTESIAN_POINT ( 'NONE',  ( 6.830827202196103600, -4.893366358728926900, 5.105857307162854600 ) ) ;
#8963 = FILL_AREA_STYLE_COLOUR ( '', #8971 ) ;
#8964 = FACE_OUTER_BOUND ( 'NONE', #6954, .T. ) ;
#8965 = PRESENTATION_STYLE_ASSIGNMENT (( #8966 ) ) ;
#8966 = SURFACE_STYLE_USAGE ( .BOTH. , #8967 ) ;
#8967 = SURFACE_SIDE_STYLE ('',( #8970 ) ) ;
#8968 = FILL_AREA_STYLE ('',( #8963 ) ) ;
#8969 =( LENGTH_UNIT ( ) NAMED_UNIT ( * ) SI_UNIT ( .MILLI., .METRE. ) );
#8970 = SURFACE_STYLE_FILL_AREA ( #8968 ) ;
#8971 = COLOUR_RGB ( '',1.000000000000000000, 0.8588235294117646500, 0.5568627450980392400 ) ;
#8972 = MECHANICAL_DESIGN_GEOMETRIC_PRESENTATION_REPRESENTATION (  '', ( #8961 ), #8940 ) ;
#8973 = CARTESIAN_POINT ( 'NONE',  ( 6.830827202196103600, -5.274899243380823500, -5.881496822933438100 ) ) ;
#8974 = STYLED_ITEM ( 'NONE', ( #8980 ), #6887 ) ;
#8975 = PRESENTATION_LAYER_ASSIGNMENT (  '', '', ( #8974 ) ) ;
#8976 = CARTESIAN_POINT ( 'NONE',  ( 6.830827202196103600, -5.057716452369022300, -5.284792008734386000 ) ) ;
#8977 = AXIS2_PLACEMENT_3D ( 'NONE', #8976, #8985, #8984 ) ;
#8978 = FILL_AREA_STYLE ('',( #8993 ) ) ;
#8979 = DIRECTION ( 'NONE',  ( 0.0000000000000000000, 1.000000000000000000, 0.0000000000000000000 ) ) ;
#8980 = PRESENTATION_STYLE_ASSIGNMENT (( #8994 ) ) ;
#8981 =( NAMED_UNIT ( * ) PLANE_ANGLE_UNIT ( ) SI_UNIT ( $, .RADIAN. ) );
#8982 = UNCERTAINTY_MEASURE_WITH_UNIT (LENGTH_MEASURE( 1.000000000000000100E-005 ), #8992, 'distance_accuracy_value', 'NONE');
#8983 =( NAMED_UNIT ( * ) SI_UNIT ( $, .STERADIAN. ) SOLID_ANGLE_UNIT ( ) );
#8984 = DIRECTION ( 'NONE',  ( 3.408214427003764100E-016, -1.000000000000000000, 0.0000000000000000000 ) ) ;
#8985 = DIRECTION ( 'NONE',  ( -1.000000000000000000, -3.408214427003764100E-016, 0.0000000000000000000 ) ) ;
#8986 = COLOUR_RGB ( '',1.000000000000000000, 0.8588235294117646500, 0.5568627450980392400 ) ;
#8987 =( GEOMETRIC_REPRESENTATION_CONTEXT ( 3 ) GLOBAL_UNCERTAINTY_ASSIGNED_CONTEXT ( ( #8982 ) ) GLOBAL_UNIT_ASSIGNED_CONTEXT ( ( #8992, #8981, #8983 ) ) REPRESENTATION_CONTEXT ( 'NONE', 'WORKASPACE' ) );
#8988 = DIRECTION ( 'NONE',  ( 1.000000000000000000, 3.408214427003764100E-016, -0.0000000000000000000 ) ) ;
#8989 = CARTESIAN_POINT ( 'NONE',  ( 6.830827202196103600, -5.057716452369022300, -5.284792008734386000 ) ) ;
#8990 = AXIS2_PLACEMENT_3D ( 'NONE', #8989, #8988, #8979 ) ;
#8991 = FACE_OUTER_BOUND ( 'NONE', #6888, .T. ) ;
#8992 =( LENGTH_UNIT ( ) NAMED_UNIT ( * ) SI_UNIT ( .MILLI., .METRE. ) );
#8993 = FILL_AREA_STYLE_COLOUR ( '', #8986 ) ;
#8994 = SURFACE_STYLE_USAGE ( .BOTH. , #8999 ) ;
#8995 = CIRCLE ( 'NONE', #8990, 0.6350000000000010100 ) ;
#8996 = SURFACE_STYLE_FILL_AREA ( #8978 ) ;
#8997 = PLANE ( 'NONE',  #8977 ) ;
#8998 = MECHANICAL_DESIGN_GEOMETRIC_PRESENTATION_REPRESENTATION (  '', ( #8974 ), #8987 ) ;
#8999 = SURFACE_SIDE_STYLE ('',( #8996 ) ) ;
#9000 = VECTOR ( 'NONE', #9015, 999.9999999999998900 ) ;
#9001 = DIRECTION ( 'NONE',  ( 3.408214427003764100E-016, -1.000000000000000000, 0.0000000000000000000 ) ) ;
#9002 = DIRECTION ( 'NONE',  ( -1.000000000000000000, -3.408214427003764100E-016, 0.0000000000000000000 ) ) ;
#9003 = CARTESIAN_POINT ( 'NONE',  ( 4.290827202196104500, -5.057716452369023200, -5.284792008734386000 ) ) ;
#9004 = CARTESIAN_POINT ( 'NONE',  ( 6.830827202196104500, -5.379146983066487300, -6.167915133748981500 ) ) ;
#9005 = VECTOR ( 'NONE', #9022, 1000.000000000000000 ) ;
#9006 = FACE_OUTER_BOUND ( 'NONE', #6900, .T. ) ;
#9007 = DIRECTION ( 'NONE',  ( -1.000000000000000000, -3.408214427003764100E-016, 0.0000000000000000000 ) ) ;
#9008 = MECHANICAL_DESIGN_GEOMETRIC_PRESENTATION_REPRESENTATION (  '', ( #9017 ), #9014 ) ;
#9009 = DIRECTION ( 'NONE',  ( 0.0000000000000000000, 1.000000000000000000, 0.0000000000000000000 ) ) ;
#9010 = DIRECTION ( 'NONE',  ( 1.000000000000000000, 3.408214427003764100E-016, -0.0000000000000000000 ) ) ;
#9011 = CARTESIAN_POINT ( 'NONE',  ( 4.290827202196104500, -5.057716452369023200, -5.284792008734386000 ) ) ;
#9012 =( LENGTH_UNIT ( ) NAMED_UNIT ( * ) SI_UNIT ( .MILLI., .METRE. ) );
#9013 = PLANE ( 'NONE',  #9040 ) ;
#9014 =( GEOMETRIC_REPRESENTATION_CONTEXT ( 3 ) GLOBAL_UNCERTAINTY_ASSIGNED_CONTEXT ( ( #9025 ) ) GLOBAL_UNIT_ASSIGNED_CONTEXT ( ( #9012, #9041, #9035 ) ) REPRESENTATION_CONTEXT ( 'NONE', 'WORKASPACE' ) );
#9015 = DIRECTION ( 'NONE',  ( 3.792838652404492100E-016, -0.3420201433256697700, -0.9396926207859080900 ) ) ;
#9016 = PRESENTATION_LAYER_ASSIGNMENT (  '', '', ( #9017 ) ) ;
#9017 = STYLED_ITEM ( 'NONE', ( #9027 ), #6906 ) ;
#9018 = SURFACE_STYLE_FILL_AREA ( #9019 ) ;
#9019 = FILL_AREA_STYLE ('',( #9043 ) ) ;
#9020 = CARTESIAN_POINT ( 'NONE',  ( 4.290827202196104500, -4.814478313781680000, -6.192569100280853600 ) ) ;
#9021 = VECTOR ( 'NONE', #9031, 999.9999999999998900 ) ;
#9022 = DIRECTION ( 'NONE',  ( -1.280553747030123300E-015, 0.9659258262890699800, 0.2588190451025146300 ) ) ;
#9023 = CARTESIAN_POINT ( 'NONE',  ( 6.830827202196103600, -5.057716452369022300, -5.284792008734386000 ) ) ;
#9024 = AXIS2_PLACEMENT_3D ( 'NONE', #9023, #9010, #9009 ) ;
#9025 = UNCERTAINTY_MEASURE_WITH_UNIT (LENGTH_MEASURE( 1.000000000000000100E-005 ), #9012, 'distance_accuracy_value', 'NONE');
#9026 = AXIS2_PLACEMENT_3D ( 'NONE', #9011, #9007, #9039 ) ;
#9027 = PRESENTATION_STYLE_ASSIGNMENT (( #9028 ) ) ;
#9028 = SURFACE_STYLE_USAGE ( .BOTH. , #9029 ) ;
#9029 = SURFACE_SIDE_STYLE ('',( #9018 ) ) ;
#9030 = CARTESIAN_POINT ( 'NONE',  ( 4.290827202196104500, -4.814478313781682700, -6.192569100280855400 ) ) ;
#9031 = DIRECTION ( 'NONE',  ( 3.792838652404491100E-016, -0.3420201433256697700, -0.9396926207859080900 ) ) ;
#9032 = CARTESIAN_POINT ( 'NONE',  ( 4.290827202196104500, -5.379146983066489100, -6.167915133748983300 ) ) ;
#9033 = LINE ( 'NONE', #9032, #9021 ) ;
#9034 = CIRCLE ( 'NONE', #9026, 0.9398000000000010800 ) ;
#9035 =( NAMED_UNIT ( * ) SI_UNIT ( $, .STERADIAN. ) SOLID_ANGLE_UNIT ( ) );
#9036 = LINE ( 'NONE', #9030, #9005 ) ;
#9037 = CIRCLE ( 'NONE', #9024, 0.9398000000000010800 ) ;
#9038 = CARTESIAN_POINT ( 'NONE',  ( 6.830827202196104500, -5.274899243380823500, -5.881496822933438100 ) ) ;
#9039 = DIRECTION ( 'NONE',  ( 0.0000000000000000000, 1.000000000000000000, 1.845843238962337700E-015 ) ) ;
#9040 = AXIS2_PLACEMENT_3D ( 'NONE', #9003, #9002, #9001 ) ;
#9041 =( NAMED_UNIT ( * ) PLANE_ANGLE_UNIT ( ) SI_UNIT ( $, .RADIAN. ) );
#9042 = LINE ( 'NONE', #9038, #9000 ) ;
#9043 = FILL_AREA_STYLE_COLOUR ( '', #9044 ) ;
#9044 = COLOUR_RGB ( '',1.000000000000000000, 0.8588235294117646500, 0.5568627450980392400 ) ;
#9045 = DIRECTION ( 'NONE',  ( 4.184816166765108200E-016, 0.9396926207859080900, -0.3420201433256696600 ) ) ;
#9046 =( NAMED_UNIT ( * ) PLANE_ANGLE_UNIT ( ) SI_UNIT ( $, .RADIAN. ) );
#9047 =( GEOMETRIC_REPRESENTATION_CONTEXT ( 3 ) GLOBAL_UNCERTAINTY_ASSIGNED_CONTEXT ( ( #8954 ) ) GLOBAL_UNIT_ASSIGNED_CONTEXT ( ( #8945, #8946, #8944 ) ) REPRESENTATION_CONTEXT ( 'NONE', 'WORKASPACE' ) );
#9048 = DIRECTION ( 'NONE',  ( 0.0000000000000000000, 0.9396926207859080900, 0.3420201433256696600 ) ) ;
#9049 = VECTOR ( 'NONE', #9045, 1000.000000000000000 ) ;
#9050 = CARTESIAN_POINT ( 'NONE',  ( 4.290827202196104500, -5.086758938145606200, -5.949974293904815200 ) ) ;
#9051 = UNCERTAINTY_MEASURE_WITH_UNIT (LENGTH_MEASURE( 1.000000000000000100E-005 ), #9332, 'distance_accuracy_value', 'NONE');
#9052 = DIRECTION ( 'NONE',  ( 0.0000000000000000000, 0.9396926207859080900, -0.3420201433256696600 ) ) ;
#9053 = LINE ( 'NONE', #9050, #9049 ) ;
#9054 = DIRECTION ( 'NONE',  ( -3.792838652404491100E-016, 0.3420201433256696600, 0.9396926207859080900 ) ) ;
#9055 =( GEOMETRIC_REPRESENTATION_CONTEXT ( 3 ) GLOBAL_UNCERTAINTY_ASSIGNED_CONTEXT ( ( #9051 ) ) GLOBAL_UNIT_ASSIGNED_CONTEXT ( ( #9332, #9046, #9059 ) ) REPRESENTATION_CONTEXT ( 'NONE', 'WORKASPACE' ) );
#9056 = PLANE ( 'NONE',  #9057 ) ;
#9057 = AXIS2_PLACEMENT_3D ( 'NONE', #9060, #9058, #9048 ) ;
#9058 = DIRECTION ( 'NONE',  ( -3.792838652404491100E-016, 0.3420201433256696600, -0.9396926207859080900 ) ) ;
#9059 =( NAMED_UNIT ( * ) SI_UNIT ( $, .STERADIAN. ) SOLID_ANGLE_UNIT ( ) );
#9060 = CARTESIAN_POINT ( 'NONE',  ( 6.830827202196104500, -5.086758938145604400, 5.157676692639724600 ) ) ;
#9061 = UNCERTAINTY_MEASURE_WITH_UNIT (LENGTH_MEASURE( 1.000000000000000100E-005 ), #9528, 'distance_accuracy_value', 'NONE');
#9062 =( GEOMETRIC_REPRESENTATION_CONTEXT ( 3 ) GLOBAL_UNCERTAINTY_ASSIGNED_CONTEXT ( ( #9061 ) ) GLOBAL_UNIT_ASSIGNED_CONTEXT ( ( #9528, #9527, #9530 ) ) REPRESENTATION_CONTEXT ( 'NONE', 'WORKASPACE' ) );
#9063 = DIRECTION ( 'NONE',  ( 2.275172608361710400E-015, 0.0000000000000000000, -1.000000000000000000 ) ) ;
#9064 = PLANE ( 'NONE',  #9073 ) ;
#9065 = DIRECTION ( 'NONE',  ( 0.0000000000000000000, 0.9396926207859082100, 0.3420201433256694300 ) ) ;
#9066 = DIRECTION ( 'NONE',  ( -1.159770349816850000E-015, 1.000000000000000000, 0.0000000000000000000 ) ) ;
#9067 = UNCERTAINTY_MEASURE_WITH_UNIT (LENGTH_MEASURE( 1.000000000000000100E-005 ), #9588, 'distance_accuracy_value', 'NONE');
#9068 = DIRECTION ( 'NONE',  ( 1.000000000000000000, 1.421982880226069000E-016, 2.275172608361710400E-015 ) ) ;
#9069 = PLANE ( 'NONE',  #9072 ) ;
#9070 = CARTESIAN_POINT ( 'NONE',  ( 4.290827202196100900, -2.930605079709536700, 4.579937007514545600 ) ) ;
#9071 = DIRECTION ( 'NONE',  ( 1.000000000000000000, 1.159770349816850000E-015, -6.193578742021301600E-016 ) ) ;
#9072 = AXIS2_PLACEMENT_3D ( 'NONE', #9074, #9068, #9063 ) ;
#9073 = AXIS2_PLACEMENT_3D ( 'NONE', #9070, #9071, #9066 ) ;
#9074 = CARTESIAN_POINT ( 'NONE',  ( 4.290827202196102700, -2.801557433181493200, -6.047648800632551100 ) ) ;
#9075 =( LENGTH_UNIT ( ) NAMED_UNIT ( * ) SI_UNIT ( .MILLI., .METRE. ) );
#9076 = PRESENTATION_STYLE_ASSIGNMENT (( #9080 ) ) ;
#9077 = MECHANICAL_DESIGN_GEOMETRIC_PRESENTATION_REPRESENTATION (  '', ( #9079 ), #9089 ) ;
#9078 = PRESENTATION_LAYER_ASSIGNMENT (  '', '', ( #9079 ) ) ;
#9079 = STYLED_ITEM ( 'NONE', ( #9076 ), #7065 ) ;
#9080 = SURFACE_STYLE_USAGE ( .BOTH. , #9082 ) ;
#9081 =( GEOMETRIC_REPRESENTATION_CONTEXT ( 3 ) GLOBAL_UNCERTAINTY_ASSIGNED_CONTEXT ( ( #9067 ) ) GLOBAL_UNIT_ASSIGNED_CONTEXT ( ( #9588, #9587, #9586 ) ) REPRESENTATION_CONTEXT ( 'NONE', 'WORKASPACE' ) );
#9082 = SURFACE_SIDE_STYLE ('',( #9083 ) ) ;
#9083 = SURFACE_STYLE_FILL_AREA ( #9605 ) ;
#9084 =( GEOMETRIC_REPRESENTATION_CONTEXT ( 3 ) GLOBAL_UNCERTAINTY_ASSIGNED_CONTEXT ( ( #9090 ) ) GLOBAL_UNIT_ASSIGNED_CONTEXT ( ( #9636, #9629, #9092 ) ) REPRESENTATION_CONTEXT ( 'NONE', 'WORKASPACE' ) );
#9085 = PRESENTATION_LAYER_ASSIGNMENT (  '', '', ( #9668 ) ) ;
#9086 =( NAMED_UNIT ( * ) SI_UNIT ( $, .STERADIAN. ) SOLID_ANGLE_UNIT ( ) );
#9087 =( NAMED_UNIT ( * ) PLANE_ANGLE_UNIT ( ) SI_UNIT ( $, .RADIAN. ) );
#9088 = MECHANICAL_DESIGN_GEOMETRIC_PRESENTATION_REPRESENTATION (  '', ( #9668 ), #9707 ) ;
#9089 =( GEOMETRIC_REPRESENTATION_CONTEXT ( 3 ) GLOBAL_UNCERTAINTY_ASSIGNED_CONTEXT ( ( #9091 ) ) GLOBAL_UNIT_ASSIGNED_CONTEXT ( ( #9075, #9087, #9086 ) ) REPRESENTATION_CONTEXT ( 'NONE', 'WORKASPACE' ) );
#9090 = UNCERTAINTY_MEASURE_WITH_UNIT (LENGTH_MEASURE( 1.000000000000000100E-005 ), #9636, 'distance_accuracy_value', 'NONE');
#9091 = UNCERTAINTY_MEASURE_WITH_UNIT (LENGTH_MEASURE( 1.000000000000000100E-005 ), #9075, 'distance_accuracy_value', 'NONE');
#9092 =( NAMED_UNIT ( * ) SI_UNIT ( $, .STERADIAN. ) SOLID_ANGLE_UNIT ( ) );
#9093 =( LENGTH_UNIT ( ) NAMED_UNIT ( * ) SI_UNIT ( .MILLI., .METRE. ) );
#9094 = LINE ( 'NONE', #9107, #9102 ) ;
#9095 = MECHANICAL_DESIGN_GEOMETRIC_PRESENTATION_REPRESENTATION (  '', ( #9097 ), #9047 ) ;
#9096 = PRESENTATION_LAYER_ASSIGNMENT (  '', '', ( #9097 ) ) ;
#9097 = STYLED_ITEM ( 'NONE', ( #9098 ), #6916 ) ;
#9098 = PRESENTATION_STYLE_ASSIGNMENT (( #9103 ) ) ;
#9099 = DIRECTION ( 'NONE',  ( -1.280553747030123300E-015, 0.9659258262890699800, -0.2588190451025146300 ) ) ;
#9100 = COLOUR_RGB ( '',1.000000000000000000, 0.8588235294117646500, 0.5568627450980392400 ) ;
#9101 = CARTESIAN_POINT ( 'NONE',  ( 6.830827202196104500, -4.814478313781680000, 5.400271499015763000 ) ) ;
#9102 = VECTOR ( 'NONE', #9099, 1000.000000000000000 ) ;
#9103 = SURFACE_STYLE_USAGE ( .BOTH. , #9104 ) ;
#9104 = SURFACE_SIDE_STYLE ('',( #9105 ) ) ;
#9105 = SURFACE_STYLE_FILL_AREA ( #9106 ) ;
#9106 = FILL_AREA_STYLE ('',( #9108 ) ) ;
#9107 = CARTESIAN_POINT ( 'NONE',  ( 4.290827202196104500, -4.893366358728928700, 5.105857307162856400 ) ) ;
#9108 = FILL_AREA_STYLE_COLOUR ( '', #9100 ) ;
#9109 = FACE_OUTER_BOUND ( 'NONE', #6850, .T. ) ;
#9110 = VECTOR ( 'NONE', #9140, 1000.000000000000000 ) ;
#9111 = CARTESIAN_POINT ( 'NONE',  ( 4.290827202196100900, -2.930605079709536700, -5.372234608779636200 ) ) ;
#9112 = DIRECTION ( 'NONE',  ( 1.159770349816850000E-015, -1.000000000000000000, 0.0000000000000000000 ) ) ;
#9113 = DIRECTION ( 'NONE',  ( -1.000000000000000000, -1.159770349816850000E-015, -6.193578742021301600E-016 ) ) ;
#9114 = CARTESIAN_POINT ( 'NONE',  ( 4.290827202196100900, -2.930605079709536700, -5.372234608779636200 ) ) ;
#9115 = LINE ( 'NONE', #9111, #9110 ) ;
#9116 = AXIS2_PLACEMENT_3D ( 'NONE', #9114, #9113, #9112 ) ;
#9117 = PLANE ( 'NONE',  #9116 ) ;
#9118 =( GEOMETRIC_REPRESENTATION_CONTEXT ( 3 ) GLOBAL_UNCERTAINTY_ASSIGNED_CONTEXT ( ( #9126 ) ) GLOBAL_UNIT_ASSIGNED_CONTEXT ( ( #9129, #9128, #9127 ) ) REPRESENTATION_CONTEXT ( 'NONE', 'WORKASPACE' ) );
#9119 =( NAMED_UNIT ( * ) PLANE_ANGLE_UNIT ( ) SI_UNIT ( $, .RADIAN. ) );
#9120 =( LENGTH_UNIT ( ) NAMED_UNIT ( * ) SI_UNIT ( .MILLI., .METRE. ) );
#9121 = MECHANICAL_DESIGN_GEOMETRIC_PRESENTATION_REPRESENTATION (  '', ( #9123 ), #9141 ) ;
#9122 = PRESENTATION_LAYER_ASSIGNMENT (  '', '', ( #9123 ) ) ;
#9123 = STYLED_ITEM ( 'NONE', ( #9130 ), #6935 ) ;
#9124 = DIRECTION ( 'NONE',  ( -2.529488883022458100E-015, 0.0000000000000000000, 1.000000000000000000 ) ) ;
#9125 = DIRECTION ( 'NONE',  ( -1.000000000000000000, -1.421982880226069000E-016, -2.275172608361710400E-015 ) ) ;
#9126 = UNCERTAINTY_MEASURE_WITH_UNIT (LENGTH_MEASURE( 1.000000000000000100E-005 ), #9129, 'distance_accuracy_value', 'NONE');
#9127 =( NAMED_UNIT ( * ) SI_UNIT ( $, .STERADIAN. ) SOLID_ANGLE_UNIT ( ) );
#9128 =( NAMED_UNIT ( * ) PLANE_ANGLE_UNIT ( ) SI_UNIT ( $, .RADIAN. ) );
#9129 =( LENGTH_UNIT ( ) NAMED_UNIT ( * ) SI_UNIT ( .MILLI., .METRE. ) );
#9130 = PRESENTATION_STYLE_ASSIGNMENT (( #9131 ) ) ;
#9131 = SURFACE_STYLE_USAGE ( .BOTH. , #9132 ) ;
#9132 = SURFACE_SIDE_STYLE ('',( #9133 ) ) ;
#9133 = SURFACE_STYLE_FILL_AREA ( #9134 ) ;
#9134 = FILL_AREA_STYLE ('',( #9135 ) ) ;
#9135 = FILL_AREA_STYLE_COLOUR ( '', #9136 ) ;
#9136 = COLOUR_RGB ( '',1.000000000000000000, 0.8588235294117646500, 0.5568627450980392400 ) ;
#9137 = FACE_OUTER_BOUND ( 'NONE', #6936, .T. ) ;
#9138 = CARTESIAN_POINT ( 'NONE',  ( 6.830827202196101000, -2.900167489365551400, -5.679631060816406700 ) ) ;
#9139 = CARTESIAN_POINT ( 'NONE',  ( 4.290827202196104500, -4.893366358728926900, -5.898154908427947000 ) ) ;
#9140 = DIRECTION ( 'NONE',  ( -1.280553747030123300E-015, 0.9659258262890699800, 0.2588190451025146300 ) ) ;
#9141 =( GEOMETRIC_REPRESENTATION_CONTEXT ( 3 ) GLOBAL_UNCERTAINTY_ASSIGNED_CONTEXT ( ( #9142 ) ) GLOBAL_UNIT_ASSIGNED_CONTEXT ( ( #9120, #9119, #9143 ) ) REPRESENTATION_CONTEXT ( 'NONE', 'WORKASPACE' ) );
#9142 = UNCERTAINTY_MEASURE_WITH_UNIT (LENGTH_MEASURE( 1.000000000000000100E-005 ), #9120, 'distance_accuracy_value', 'NONE');
#9143 =( NAMED_UNIT ( * ) SI_UNIT ( $, .STERADIAN. ) SOLID_ANGLE_UNIT ( ) );
#9144 = VECTOR ( 'NONE', #9166, 1000.000000000000000 ) ;
#9145 = CARTESIAN_POINT ( 'NONE',  ( 6.830827202196103600, -4.893366358728926900, -5.898154908427945200 ) ) ;
#9146 = LINE ( 'NONE', #9145, #9144 ) ;
#9147 = FILL_AREA_STYLE_COLOUR ( '', #9164 ) ;
#9148 = CARTESIAN_POINT ( 'NONE',  ( 6.830827202196103600, -4.893366358728926900, -5.898154908427947000 ) ) ;
#9149 = DIRECTION ( 'NONE',  ( 1.512670095008071400E-015, -0.9659258262890699800, -0.2588190451025146300 ) ) ;
#9150 = VECTOR ( 'NONE', #9149, 1000.000000000000000 ) ;
#9151 = CARTESIAN_POINT ( 'NONE',  ( 6.830827202196103600, -4.893366358728926900, -5.898154908427945200 ) ) ;
#9152 = CIRCLE ( 'NONE', #9154, 0.6858000000000020700 ) ;
#9153 = LINE ( 'NONE', #9151, #9150 ) ;
#9154 = AXIS2_PLACEMENT_3D ( 'NONE', #9155, #9125, #9124 ) ;
#9155 = CARTESIAN_POINT ( 'NONE',  ( 4.290827202196102700, -2.801557433181493200, -6.047648800632551100 ) ) ;
#9156 = MECHANICAL_DESIGN_GEOMETRIC_PRESENTATION_REPRESENTATION (  '', ( #9158 ), #9118 ) ;
#9157 = PRESENTATION_LAYER_ASSIGNMENT (  '', '', ( #9158 ) ) ;
#9158 = STYLED_ITEM ( 'NONE', ( #9159 ), #6926 ) ;
#9159 = PRESENTATION_STYLE_ASSIGNMENT (( #9160 ) ) ;
#9160 = SURFACE_STYLE_USAGE ( .BOTH. , #9161 ) ;
#9161 = SURFACE_SIDE_STYLE ('',( #9162 ) ) ;
#9162 = SURFACE_STYLE_FILL_AREA ( #9163 ) ;
#9163 = FILL_AREA_STYLE ('',( #9147 ) ) ;
#9164 = COLOUR_RGB ( '',1.000000000000000000, 0.8588235294117646500, 0.5568627450980392400 ) ;
#9165 = FACE_OUTER_BOUND ( 'NONE', #6925, .T. ) ;
#9166 = DIRECTION ( 'NONE',  ( 2.980831119295280200E-016, 0.2588190451025145800, -0.9659258262890699800 ) ) ;
#9167 = DIRECTION ( 'NONE',  ( -2.276539994720212400E-015, 0.0000000000000000000, 1.000000000000000000 ) ) ;
#9168 = AXIS2_PLACEMENT_3D ( 'NONE', #9275, #9274, #9167 ) ;
#9169 = CIRCLE ( 'NONE', #9168, 0.3810000000000011200 ) ;
#9170 = CARTESIAN_POINT ( 'NONE',  ( 4.290827202196101800, -2.979055534312799100, -5.385216868963500000 ) ) ;
#9171 = DIRECTION ( 'NONE',  ( -2.980831119295280200E-016, -0.2588190451025146300, 0.9659258262890699800 ) ) ;
#9172 = VECTOR ( 'NONE', #9171, 1000.000000000000000 ) ;
#9173 = CARTESIAN_POINT ( 'NONE',  ( 4.290827202196100900, -2.900167489365552700, -5.679631060816408400 ) ) ;
#9174 = LINE ( 'NONE', #9173, #9172 ) ;
#9175 = UNCERTAINTY_MEASURE_WITH_UNIT (LENGTH_MEASURE( 1.000000000000000100E-005 ), #9178, 'distance_accuracy_value', 'NONE');
#9176 =( NAMED_UNIT ( * ) SI_UNIT ( $, .STERADIAN. ) SOLID_ANGLE_UNIT ( ) );
#9177 =( NAMED_UNIT ( * ) PLANE_ANGLE_UNIT ( ) SI_UNIT ( $, .RADIAN. ) );
#9178 =( LENGTH_UNIT ( ) NAMED_UNIT ( * ) SI_UNIT ( .MILLI., .METRE. ) );
#9179 = MECHANICAL_DESIGN_GEOMETRIC_PRESENTATION_REPRESENTATION (  '', ( #9181 ), #9230 ) ;
#9180 = PRESENTATION_LAYER_ASSIGNMENT (  '', '', ( #9181 ) ) ;
#9181 = STYLED_ITEM ( 'NONE', ( #9182 ), #6981 ) ;
#9182 = PRESENTATION_STYLE_ASSIGNMENT (( #9183 ) ) ;
#9183 = SURFACE_STYLE_USAGE ( .BOTH. , #9184 ) ;
#9184 = SURFACE_SIDE_STYLE ('',( #9185 ) ) ;
#9185 = SURFACE_STYLE_FILL_AREA ( #9205 ) ;
#9186 = DIRECTION ( 'NONE',  ( -6.829619984160656100E-016, -0.9396926207859082100, 0.3420201433256694300 ) ) ;
#9187 = DIRECTION ( 'NONE',  ( 3.792838652404491600E-016, -0.3420201433256696600, -0.9396926207859080900 ) ) ;
#9188 = CARTESIAN_POINT ( 'NONE',  ( 5.560827202196104000, -5.945241562978872600, -5.961873556881442900 ) ) ;
#9189 = AXIS2_PLACEMENT_3D ( 'NONE', #9188, #9187, #9186 ) ;
#9190 = CIRCLE ( 'NONE', #9189, 1.270000000000000200 ) ;
#9191 = CARTESIAN_POINT ( 'NONE',  ( 5.560827202196104000, -7.138651191376975000, -5.527507974857845100 ) ) ;
#9192 = DIRECTION ( 'NONE',  ( -1.000000000000000000, -3.215081548745318800E-016, 2.866060603994570800E-016 ) ) ;
#9193 = VECTOR ( 'NONE', #9192, 1000.000000000000000 ) ;
#9194 = CARTESIAN_POINT ( 'NONE',  ( 6.830827202196104500, -5.274899243380822600, 5.089199221668347500 ) ) ;
#9195 = LINE ( 'NONE', #9194, #9193 ) ;
#9196 = DIRECTION ( 'NONE',  ( 0.0000000000000000000, 0.0000000000000000000, 1.000000000000000000 ) ) ;
#9197 = DIRECTION ( 'NONE',  ( -1.000000000000000000, -0.0000000000000000000, -0.0000000000000000000 ) ) ;
#9198 = FILL_AREA_STYLE_COLOUR ( '', #9199 ) ;
#9199 = COLOUR_RGB ( '',1.000000000000000000, 0.8588235294117646500, 0.5568627450980392400 ) ;
#9200 = FACE_OUTER_BOUND ( 'NONE', #6982, .T. ) ;
#9201 = DIRECTION ( 'NONE',  ( 1.000000000000000000, 0.0000000000000000000, 1.264744441511230000E-015 ) ) ;
#9202 = DIRECTION ( 'NONE',  ( 1.137586304180857000E-015, -0.0000000000000000000, -1.000000000000000000 ) ) ;
#9203 = CARTESIAN_POINT ( 'NONE',  ( -0.2811727978039007500, -2.801557433181493600, -1.666148800632544700 ) ) ;
#9204 = AXIS2_PLACEMENT_3D ( 'NONE', #9203, #9202, #9201 ) ;
#9205 = FILL_AREA_STYLE ('',( #9198 ) ) ;
#9206 = DIRECTION ( 'NONE',  ( -3.257881615707571600E-016, 0.0000000000000000000, -1.000000000000000000 ) ) ;
#9207 = DIRECTION ( 'NONE',  ( 1.000000000000000000, 2.138562166595990700E-016, -3.257881615707571600E-016 ) ) ;
#9208 = CARTESIAN_POINT ( 'NONE',  ( 6.830827202196104500, -7.138651191376975000, 4.735210373592754400 ) ) ;
#9209 = AXIS2_PLACEMENT_3D ( 'NONE', #9208, #9207, #9206 ) ;
#9210 = CIRCLE ( 'NONE', #9204, 0.6858000000000016300 ) ;
#9211 = PLANE ( 'NONE',  #9209 ) ;
#9212 =( GEOMETRIC_REPRESENTATION_CONTEXT ( 3 ) GLOBAL_UNCERTAINTY_ASSIGNED_CONTEXT ( ( #9234 ) ) GLOBAL_UNIT_ASSIGNED_CONTEXT ( ( #9237, #9236, #9235 ) ) REPRESENTATION_CONTEXT ( 'NONE', 'WORKASPACE' ) );
#9213 = VECTOR ( 'NONE', #9286, 1000.000000000000000 ) ;
#9214 = CARTESIAN_POINT ( 'NONE',  ( 6.830827202196103600, -4.893366358728926900, 5.105857307162854600 ) ) ;
#9215 = LINE ( 'NONE', #9223, #9222 ) ;
#9216 = CARTESIAN_POINT ( 'NONE',  ( 4.290827202196100900, -2.900167489365551800, -5.679631060816413800 ) ) ;
#9217 =( GEOMETRIC_REPRESENTATION_CONTEXT ( 3 ) GLOBAL_UNCERTAINTY_ASSIGNED_CONTEXT ( ( #9218 ) ) GLOBAL_UNIT_ASSIGNED_CONTEXT ( ( #9221, #9220, #9219 ) ) REPRESENTATION_CONTEXT ( 'NONE', 'WORKASPACE' ) );
#9218 = UNCERTAINTY_MEASURE_WITH_UNIT (LENGTH_MEASURE( 1.000000000000000100E-005 ), #9221, 'distance_accuracy_value', 'NONE');
#9219 =( NAMED_UNIT ( * ) SI_UNIT ( $, .STERADIAN. ) SOLID_ANGLE_UNIT ( ) );
#9220 =( NAMED_UNIT ( * ) PLANE_ANGLE_UNIT ( ) SI_UNIT ( $, .RADIAN. ) );
#9221 =( LENGTH_UNIT ( ) NAMED_UNIT ( * ) SI_UNIT ( .MILLI., .METRE. ) );
#9222 = VECTOR ( 'NONE', #9314, 1000.000000000000000 ) ;
#9223 = CARTESIAN_POINT ( 'NONE',  ( 4.290827202196102700, -2.900167489365550900, 4.887333459551317800 ) ) ;
#9224 =( NAMED_UNIT ( * ) PLANE_ANGLE_UNIT ( ) SI_UNIT ( $, .RADIAN. ) );
#9225 = DIRECTION ( 'NONE',  ( -1.000000000000000000, 0.0000000000000000000, -1.137586304180857000E-015 ) ) ;
#9226 = DIRECTION ( 'NONE',  ( 1.137586304180857000E-015, 0.0000000000000000000, -1.000000000000000000 ) ) ;
#9227 = CARTESIAN_POINT ( 'NONE',  ( -0.2811727978039033600, -2.801557433181493600, 0.8738511993674551400 ) ) ;
#9228 = AXIS2_PLACEMENT_3D ( 'NONE', #9227, #9226, #9225 ) ;
#9229 = PLANE ( 'NONE',  #9228 ) ;
#9230 =( GEOMETRIC_REPRESENTATION_CONTEXT ( 3 ) GLOBAL_UNCERTAINTY_ASSIGNED_CONTEXT ( ( #9175 ) ) GLOBAL_UNIT_ASSIGNED_CONTEXT ( ( #9178, #9177, #9176 ) ) REPRESENTATION_CONTEXT ( 'NONE', 'WORKASPACE' ) );
#9231 = CYLINDRICAL_SURFACE ( 'NONE', #9303, 0.6858000000000014100 ) ;
#9232 = PLANE ( 'NONE',  #9281 ) ;
#9233 =( GEOMETRIC_REPRESENTATION_CONTEXT ( 3 ) GLOBAL_UNCERTAINTY_ASSIGNED_CONTEXT ( ( #9260 ) ) GLOBAL_UNIT_ASSIGNED_CONTEXT ( ( #9283, #9262, #9261 ) ) REPRESENTATION_CONTEXT ( 'NONE', 'WORKASPACE' ) );
#9234 = UNCERTAINTY_MEASURE_WITH_UNIT (LENGTH_MEASURE( 1.000000000000000100E-005 ), #9237, 'distance_accuracy_value', 'NONE');
#9235 =( NAMED_UNIT ( * ) SI_UNIT ( $, .STERADIAN. ) SOLID_ANGLE_UNIT ( ) );
#9236 =( NAMED_UNIT ( * ) PLANE_ANGLE_UNIT ( ) SI_UNIT ( $, .RADIAN. ) );
#9237 =( LENGTH_UNIT ( ) NAMED_UNIT ( * ) SI_UNIT ( .MILLI., .METRE. ) );
#9238 = LINE ( 'NONE', #9214, #9213 ) ;
#9239 = DIRECTION ( 'NONE',  ( -1.000000000000000000, -1.421982880226069000E-016, -2.275172608361710400E-015 ) ) ;
#9240 = MECHANICAL_DESIGN_GEOMETRIC_PRESENTATION_REPRESENTATION (  '', ( #9242 ), #9212 ) ;
#9241 = PRESENTATION_LAYER_ASSIGNMENT (  '', '', ( #9242 ) ) ;
#9242 = STYLED_ITEM ( 'NONE', ( #9243 ), #6974 ) ;
#9243 = PRESENTATION_STYLE_ASSIGNMENT (( #9244 ) ) ;
#9244 = SURFACE_STYLE_USAGE ( .BOTH. , #9245 ) ;
#9245 = SURFACE_SIDE_STYLE ('',( #9246 ) ) ;
#9246 = SURFACE_STYLE_FILL_AREA ( #9252 ) ;
#9247 = COLOUR_RGB ( '',1.000000000000000000, 0.8588235294117646500, 0.5568627450980392400 ) ;
#9248 = FACE_OUTER_BOUND ( 'NONE', #6975, .T. ) ;
#9249 = DIRECTION ( 'NONE',  ( 0.0000000000000000000, 0.9396926207859080900, 0.3420201433256696600 ) ) ;
#9250 = DIRECTION ( 'NONE',  ( -3.792838652404491100E-016, 0.3420201433256696600, -0.9396926207859080900 ) ) ;
#9251 = AXIS2_PLACEMENT_3D ( 'NONE', #9254, #9250, #9249 ) ;
#9252 = FILL_AREA_STYLE ('',( #9253 ) ) ;
#9253 = FILL_AREA_STYLE_COLOUR ( '', #9247 ) ;
#9254 = CARTESIAN_POINT ( 'NONE',  ( 6.830827202196104500, -5.191006677831270000, 5.444095003455270600 ) ) ;
#9255 = PLANE ( 'NONE',  #9251 ) ;
#9256 = DIRECTION ( 'NONE',  ( -2.276539994720212400E-015, 0.0000000000000000000, 1.000000000000000000 ) ) ;
#9257 = DIRECTION ( 'NONE',  ( 1.000000000000000000, 1.421982880226069000E-016, 2.275172608361710400E-015 ) ) ;
#9258 = CARTESIAN_POINT ( 'NONE',  ( 6.830827202196101800, -2.801557433181492800, -6.047648800632544000 ) ) ;
#9259 = AXIS2_PLACEMENT_3D ( 'NONE', #9258, #9257, #9256 ) ;
#9260 = UNCERTAINTY_MEASURE_WITH_UNIT (LENGTH_MEASURE( 1.000000000000000100E-005 ), #9283, 'distance_accuracy_value', 'NONE');
#9261 =( NAMED_UNIT ( * ) SI_UNIT ( $, .STERADIAN. ) SOLID_ANGLE_UNIT ( ) );
#9262 =( NAMED_UNIT ( * ) PLANE_ANGLE_UNIT ( ) SI_UNIT ( $, .RADIAN. ) );
#9263 = PRESENTATION_LAYER_ASSIGNMENT (  '', '', ( #9264 ) ) ;
#9264 = STYLED_ITEM ( 'NONE', ( #9265 ), #6951 ) ;
#9265 = PRESENTATION_STYLE_ASSIGNMENT (( #9266 ) ) ;
#9266 = SURFACE_STYLE_USAGE ( .BOTH. , #9267 ) ;
#9267 = SURFACE_SIDE_STYLE ('',( #9268 ) ) ;
#9268 = SURFACE_STYLE_FILL_AREA ( #9269 ) ;
#9269 = FILL_AREA_STYLE ('',( #9270 ) ) ;
#9270 = FILL_AREA_STYLE_COLOUR ( '', #9271 ) ;
#9271 = COLOUR_RGB ( '',1.000000000000000000, 0.8588235294117646500, 0.5568627450980392400 ) ;
#9272 = FACE_OUTER_BOUND ( 'NONE', #6795, .T. ) ;
#9273 = CIRCLE ( 'NONE', #9259, 0.3810000000000011200 ) ;
#9274 = DIRECTION ( 'NONE',  ( -1.000000000000000000, -1.421982880226069000E-016, -2.275172608361710400E-015 ) ) ;
#9275 = CARTESIAN_POINT ( 'NONE',  ( 4.290827202196102700, -2.801557433181493200, -6.047648800632551100 ) ) ;
#9276 = AXIS2_PLACEMENT_3D ( 'NONE', #9282, #9197, #9196 ) ;
#9277 = CIRCLE ( 'NONE', #9276, 0.6349999999999992300 ) ;
#9278 = DIRECTION ( 'NONE',  ( 0.0000000000000000000, 0.0000000000000000000, -1.000000000000000000 ) ) ;
#9279 = DIRECTION ( 'NONE',  ( 1.000000000000000000, 0.0000000000000000000, 0.0000000000000000000 ) ) ;
#9280 = CARTESIAN_POINT ( 'NONE',  ( 6.830827202196104500, -5.057716452369022300, 4.492494407469297200 ) ) ;
#9281 = AXIS2_PLACEMENT_3D ( 'NONE', #9280, #9279, #9278 ) ;
#9282 = CARTESIAN_POINT ( 'NONE',  ( 4.290827202196104500, -5.057716452369022300, 4.492494407469297200 ) ) ;
#9283 =( LENGTH_UNIT ( ) NAMED_UNIT ( * ) SI_UNIT ( .MILLI., .METRE. ) );
#9284 = MECHANICAL_DESIGN_GEOMETRIC_PRESENTATION_REPRESENTATION (  '', ( #9264 ), #9233 ) ;
#9285 = CARTESIAN_POINT ( 'NONE',  ( 4.290827202196102700, -2.801557433181493200, -6.047648800632551100 ) ) ;
#9286 = DIRECTION ( 'NONE',  ( 1.512670095008071400E-015, -0.9659258262890699800, 0.2588190451025146300 ) ) ;
#9287 = MECHANICAL_DESIGN_GEOMETRIC_PRESENTATION_REPRESENTATION (  '', ( #9289 ), #9217 ) ;
#9288 = PRESENTATION_LAYER_ASSIGNMENT (  '', '', ( #9289 ) ) ;
#9289 = STYLED_ITEM ( 'NONE', ( #9290 ), #6972 ) ;
#9290 = PRESENTATION_STYLE_ASSIGNMENT (( #9291 ) ) ;
#9291 = SURFACE_STYLE_USAGE ( .BOTH. , #9292 ) ;
#9292 = SURFACE_SIDE_STYLE ('',( #9293 ) ) ;
#9293 = SURFACE_STYLE_FILL_AREA ( #9294 ) ;
#9294 = FILL_AREA_STYLE ('',( #9301 ) ) ;
#9295 = COLOUR_RGB ( '',1.000000000000000000, 0.8588235294117646500, 0.5568627450980392400 ) ;
#9296 = FACE_OUTER_BOUND ( 'NONE', #7045, .T. ) ;
#9297 = DIRECTION ( 'NONE',  ( 3.792838652404492100E-016, -0.3420201433256696600, -0.9396926207859080900 ) ) ;
#9298 = VECTOR ( 'NONE', #9297, 999.9999999999998900 ) ;
#9299 = CARTESIAN_POINT ( 'NONE',  ( 6.830827202196104500, -5.945241562978871700, -5.961873556881442900 ) ) ;
#9300 = LINE ( 'NONE', #9299, #9298 ) ;
#9301 = FILL_AREA_STYLE_COLOUR ( '', #9295 ) ;
#9302 = DIRECTION ( 'NONE',  ( -2.529488883022460800E-015, -0.2588190451025148600, 0.9659258262890698700 ) ) ;
#9303 = AXIS2_PLACEMENT_3D ( 'NONE', #9285, #9239, #9302 ) ;
#9304 = CARTESIAN_POINT ( 'NONE',  ( 4.290827202196104500, -5.945241562978872600, -5.961873556881444700 ) ) ;
#9305 = DIRECTION ( 'NONE',  ( 4.184816166765108200E-016, 0.9396926207859080900, -0.3420201433256696600 ) ) ;
#9306 = VECTOR ( 'NONE', #9305, 1000.000000000000000 ) ;
#9307 = CARTESIAN_POINT ( 'NONE',  ( 4.290827202196104500, -5.191006677831268200, -6.236392604720361300 ) ) ;
#9308 = DIRECTION ( 'NONE',  ( 0.0000000000000000000, -0.9396926207859082100, 0.3420201433256694300 ) ) ;
#9309 = DIRECTION ( 'NONE',  ( 3.792838652404491600E-016, -0.3420201433256696600, -0.9396926207859080900 ) ) ;
#9310 = CARTESIAN_POINT ( 'NONE',  ( 5.560827202196103200, -5.945241562978872600, -5.961873556881442900 ) ) ;
#9311 = AXIS2_PLACEMENT_3D ( 'NONE', #9310, #9309, #9308 ) ;
#9312 = CIRCLE ( 'NONE', #9311, 1.270000000000000200 ) ;
#9313 = LINE ( 'NONE', #9307, #9306 ) ;
#9314 = DIRECTION ( 'NONE',  ( 1.000000000000000000, -3.868201923988832200E-016, -1.920830620545217200E-016 ) ) ;
#9315 = MECHANICAL_DESIGN_GEOMETRIC_PRESENTATION_REPRESENTATION (  '', ( #9317 ), #9055 ) ;
#9316 = PRESENTATION_LAYER_ASSIGNMENT (  '', '', ( #9317 ) ) ;
#9317 = STYLED_ITEM ( 'NONE', ( #9318 ), #6987 ) ;
#9318 = PRESENTATION_STYLE_ASSIGNMENT (( #9319 ) ) ;
#9319 = SURFACE_STYLE_USAGE ( .BOTH. , #9320 ) ;
#9320 = SURFACE_SIDE_STYLE ('',( #9321 ) ) ;
#9321 = SURFACE_STYLE_FILL_AREA ( #9322 ) ;
#9322 = FILL_AREA_STYLE ('',( #9323 ) ) ;
#9323 = FILL_AREA_STYLE_COLOUR ( '', #9328 ) ;
#9324 = DIRECTION ( 'NONE',  ( -1.000000000000000000, 0.0000000000000000000, -1.137586304180857000E-015 ) ) ;
#9325 = DIRECTION ( 'NONE',  ( 1.137586304180857000E-015, 0.0000000000000000000, -1.000000000000000000 ) ) ;
#9326 = CARTESIAN_POINT ( 'NONE',  ( -0.2811727978039007500, -2.801557433181493600, -1.666148800632544700 ) ) ;
#9327 = AXIS2_PLACEMENT_3D ( 'NONE', #9326, #9325, #9324 ) ;
#9328 = COLOUR_RGB ( '',1.000000000000000000, 0.8588235294117646500, 0.5568627450980392400 ) ;
#9329 = FACE_OUTER_BOUND ( 'NONE', #6596, .T. ) ;
#9330 = PLANE ( 'NONE',  #9327 ) ;
#9331 = FILL_AREA_STYLE ('',( #9348 ) ) ;
#9332 =( LENGTH_UNIT ( ) NAMED_UNIT ( * ) SI_UNIT ( .MILLI., .METRE. ) );
#9333 =( GEOMETRIC_REPRESENTATION_CONTEXT ( 3 ) GLOBAL_UNCERTAINTY_ASSIGNED_CONTEXT ( ( #9334 ) ) GLOBAL_UNIT_ASSIGNED_CONTEXT ( ( #9338, #9337, #9335 ) ) REPRESENTATION_CONTEXT ( 'NONE', 'WORKASPACE' ) );
#9334 = UNCERTAINTY_MEASURE_WITH_UNIT (LENGTH_MEASURE( 1.000000000000000100E-005 ), #9338, 'distance_accuracy_value', 'NONE');
#9335 =( NAMED_UNIT ( * ) SI_UNIT ( $, .STERADIAN. ) SOLID_ANGLE_UNIT ( ) );
#9336 = CARTESIAN_POINT ( 'NONE',  ( 0.08684494201223383300, -2.900167489365551800, 0.8738511993674555900 ) ) ;
#9337 =( NAMED_UNIT ( * ) PLANE_ANGLE_UNIT ( ) SI_UNIT ( $, .RADIAN. ) );
#9338 =( LENGTH_UNIT ( ) NAMED_UNIT ( * ) SI_UNIT ( .MILLI., .METRE. ) );
#9339 = MECHANICAL_DESIGN_GEOMETRIC_PRESENTATION_REPRESENTATION (  '', ( #9341 ), #9333 ) ;
#9340 = PRESENTATION_LAYER_ASSIGNMENT (  '', '', ( #9341 ) ) ;
#9341 = STYLED_ITEM ( 'NONE', ( #9342 ), #6984 ) ;
#9342 = PRESENTATION_STYLE_ASSIGNMENT (( #9343 ) ) ;
#9343 = SURFACE_STYLE_USAGE ( .BOTH. , #9344 ) ;
#9344 = SURFACE_SIDE_STYLE ('',( #9345 ) ) ;
#9345 = SURFACE_STYLE_FILL_AREA ( #9331 ) ;
#9346 = COLOUR_RGB ( '',1.000000000000000000, 0.8588235294117646500, 0.5568627450980392400 ) ;
#9347 = FACE_OUTER_BOUND ( 'NONE', #7135, .T. ) ;
#9348 = FILL_AREA_STYLE_COLOUR ( '', #9346 ) ;
#9349 = PRESENTATION_LAYER_ASSIGNMENT (  '', '', ( #9377 ) ) ;
#9350 =( NAMED_UNIT ( * ) PLANE_ANGLE_UNIT ( ) SI_UNIT ( $, .RADIAN. ) );
#9351 = MECHANICAL_DESIGN_GEOMETRIC_PRESENTATION_REPRESENTATION (  '', ( #9377 ), #9376 ) ;
#9352 =( GEOMETRIC_REPRESENTATION_CONTEXT ( 3 ) GLOBAL_UNCERTAINTY_ASSIGNED_CONTEXT ( ( #9353 ) ) GLOBAL_UNIT_ASSIGNED_CONTEXT ( ( #9356, #9350, #9354 ) ) REPRESENTATION_CONTEXT ( 'NONE', 'WORKASPACE' ) );
#9353 = UNCERTAINTY_MEASURE_WITH_UNIT (LENGTH_MEASURE( 1.000000000000000100E-005 ), #9356, 'distance_accuracy_value', 'NONE');
#9354 =( NAMED_UNIT ( * ) SI_UNIT ( $, .STERADIAN. ) SOLID_ANGLE_UNIT ( ) );
#9355 =( NAMED_UNIT ( * ) PLANE_ANGLE_UNIT ( ) SI_UNIT ( $, .RADIAN. ) );
#9356 =( LENGTH_UNIT ( ) NAMED_UNIT ( * ) SI_UNIT ( .MILLI., .METRE. ) );
#9357 =( NAMED_UNIT ( * ) SI_UNIT ( $, .STERADIAN. ) SOLID_ANGLE_UNIT ( ) );
#9358 = MECHANICAL_DESIGN_GEOMETRIC_PRESENTATION_REPRESENTATION (  '', ( #9360 ), #9352 ) ;
#9359 = PRESENTATION_LAYER_ASSIGNMENT (  '', '', ( #9360 ) ) ;
#9360 = STYLED_ITEM ( 'NONE', ( #9361 ), #6873 ) ;
#9361 = PRESENTATION_STYLE_ASSIGNMENT (( #9363 ) ) ;
#9362 = UNCERTAINTY_MEASURE_WITH_UNIT (LENGTH_MEASURE( 1.000000000000000100E-005 ), #9372, 'distance_accuracy_value', 'NONE');
#9363 = SURFACE_STYLE_USAGE ( .BOTH. , #9364 ) ;
#9364 = SURFACE_SIDE_STYLE ('',( #9365 ) ) ;
#9365 = SURFACE_STYLE_FILL_AREA ( #9366 ) ;
#9366 = FILL_AREA_STYLE ('',( #9367 ) ) ;
#9367 = FILL_AREA_STYLE_COLOUR ( '', #9374 ) ;
#9368 = DIRECTION ( 'NONE',  ( 0.0000000000000000000, 0.9659258262890699800, 0.2588190451025146300 ) ) ;
#9369 = DIRECTION ( 'NONE',  ( -2.856544232541985100E-016, -0.2588190451025146300, 0.9659258262890699800 ) ) ;
#9370 = CARTESIAN_POINT ( 'NONE',  ( 6.830827202196104500, -4.814478313781680000, -6.192569100280853600 ) ) ;
#9371 = AXIS2_PLACEMENT_3D ( 'NONE', #9370, #9369, #9368 ) ;
#9372 =( LENGTH_UNIT ( ) NAMED_UNIT ( * ) SI_UNIT ( .MILLI., .METRE. ) );
#9373 = PLANE ( 'NONE',  #9371 ) ;
#9374 = COLOUR_RGB ( '',1.000000000000000000, 0.8588235294117646500, 0.5568627450980392400 ) ;
#9375 = FACE_OUTER_BOUND ( 'NONE', #6874, .T. ) ;
#9376 =( GEOMETRIC_REPRESENTATION_CONTEXT ( 3 ) GLOBAL_UNCERTAINTY_ASSIGNED_CONTEXT ( ( #9362 ) ) GLOBAL_UNIT_ASSIGNED_CONTEXT ( ( #9372, #9355, #9357 ) ) REPRESENTATION_CONTEXT ( 'NONE', 'WORKASPACE' ) );
#9377 = STYLED_ITEM ( 'NONE', ( #4348 ), #6871 ) ;
#9378 =( GEOMETRIC_REPRESENTATION_CONTEXT ( 3 ) GLOBAL_UNCERTAINTY_ASSIGNED_CONTEXT ( ( #9379 ) ) GLOBAL_UNIT_ASSIGNED_CONTEXT ( ( #9382, #9381, #9380 ) ) REPRESENTATION_CONTEXT ( 'NONE', 'WORKASPACE' ) );
#9379 = UNCERTAINTY_MEASURE_WITH_UNIT (LENGTH_MEASURE( 1.000000000000000100E-005 ), #9382, 'distance_accuracy_value', 'NONE');
#9380 =( NAMED_UNIT ( * ) SI_UNIT ( $, .STERADIAN. ) SOLID_ANGLE_UNIT ( ) );
#9381 =( NAMED_UNIT ( * ) PLANE_ANGLE_UNIT ( ) SI_UNIT ( $, .RADIAN. ) );
#9382 =( LENGTH_UNIT ( ) NAMED_UNIT ( * ) SI_UNIT ( .MILLI., .METRE. ) );
#9383 = MECHANICAL_DESIGN_GEOMETRIC_PRESENTATION_REPRESENTATION (  '', ( #9385 ), #9378 ) ;
#9384 = PRESENTATION_LAYER_ASSIGNMENT (  '', '', ( #9385 ) ) ;
#9385 = STYLED_ITEM ( 'NONE', ( #9386 ), #6992 ) ;
#9386 = PRESENTATION_STYLE_ASSIGNMENT (( #9387 ) ) ;
#9387 = SURFACE_STYLE_USAGE ( .BOTH. , #9388 ) ;
#9388 = SURFACE_SIDE_STYLE ('',( #9389 ) ) ;
#9389 = SURFACE_STYLE_FILL_AREA ( #9391 ) ;
#9390 = DIRECTION ( 'NONE',  ( -3.792838652404491600E-016, 0.3420201433256696600, -0.9396926207859080900 ) ) ;
#9391 = FILL_AREA_STYLE ('',( #9399 ) ) ;
#9392 = COLOUR_RGB ( '',1.000000000000000000, 0.8588235294117646500, 0.5568627450980392400 ) ;
#9393 = FACE_OUTER_BOUND ( 'NONE', #6946, .T. ) ;
#9394 = DIRECTION ( 'NONE',  ( -2.529488883022458100E-015, 0.0000000000000000000, 1.000000000000000000 ) ) ;
#9395 = DIRECTION ( 'NONE',  ( 1.000000000000000000, 1.421982880226069000E-016, 2.275172608361710400E-015 ) ) ;
#9396 = CARTESIAN_POINT ( 'NONE',  ( 6.830827202196101800, -2.801557433181492800, -6.047648800632544000 ) ) ;
#9397 = AXIS2_PLACEMENT_3D ( 'NONE', #9396, #9395, #9394 ) ;
#9398 = CIRCLE ( 'NONE', #9397, 0.6858000000000020700 ) ;
#9399 = FILL_AREA_STYLE_COLOUR ( '', #9392 ) ;
#9400 = CARTESIAN_POINT ( 'NONE',  ( 6.830827202196100100, -2.979055534312797800, -5.385216868963498300 ) ) ;
#9401 = CARTESIAN_POINT ( 'NONE',  ( 5.560827202196103200, -5.840993823293208800, 4.883157644800808900 ) ) ;
#9402 = DIRECTION ( 'NONE',  ( 0.0000000000000000000, 0.9396926207859082100, 0.3420201433256694300 ) ) ;
#9403 = AXIS2_PLACEMENT_3D ( 'NONE', #9401, #9390, #9402 ) ;
#9404 = CIRCLE ( 'NONE', #9403, 1.270000000000000200 ) ;
#9405 = COLOUR_RGB ( '',1.000000000000000000, 0.8588235294117646500, 0.5568627450980392400 ) ;
#9406 =( NAMED_UNIT ( * ) SI_UNIT ( $, .STERADIAN. ) SOLID_ANGLE_UNIT ( ) );
#9407 = DIRECTION ( 'NONE',  ( 8.953299498998082600E-017, -0.9396926207859080900, 0.3420201433256696600 ) ) ;
#9408 = VECTOR ( 'NONE', #9407, 1000.000000000000000 ) ;
#9409 = CARTESIAN_POINT ( 'NONE',  ( 6.830827202196104500, -7.034403451691311200, -5.241089664042299000 ) ) ;
#9410 = DIRECTION ( 'NONE',  ( -3.257881615707571600E-016, 0.0000000000000000000, 1.000000000000000000 ) ) ;
#9411 = DIRECTION ( 'NONE',  ( -1.000000000000000000, -2.138562166595990700E-016, -3.257881615707571600E-016 ) ) ;
#9412 = CARTESIAN_POINT ( 'NONE',  ( 6.830827202196104500, -7.138651191376975000, -5.527507974857843300 ) ) ;
#9413 = AXIS2_PLACEMENT_3D ( 'NONE', #9412, #9411, #9410 ) ;
#9414 = LINE ( 'NONE', #9409, #9408 ) ;
#9415 = PLANE ( 'NONE',  #9413 ) ;
#9416 =( GEOMETRIC_REPRESENTATION_CONTEXT ( 3 ) GLOBAL_UNCERTAINTY_ASSIGNED_CONTEXT ( ( #9417 ) ) GLOBAL_UNIT_ASSIGNED_CONTEXT ( ( #9474, #9473, #9418 ) ) REPRESENTATION_CONTEXT ( 'NONE', 'WORKASPACE' ) );
#9417 = UNCERTAINTY_MEASURE_WITH_UNIT (LENGTH_MEASURE( 1.000000000000000100E-005 ), #9474, 'distance_accuracy_value', 'NONE');
#9418 =( NAMED_UNIT ( * ) SI_UNIT ( $, .STERADIAN. ) SOLID_ANGLE_UNIT ( ) );
#9419 = CARTESIAN_POINT ( 'NONE',  ( 6.830827202196101800, -2.801557433181492800, -6.047648800632544000 ) ) ;
#9420 = PLANE ( 'NONE',  #9426 ) ;
#9421 =( LENGTH_UNIT ( ) NAMED_UNIT ( * ) SI_UNIT ( .MILLI., .METRE. ) );
#9422 = MECHANICAL_DESIGN_GEOMETRIC_PRESENTATION_REPRESENTATION (  '', ( #9453 ), #9432 ) ;
#9423 = LINE ( 'NONE', #9430, #9429 ) ;
#9424 = DIRECTION ( 'NONE',  ( 2.275172608361710400E-015, 0.0000000000000000000, -1.000000000000000000 ) ) ;
#9425 = DIRECTION ( 'NONE',  ( 1.000000000000000000, 1.421982880226069000E-016, 2.275172608361710400E-015 ) ) ;
#9426 = AXIS2_PLACEMENT_3D ( 'NONE', #9419, #9425, #9424 ) ;
#9427 = AXIS2_PLACEMENT_3D ( 'NONE', #9494, #9493, #9492 ) ;
#9428 = DIRECTION ( 'NONE',  ( 3.792838652404492100E-016, -0.3420201433256696600, 0.9396926207859080900 ) ) ;
#9429 = VECTOR ( 'NONE', #9428, 999.9999999999998900 ) ;
#9430 = CARTESIAN_POINT ( 'NONE',  ( 6.830827202196104500, -5.379146983066487300, 5.375617532483892600 ) ) ;
#9431 = PLANE ( 'NONE',  #9447 ) ;
#9432 =( GEOMETRIC_REPRESENTATION_CONTEXT ( 3 ) GLOBAL_UNCERTAINTY_ASSIGNED_CONTEXT ( ( #9449 ) ) GLOBAL_UNIT_ASSIGNED_CONTEXT ( ( #9421, #9451, #9450 ) ) REPRESENTATION_CONTEXT ( 'NONE', 'WORKASPACE' ) );
#9433 = MECHANICAL_DESIGN_GEOMETRIC_PRESENTATION_REPRESENTATION (  '', ( #9448 ), #9469 ) ;
#9434 =( LENGTH_UNIT ( ) NAMED_UNIT ( * ) SI_UNIT ( .MILLI., .METRE. ) );
#9435 = DIRECTION ( 'NONE',  ( -1.000000000000000000, -1.707404996040163800E-016, 3.414809992080328000E-016 ) ) ;
#9436 = VECTOR ( 'NONE', #9435, 1000.000000000000000 ) ;
#9437 = CARTESIAN_POINT ( 'NONE',  ( 4.290827202196104500, -4.814478313781680000, 5.400271499015764800 ) ) ;
#9438 = LINE ( 'NONE', #9437, #9436 ) ;
#9439 = CARTESIAN_POINT ( 'NONE',  ( 0.3812591338651447600, -2.979055534312799100, 0.8738511993674558100 ) ) ;
#9440 = DIRECTION ( 'NONE',  ( 0.9659258262890699800, -0.2588190451025146300, -0.0000000000000000000 ) ) ;
#9441 = VECTOR ( 'NONE', #9440, 1000.000000000000000 ) ;
#9442 = CARTESIAN_POINT ( 'NONE',  ( 0.08684494201223555400, -2.900167489365552200, 0.8738511993674558100 ) ) ;
#9443 = LINE ( 'NONE', #9442, #9441 ) ;
#9444 = DIRECTION ( 'NONE',  ( -1.000000000000000000, 0.0000000000000000000, 8.869636343065787000E-017 ) ) ;
#9445 = DIRECTION ( 'NONE',  ( -8.869636343065787000E-017, 0.0000000000000000000, -1.000000000000000000 ) ) ;
#9446 = CARTESIAN_POINT ( 'NONE',  ( 0.4046272021961012700, -2.852357433181492900, -1.666148800632544200 ) ) ;
#9447 = AXIS2_PLACEMENT_3D ( 'NONE', #9446, #9445, #9444 ) ;
#9448 = STYLED_ITEM ( 'NONE', ( #9472 ), #6993 ) ;
#9449 = UNCERTAINTY_MEASURE_WITH_UNIT (LENGTH_MEASURE( 1.000000000000000100E-005 ), #9421, 'distance_accuracy_value', 'NONE');
#9450 =( NAMED_UNIT ( * ) SI_UNIT ( $, .STERADIAN. ) SOLID_ANGLE_UNIT ( ) );
#9451 =( NAMED_UNIT ( * ) PLANE_ANGLE_UNIT ( ) SI_UNIT ( $, .RADIAN. ) );
#9452 = PRESENTATION_LAYER_ASSIGNMENT (  '', '', ( #9453 ) ) ;
#9453 = STYLED_ITEM ( 'NONE', ( #9454 ), #7001 ) ;
#9454 = PRESENTATION_STYLE_ASSIGNMENT (( #9455 ) ) ;
#9455 = SURFACE_STYLE_USAGE ( .BOTH. , #9456 ) ;
#9456 = SURFACE_SIDE_STYLE ('',( #9457 ) ) ;
#9457 = SURFACE_STYLE_FILL_AREA ( #9458 ) ;
#9458 = FILL_AREA_STYLE ('',( #9500 ) ) ;
#9459 = COLOUR_RGB ( '',1.000000000000000000, 0.8588235294117646500, 0.5568627450980392400 ) ;
#9460 = FACE_OUTER_BOUND ( 'NONE', #6809, .T. ) ;
#9461 = DIRECTION ( 'NONE',  ( 1.000000000000000000, 3.215081548745318800E-016, -2.866060603994570800E-016 ) ) ;
#9462 = CIRCLE ( 'NONE', #9427, 0.9397999999999993000 ) ;
#9463 = FACE_OUTER_BOUND ( 'NONE', #6941, .T. ) ;
#9464 = UNCERTAINTY_MEASURE_WITH_UNIT (LENGTH_MEASURE( 1.000000000000000100E-005 ), #9434, 'distance_accuracy_value', 'NONE');
#9465 = PRESENTATION_LAYER_ASSIGNMENT (  '', '', ( #9448 ) ) ;
#9466 = SURFACE_SIDE_STYLE ('',( #9470 ) ) ;
#9467 = SURFACE_STYLE_USAGE ( .BOTH. , #9466 ) ;
#9468 = FILL_AREA_STYLE ('',( #9495 ) ) ;
#9469 =( GEOMETRIC_REPRESENTATION_CONTEXT ( 3 ) GLOBAL_UNCERTAINTY_ASSIGNED_CONTEXT ( ( #9464 ) ) GLOBAL_UNIT_ASSIGNED_CONTEXT ( ( #9434, #9496, #9471 ) ) REPRESENTATION_CONTEXT ( 'NONE', 'WORKASPACE' ) );
#9470 = SURFACE_STYLE_FILL_AREA ( #9468 ) ;
#9471 =( NAMED_UNIT ( * ) SI_UNIT ( $, .STERADIAN. ) SOLID_ANGLE_UNIT ( ) );
#9472 = PRESENTATION_STYLE_ASSIGNMENT (( #9467 ) ) ;
#9473 =( NAMED_UNIT ( * ) PLANE_ANGLE_UNIT ( ) SI_UNIT ( $, .RADIAN. ) );
#9474 =( LENGTH_UNIT ( ) NAMED_UNIT ( * ) SI_UNIT ( .MILLI., .METRE. ) );
#9475 = MECHANICAL_DESIGN_GEOMETRIC_PRESENTATION_REPRESENTATION (  '', ( #9477 ), #9416 ) ;
#9476 = PRESENTATION_LAYER_ASSIGNMENT (  '', '', ( #9477 ) ) ;
#9477 = STYLED_ITEM ( 'NONE', ( #9478 ), #7008 ) ;
#9478 = PRESENTATION_STYLE_ASSIGNMENT (( #9479 ) ) ;
#9479 = SURFACE_STYLE_USAGE ( .BOTH. , #9480 ) ;
#9480 = SURFACE_SIDE_STYLE ('',( #9481 ) ) ;
#9481 = SURFACE_STYLE_FILL_AREA ( #9482 ) ;
#9482 = FILL_AREA_STYLE ('',( #9483 ) ) ;
#9483 = FILL_AREA_STYLE_COLOUR ( '', #9484 ) ;
#9484 = COLOUR_RGB ( '',1.000000000000000000, 0.8588235294117646500, 0.5568627450980392400 ) ;
#9485 = DIRECTION ( 'NONE',  ( 1.000000000000000000, 0.0000000000000000000, 1.106651386322326200E-015 ) ) ;
#9486 = DIRECTION ( 'NONE',  ( -1.137586304180857000E-015, 0.0000000000000000000, 1.000000000000000000 ) ) ;
#9487 = CARTESIAN_POINT ( 'NONE',  ( -0.2811727978039033600, -2.801557433181493600, 0.8738511993674551400 ) ) ;
#9488 = AXIS2_PLACEMENT_3D ( 'NONE', #9487, #9486, #9485 ) ;
#9489 = CIRCLE ( 'NONE', #9488, 0.6858000000000016300 ) ;
#9490 = FACE_OUTER_BOUND ( 'NONE', #7020, .T. ) ;
#9491 = CARTESIAN_POINT ( 'NONE',  ( 4.290827202196104500, -5.274899243380823500, 5.089199221668347500 ) ) ;
#9492 = DIRECTION ( 'NONE',  ( 0.0000000000000000000, 0.0000000000000000000, 1.000000000000000000 ) ) ;
#9493 = DIRECTION ( 'NONE',  ( -1.000000000000000000, -0.0000000000000000000, -0.0000000000000000000 ) ) ;
#9494 = CARTESIAN_POINT ( 'NONE',  ( 4.290827202196104500, -5.057716452369022300, 4.492494407469297200 ) ) ;
#9495 = FILL_AREA_STYLE_COLOUR ( '', #9405 ) ;
#9496 =( NAMED_UNIT ( * ) PLANE_ANGLE_UNIT ( ) SI_UNIT ( $, .RADIAN. ) );
#9497 = VECTOR ( 'NONE', #9461, 1000.000000000000000 ) ;
#9498 = CARTESIAN_POINT ( 'NONE',  ( 6.830827202196104500, -5.379146983066487300, 5.375617532483892600 ) ) ;
#9499 = LINE ( 'NONE', #9498, #9497 ) ;
#9500 = FILL_AREA_STYLE_COLOUR ( '', #9459 ) ;
#9501 =( NAMED_UNIT ( * ) SI_UNIT ( $, .STERADIAN. ) SOLID_ANGLE_UNIT ( ) );
#9502 =( NAMED_UNIT ( * ) PLANE_ANGLE_UNIT ( ) SI_UNIT ( $, .RADIAN. ) );
#9503 =( LENGTH_UNIT ( ) NAMED_UNIT ( * ) SI_UNIT ( .MILLI., .METRE. ) );
#9504 = MECHANICAL_DESIGN_GEOMETRIC_PRESENTATION_REPRESENTATION (  '', ( #9506 ), #9507 ) ;
#9505 = PRESENTATION_LAYER_ASSIGNMENT (  '', '', ( #9506 ) ) ;
#9506 = STYLED_ITEM ( 'NONE', ( #9508 ), #7017 ) ;
#9507 =( GEOMETRIC_REPRESENTATION_CONTEXT ( 3 ) GLOBAL_UNCERTAINTY_ASSIGNED_CONTEXT ( ( #9518 ) ) GLOBAL_UNIT_ASSIGNED_CONTEXT ( ( #9503, #9502, #9501 ) ) REPRESENTATION_CONTEXT ( 'NONE', 'WORKASPACE' ) );
#9508 = PRESENTATION_STYLE_ASSIGNMENT (( #9509 ) ) ;
#9509 = SURFACE_STYLE_USAGE ( .BOTH. , #9510 ) ;
#9510 = SURFACE_SIDE_STYLE ('',( #9511 ) ) ;
#9511 = SURFACE_STYLE_FILL_AREA ( #9512 ) ;
#9512 = FILL_AREA_STYLE ('',( #9513 ) ) ;
#9513 = FILL_AREA_STYLE_COLOUR ( '', #9519 ) ;
#9514 = CARTESIAN_POINT ( 'NONE',  ( 6.830827202196104500, -5.191006677831270000, -6.236392604720359500 ) ) ;
#9515 = PLANE ( 'NONE',  #9516 ) ;
#9516 = AXIS2_PLACEMENT_3D ( 'NONE', #9514, #9054, #9052 ) ;
#9517 = UNCERTAINTY_MEASURE_WITH_UNIT (LENGTH_MEASURE( 1.000000000000000100E-005 ), #9093, 'distance_accuracy_value', 'NONE');
#9518 = UNCERTAINTY_MEASURE_WITH_UNIT (LENGTH_MEASURE( 1.000000000000000100E-005 ), #9503, 'distance_accuracy_value', 'NONE');
#9519 = COLOUR_RGB ( '',1.000000000000000000, 0.8588235294117646500, 0.5568627450980392400 ) ;
#9520 = FACE_OUTER_BOUND ( 'NONE', #7018, .T. ) ;
#9521 = DIRECTION ( 'NONE',  ( -3.792838652404491600E-016, 0.3420201433256696600, 0.9396926207859080900 ) ) ;
#9522 = VECTOR ( 'NONE', #9521, 999.9999999999998900 ) ;
#9523 = CARTESIAN_POINT ( 'NONE',  ( 4.290827202196104500, -5.945241562978872600, -5.961873556881444700 ) ) ;
#9524 = LINE ( 'NONE', #9523, #9522 ) ;
#9525 = CARTESIAN_POINT ( 'NONE',  ( 4.290827202196104500, -5.840993823293207900, -5.675455246065899600 ) ) ;
#9526 = CARTESIAN_POINT ( 'NONE',  ( 6.830827202196104500, -5.840993823293207000, -5.675455246065899600 ) ) ;
#9527 =( NAMED_UNIT ( * ) PLANE_ANGLE_UNIT ( ) SI_UNIT ( $, .RADIAN. ) );
#9528 =( LENGTH_UNIT ( ) NAMED_UNIT ( * ) SI_UNIT ( .MILLI., .METRE. ) );
#9529 = FACE_OUTER_BOUND ( 'NONE', #7022, .T. ) ;
#9530 =( NAMED_UNIT ( * ) SI_UNIT ( $, .STERADIAN. ) SOLID_ANGLE_UNIT ( ) );
#9531 = MECHANICAL_DESIGN_GEOMETRIC_PRESENTATION_REPRESENTATION (  '', ( #9533 ), #9062 ) ;
#9532 = PRESENTATION_LAYER_ASSIGNMENT (  '', '', ( #9533 ) ) ;
#9533 = STYLED_ITEM ( 'NONE', ( #9534 ), #7021 ) ;
#9534 = PRESENTATION_STYLE_ASSIGNMENT (( #9535 ) ) ;
#9535 = SURFACE_STYLE_USAGE ( .BOTH. , #9536 ) ;
#9536 = SURFACE_SIDE_STYLE ('',( #9537 ) ) ;
#9537 = SURFACE_STYLE_FILL_AREA ( #9538 ) ;
#9538 = FILL_AREA_STYLE ('',( #9539 ) ) ;
#9539 = FILL_AREA_STYLE_COLOUR ( '', #9540 ) ;
#9540 = COLOUR_RGB ( '',1.000000000000000000, 0.8588235294117646500, 0.5568627450980392400 ) ;
#9541 = DIRECTION ( 'NONE',  ( 8.953299498998082600E-017, -0.9396926207859080900, -0.3420201433256696600 ) ) ;
#9542 = VECTOR ( 'NONE', #9541, 1000.000000000000000 ) ;
#9543 = LINE ( 'NONE', #9544, #9542 ) ;
#9544 = CARTESIAN_POINT ( 'NONE',  ( 6.830827202196104500, -5.086758938145604400, 5.157676692639724600 ) ) ;
#9545 = CARTESIAN_POINT ( 'NONE',  ( 4.290827202196104500, -5.379146983066488200, 5.375617532483892600 ) ) ;
#9546 = CARTESIAN_POINT ( 'NONE',  ( 6.830827202196104500, -5.274899243380823500, 5.089199221668347500 ) ) ;
#9547 = VECTOR ( 'NONE', #9564, 999.9999999999998900 ) ;
#9548 = CARTESIAN_POINT ( 'NONE',  ( 4.290827202196104500, -5.945241562978872600, 5.169575955616354100 ) ) ;
#9549 = LINE ( 'NONE', #9548, #9547 ) ;
#9550 = CARTESIAN_POINT ( 'NONE',  ( 6.830827202196104500, -5.945241562978871700, 5.169575955616354100 ) ) ;
#9551 = DIRECTION ( 'NONE',  ( 0.0000000000000000000, 0.0000000000000000000, 1.000000000000000000 ) ) ;
#9552 = DIRECTION ( 'NONE',  ( 1.000000000000000000, 0.0000000000000000000, 0.0000000000000000000 ) ) ;
#9553 = CARTESIAN_POINT ( 'NONE',  ( 6.830827202196104500, -5.057716452369022300, 4.492494407469297200 ) ) ;
#9554 = DIRECTION ( 'NONE',  ( 3.792838652404491600E-016, -0.3420201433256696600, 0.9396926207859080900 ) ) ;
#9555 = CARTESIAN_POINT ( 'NONE',  ( 5.560827202196103200, -5.945241562978872600, 5.169575955616354100 ) ) ;
#9556 = AXIS2_PLACEMENT_3D ( 'NONE', #9555, #9554, #9065 ) ;
#9557 = AXIS2_PLACEMENT_3D ( 'NONE', #9553, #9552, #9551 ) ;
#9558 = CARTESIAN_POINT ( 'NONE',  ( 6.830827202196104500, -5.840993823293207000, 4.883157644800808900 ) ) ;
#9559 = CIRCLE ( 'NONE', #9557, 0.6349999999999992300 ) ;
#9560 = DIRECTION ( 'NONE',  ( 3.792838652404491600E-016, -0.3420201433256696600, 0.9396926207859080900 ) ) ;
#9561 = VECTOR ( 'NONE', #9560, 999.9999999999998900 ) ;
#9562 = CARTESIAN_POINT ( 'NONE',  ( 4.290827202196104500, -5.274899243380823500, 5.089199221668349300 ) ) ;
#9563 = CIRCLE ( 'NONE', #9556, 1.270000000000000200 ) ;
#9564 = DIRECTION ( 'NONE',  ( 3.792838652404491600E-016, -0.3420201433256696600, 0.9396926207859080900 ) ) ;
#9565 = AXIS2_PLACEMENT_3D ( 'NONE', #9570, #9569, #9568 ) ;
#9566 = CYLINDRICAL_SURFACE ( 'NONE', #9565, 0.6349999999999994500 ) ;
#9567 = LINE ( 'NONE', #9562, #9561 ) ;
#9568 = DIRECTION ( 'NONE',  ( 0.0000000000000000000, -0.3420201433256697700, 0.9396926207859079800 ) ) ;
#9569 = DIRECTION ( 'NONE',  ( -1.000000000000000000, -0.0000000000000000000, -0.0000000000000000000 ) ) ;
#9570 = CARTESIAN_POINT ( 'NONE',  ( 4.290827202196104500, -5.057716452369022300, 4.492494407469297200 ) ) ;
#9571 = DIRECTION ( 'NONE',  ( 6.829619984160656100E-016, 0.9396926207859082100, 0.3420201433256694300 ) ) ;
#9572 = DIRECTION ( 'NONE',  ( 3.792838652404491600E-016, -0.3420201433256696600, 0.9396926207859080900 ) ) ;
#9573 = AXIS2_PLACEMENT_3D ( 'NONE', #9583, #9572, #9571 ) ;
#9574 = DIRECTION ( 'NONE',  ( 4.184816166765108200E-016, 0.9396926207859080900, 0.3420201433256696600 ) ) ;
#9575 = VECTOR ( 'NONE', #9574, 1000.000000000000000 ) ;
#9576 = CARTESIAN_POINT ( 'NONE',  ( 4.290827202196104500, -5.191006677831270000, 5.444095003455270600 ) ) ;
#9577 = LINE ( 'NONE', #9576, #9575 ) ;
#9578 = CIRCLE ( 'NONE', #9573, 1.270000000000000200 ) ;
#9579 = LINE ( 'NONE', #9582, #9581 ) ;
#9580 = DIRECTION ( 'NONE',  ( -3.792838652404492100E-016, 0.3420201433256696600, -0.9396926207859080900 ) ) ;
#9581 = VECTOR ( 'NONE', #9580, 999.9999999999998900 ) ;
#9582 = CARTESIAN_POINT ( 'NONE',  ( 6.830827202196104500, -5.945241562978871700, 5.169575955616354100 ) ) ;
#9583 = CARTESIAN_POINT ( 'NONE',  ( 5.560827202196104000, -5.945241562978872600, 5.169575955616354100 ) ) ;
#9584 = CARTESIAN_POINT ( 'NONE',  ( 5.560827202196103200, -7.138651191376975000, 4.735210373592754400 ) ) ;
#9585 = CARTESIAN_POINT ( 'NONE',  ( 4.290827202196104500, -5.945241562978872600, 5.169575955616354100 ) ) ;
#9586 =( NAMED_UNIT ( * ) SI_UNIT ( $, .STERADIAN. ) SOLID_ANGLE_UNIT ( ) );
#9587 =( NAMED_UNIT ( * ) PLANE_ANGLE_UNIT ( ) SI_UNIT ( $, .RADIAN. ) );
#9588 =( LENGTH_UNIT ( ) NAMED_UNIT ( * ) SI_UNIT ( .MILLI., .METRE. ) );
#9589 = MECHANICAL_DESIGN_GEOMETRIC_PRESENTATION_REPRESENTATION (  '', ( #9591 ), #9081 ) ;
#9590 = PRESENTATION_LAYER_ASSIGNMENT (  '', '', ( #9591 ) ) ;
#9591 = STYLED_ITEM ( 'NONE', ( #9592 ), #7056 ) ;
#9592 = PRESENTATION_STYLE_ASSIGNMENT (( #9593 ) ) ;
#9593 = SURFACE_STYLE_USAGE ( .BOTH. , #9594 ) ;
#9594 = SURFACE_SIDE_STYLE ('',( #9595 ) ) ;
#9595 = SURFACE_STYLE_FILL_AREA ( #9596 ) ;
#9596 = FILL_AREA_STYLE ('',( #9603 ) ) ;
#9597 = COLOUR_RGB ( '',1.000000000000000000, 0.8588235294117646500, 0.5568627450980392400 ) ;
#9598 = FACE_OUTER_BOUND ( 'NONE', #7057, .T. ) ;
#9599 = DIRECTION ( 'NONE',  ( 8.953299498998082600E-017, -0.9396926207859080900, -0.3420201433256696600 ) ) ;
#9600 = VECTOR ( 'NONE', #9599, 1000.000000000000000 ) ;
#9601 = CARTESIAN_POINT ( 'NONE',  ( 6.830827202196104500, -7.138651191376975000, 4.735210373592754400 ) ) ;
#9602 = LINE ( 'NONE', #9601, #9600 ) ;
#9603 = FILL_AREA_STYLE_COLOUR ( '', #9597 ) ;
#9604 = DIRECTION ( 'NONE',  ( -2.276539994720209700E-015, -0.2588190451025148000, 0.9659258262890698700 ) ) ;
#9605 = FILL_AREA_STYLE ('',( #9606 ) ) ;
#9606 = FILL_AREA_STYLE_COLOUR ( '', #9607 ) ;
#9607 = COLOUR_RGB ( '',1.000000000000000000, 0.8588235294117646500, 0.5568627450980392400 ) ;
#9608 = FACE_OUTER_BOUND ( 'NONE', #7096, .T. ) ;
#9609 = CARTESIAN_POINT ( 'NONE',  ( 0.08684494201223642900, -2.900167489365551800, -1.666148800632544200 ) ) ;
#9610 = AXIS2_PLACEMENT_3D ( 'NONE', #9613, #9612, #9604 ) ;
#9611 = CYLINDRICAL_SURFACE ( 'NONE', #9610, 0.3810000000000016200 ) ;
#9612 = DIRECTION ( 'NONE',  ( -1.000000000000000000, -1.421982880226069000E-016, -2.275172608361710400E-015 ) ) ;
#9613 = CARTESIAN_POINT ( 'NONE',  ( 4.290827202196102700, -2.801557433181493200, -6.047648800632551100 ) ) ;
#9614 = DIRECTION ( 'NONE',  ( 0.0000000000000000000, 0.9396926207859080900, 0.3420201433256695500 ) ) ;
#9615 = DIRECTION ( 'NONE',  ( -3.792838652404491600E-016, 0.3420201433256696600, -0.9396926207859080900 ) ) ;
#9616 = CARTESIAN_POINT ( 'NONE',  ( 5.560827202196104000, -5.840993823293207900, 4.883157644800808900 ) ) ;
#9617 = AXIS2_PLACEMENT_3D ( 'NONE', #9616, #9615, #9614 ) ;
#9618 = CIRCLE ( 'NONE', #9617, 1.269999999999999800 ) ;
#9619 = MECHANICAL_DESIGN_GEOMETRIC_PRESENTATION_REPRESENTATION (  '', ( #9621 ), #9084 ) ;
#9620 = PRESENTATION_LAYER_ASSIGNMENT (  '', '', ( #9621 ) ) ;
#9621 = STYLED_ITEM ( 'NONE', ( #9622 ), #7066 ) ;
#9622 = PRESENTATION_STYLE_ASSIGNMENT (( #9623 ) ) ;
#9623 = SURFACE_STYLE_USAGE ( .BOTH. , #9624 ) ;
#9624 = SURFACE_SIDE_STYLE ('',( #9625 ) ) ;
#9625 = SURFACE_STYLE_FILL_AREA ( #9626 ) ;
#9626 = FILL_AREA_STYLE ('',( #9627 ) ) ;
#9627 = FILL_AREA_STYLE_COLOUR ( '', #9632 ) ;
#9628 = DIRECTION ( 'NONE',  ( -0.3420201433256697100, 0.9396926207859080900, 0.0000000000000000000 ) ) ;
#9629 =( NAMED_UNIT ( * ) PLANE_ANGLE_UNIT ( ) SI_UNIT ( $, .RADIAN. ) );
#9630 = AXIS2_PLACEMENT_3D ( 'NONE', #9635, #9634, #9628 ) ;
#9631 = CYLINDRICAL_SURFACE ( 'NONE', #9630, 1.269999999999999800 ) ;
#9632 = COLOUR_RGB ( '',1.000000000000000000, 0.8588235294117646500, 0.5568627450980392400 ) ;
#9633 = FACE_OUTER_BOUND ( 'NONE', #7067, .T. ) ;
#9634 = DIRECTION ( 'NONE',  ( 0.9396926207859080900, 0.3420201433256696600, -5.839669014606214700E-017 ) ) ;
#9635 = CARTESIAN_POINT ( 'NONE',  ( -0.1953975540527983500, -5.945241562978872600, -0.3961488006325439300 ) ) ;
#9636 =( LENGTH_UNIT ( ) NAMED_UNIT ( * ) SI_UNIT ( .MILLI., .METRE. ) );
#9637 = LINE ( 'NONE', #9644, #9643 ) ;
#9638 = CARTESIAN_POINT ( 'NONE',  ( -7.040772797803894500, 3.675442566818504900, 1.381851199367455200 ) ) ;
#9639 = CARTESIAN_POINT ( 'NONE',  ( -7.040772797803894500, 3.675442566818504500, -2.174148800632544900 ) ) ;
#9640 = DIRECTION ( 'NONE',  ( 0.0000000000000000000, 0.0000000000000000000, 1.000000000000000000 ) ) ;
#9641 = CARTESIAN_POINT ( 'NONE',  ( -7.243972797803897000, 3.675442566818504900, -2.377348800632546500 ) ) ;
#9642 = DIRECTION ( 'NONE',  ( -0.7071067811865489100, 1.137046216004115900E-017, -0.7071067811865460200 ) ) ;
#9643 = VECTOR ( 'NONE', #9642, 1000.000000000000100 ) ;
#9644 = CARTESIAN_POINT ( 'NONE',  ( -7.243972797803897000, 3.675442566818504900, -2.377348800632546500 ) ) ;
#9645 = DIRECTION ( 'NONE',  ( -1.000000000000000000, -1.063803735850569600E-016, 0.0000000000000000000 ) ) ;
#9646 = AXIS2_PLACEMENT_3D ( 'NONE', #9648, #9645, #9640 ) ;
#9647 = CARTESIAN_POINT ( 'NONE',  ( 5.560827202196104000, -5.945241562978872600, 5.169575955616354100 ) ) ;
#9648 = CARTESIAN_POINT ( 'NONE',  ( -7.040772797803894500, 3.675442566818504500, -0.3961488006325448700 ) ) ;
#9649 = DIRECTION ( 'NONE',  ( 0.9396926207859080900, 0.3420201433256696600, -5.839669014606217100E-017 ) ) ;
#9650 = CARTESIAN_POINT ( 'NONE',  ( -0.1953975540527983500, -5.945241562978872600, -0.3961488006325440400 ) ) ;
#9651 = CIRCLE ( 'NONE', #9646, 1.778000000000000000 ) ;
#9652 = DIRECTION ( 'NONE',  ( -0.3420201433256697100, 0.9396926207859080900, 0.0000000000000000000 ) ) ;
#9653 = AXIS2_PLACEMENT_3D ( 'NONE', #9650, #9649, #9652 ) ;
#9654 = CYLINDRICAL_SURFACE ( 'NONE', #9653, 1.269999999999999800 ) ;
#9655 = DIRECTION ( 'NONE',  ( 0.0000000000000000000, 0.9396926207859080900, 0.3420201433256695500 ) ) ;
#9656 =( GEOMETRIC_REPRESENTATION_CONTEXT ( 3 ) GLOBAL_UNCERTAINTY_ASSIGNED_CONTEXT ( ( #9658 ) ) GLOBAL_UNIT_ASSIGNED_CONTEXT ( ( #9667, #9660, #9659 ) ) REPRESENTATION_CONTEXT ( 'NONE', 'WORKASPACE' ) );
#9657 = DIRECTION ( 'NONE',  ( -3.792838652404492100E-016, 0.3420201433256696600, -0.9396926207859080900 ) ) ;
#9658 = UNCERTAINTY_MEASURE_WITH_UNIT (LENGTH_MEASURE( 1.000000000000000100E-005 ), #9667, 'distance_accuracy_value', 'NONE');
#9659 =( NAMED_UNIT ( * ) SI_UNIT ( $, .STERADIAN. ) SOLID_ANGLE_UNIT ( ) );
#9660 =( NAMED_UNIT ( * ) PLANE_ANGLE_UNIT ( ) SI_UNIT ( $, .RADIAN. ) );
#9661 = FILL_AREA_STYLE_COLOUR ( '', #9673 ) ;
#9662 = FACE_OUTER_BOUND ( 'NONE', #7229, .T. ) ;
#9663 = DIRECTION ( 'NONE',  ( -3.792838652404492100E-016, 0.3420201433256696600, -0.9396926207859080900 ) ) ;
#9664 = VECTOR ( 'NONE', #9663, 999.9999999999998900 ) ;
#9665 = CARTESIAN_POINT ( 'NONE',  ( 5.560827202196103200, -7.138651191376975000, 4.735210373592754400 ) ) ;
#9666 = LINE ( 'NONE', #9665, #9664 ) ;
#9667 =( LENGTH_UNIT ( ) NAMED_UNIT ( * ) SI_UNIT ( .MILLI., .METRE. ) );
#9668 = STYLED_ITEM ( 'NONE', ( #9669 ), #7083 ) ;
#9669 = PRESENTATION_STYLE_ASSIGNMENT (( #9670 ) ) ;
#9670 = SURFACE_STYLE_USAGE ( .BOTH. , #9671 ) ;
#9671 = SURFACE_SIDE_STYLE ('',( #9672 ) ) ;
#9672 = SURFACE_STYLE_FILL_AREA ( #9691 ) ;
#9673 = COLOUR_RGB ( '',1.000000000000000000, 0.8588235294117646500, 0.5568627450980392400 ) ;
#9674 = MECHANICAL_DESIGN_GEOMETRIC_PRESENTATION_REPRESENTATION (  '', ( #9676 ), #9656 ) ;
#9675 = PRESENTATION_LAYER_ASSIGNMENT (  '', '', ( #9676 ) ) ;
#9676 = STYLED_ITEM ( 'NONE', ( #9677 ), #7071 ) ;
#9677 = PRESENTATION_STYLE_ASSIGNMENT (( #9678 ) ) ;
#9678 = SURFACE_STYLE_USAGE ( .BOTH. , #9679 ) ;
#9679 = SURFACE_SIDE_STYLE ('',( #9680 ) ) ;
#9680 = SURFACE_STYLE_FILL_AREA ( #9681 ) ;
#9681 = FILL_AREA_STYLE ('',( #9687 ) ) ;
#9682 = COLOUR_RGB ( '',1.000000000000000000, 0.8588235294117646500, 0.5568627450980392400 ) ;
#9683 = FACE_OUTER_BOUND ( 'NONE', #7072, .T. ) ;
#9684 = DIRECTION ( 'NONE',  ( -0.9396926207859080900, -0.3420201433256696600, 5.839669014606215900E-017 ) ) ;
#9685 = VECTOR ( 'NONE', #9684, 999.9999999999998900 ) ;
#9686 = CARTESIAN_POINT ( 'NONE',  ( 0.2389680279708018800, -7.138651191376975000, -0.3961488006325436000 ) ) ;
#9687 = FILL_AREA_STYLE_COLOUR ( '', #9682 ) ;
#9688 = AXIS2_PLACEMENT_3D ( 'NONE', #9647, #9657, #9655 ) ;
#9689 = CYLINDRICAL_SURFACE ( 'NONE', #9688, 1.269999999999999800 ) ;
#9690 = LINE ( 'NONE', #9686, #9685 ) ;
#9691 = FILL_AREA_STYLE ('',( #9661 ) ) ;
#9692 =( LENGTH_UNIT ( ) NAMED_UNIT ( * ) SI_UNIT ( .MILLI., .METRE. ) );
#9693 = MECHANICAL_DESIGN_GEOMETRIC_PRESENTATION_REPRESENTATION (  '', ( #9695 ), #9725 ) ;
#9694 = PRESENTATION_LAYER_ASSIGNMENT (  '', '', ( #9695 ) ) ;
#9695 = STYLED_ITEM ( 'NONE', ( #9696 ), #7103 ) ;
#9696 = PRESENTATION_STYLE_ASSIGNMENT (( #9697 ) ) ;
#9697 = SURFACE_STYLE_USAGE ( .BOTH. , #9698 ) ;
#9698 = SURFACE_SIDE_STYLE ('',( #9712 ) ) ;
#9699 = DIRECTION ( 'NONE',  ( -8.825420370628242500E-017, 4.132169314589751200E-016, 1.000000000000000000 ) ) ;
#9700 = CARTESIAN_POINT ( 'NONE',  ( 0.2389680279708018800, -7.138651191376974100, 0.8738511993674567000 ) ) ;
#9701 = AXIS2_PLACEMENT_3D ( 'NONE', #9700, #9699, #9739 ) ;
#9702 =( NAMED_UNIT ( * ) SI_UNIT ( $, .STERADIAN. ) SOLID_ANGLE_UNIT ( ) );
#9703 = PLANE ( 'NONE',  #9701 ) ;
#9704 = DIRECTION ( 'NONE',  ( -3.792838652404491600E-016, 0.3420201433256696600, -0.9396926207859080900 ) ) ;
#9705 = CARTESIAN_POINT ( 'NONE',  ( 0.4816839940942575500, -5.057716452369022300, -1.666148800632544700 ) ) ;
#9706 = DIRECTION ( 'NONE',  ( 0.0000000000000000000, 0.9396926207859080900, 0.3420201433256695500 ) ) ;
#9707 =( GEOMETRIC_REPRESENTATION_CONTEXT ( 3 ) GLOBAL_UNCERTAINTY_ASSIGNED_CONTEXT ( ( #9517 ) ) GLOBAL_UNIT_ASSIGNED_CONTEXT ( ( #9093, #9224, #9406 ) ) REPRESENTATION_CONTEXT ( 'NONE', 'WORKASPACE' ) );
#9708 =( NAMED_UNIT ( * ) SI_UNIT ( $, .STERADIAN. ) SOLID_ANGLE_UNIT ( ) );
#9709 = CARTESIAN_POINT ( 'NONE',  ( 5.560827202196103200, -5.945241562978872600, 5.169575955616354100 ) ) ;
#9710 = AXIS2_PLACEMENT_3D ( 'NONE', #9709, #9704, #9706 ) ;
#9711 = CARTESIAN_POINT ( 'NONE',  ( -0.1834982910761699400, -5.086758938145604400, -1.666148800632544200 ) ) ;
#9712 = SURFACE_STYLE_FILL_AREA ( #9713 ) ;
#9713 = FILL_AREA_STYLE ('',( #9714 ) ) ;
#9714 = FILL_AREA_STYLE_COLOUR ( '', #9715 ) ;
#9715 = COLOUR_RGB ( '',1.000000000000000000, 0.8588235294117646500, 0.5568627450980392400 ) ;
#9716 = DIRECTION ( 'NONE',  ( -1.000000000000000000, 0.0000000000000000000, 6.921912146108773900E-016 ) ) ;
#9717 = DIRECTION ( 'NONE',  ( -6.816428854007560700E-016, 0.0000000000000000000, -1.000000000000000000 ) ) ;
#9718 = AXIS2_PLACEMENT_3D ( 'NONE', #9705, #9717, #9716 ) ;
#9719 = LINE ( 'NONE', #9711, #9724 ) ;
#9720 = CIRCLE ( 'NONE', #9718, 0.9398000000000001900 ) ;
#9721 = FACE_OUTER_BOUND ( 'NONE', #7289, .T. ) ;
#9722 = CYLINDRICAL_SURFACE ( 'NONE', #9710, 1.269999999999999800 ) ;
#9723 = DIRECTION ( 'NONE',  ( -0.3420201433256696600, 0.9396926207859080900, -4.184816166765108600E-016 ) ) ;
#9724 = VECTOR ( 'NONE', #9723, 1000.000000000000000 ) ;
#9725 =( GEOMETRIC_REPRESENTATION_CONTEXT ( 3 ) GLOBAL_UNCERTAINTY_ASSIGNED_CONTEXT ( ( #9726 ) ) GLOBAL_UNIT_ASSIGNED_CONTEXT ( ( #9692, #9727, #9708 ) ) REPRESENTATION_CONTEXT ( 'NONE', 'WORKASPACE' ) );
#9726 = UNCERTAINTY_MEASURE_WITH_UNIT (LENGTH_MEASURE( 1.000000000000000100E-005 ), #9692, 'distance_accuracy_value', 'NONE');
#9727 =( NAMED_UNIT ( * ) PLANE_ANGLE_UNIT ( ) SI_UNIT ( $, .RADIAN. ) );
#9728 = LINE ( 'NONE', #9733, #9735 ) ;
#9729 = CIRCLE ( 'NONE', #9734, 0.6350000000000002300 ) ;
#9730 = DIRECTION ( 'NONE',  ( -0.2588190451025146300, -0.9659258262890699800, 0.0000000000000000000 ) ) ;
#9731 = CARTESIAN_POINT ( 'NONE',  ( 0.4816839940942592700, -5.057716452369022300, 0.8738511993674545900 ) ) ;
#9732 =( NAMED_UNIT ( * ) PLANE_ANGLE_UNIT ( ) SI_UNIT ( $, .RADIAN. ) );
#9733 = CARTESIAN_POINT ( 'NONE',  ( 0.3942413940490096000, -2.930605079709536700, 0.8738511993674558100 ) ) ;
#9734 = AXIS2_PLACEMENT_3D ( 'NONE', #9731, #9737, #9736 ) ;
#9735 = VECTOR ( 'NONE', #9730, 1000.000000000000000 ) ;
#9736 = DIRECTION ( 'NONE',  ( -1.000000000000000000, 0.0000000000000000000, 6.829619984160655100E-016 ) ) ;
#9737 = DIRECTION ( 'NONE',  ( 6.816428854007560700E-016, -0.0000000000000000000, 1.000000000000000000 ) ) ;
#9738 = CARTESIAN_POINT ( 'NONE',  ( -0.1316789055993000700, -4.893366358728926900, -1.666148800632544200 ) ) ;
#9739 = DIRECTION ( 'NONE',  ( 0.0000000000000000000, -1.000000000000000000, 4.132169314589751200E-016 ) ) ;
#9740 = CARTESIAN_POINT ( 'NONE',  ( -0.1316789055993000700, -4.893366358728926900, 0.8738511993674558100 ) ) ;
#9741 =( LENGTH_UNIT ( ) NAMED_UNIT ( * ) SI_UNIT ( .MILLI., .METRE. ) );
#9742 = MECHANICAL_DESIGN_GEOMETRIC_PRESENTATION_REPRESENTATION (  '', ( #9744 ), #9765 ) ;
#9743 = PRESENTATION_LAYER_ASSIGNMENT (  '', '', ( #9744 ) ) ;
#9744 = STYLED_ITEM ( 'NONE', ( #9745 ), #7111 ) ;
#9745 = PRESENTATION_STYLE_ASSIGNMENT (( #9746 ) ) ;
#9746 = SURFACE_STYLE_USAGE ( .BOTH. , #9747 ) ;
#9747 = SURFACE_SIDE_STYLE ('',( #9748 ) ) ;
#9748 = SURFACE_STYLE_FILL_AREA ( #9749 ) ;
#9749 = FILL_AREA_STYLE ('',( #9750 ) ) ;
#9750 = FILL_AREA_STYLE_COLOUR ( '', #9751 ) ;
#9751 = COLOUR_RGB ( '',1.000000000000000000, 0.8588235294117646500, 0.5568627450980392400 ) ;
#9752 = UNCERTAINTY_MEASURE_WITH_UNIT (LENGTH_MEASURE( 1.000000000000000100E-005 ), #9763, 'distance_accuracy_value', 'NONE');
#9753 =( GEOMETRIC_REPRESENTATION_CONTEXT ( 3 ) GLOBAL_UNCERTAINTY_ASSIGNED_CONTEXT ( ( #9791 ) ) GLOBAL_UNIT_ASSIGNED_CONTEXT ( ( #9773, #9771, #9772 ) ) REPRESENTATION_CONTEXT ( 'NONE', 'WORKASPACE' ) );
#9754 = FILL_AREA_STYLE ('',( #9755 ) ) ;
#9755 = FILL_AREA_STYLE_COLOUR ( '', #9756 ) ;
#9756 = COLOUR_RGB ( '',1.000000000000000000, 0.8588235294117646500, 0.5568627450980392400 ) ;
#9757 = PRESENTATION_STYLE_ASSIGNMENT (( #9758 ) ) ;
#9758 = SURFACE_STYLE_USAGE ( .BOTH. , #9759 ) ;
#9759 = SURFACE_SIDE_STYLE ('',( #9760 ) ) ;
#9760 = SURFACE_STYLE_FILL_AREA ( #9754 ) ;
#9761 =( NAMED_UNIT ( * ) SI_UNIT ( $, .STERADIAN. ) SOLID_ANGLE_UNIT ( ) );
#9762 =( NAMED_UNIT ( * ) PLANE_ANGLE_UNIT ( ) SI_UNIT ( $, .RADIAN. ) );
#9763 =( LENGTH_UNIT ( ) NAMED_UNIT ( * ) SI_UNIT ( .MILLI., .METRE. ) );
#9764 = FACE_OUTER_BOUND ( 'NONE', #7113, .T. ) ;
#9765 =( GEOMETRIC_REPRESENTATION_CONTEXT ( 3 ) GLOBAL_UNCERTAINTY_ASSIGNED_CONTEXT ( ( #9769 ) ) GLOBAL_UNIT_ASSIGNED_CONTEXT ( ( #9741, #9732, #9702 ) ) REPRESENTATION_CONTEXT ( 'NONE', 'WORKASPACE' ) );
#9766 = MECHANICAL_DESIGN_GEOMETRIC_PRESENTATION_REPRESENTATION (  '', ( #9768 ), #9770 ) ;
#9767 = PRESENTATION_LAYER_ASSIGNMENT (  '', '', ( #9768 ) ) ;
#9768 = STYLED_ITEM ( 'NONE', ( #9757 ), #7112 ) ;
#9769 = UNCERTAINTY_MEASURE_WITH_UNIT (LENGTH_MEASURE( 1.000000000000000100E-005 ), #9741, 'distance_accuracy_value', 'NONE');
#9770 =( GEOMETRIC_REPRESENTATION_CONTEXT ( 3 ) GLOBAL_UNCERTAINTY_ASSIGNED_CONTEXT ( ( #9752 ) ) GLOBAL_UNIT_ASSIGNED_CONTEXT ( ( #9763, #9762, #9761 ) ) REPRESENTATION_CONTEXT ( 'NONE', 'WORKASPACE' ) );
#9771 =( NAMED_UNIT ( * ) PLANE_ANGLE_UNIT ( ) SI_UNIT ( $, .RADIAN. ) );
#9772 =( NAMED_UNIT ( * ) SI_UNIT ( $, .STERADIAN. ) SOLID_ANGLE_UNIT ( ) );
#9773 =( LENGTH_UNIT ( ) NAMED_UNIT ( * ) SI_UNIT ( .MILLI., .METRE. ) );
#9774 = MECHANICAL_DESIGN_GEOMETRIC_PRESENTATION_REPRESENTATION (  '', ( #9776 ), #9753 ) ;
#9775 = PRESENTATION_LAYER_ASSIGNMENT (  '', '', ( #9776 ) ) ;
#9776 = STYLED_ITEM ( 'NONE', ( #9777 ), #7118 ) ;
#9777 = PRESENTATION_STYLE_ASSIGNMENT (( #9778 ) ) ;
#9778 = SURFACE_STYLE_USAGE ( .BOTH. , #9779 ) ;
#9779 = SURFACE_SIDE_STYLE ('',( #9780 ) ) ;
#9780 = SURFACE_STYLE_FILL_AREA ( #9781 ) ;
#9781 = FILL_AREA_STYLE ('',( #9782 ) ) ;
#9782 = FILL_AREA_STYLE_COLOUR ( '', #9783 ) ;
#9783 = COLOUR_RGB ( '',0.2509803921568627400, 0.2509803921568627400, 0.2509803921568627400 ) ;
#9784 = DIRECTION ( 'NONE',  ( 0.0000000000000000000, 0.0000000000000000000, -1.000000000000000000 ) ) ;
#9785 = DIRECTION ( 'NONE',  ( -1.000000000000000000, -1.063803735850569600E-016, -0.0000000000000000000 ) ) ;
#9786 = CARTESIAN_POINT ( 'NONE',  ( -5.566772797803896100, 3.675442566818504900, -0.3961488006325448700 ) ) ;
#9787 = AXIS2_PLACEMENT_3D ( 'NONE', #9786, #9785, #9784 ) ;
#9788 = FACE_OUTER_BOUND ( 'NONE', #7197, .T. ) ;
#9789 = DIRECTION ( 'NONE',  ( -1.000000000000000000, 0.0000000000000000000, -0.0000000000000000000 ) ) ;
#9790 = DIRECTION ( 'NONE',  ( -0.0000000000000000000, -1.000000000000000000, 3.491483361109382100E-015 ) ) ;
#9791 = UNCERTAINTY_MEASURE_WITH_UNIT (LENGTH_MEASURE( 1.000000000000000100E-005 ), #9773, 'distance_accuracy_value', 'NONE');
#9792 = CARTESIAN_POINT ( 'NONE',  ( 8.122523848119914900, -7.606857433181492200, -0.4632353685051981400 ) ) ;
#9793 = AXIS2_PLACEMENT_3D ( 'NONE', #9792, #9790, #9789 ) ;
#9794 = PLANE ( 'NONE',  #9793 ) ;
#9795 = CIRCLE ( 'NONE', #9787, 3.835399999999999500 ) ;
#9796 = CARTESIAN_POINT ( 'NONE',  ( 6.092655323112673200, -7.606857433181494000, -0.4148434896249070200 ) ) ;
#9797 = CARTESIAN_POINT ( 'NONE',  ( -5.566772797803896100, 3.675442566818504900, -0.3961488006325448700 ) ) ;
#9798 = AXIS2_PLACEMENT_3D ( 'NONE', #9797, #9837, #9840 ) ;
#9799 = CIRCLE ( 'NONE', #9798, 3.835399999999999500 ) ;
#9800 = DIRECTION ( 'NONE',  ( -1.000000000000000000, -1.063803735850569600E-016, -0.0000000000000000000 ) ) ;
#9801 = AXIS2_PLACEMENT_3D ( 'NONE', #9805, #9800, #9803 ) ;
#9802 = CARTESIAN_POINT ( 'NONE',  ( 0.6308272021961041100, 3.675442566818504900, 1.826351199367454400 ) ) ;
#9803 = DIRECTION ( 'NONE',  ( 0.0000000000000000000, 0.0000000000000000000, -1.000000000000000000 ) ) ;
#9804 = CYLINDRICAL_SURFACE ( 'NONE', #9801, 2.222499999999999700 ) ;
#9805 = CARTESIAN_POINT ( 'NONE',  ( -5.566772797803896100, 3.675442566818504900, -0.3961488006325448700 ) ) ;
#9806 = CARTESIAN_POINT ( 'NONE',  ( 0.6308272021961041100, 3.675442566818505800, -2.618648800632544100 ) ) ;
#9807 = MECHANICAL_DESIGN_GEOMETRIC_PRESENTATION_REPRESENTATION (  '', ( #9809 ), #1482 ) ;
#9808 = PRESENTATION_LAYER_ASSIGNMENT (  '', '', ( #9809 ) ) ;
#9809 = STYLED_ITEM ( 'NONE', ( #9810 ), #7132 ) ;
#9810 = PRESENTATION_STYLE_ASSIGNMENT (( #9811 ) ) ;
#9811 = SURFACE_STYLE_USAGE ( .BOTH. , #9812 ) ;
#9812 = SURFACE_SIDE_STYLE ('',( #9813 ) ) ;
#9813 = SURFACE_STYLE_FILL_AREA ( #9814 ) ;
#9814 = FILL_AREA_STYLE ('',( #9821 ) ) ;
#9815 = COLOUR_RGB ( '',1.000000000000000000, 0.8588235294117646500, 0.5568627450980392400 ) ;
#9816 = FACE_OUTER_BOUND ( 'NONE', #7060, .T. ) ;
#9817 = DIRECTION ( 'NONE',  ( -0.0000000000000000000, -0.0000000000000000000, -1.000000000000000000 ) ) ;
#9818 = VECTOR ( 'NONE', #9817, 1000.000000000000000 ) ;
#9819 = CARTESIAN_POINT ( 'NONE',  ( -0.4260930974522084100, -4.814478313781680000, -1.666148800632544200 ) ) ;
#9820 = LINE ( 'NONE', #9819, #9818 ) ;
#9821 = FILL_AREA_STYLE_COLOUR ( '', #9815 ) ;
#9822 = DIRECTION ( 'NONE',  ( 0.2588190451025146300, 0.9659258262890699800, -0.0000000000000000000 ) ) ;
#9823 = VECTOR ( 'NONE', #9822, 1000.000000000000000 ) ;
#9824 = CARTESIAN_POINT ( 'NONE',  ( 0.09982720219610125000, -2.851717034762290200, -1.666148800632544200 ) ) ;
#9825 = LINE ( 'NONE', #9824, #9823 ) ;
#9826 =( NAMED_UNIT ( * ) PLANE_ANGLE_UNIT ( ) SI_UNIT ( $, .RADIAN. ) );
#9827 =( NAMED_UNIT ( * ) SI_UNIT ( $, .STERADIAN. ) SOLID_ANGLE_UNIT ( ) );
#9828 = UNCERTAINTY_MEASURE_WITH_UNIT (LENGTH_MEASURE( 1.000000000000000100E-005 ), #9838, 'distance_accuracy_value', 'NONE');
#9829 = DIRECTION ( 'NONE',  ( 0.0000000000000000000, 0.0000000000000000000, -1.000000000000000000 ) ) ;
#9830 = VECTOR ( 'NONE', #9829, 1000.000000000000000 ) ;
#9831 = CARTESIAN_POINT ( 'NONE',  ( -0.1316789055993000700, -4.893366358728926900, 0.8738511993674558100 ) ) ;
#9832 = LINE ( 'NONE', #9831, #9830 ) ;
#9833 = DIRECTION ( 'NONE',  ( -1.000000000000000000, -1.063803735850569600E-016, -0.0000000000000000000 ) ) ;
#9834 = VECTOR ( 'NONE', #9833, 1000.000000000000000 ) ;
#9835 = CARTESIAN_POINT ( 'NONE',  ( -5.566772797803896100, 3.675442566818504900, -4.231548800632544300 ) ) ;
#9836 = LINE ( 'NONE', #9835, #9834 ) ;
#9837 = DIRECTION ( 'NONE',  ( -1.000000000000000000, -1.063803735850569600E-016, -0.0000000000000000000 ) ) ;
#9838 =( LENGTH_UNIT ( ) NAMED_UNIT ( * ) SI_UNIT ( .MILLI., .METRE. ) );
#9839 = CARTESIAN_POINT ( 'NONE',  ( -5.566772797803896100, 3.675442566818504900, -4.231548800632544300 ) ) ;
#9840 = DIRECTION ( 'NONE',  ( 0.0000000000000000000, 0.0000000000000000000, -1.000000000000000000 ) ) ;
ENDSEC;
END-ISO-10303-21;
